"","date","VVD","VVD.low","VVD.high","D66","D66.low","D66.high","GL/PvdA","GL/PvdA.low","GL/PvdA.high","PVV","PVV.low","PVV.high","CDA","CDA.low","CDA.high","SP","SP.low","SP.high","FvD","FvD.low","FvD.high","PvdD","PvdD.low","PvdD.high","CU","CU.low","CU.high","Volt","Volt.low","Volt.high","JA21","JA21.low","JA21.high","SGP","SGP.low","SGP.high","Denk","Denk.low","Denk.high","50PLUS","50PLUS.low","50PLUS.high","BBB","BBB.low","BBB.high","BIJ1","BIJ1.low","BIJ1.high","NSC","NSC.low","NSC.high","BVNL","BVNL.low","BVNL.high"
"1","2021-03-17",0.2187,0.2187,0.2187,0.1502,0.1502,0.1502,0.1089,0.1089,0.1089,0.1079,0.1079,0.1079,0.095,0.095,0.095,0.0598,0.0598,0.0598,0.0502,0.0502,0.0502,0.0384,0.0384,0.0384,0.0337,0.0337,0.0337,0.0242,0.0242,0.0242,0.0237,0.0237,0.0237,0.0207,0.0207,0.0207,0.0203,0.0203,0.0203,0.0102,0.0102,0.0102,0.01,0.01,0.01,0.0084,0.0084,0.0084,0,0,0,0,0,0
"2","2021-03-18",0.218949229832962,0.215655464061038,0.222113411390847,0.150477084183297,0.14726140871419,0.153749377722537,0.108702733443582,0.105951644906609,0.111184739851659,0.107800290475268,0.104497389456724,0.111233719030073,0.0947338582326635,0.0923345459451604,0.0971751899069341,0.0597702228785163,0.0584830585486526,0.0611517049316016,0.0500154238562832,0.0485284880929066,0.0515399761781529,0.0385648068577818,0.037130470825009,0.0399828014717538,0.0337066793291478,0.0330410571693943,0.0343142471542459,0.0243832989508335,0.0221393892061864,0.0267528123819248,0.0239820131530342,0.021872387414219,0.0261535983272663,0.0206993526420019,0.0203967914605038,0.0210043967062548,0.020288394320786,0.0192443020130419,0.0213589117426155,0.0101500750497713,0.00957178093845728,0.0107338967808622,0.00986450547671642,0.00372435447494543,0.0160835858242173,0.00842162857073695,0.00811470288272428,0.00874404575143903,0,0,0,0,0,0
"3","2021-03-19",0.219165573469657,0.214859734476384,0.223587687536548,0.150836992461357,0.146586900266162,0.155275815863432,0.108549555717131,0.104805108301905,0.112244916686255,0.107671138166216,0.103042580956107,0.112298419573454,0.0944399215876321,0.0910823155030378,0.0978065878449106,0.0597212517770629,0.0579125840591954,0.0615768190742628,0.0498438875963694,0.0478615502108891,0.0519649625761335,0.0387141256541256,0.0367995324823304,0.0407025386512819,0.0337149238722855,0.0328195881215329,0.0345859699935689,0.0245583351278138,0.0214219878188761,0.027788196505722,0.024252804070279,0.0212801906044146,0.0271387089405731,0.0207044550049996,0.0202569418096572,0.0211495849802172,0.020261074584377,0.0186922144669918,0.0218108989620119,0.0100950945423796,0.00926994924148699,0.0109496106188645,0.0097329819613309,0.000708162772838211,0.0185705119114614,0.00844447515076835,0.0080069400782318,0.00892400585888978,0,0,0,0,0,0
"4","2021-03-20",0.219385320184527,0.214190349865933,0.224852206542712,0.151153851163511,0.145769498408492,0.156857739033867,0.108361881058934,0.103655785256642,0.112596387641503,0.107620012974119,0.101946285768751,0.113164811021737,0.0941436168363457,0.0902153760236137,0.0980552161467626,0.059698559469547,0.0574711731896879,0.0619428759497694,0.0496686108480847,0.0471652413237269,0.0522424444457532,0.0388835621961632,0.0365507093732268,0.0413000747582245,0.0337222424622894,0.0326694878101692,0.0347490573486023,0.0247138552808935,0.0210291346068529,0.0282988536997601,0.0245172426955586,0.0209297418063721,0.028194072467924,0.0207117306076804,0.020136653413257,0.0212532574377398,0.0202345474297175,0.0183618640212778,0.0221101332356949,0.0100382161336546,0.00906495332200871,0.0110527366412204,0.00951552860290786,-0.00131419942150092,0.0201369894669094,0.00846629133018464,0.00795234536023012,0.00900326819323803,0,0,0,0,0,0
"5","2021-03-21",0.219567584880164,0.213663352819386,0.225701832861063,0.151507344823142,0.145471903846769,0.15787152565836,0.108185994689941,0.102808062935323,0.113051311724022,0.107517076907967,0.10096793134531,0.113905567700722,0.0938979693611987,0.0894564500776742,0.0983836103065568,0.0596490163027274,0.0571403741251642,0.0623424659584612,0.0495300854879188,0.0466493973705784,0.052393753949872,0.0390390149614455,0.0364464079129366,0.0417754345926036,0.0337201015802989,0.0324837336065314,0.0349316683989407,0.0248977266009572,0.0208558897501275,0.0292421085399365,0.0248034155747711,0.0206370959669129,0.0290390172552492,0.0207221924332946,0.0200627488633879,0.0213588200298342,0.0202331630769871,0.0181951782852096,0.0223218988821421,0.00998995067350421,0.00886555250978213,0.011099990096443,0.00939385902789528,-0.00270858722575873,0.0216326627517642,0.00849318118100936,0.00788209434889285,0.00912511718775915,0,0,0,0,0,0
"6","2021-03-22",0.219813354784451,0.213120345248441,0.226355305099432,0.151857455135052,0.145326498900186,0.158932727541951,0.10802285134475,0.101984807883011,0.113301984766058,0.107395879734457,0.100268591712052,0.114363825433063,0.0935763612254058,0.0886608541174361,0.0987950638053539,0.0596063036833953,0.0567731498185712,0.062433281957985,0.049343648483944,0.046211284891836,0.0525744727053797,0.0392293122240087,0.03630835793591,0.0421586539019689,0.033722887518369,0.0323670287698164,0.0350520468966292,0.0250417041309331,0.020431999080006,0.0297492668384173,0.0250915200216502,0.0204333654226571,0.0300760892567984,0.02072207602636,0.0199929395442408,0.0214185637345427,0.0202144741794164,0.0179434418983608,0.0225105034599199,0.00993817528154776,0.0087110202428913,0.0111946237085537,0.00932749591466944,-0.00391467759115723,0.0225736473310295,0.00852307532213589,0.00783741627084593,0.00922421841045856,0,0,0,0,0,0
"7","2021-03-23",0.220023026126665,0.212925188358804,0.227522555386148,0.152153253001636,0.145214814494697,0.159589298676114,0.107838155045466,0.101534583809735,0.11359303273548,0.107354464922923,0.0997288733992399,0.114734207503229,0.0932700886543507,0.0878952588168561,0.0988661352598324,0.0595389641191853,0.0565364758926529,0.0625456870526435,0.0491795959252415,0.0456252541402759,0.0524611116097899,0.039399833395979,0.0362631047494484,0.0426043954779004,0.0337242691368508,0.0322387451811546,0.0351072145368295,0.025203693158536,0.0200429558418135,0.0303592141119955,0.0253526178439064,0.0203424296929014,0.030552223472399,0.020733965944949,0.0199096837842109,0.021535767178709,0.0201864715951533,0.0177577003344391,0.0226979466159212,0.00988062276420166,0.00853500202118511,0.0112508048891695,0.00913470729946176,-0.00493500131019039,0.0229181511408882,0.00854744204825726,0.00783806502600149,0.00931816590840017,0,0,0,0,0,0
"8","2021-03-24",0.220257674057123,0.212811861983922,0.228117717733926,0.152521176609332,0.145172900306462,0.160654141594516,0.107610673086335,0.100752728340183,0.113751845116542,0.107266937003421,0.0992923753712212,0.115022914711873,0.0930183792455754,0.0874816974052187,0.0986846332759755,0.0595052597849762,0.0562962851938055,0.0627990308093167,0.0490178411727837,0.0451675024234079,0.0527062500615222,0.0395283363720295,0.0361303517588851,0.0429885503496327,0.0337296540300655,0.0321727960170619,0.0352350515420945,0.0253417628427992,0.0196859655019081,0.0307656551833139,0.0256346686833128,0.0203493396005388,0.0308680057011842,0.020736740021768,0.019887017630083,0.0215765800129641,0.020167381880984,0.017569609345853,0.0229457165044157,0.00982681102020352,0.00838105975866116,0.011215476104889,0.00896679897956117,-0.00584067650930729,0.0231795920037974,0.00857831305777963,0.00781424022266731,0.00940546055068186,0,0,0,0,0,0
"9","2021-03-25",0.220490133896757,0.212820477273045,0.229001607996151,0.152824541811848,0.145166318516024,0.161412256880755,0.107467583399679,0.100348045692965,0.113816946340831,0.107104503298098,0.0988386925369026,0.115223770196744,0.0926933732038452,0.0868397489551354,0.0987914243103413,0.0594452914025813,0.055950843455407,0.0628301533328559,0.0488481183631062,0.044996757786761,0.0527521045046275,0.039706641762052,0.036189153057235,0.0434264934696309,0.0337466705348578,0.0321386156092548,0.0353247957547557,0.0255185239243409,0.019516862820237,0.0313115553864457,0.0258920785700453,0.0204502905409273,0.0313317522382911,0.0207416926321612,0.0198496497514498,0.0216783837303074,0.0201263696226138,0.0172861280590909,0.0229348119884471,0.00978196841938466,0.00828634601573561,0.0112908559003083,0.00890650226245384,-0.00687210461331558,0.023863976680443,0.00860460968739763,0.00778537290393331,0.00946553880397024,0,0,0,0,0,0
"10","2021-03-26",0.220715574729717,0.212574107982802,0.229225827617259,0.15315453411373,0.145011337201358,0.161886510905853,0.107293259093113,0.100139633636789,0.11383098127809,0.106952681975254,0.0983908503244307,0.115677983781989,0.0924120220881646,0.0862087393902357,0.0989844702093278,0.0593972945440628,0.0556266157296683,0.0629141283259554,0.0486849904829402,0.0445789081456412,0.0527188225258943,0.0398672218905881,0.0362461499978189,0.0438434279678166,0.0337526146332794,0.032024184252136,0.0354419422009939,0.0256593457095337,0.0193338284659146,0.0315914841528586,0.0261590762104727,0.0205115317680222,0.0319193692556471,0.0207478750586059,0.0197800728567482,0.0216984661752676,0.0200867449043417,0.0171235948997196,0.023045780287294,0.00972430697011296,0.00811900216063171,0.011336599107854,0.00890616453656994,-0.00647097899550954,0.0241903742885558,0.00862237240222855,0.00775855497928078,0.00954662117264814,0,0,0,0,0,0
"11","2021-03-27",0.220969699093849,0.21271816842647,0.229942767451326,0.153417728671167,0.144935296872736,0.162423250252924,0.107137634880393,0.0996289397600672,0.113786145548339,0.106859590601709,0.0978664927367819,0.116023336389163,0.0921639831515314,0.0856376506273258,0.0987350187850398,0.0593461475622675,0.0554470152905913,0.0631276763881903,0.0485024559111213,0.0442421565244215,0.052693351706323,0.0400186491316569,0.0362904270025432,0.0440249795273739,0.0337734887726039,0.0318538118727862,0.0355253168120471,0.0258117107152553,0.0194222574161216,0.0318908210825846,0.0264560096627565,0.0206021232813919,0.0325280426945696,0.0207496420387933,0.0197622071022309,0.0217381586764505,0.0200630688272502,0.0171360207972774,0.0231405572368721,0.00968175683560465,0.00804832880406432,0.0113313684270083,0.0087325574361473,-0.00705147326444091,0.0241526931749209,0.00863888186560558,0.00774183419075147,0.00965246272553963,0,0,0,0,0,0
"12","2021-03-28",0.221188113969877,0.212452237042817,0.230526825155518,0.153725935044555,0.144952620333807,0.162867162992588,0.106941768748912,0.0990496591611807,0.113795963409497,0.106727482117982,0.0975219383655735,0.115881904985196,0.091870083006824,0.0852844379844155,0.0986617744957517,0.0593032106509642,0.0552412085423893,0.0630050705002284,0.0483360745926561,0.0438961942556731,0.0525849222302734,0.0401649100187133,0.0362566518053489,0.0441753658789878,0.0337733493448492,0.0318688080207349,0.0355790676614545,0.0260070665684056,0.0196243591027532,0.0325559510737179,0.026731301868867,0.0208575218520898,0.0330185433437874,0.0207509251199532,0.0197392460205741,0.0217786963346953,0.0200323477143799,0.0168253959606399,0.0230742662431084,0.00963963915908287,0.00789818497462753,0.0112974753783948,0.00854189907450118,-0.00755655704641549,0.0240258564109077,0.00866256786327235,0.0077633383528047,0.00965594873612097,0,0,0,0,0,0
"13","2021-03-29",0.221443831362749,0.212317601521908,0.231292740684544,0.154054281750502,0.145441557863458,0.163040108728607,0.106799893652542,0.0986849554480024,0.113830567684804,0.106615826822728,0.0972173092036764,0.115966761089994,0.0915855698787054,0.0847893437419778,0.0985706664046634,0.0592515896366068,0.055065196811207,0.0632346987468942,0.0481587967212296,0.043469780733029,0.0525745512829421,0.0403244388619298,0.0362510772364767,0.0445219724130297,0.0337795962736065,0.0318315916726877,0.0356573395324551,0.0261897695798168,0.0196089669876715,0.0326936895145416,0.0270170389736733,0.0211839889371611,0.0331916566662707,0.0207539423327544,0.0196873148096743,0.0218079016875625,0.0199861347897235,0.0169109672905826,0.0231185253780035,0.00959969173930889,0.00782360814691978,0.0113348041083585,0.00836783798827489,-0.00747211621543116,0.0241716883981254,0.00868541843968976,0.00777891304748136,0.00972425492072297,0,0,0,0,0,0
"14","2021-03-30",0.221722056231661,0.212850211271844,0.231801447226116,0.154384203397141,0.145579112261589,0.164071306516736,0.106678761389152,0.0979240000581391,0.114172256922914,0.106520744438617,0.0967766447755438,0.115940058595289,0.0913366310337014,0.0843212088826629,0.0984670791186801,0.059206425924747,0.0550696204995665,0.0631865726653729,0.0480043400117887,0.0430530857327927,0.0526997683289562,0.0404753249472159,0.0363140915923863,0.04478283790075,0.0337928015393803,0.0317344641005699,0.0357183165934668,0.0263086216231349,0.0196575729271416,0.0330406820646217,0.027293179888471,0.0212845228277826,0.0335781734346427,0.020762948611316,0.0196627274645579,0.0218432444126916,0.0199498361625431,0.0167576426999428,0.0230365422169045,0.00955159259169908,0.00778436765610364,0.0113589108295806,0.00816327145084734,-0.00798189209484035,0.0242434561163523,0.00870449187086535,0.00775823676131432,0.00977741428979692,0,0,0,0,0,0
"15","2021-03-31",0.221927076261308,0.212975629249222,0.232019278813515,0.154685751678643,0.145629264191172,0.164809189761543,0.1064576199734,0.0976785169496096,0.113869144062024,0.106472766334431,0.0965493941820153,0.115999517604742,0.0909954548883877,0.0840068244871297,0.0982912903574351,0.0591436594691384,0.054839919893826,0.0632376884788181,0.0478660231738016,0.042981210402137,0.0526350792767244,0.0406205785996824,0.0363068263593236,0.0448294732341613,0.0338011379063075,0.0316960849080865,0.0358005063618712,0.0264744122979284,0.0193865651375187,0.0333824463855714,0.0275751282742684,0.0213709382008698,0.0339745425527905,0.0207689788866948,0.0196380420020852,0.0218832877376875,0.0199321370391932,0.0166473518540567,0.0231009585611936,0.00950299497013085,0.00772211796543451,0.0113081330443646,0.0079589070605045,-0.00800893104711174,0.0237462259087496,0.00872435355626699,0.0077501056323322,0.00984674017140801,0,0,0,0,0,0
"16","2021-04-01",0.22213604707271,0.212944275956757,0.232721757530501,0.154988296142672,0.145954793808494,0.164868190530462,0.106324072613429,0.0972225723739556,0.11380758461401,0.106334331063027,0.096617977708198,0.11592311883866,0.090705740020855,0.0833825882284705,0.098211087815578,0.0590606025540845,0.0545652123565015,0.0632957312863957,0.0477350791305723,0.0428497562536482,0.0525728773689798,0.0407554268778514,0.0363975030802594,0.0451567249444468,0.0338075075652258,0.0316022469901366,0.0359133319562183,0.0266246122142109,0.0197277848134671,0.0335530342771675,0.027832538867748,0.0213509714255298,0.0342539783908903,0.0207735326335764,0.019637295934398,0.021889780211426,0.019910886726298,0.016649355532664,0.0230081558688654,0.00944657333742918,0.00764098697398243,0.0112996082182186,0.00780992257913872,-0.00811461084599114,0.0237634951483772,0.00874775626376692,0.00775634261494208,0.00991190754779372,0,0,0,0,0,0
"17","2021-04-02",0.222298253154349,0.212842254676842,0.232807323943733,0.155327869040009,0.146091974721332,0.16590709457225,0.106117121915418,0.0968910918811736,0.113714559799955,0.106217628383919,0.0959787012946536,0.116099244431958,0.0903693795619424,0.082957531121808,0.0977038069299031,0.0590097533684464,0.0545650268325671,0.0634116730605632,0.0475601207478472,0.04260788690842,0.0525114342058949,0.0409045560186476,0.0365992200674936,0.0454769676349775,0.0338156024035067,0.0315531757743717,0.0359730030665159,0.0267854875948082,0.0197612317386931,0.0337572918317435,0.0281133126489057,0.0216889531582834,0.0345613259147982,0.0207850118272307,0.0196563484297981,0.0219396779042467,0.0198625262417921,0.0164420138268699,0.0229531445051981,0.0093997929894651,0.00752427720721747,0.0112815402957173,0.00761911420320917,-0.00811263803182533,0.0239387091400725,0.00876670974774683,0.00777838268783126,0.00998735526094917,0,0,0,0,0,0
"18","2021-04-03",0.22249320417187,0.212738835726884,0.23293041022432,0.155595180884319,0.145824238544688,0.165736907356557,0.105973168487398,0.0968573033758697,0.113643999624722,0.106102941014733,0.0960150044904708,0.116112297029709,0.0900966877431964,0.0826783143370062,0.0972392703219413,0.0589566419920529,0.0543726693379141,0.0633952933435268,0.0474143910834736,0.0424862745728452,0.0524665804094076,0.0410658483468814,0.0367125167273161,0.0457124492952024,0.033818655338394,0.0314723662644511,0.0360411758592049,0.0269276056420491,0.0201912616451552,0.0339990770573184,0.0284156841817231,0.0222629484453767,0.034862508559603,0.0207927644363989,0.0195896980723935,0.0219418294239608,0.0198176037183565,0.016479521168139,0.0229022013261818,0.00934631087736238,0.00740902000240343,0.0112791977997393,0.00752484030497931,-0.00760492115450278,0.0231722558460751,0.0087890309931375,0.00773142430399103,0.0100584301612062,0,0,0,0,0,0
"19","2021-04-04",0.222716661713223,0.213250686178843,0.233117444041405,0.155864188006771,0.146236232419375,0.166305217654058,0.105790347170792,0.0965073507881544,0.113750191620837,0.10598517601188,0.0959731024313147,0.116142243078336,0.0898336017718108,0.0824582344889704,0.0969832549706641,0.0589147958541907,0.0541778993224939,0.0634041209537508,0.0472568280589203,0.0423312582827415,0.0521096667827556,0.0412370141535795,0.0367748178374883,0.0459784858281741,0.0338200486562192,0.0314672497809561,0.0359926416543328,0.027073171417145,0.0201441673241401,0.0341168513544286,0.028679285964214,0.0223514892580701,0.0350966587581888,0.020797048053054,0.0196080450252425,0.021979521292734,0.0198057147685754,0.016365980000945,0.0229983692049488,0.00929393099630692,0.00733010691357616,0.0112345383472028,0.00749624675469432,-0.00744354323806608,0.0227374900113439,0.00880986324694642,0.00774102944520467,0.0101223354092136,0,0,0,0,0,0
"20","2021-04-05",0.223003921153855,0.213458885397753,0.233544361413492,0.156133996190809,0.146503880624842,0.166514326686995,0.105636442308108,0.0959833292452716,0.113671295858269,0.105856427886356,0.0956371744798404,0.115564146970127,0.0895225396120729,0.0820357884757039,0.0968444467737701,0.0588819058057765,0.0541687366660261,0.0632780629494103,0.0471007910293763,0.0421506900560667,0.0521721511546939,0.0414023659801642,0.0368580312473293,0.0459073218337596,0.0338226821754643,0.0313278404608439,0.0360525269438663,0.0272251784325579,0.0204781440049863,0.034086312530267,0.0289340029095294,0.0228277621966363,0.0352168943557813,0.0208016867239066,0.0195680105459311,0.022025887849243,0.0197849824566579,0.0162451600634511,0.0230778426702236,0.00925312615345519,0.00727342736159005,0.0112158553214055,0.00728222173995628,-0.00692901722144644,0.0214344389696698,0.00883640458506712,0.00773390999140189,0.0101452467089342,0,0,0,0,0,0
"21","2021-04-06",0.223247540115557,0.213291286081816,0.233904469868884,0.156511396687943,0.146771832806183,0.167475309051141,0.105439522857622,0.0954405621420025,0.113578151926794,0.105750514478388,0.0953459736065175,0.115642560437133,0.0892504570792745,0.0816966630832234,0.0966296626398482,0.0588406509292778,0.0541346537056859,0.0633821519789871,0.0469481765338015,0.0419309008000747,0.0520559318503999,0.0415828797256859,0.037082427781876,0.0462840385052676,0.0338205295128991,0.0312890498091942,0.0360621761472336,0.0274178265016029,0.0206835586221164,0.0343417908343446,0.0292213900520117,0.023098496839979,0.0354239739628451,0.0208036320772588,0.0195255688386384,0.0220780962004793,0.0197569855979554,0.0162877349548472,0.0230994356465217,0.00921114599068352,0.0072108921453793,0.0111975937016074,0.00728100049972941,-0.00669738046131636,0.0205995375625129,0.00886181627780237,0.00774933962569825,0.0102070270404373,0,0,0,0,0,0
"22","2021-04-07",0.223496502918518,0.213677177171494,0.234163218425902,0.156821703232279,0.147453922369998,0.167890375860915,0.10527539343554,0.095377314177912,0.113111810346032,0.105602059218803,0.0956331854685598,0.115561255123666,0.0889685178976375,0.081472990012205,0.0964166425703117,0.0588018997985493,0.0540758080012678,0.0634138660089046,0.0467830359952962,0.0418826450547943,0.0518363176255992,0.0417285487527569,0.0371366790689654,0.0463059757462754,0.0338336053772339,0.0312697756592613,0.0360872936653854,0.0275413954296408,0.0209374254099202,0.0341405732454373,0.0294943267986125,0.0233100860225181,0.0358293756279617,0.0208091113081989,0.0194800174974485,0.0221018168759019,0.019723182617102,0.0162871001724314,0.0230059540244996,0.00916332721243618,0.00716646600987361,0.011134572472791,0.00712816103399139,-0.00557266719019506,0.0197737347420439,0.0088821764971611,0.0077539662803879,0.0102541971212243,0,0,0,0,0,0
"23","2021-04-08",0.223738711033928,0.214158831127143,0.234562771020413,0.157083391945433,0.147314101434234,0.168242027347733,0.105111800785987,0.0953036862918553,0.112936359000957,0.105560203703053,0.0956143004424459,0.114889726959477,0.0886776861613661,0.0809785007520571,0.096104561033993,0.0587606578897589,0.054099561903247,0.0634203268436586,0.0466330145706354,0.0417846986371732,0.0516619539475898,0.0419063169184798,0.0373933449356757,0.0464900275842423,0.0338375765384176,0.0312300814633851,0.0361060759923297,0.0276854147424247,0.021288939963332,0.0340367224178776,0.0297692428862616,0.023689933588147,0.0359156604059617,0.0208145616364103,0.0194711753087336,0.0221275531137298,0.0196921236363335,0.0162061755420363,0.0230345144733771,0.00912718663960169,0.0071597547098947,0.0111469034535174,0.00706188647324155,-0.00479060203614809,0.0183470480074193,0.00890208815646465,0.00775579428286927,0.0102814610502753,0,0,0,0,0,0
"24","2021-04-09",0.224007357482552,0.214373888080643,0.234596876574321,0.157411889044163,0.147840545749322,0.168288943146003,0.104955874454348,0.0951393258011222,0.112716820446244,0.105430451866319,0.0961686981089033,0.114869913508372,0.0883614320806413,0.0805084770965804,0.0956089511010864,0.0587372186289066,0.0540728868649262,0.0633637113217904,0.0464648647321903,0.0414490648675216,0.0515750549850225,0.0420770139875266,0.037561199549855,0.0466458434098068,0.0338450688099021,0.0311094785170026,0.0361116638191365,0.0278329425524045,0.0217826468061275,0.033877756616517,0.0300217161130573,0.0240124369289841,0.036089818871075,0.0208177959700887,0.0194224411508782,0.0221696017087175,0.0196627817533389,0.0161098612548014,0.0228374978362429,0.00908244490540058,0.00706512174520674,0.0110295795527983,0.00692928192060251,-0.00348974554919988,0.0167555961819382,0.00892779405663041,0.00774764786784765,0.0102988621293189,0,0,0,0,0,0
"25","2021-04-10",0.224232512928046,0.214677497258432,0.234945271162308,0.157721419953441,0.148086283184154,0.168340425818989,0.104815914542831,0.0950712254895428,0.112590590758782,0.105273656652348,0.0960482789009043,0.114534279968264,0.0880793080524822,0.0805229703639302,0.0952425670937904,0.0586791247421484,0.0539431929764256,0.0635301398677274,0.0463204570951872,0.0413814799729257,0.0514409270873727,0.0422444178772697,0.0377567337137346,0.0468404335223471,0.0338645295665871,0.0311362774701588,0.0362007016220802,0.0280286840428418,0.0222101683880106,0.033810196501861,0.0303098943768372,0.0245618633137238,0.036237965553335,0.0208174570066988,0.0194370369587164,0.0222154544026336,0.0196314975179132,0.0161884075157325,0.0227952954294616,0.00903651562709518,0.00701488823345601,0.0109743992817676,0.00675461723649118,-0.0017139630105212,0.0149809386928331,0.00895114435229739,0.00776630737648362,0.010369111101496,0,0,0,0,0,0
"26","2021-04-11",0.224423138034999,0.21488402272787,0.234747854107808,0.158035678101583,0.14851704320409,0.16848908853743,0.104570214581195,0.0949879074948739,0.112337246748266,0.105137569018566,0.0960050316748844,0.113791028233706,0.0878001995025335,0.0804965871935405,0.0947570171934334,0.0586554175948497,0.0537848267099879,0.063638998642447,0.0461494853652279,0.0411169110705932,0.0511302857113898,0.042382384806606,0.0378469202593556,0.0471240096495343,0.0338821774756516,0.0312091759575562,0.036260811431841,0.0282093192234128,0.0222148999897654,0.0337503993971472,0.0305465690906154,0.0248042198685527,0.0363089158698542,0.0208277665739966,0.0193622839628074,0.0222323783794719,0.0196120436276639,0.0162338570480499,0.0228133567812512,0.00898788718234209,0.00696283117573333,0.0109417475766718,0.0065898807032717,0.000744008608279355,0.0121275670527565,0.00897579766599575,0.0077422237197384,0.0104295926683303,0,0,0,0,0,0
"27","2021-04-12",0.224463135083916,0.214731060437656,0.234764052691642,0.157857154732617,0.148512347467638,0.168451341725642,0.104924335744611,0.0953869246062013,0.112592382468164,0.10526113093359,0.095844302847549,0.114435623598163,0.0872380959837273,0.0800444986709045,0.0944358066981562,0.0585476182063153,0.0535250669693388,0.0634874705841611,0.0459756477867519,0.0410606226515865,0.0510771955617536,0.0425071478411917,0.0379399002523332,0.047275385677538,0.0338981750791493,0.031247876234192,0.0363383937762364,0.0286383169471863,0.0225276114792891,0.0345090784829459,0.0306542881679154,0.0247422554543327,0.036601006164852,0.0208358146853872,0.0193762639894177,0.0222429677656273,0.01949546866004,0.015960560806973,0.0227898859001717,0.00895589843781678,0.00682913762358146,0.0109721568680717,0.00747333533405255,-0.000233651375016293,0.0154547659434563,0.00900788169479884,0.00772461112139491,0.0104529616453907,0,0,0,0,0,0
"28","2021-04-13",0.22448743657663,0.214469632184074,0.234617564727518,0.15762284214461,0.147971758843615,0.168514601770385,0.105289722556883,0.0957070460825817,0.113212012683032,0.105353154837842,0.096015817369742,0.114529639130204,0.0866235873732027,0.0793694043039677,0.0940349687697025,0.0584257518230384,0.0535516843191678,0.0632566730327651,0.0458147693600214,0.0408879325210238,0.0509688080782725,0.0426459076823762,0.037990661766596,0.0476617618266286,0.0339145648281184,0.0311292610864652,0.036379303107128,0.0290883315436904,0.0230065657856652,0.0351190805607902,0.0307935923087661,0.0247960011641056,0.036850853926351,0.0208474730433078,0.0194080463299739,0.0222587788618408,0.0193873795155896,0.0158873043593687,0.0227287299705526,0.00890590425199807,0.00678523273549778,0.0109065970724131,0.0083635588861258,-0.000351844410424634,0.0173429837619799,0.00903458942683196,0.00775554900713131,0.0104762681571607,0,0,0,0,0,0
"29","2021-04-14",0.224474002881285,0.214366965826798,0.234667933584847,0.157450793578043,0.147779375762657,0.168310701591592,0.105683393799726,0.09635782073488,0.113701673307674,0.105436986646807,0.0960721219602615,0.114683159391837,0.0859644098531931,0.0784587029060413,0.0932100780355491,0.0583225109401037,0.0533750283812217,0.0632395725920054,0.0456376953388271,0.0406395066895676,0.0509112225813194,0.0427698894673752,0.0380794625998668,0.047928181252417,0.0339299027665807,0.0311592472304884,0.0365100406879298,0.0295557126694582,0.0231780356706861,0.0357394539252905,0.0309080143921793,0.0248882156708051,0.0367339381032009,0.0208535174238478,0.0193538969378155,0.0223445411758232,0.0192973715794684,0.015671320260275,0.0226087702944036,0.00886244409644989,0.0067684352020065,0.0108922103251281,0.00930153713616855,0.000139613172027618,0.0187723771151277,0.00905984568335152,0.00777135058952745,0.0105256624422325,0,0,0,0,0,0
"30","2021-04-15",0.224489908772283,0.214456734052876,0.234736949502228,0.157241857012714,0.147690189059419,0.167848964941388,0.106112152109847,0.096816919229903,0.114230438014107,0.105587706110976,0.095818951162965,0.115094794571512,0.0853243651374166,0.0775877883671539,0.0926274471473886,0.0581962440589332,0.053093642217474,0.0630812050916579,0.0454643384763676,0.040344731354467,0.0507068084648961,0.0429065283146109,0.0381199361299882,0.047884990099753,0.0339508973461299,0.0310752755891005,0.0365369018412181,0.0299926770783432,0.0236327607929998,0.0360986642265452,0.0310072763883716,0.0249552163970747,0.036970393732804,0.0208598303546643,0.0192533594181638,0.022373002952035,0.0192056807541217,0.015590521899321,0.0226115989596823,0.00881480721826615,0.00661691526322183,0.0108738176840021,0.0101441189121593,0.000876709136385113,0.0194987167088047,0.00909094025973794,0.00778495900569731,0.0105861675625901,0,0,0,0,0,0
"31","2021-04-16",0.224509268850758,0.214385168428493,0.235160468093219,0.15701245545613,0.147096112745298,0.167931324193349,0.106514226799937,0.0973768092622542,0.114493910375206,0.105702186913713,0.0959801629560224,0.115237405206861,0.084709748169804,0.077150142173929,0.0920621525080072,0.0580659592495612,0.0529528978303583,0.0629883026511413,0.0452965968036575,0.0400051411270116,0.0505288336367216,0.0430166351637118,0.0382803084905569,0.0481003919836587,0.0339661368091623,0.0309979442304967,0.03653712206322,0.0304648432076858,0.0242924411949019,0.0365498690138592,0.0311480386527551,0.0252566246613548,0.037150968457011,0.0208655519033806,0.0193045704904719,0.0224144368985837,0.0191059832659745,0.015354603056618,0.0222564213054251,0.00876841426459487,0.00656722514694455,0.0108090386296316,0.0109276328932637,0.00207489723683968,0.0202997277508098,0.00911203619777791,0.00781133196437005,0.0107036562106449,0,0,0,0,0,0
"32","2021-04-17",0.224559571642722,0.214082995998178,0.235359266520902,0.156781322602338,0.146870220508095,0.16796625287622,0.106886897275799,0.0978410277947216,0.114904486811922,0.105831290340894,0.0960388163279981,0.115549887772548,0.0840767815123796,0.0763904500241114,0.0914109126435281,0.0579530678739774,0.0528038048390888,0.0629477551322471,0.0451379381759001,0.0399553927895942,0.0503778919135414,0.0431499609180951,0.0382212578160847,0.0482703101364148,0.0339925876167588,0.0311480862070251,0.0366164505930431,0.0309216100758247,0.0247090644549091,0.0371764498679654,0.031237204026464,0.0252535151953583,0.0373380909060587,0.0208750845626327,0.01925579575383,0.0224268604251599,0.0190166286057453,0.015332347556151,0.0222199047390163,0.00873207030929686,0.00656468326620662,0.0108904373025897,0.0118518315518819,0.0038370721407918,0.0199864700777387,0.00913227690860715,0.00781460995520875,0.0106983223354656,0,0,0,0,0,0
"33","2021-04-18",0.224600281859028,0.214253470477979,0.235768805415741,0.156567097537949,0.146679373203954,0.167648490901484,0.107257561936386,0.0984530942035344,0.115039068274914,0.105937162643,0.0962195617618582,0.115335086146775,0.083493026403302,0.0756419828108089,0.0908806881058338,0.0578404154753953,0.0527041434313265,0.0626930748093251,0.0449948760093353,0.0398197151890486,0.0501798719205466,0.0432739612329595,0.0384873679528152,0.0486168243520457,0.034023977655027,0.0311461381325442,0.0366453487845338,0.0313388773870303,0.0248911289412618,0.0375654879670543,0.0313312865625982,0.0254670082607078,0.0373329723640166,0.0208814291523439,0.0192729763002194,0.0224224310625129,0.0189117747842682,0.0150271676202417,0.0220740185893254,0.00867777680349792,0.00650925556370055,0.0108568139167947,0.0128095229564655,0.00664365367914748,0.0188336816571077,0.00915423589585128,0.00787488586505619,0.0107531808930637,0,0,0,0,0,0
"34","2021-04-19",0.224833367195769,0.214129259511681,0.235999393471883,0.156292989488427,0.145954625535707,0.167666222307911,0.107449594810956,0.0984097396816002,0.115440452696715,0.105878339238034,0.0958209692020474,0.115937032891408,0.0831429415578369,0.0752182587482035,0.0907969372611044,0.0578307267284252,0.0525365599329469,0.062783284941749,0.0448103352950352,0.0394713113340589,0.0499655803394045,0.0433755612278067,0.0383674509396366,0.0488439675586621,0.0340366771279659,0.0310906260729044,0.0366811379990461,0.0315263987867374,0.0249169943954634,0.0380477401320902,0.0314421922747134,0.0255639362844995,0.0374253176265459,0.0208917311077269,0.0193020224242833,0.0225081799745568,0.0189756306119496,0.0151827541803726,0.022262043264163,0.00862086407677871,0.00644946730138117,0.0107560637624782,0.0129803549229066,0.0046105687013739,0.0216077574118649,0.00917944069242357,0.00788609275847038,0.0107682577378639,0,0,0,0,0,0
"35","2021-04-20",0.224912651996438,0.214364750108058,0.236045915372527,0.155941121446354,0.145342867273149,0.167073733600794,0.107656545111454,0.0986508940059483,0.115964369692772,0.105825375223789,0.0953511116354907,0.115877033357976,0.0828230726158894,0.0747559867376424,0.0904816647446864,0.0578357859674979,0.0525452308979629,0.0628998118587225,0.0446117628852585,0.0391805914287377,0.0498324936308197,0.0434656729464237,0.0382881300490261,0.0490158293750388,0.0340489483565485,0.0310814450259645,0.0367365229936125,0.0316731143856579,0.0248761498530487,0.0383860009017535,0.0315829832753644,0.0253957227227503,0.0376123891007738,0.0208975244006785,0.0192552577107125,0.0225383943784896,0.0190503622437341,0.0152551248974629,0.0223886316695982,0.00855289656797817,0.00638624462208794,0.0106621960653163,0.0131081565750156,0.00297814795994017,0.0233850442131759,0.00920043778492566,0.0078596528387326,0.0108060308878545,0,0,0,0,0,0
"36","2021-04-21",0.225118918984038,0.214272106288171,0.236283785994125,0.155669148544607,0.144698551447199,0.166943977391416,0.107857473361387,0.0987292963672455,0.115967604235186,0.105830343336706,0.0953340993432358,0.116003570419433,0.0824421257421345,0.0741459223804792,0.0901689460923972,0.0578368405082401,0.0523760429999162,0.0630305043383726,0.0444480251361003,0.0390573899997635,0.0497252625594313,0.043558303549862,0.0385228547461264,0.0489948682524697,0.034071140281352,0.031094230523141,0.0367580675726935,0.0318289100758651,0.0251867767881731,0.0387750509927266,0.0317414655058941,0.0255651374816719,0.037982008495557,0.0209071862149322,0.0192558294658118,0.0225524945375897,0.0190980600053455,0.0151471133530395,0.0225326105253257,0.00850323947951882,0.00631957751146702,0.0106652197282265,0.0131487858466955,0.0023496841267217,0.0243278312257712,0.00922738774023199,0.00786210224468096,0.0107996671441535,0,0,0,0,0,0
"37","2021-04-22",0.225262443583173,0.214350975890225,0.236173395244621,0.155326778910288,0.144751924303928,0.166611060112006,0.108039581149472,0.0989065262167641,0.116195934815864,0.105773315780773,0.0954498495439959,0.116310530117905,0.0820758699538916,0.0737306792326559,0.0898868639938055,0.0578397167410499,0.0523363533292329,0.0631073944810317,0.0442907965516639,0.038927796117666,0.049674310149567,0.0436639226430168,0.0384575286997693,0.0494290271573594,0.03408964243668,0.0311957910640929,0.0368598803723014,0.0320008454267302,0.0253080597802103,0.0388932069544202,0.0318605445158137,0.0256264636284819,0.0382902032578578,0.0209141892947115,0.0193008161157798,0.0226200628559339,0.0191612436232382,0.0153400333799518,0.0226596352737614,0.00844537018801855,0.0061966282017814,0.0106297570256428,0.0132675453673607,0.00155068770103677,0.0250391744305802,0.0092477294981685,0.00779181859698692,0.0108659166296499,0,0,0,0,0,0
"38","2021-04-23",0.225436445797939,0.214528158421432,0.23652520504064,0.15502262246399,0.144097927433256,0.166591464284615,0.108196051787866,0.0987488835813716,0.116493809425619,0.105712440279477,0.0950509270124101,0.116088539570071,0.0817407678911598,0.0735151649765052,0.0896568324057218,0.0578398439471464,0.0522973179229727,0.0631225469854286,0.0440903557270627,0.038683022053475,0.0494676121978598,0.0437667183682456,0.0386261631955113,0.0492976577370194,0.0341130454366968,0.0312043027280137,0.0369319323074526,0.0321153087235963,0.0252757575511177,0.0390837739639006,0.0319446287730264,0.025601659449594,0.0382932387443169,0.0209194802619804,0.0192504590833079,0.0226591629507957,0.0192186442156462,0.0153227714911253,0.022761582069334,0.00839329322457375,0.00610557863081327,0.0105680655296378,0.0132527594042289,0.0012767445485316,0.0254577031387527,0.00927096618228494,0.0078378884320329,0.0108912736129539,0,0,0,0,0,0
"39","2021-04-24",0.22557377555209,0.21505469342551,0.236918986003356,0.154715098939059,0.143772506669602,0.166418240383431,0.108347656830301,0.0983748948954015,0.116664501418535,0.105610440135966,0.0947203147715851,0.115764743599682,0.0813717545782783,0.072984080379849,0.0891255615808277,0.0578383301882204,0.0522179577207051,0.0633002123004796,0.0438634891743528,0.0382213436773351,0.0492795231597536,0.0438791136822301,0.0388092101521206,0.0494932912333009,0.0341374531972867,0.0311863852376377,0.0369614358100711,0.0322503594040712,0.025396874083289,0.0392194872439207,0.0320879933290501,0.0257689381992007,0.0386837160135196,0.0209239511220876,0.0191982342280178,0.0226434576995717,0.0192816379151118,0.0154631384805628,0.0229823119829713,0.00833531504538606,0.00598594217905001,0.0104890221496688,0.0132728429582927,0.00126256055776119,0.026391959927776,0.0092951744399584,0.00782797167475913,0.0110053963097221,0,0,0,0,0,0
"40","2021-04-25",0.225794033089821,0.214915178545133,0.237361030030325,0.154427499146994,0.143635282380664,0.165642853432357,0.108528598638795,0.0988926204239705,0.116862865778285,0.105527942791639,0.095080570766148,0.115647234067456,0.0810105507744438,0.0729330109073961,0.0885323387384884,0.0578378978475485,0.0521532861363744,0.0632906905013042,0.0436529741317929,0.0381119577518433,0.049092091224611,0.0439488303411635,0.0387848623945069,0.0496372565523513,0.0341564560608609,0.0311926347199775,0.0369252105455659,0.0324203107078033,0.0256150168447288,0.0394419092157455,0.032231713952353,0.0259563136508113,0.0387230016035667,0.0209299708646775,0.0191468816802468,0.0226642818155567,0.0193540090679609,0.0155731379599817,0.023038359939987,0.00827297310844055,0.00597040009352509,0.0105005891190102,0.0133788991881808,0.000946949037303969,0.0263497831192217,0.00931902513242345,0.00783113410176685,0.0110743588662787,0,0,0,0,0,0
"41","2021-04-26",0.225916787304465,0.215055844378305,0.237154761467709,0.154136461950933,0.143288026062151,0.165411373794843,0.108704346556332,0.099273027085104,0.117163446472229,0.105447445865481,0.0952065851629013,0.115573727359209,0.0806875222931027,0.0724437038858499,0.0881872953955464,0.0578303516272386,0.0522334730087612,0.0632914605733131,0.0434621683727813,0.038011337177489,0.0488715247042196,0.0440506367969097,0.0388312705457846,0.0496548693275728,0.0341757656456707,0.0310486478116976,0.03701885611504,0.0325327856708376,0.0256124295362109,0.0395807381008844,0.0323750918365984,0.0261968936933444,0.0388947582841298,0.0209372909666984,0.0190859195910329,0.0226940867519145,0.0194185315339703,0.0156027051538018,0.023133401029143,0.00822823951736661,0.00595168105970469,0.0103790195899003,0.0134643664314595,0.00158690984966212,0.0263169735745353,0.0093362934051457,0.00786773980308806,0.0110772710605401,0,0,0,0,0,0
"42","2021-04-27",0.226081285183326,0.2152345897188,0.237536696554545,0.153823521502604,0.142814817541209,0.165374999951539,0.108875434705217,0.0991528420453954,0.117561945500147,0.105376252927779,0.0950814244889166,0.115581735226017,0.0803151830746064,0.0721366610832367,0.0877715018524029,0.0578260294513541,0.0522859960646284,0.0632389555724996,0.0432599013428981,0.0378821642416957,0.0486287513534147,0.0441337214065702,0.0389361746611283,0.0496288920979285,0.0341872498942644,0.0310835737271189,0.036918667356143,0.0326555768484765,0.0255610153356353,0.039523308135974,0.0324916877626569,0.0263930187354863,0.0388674889287998,0.020943291539963,0.0191095231776607,0.022739866844197,0.0194850815454834,0.015759112998745,0.0232043041191498,0.00817773327768022,0.00585311877964481,0.0104184729153472,0.0135909430505335,0.00173897570782753,0.0262642727692367,0.00936246035508372,0.0078909408573636,0.0111146116169056,0,0,0,0,0,0
"43","2021-04-28",0.226207817290315,0.215142114875236,0.237785897948771,0.153513070318586,0.142972657314808,0.164502573482952,0.109107763430685,0.0995117926118431,0.117722945692928,0.105378726835415,0.095219554265236,0.115324209272013,0.0799274628747493,0.0719428399847496,0.0876945368595358,0.0578505169851908,0.0523509091897309,0.0633143159955042,0.0430615259884742,0.0375663360927264,0.0484467189661657,0.0442431750415242,0.0391900115773847,0.0497145852983515,0.0341986029670751,0.0310894039706504,0.0369580540002214,0.0328318954348326,0.0259770875491865,0.0396305483612885,0.0326066879277092,0.0266307867703917,0.0391162787320872,0.0209514214131646,0.0190916998434729,0.0228071188006365,0.0195538011366103,0.0157518194681175,0.023290382836843,0.00812112284945686,0.00580714814577264,0.0103416978810994,0.0137762024651466,0.00228127289238545,0.0251570374448151,0.00938720653838742,0.00791775554674037,0.0111986692563795,0,0,0,0,0,0
"44","2021-04-29",0.226361279716319,0.215541150563509,0.237493211984078,0.153199367118542,0.142511293356798,0.164426886749274,0.109274901195832,0.100114246142712,0.117945598066656,0.105309522613653,0.0949684919223252,0.115300582357584,0.0795981527435811,0.0717124128496241,0.0871912487808263,0.057860393712202,0.0523744478874304,0.0633639506303432,0.0428934778757647,0.0374628639272648,0.0483000264902303,0.0443397784232284,0.0392214414452434,0.0500843280426589,0.0342262313663498,0.0311307199851108,0.0370181427957335,0.0330144291265589,0.0261550956041106,0.0399825658343258,0.0327500915327413,0.0267044673918146,0.0392661064524887,0.020956579800042,0.0190940062686105,0.0227756188786575,0.0196124513522483,0.0158179129114007,0.0234278557045096,0.00806717355260695,0.00576734938387104,0.0102706211670302,0.0138594701592423,0.00303246766160551,0.0248366862354671,0.00940704580062435,0.00793318120335998,0.0111827696572221,0,0,0,0,0,0
"45","2021-04-30",0.226497817007515,0.215421339453304,0.238079779635047,0.152946430243723,0.14248659413531,0.164070846942518,0.109428690577525,0.100360757721895,0.11789506142887,0.105209304879153,0.0952431662772838,0.115128792584342,0.0792633852145893,0.0714650989578486,0.0867961704784904,0.0578397785737949,0.0523285009263767,0.0633004101438116,0.0427096493411022,0.0372941712685795,0.0480825691398063,0.0444278466122335,0.0391772651636533,0.050103052327401,0.0342347956125623,0.0310977789488661,0.0369943204933845,0.0331861039484167,0.0265069498236895,0.0399116793373882,0.032873918411628,0.0268193439992476,0.0389974674134521,0.020964774221368,0.0191371064121902,0.022755790686858,0.0196956965336061,0.015750444817967,0.0235667647202597,0.00801094698205501,0.00571062055771314,0.0101477378096408,0.0139422381642522,0.00375583506165431,0.0237523774717407,0.00943354891684755,0.00793326091774197,0.011222373108879,0,0,0,0,0,0
"46","2021-05-01",0.226623285418316,0.216063903451877,0.237818819288828,0.152688381843707,0.142370595840541,0.163429845935576,0.109586278356858,0.100667686073386,0.118153714694985,0.105156862086606,0.0952927646983415,0.114725576818495,0.0788765319916674,0.0712387753046891,0.086227948781351,0.0578286567128173,0.052284498009917,0.063354335356714,0.0425489529862102,0.037052733434032,0.0479083606288917,0.0445108047474476,0.0392777229861975,0.0500991016490692,0.0342485623527981,0.0309560900554239,0.0369852844214689,0.0333576655006822,0.0270158189041907,0.0402089130484565,0.0330159455810186,0.0271413058157165,0.0390811062039447,0.0209715945193409,0.0191266819981184,0.0227793280616743,0.0197655185884325,0.0158488027934336,0.0236984754607598,0.0079567045130274,0.0056924497951632,0.0101781041753756,0.0141192729154884,0.00556650626658452,0.0227565547994926,0.00945558675844861,0.00795515689383905,0.011278733380625,0,0,0,0,0,0
"47","2021-05-02",0.226772839639375,0.216251717754364,0.237856036076679,0.152405447336958,0.14220309734061,0.163120593529184,0.109788399457721,0.100966675268672,0.118145417672574,0.105077629469676,0.0955007066806492,0.114462158871922,0.0785250168432066,0.0709430274479068,0.0858844177217127,0.0578358069808079,0.0523543263946218,0.0633580909720538,0.042352090755496,0.0370410660170258,0.0475179554682156,0.044620761769308,0.0392416295468567,0.0499924338827721,0.0342592976866218,0.0309753703685027,0.0369555802020078,0.0335070977299762,0.027146264521263,0.0400993486395633,0.0331677047109266,0.0273810280410482,0.0392971615415592,0.0209773954177714,0.0191437061622149,0.0228515036367534,0.0198457398362703,0.016170696020223,0.0237514474015991,0.00790990388062588,0.00566757198175567,0.010131222079011,0.0140789973259728,0.00740454049695751,0.0205736208221149,0.00947686744563746,0.00796621518840006,0.0114006260746931,0,0,0,0,0,0
"48","2021-05-03",0.226851398431781,0.216148033520086,0.238126900649687,0.15221835350612,0.141803292571143,0.163129992634702,0.109971972394937,0.100896143493214,0.118515928793384,0.10502283258921,0.0952211780602535,0.114591082006121,0.0784583196608466,0.0707677661884149,0.0859740309560205,0.0577363863773323,0.0522589069988718,0.0632659862199071,0.0420036436661181,0.0366203116836891,0.0473311202847225,0.0446994395074944,0.0392111136558348,0.0502370087658732,0.0342859014061708,0.0311029231652641,0.0369763841306719,0.0336507312551378,0.0271622864523205,0.0404928422653627,0.0332991089141622,0.0271866888065444,0.039629205261832,0.0209958729970631,0.0191780274250584,0.0228616317712706,0.0197516906677884,0.0159709484211193,0.0236023268952005,0.00786176422958523,0.0055799445138845,0.010196637527437,0.0142729733030477,0.00501941999993372,0.023111212127133,0.00949620381518805,0.00799168537672776,0.0114167484064043,0,0,0,0,0,0
"49","2021-05-04",0.226915704379626,0.216230204595258,0.238430442730461,0.152021308903838,0.14142022057595,0.163284412455806,0.110162396540199,0.100788859431761,0.118758208626154,0.104953321381849,0.0946339783947646,0.114622728188507,0.0783916144797839,0.0703868518784482,0.0858740737910932,0.0576257833026063,0.0519740068849769,0.0633006960609113,0.0416491435629093,0.0362143049194033,0.0469979266433176,0.0448197757971367,0.0393876065977176,0.0503715018664905,0.0343125474103287,0.0310758388568035,0.0370447537650092,0.0337453661582693,0.0270380683097716,0.040619054319683,0.0334076030154573,0.0272127351639139,0.0399675138988861,0.0210116647583376,0.0192014537389467,0.0229056281992824,0.0196637986907078,0.0158139256449244,0.0235866813547846,0.00781768053837738,0.00551384036405844,0.0101125666516476,0.0144650222068933,0.00349831387440487,0.0249353334746956,0.00951775927999003,0.00797640012799383,0.0114546709600517,0,0,0,0,0,0
"50","2021-05-05",0.227009510338988,0.216236241052269,0.238788660884048,0.151841754394372,0.140790493706521,0.16321311913625,0.110332833112044,0.101107740376071,0.118957699313386,0.104899493742786,0.0943757849186529,0.115078877751022,0.0783792617894983,0.0701773842775417,0.086182970253892,0.0575338714227042,0.0517535236142179,0.0632967393661239,0.0412733667060012,0.0357149107866981,0.046552754381657,0.0449317266003851,0.0393754916177085,0.0506972359333396,0.034338941347337,0.0310514606333516,0.0371178166183825,0.0338510218500113,0.0269206670464507,0.0408868531875222,0.033576467434198,0.0269146322148233,0.0403477562250887,0.0210312111594818,0.0191455972724546,0.0229153011867219,0.0196011101746938,0.0156759701466311,0.0235570580041129,0.00776746834799826,0.00543213617282251,0.0100882742700459,0.0146551922093949,0.00269148902151471,0.0266173438704247,0.00953342312365039,0.00798029936346101,0.0114814275947592,0,0,0,0,0,0
"51","2021-05-06",0.227088523855942,0.215865653466804,0.238957120825954,0.151620096520807,0.140787341829139,0.163202105971513,0.110593236229143,0.100979319345174,0.119794387169219,0.104842600747737,0.0940530013053855,0.115380790018498,0.0783559028701358,0.0702400137666367,0.0862534347417605,0.0574483386232309,0.0516713667376266,0.0632732492587575,0.0409177137256118,0.0351950263016801,0.0464046529988612,0.0450519825270731,0.0394878585674244,0.0507687946861181,0.0343531756937725,0.0310374574566998,0.03720369943551,0.0339693898270771,0.0269493458632,0.041432638007186,0.0336822669414198,0.0270225221964654,0.0405755513448218,0.0210478566631942,0.0190571630794074,0.0229244177982032,0.0195190883507719,0.0156475214626099,0.0235152764391688,0.00773295842006682,0.00540604009851842,0.0100458595508044,0.0148406402188552,0.00215300497285174,0.0275716633389618,0.00955606564999524,0.00801110379813624,0.0115159407041331,0,0,0,0,0,0
"52","2021-05-07",0.227211733212768,0.215689124963982,0.239226381112642,0.151428588946085,0.140262250996941,0.163450279470593,0.110767272071591,0.101256690845736,0.120041963321447,0.104830136789465,0.0940471603696092,0.115808246913312,0.0782912881278794,0.0695221144784048,0.0861554328900633,0.0573493067501233,0.0516001593356883,0.0630729183677905,0.0405618839355985,0.0348098675803333,0.0460447670906261,0.0451263555228005,0.0396810734217894,0.0508613596230469,0.0343678982493086,0.0310401053820706,0.0371766797327843,0.0340525627143558,0.0270951562813037,0.0414098744044901,0.0338146449139193,0.027011034673216,0.0408283614708707,0.0210615287241226,0.0190783553344173,0.0230042921604018,0.0194443764314178,0.0154553014734801,0.023509850146471,0.00768982238934016,0.00531724718042239,0.00999729765721951,0.0150172931800253,0.00164179368337122,0.0279208320424638,0.00958231679596466,0.00803227185101711,0.0115845097386771,0,0,0,0,0,0
"53","2021-05-08",0.227300439314744,0.215798577649898,0.23917344067852,0.151191517178519,0.13994430834642,0.162856112295636,0.110960775669109,0.101163930664228,0.119912397896109,0.104793949096251,0.0936573085964204,0.116311829950667,0.0782273371146369,0.0694954650419986,0.0862729936424209,0.0572468731813105,0.0514634127129855,0.0630575947783349,0.0402001462776858,0.0343627272275985,0.0458802554237843,0.0452274543820409,0.0396574221921013,0.0511357919966688,0.0343898393940296,0.0310043868891797,0.0372197229637653,0.0341804259698714,0.0271130798376194,0.0416415017577984,0.0339425239461393,0.027005431225214,0.0411705689289862,0.0210786164191707,0.0191461720094105,0.0230705004253436,0.0193584075772779,0.0152861234946817,0.0234537760911378,0.00763793463606,0.00521207831716123,0.010005388790895,0.0153029616501738,0.00150811355473855,0.0289299644541287,0.00959868892737271,0.00803670456510505,0.0115791390074944,0,0,0,0,0,0
"54","2021-05-09",0.227377213124863,0.21572107509703,0.239769636328096,0.150987064194932,0.139465506915525,0.162952352809376,0.111149024045472,0.101112312019624,0.120349289917316,0.104772851764091,0.0933277462349285,0.116201784554921,0.0781164535314651,0.0694169827200368,0.0863561518263767,0.0571537854586776,0.0514442983272406,0.0630464534136324,0.0398604790701409,0.0339134711732286,0.0454067364700468,0.0453247266345109,0.0397227729328837,0.0510833078966699,0.0344100890441182,0.0310709782286773,0.0372846172879713,0.0342973779539016,0.0271690810433152,0.0416860983693676,0.0340824252318362,0.0270516187909526,0.041589498620664,0.0210956273539562,0.0191148406849547,0.0230943585893241,0.0192681244344332,0.0151498056798317,0.0235812917648265,0.00758862618764708,0.00514100401598168,0.00988591951178033,0.0155205574865652,0.000882700242630511,0.0288557388111015,0.00961882360376833,0.00806622666905044,0.0116319681688856,0,0,0,0,0,0
"55","2021-05-10",0.227421463986941,0.215784175638706,0.239987200553893,0.150822646797127,0.139061652520348,0.16300957894445,0.111352781411215,0.101076674326024,0.120511773779448,0.104631286438172,0.0933321299047702,0.116110795703088,0.0780735559312556,0.0693481722594408,0.0862891685656123,0.0570559490664848,0.0512570296768741,0.0627993406795777,0.0395074866113191,0.0337129165156208,0.0449711905991821,0.0454354745550081,0.0399631724836333,0.0512050646079113,0.0344307284770094,0.0309139061018879,0.0372963683907184,0.0343804172243014,0.0271900122717377,0.0416734514386753,0.0342081138456966,0.0272688098801384,0.0418262868632802,0.0211168428412133,0.0191334327672392,0.0230983408672552,0.0192087281416229,0.0150216310781132,0.023380185651959,0.00753835844751087,0.00509935806111404,0.00988425137667207,0.0157160995836756,0.000750414040892783,0.0304980851283949,0.00963635424732939,0.00803653004463513,0.011603111426015,0,0,0,0,0,0
"56","2021-05-11",0.227492132362973,0.215338162316117,0.240589112429971,0.150635636420804,0.139100226995316,0.162769049243988,0.111549669017042,0.101261475012902,0.120783815822024,0.104586327296256,0.0928001386565975,0.116324495600763,0.0779964037192403,0.0691535965820482,0.0860281160172857,0.0569614567396499,0.051086446552637,0.0627642534551247,0.0391508360135878,0.0333864579504148,0.044533321323729,0.0455469524957665,0.0401099841784842,0.0515098480028008,0.0344404663575313,0.0309501920960886,0.0373554280140665,0.0345180030312831,0.0271395696138965,0.0420435384575309,0.0343534850282215,0.0273332488953389,0.0421170889259184,0.0211405804590962,0.0191259187561609,0.0231292915695229,0.0191233145029836,0.0149666899934867,0.0232198401726371,0.00748176517815984,0.00501342050796745,0.00982828555673894,0.0159591765067283,0.000890132833189884,0.0310479090667207,0.00965746422547504,0.00803086319464845,0.0115930593162154,0,0,0,0,0,0
"57","2021-05-12",0.227617478366042,0.215126631846994,0.240709371113504,0.150443123673696,0.138755824534076,0.162821160092672,0.111722930274237,0.101567040119819,0.121270514121165,0.104511503625305,0.0930512843091218,0.116177628661309,0.0779164677263303,0.0690280006138285,0.0863548786097576,0.0568639839013005,0.0508984329975297,0.0627852279451335,0.0388119635515222,0.0329243475510863,0.0443716786277352,0.0456417628880366,0.0402383672506126,0.0515974348780673,0.0344471033564718,0.0309299144336607,0.0373819258523558,0.0346283563616712,0.0272446344119035,0.0422206217361622,0.0345007471683518,0.027532912899851,0.0421045057646703,0.0211543199337578,0.0191504411864809,0.0232339052927326,0.0190265477326373,0.0147788541247728,0.0230583047808158,0.00743878188555317,0.00501297843938553,0.00976496215579683,0.0161416536422842,0.000954473535976435,0.0305356165749188,0.00968018845228577,0.00805064837554935,0.011646208744197,0,0,0,0,0,0
"58","2021-05-13",0.227693122017223,0.215641167232869,0.240922300628448,0.15030398741023,0.138530541198045,0.162616265125159,0.11188135722117,0.101780229991793,0.121249023042254,0.10445785663756,0.0927300338575772,0.115986647500108,0.077860618393457,0.0688310115008903,0.0866264034431166,0.0567438696064254,0.0504691579508174,0.0627293759002852,0.0384468748597396,0.0323912954312402,0.0438595546348199,0.0457358526161323,0.0400071240753562,0.0517176823077542,0.0344710254363513,0.0309432080629238,0.0374313012482779,0.0347403414594333,0.0273096729617755,0.0420025365975141,0.0346672404846383,0.0275770717259727,0.0420766007442876,0.0211737264830358,0.0191275037262365,0.0232625895305927,0.0189530134942551,0.0146514590583079,0.022930763573446,0.00739054071233855,0.00494169636291859,0.00969548839982972,0.0163595100277553,0.00132399514960804,0.0307425501916813,0.00970734884186337,0.00806110819180491,0.0117105762979616,0,0,0,0,0,0
"59","2021-05-14",0.227789918913228,0.215553220717801,0.241018543836216,0.150061815209219,0.138489272885514,0.162342118082776,0.112097727990707,0.101883142101166,0.121671243292403,0.104397965289586,0.0925281542036014,0.11592796773082,0.0778236846752542,0.0687460308950535,0.0864207572972896,0.0566478428283471,0.0505224403972894,0.0623680983581415,0.038103539248899,0.0321359372901673,0.0436738205844239,0.0458247059647461,0.040106032455176,0.0520352312699801,0.0344960782813419,0.0309814088960456,0.0375061184420714,0.0347999120425619,0.0274116792454672,0.0423004044674747,0.0348019728723506,0.0276389884279428,0.0424875606947849,0.0211871813672318,0.0191418808531944,0.0233045598306065,0.0188832603379908,0.014642524351336,0.0228208016219809,0.00735062370968044,0.00482865651096205,0.0096820554764283,0.0166203966138147,0.00146630042751655,0.0314297430634187,0.009729470891629,0.00805077348447155,0.0117220941560777,0,0,0,0,0,0
"60","2021-05-15",0.22791878703185,0.215993853157092,0.240794166894962,0.149924404860012,0.138665482947835,0.16214140707013,0.112287879741919,0.10234786967223,0.121819614194301,0.104323358707152,0.0925488629570864,0.115852061787263,0.0777879744477952,0.068845063974917,0.0865348080150906,0.0565315879362864,0.0501649827473395,0.0622462352683764,0.037770970649581,0.0318988976268992,0.0431885536728559,0.0459181599435515,0.0404231005913197,0.0520045632167867,0.0345227610863073,0.0310562711319279,0.0374435762084503,0.0348613980163256,0.0273507488283587,0.0421366375479019,0.0349029177152981,0.0278229801623324,0.0423716367671403,0.0212028565775146,0.0191822647482126,0.0233042657158855,0.0188104585960374,0.014492706885222,0.0227805852809458,0.00731171137149599,0.00486000827651691,0.00961550907258533,0.0167717346459128,0.00232201977292787,0.0314831712289303,0.00975451312911578,0.00806175008307183,0.0117599148787342,0,0,0,0,0,0
"61","2021-05-16",0.22798050748287,0.215891459643293,0.241046218440032,0.149771885858074,0.138665766154219,0.162044553612933,0.112535323997888,0.102577539998968,0.122186097800428,0.104292530718083,0.0923375982110285,0.115578167204814,0.0777407884051272,0.0690392750215226,0.0863695191682614,0.0564135268759688,0.0502319359107549,0.0620921225005973,0.0374124874648649,0.0314614867455288,0.0429177836220533,0.0460097695836766,0.0405842741747848,0.0522596374198119,0.0345486910566363,0.0309808633960685,0.0375131321128636,0.0349631131031942,0.0277302428126992,0.0421544042010058,0.035062880495851,0.0278654067641179,0.0424069305262758,0.0212215438792472,0.0191913520095161,0.0233622746336241,0.0187399719702423,0.0144326837286663,0.0226946513007786,0.00726067403207408,0.00482470697645527,0.00959167312197574,0.0170143046915693,0.0026828830394994,0.0313201201204636,0.00977679394551211,0.00808050942955073,0.0117470967566241,0,0,0,0,0,0
"62","2021-05-17",0.228008639033759,0.215943364362576,0.240829856144533,0.149575907259935,0.138543458317511,0.161625002641924,0.112712824660207,0.102836462310482,0.122489389437961,0.104251133360321,0.0924465491004146,0.115680274485114,0.0776309507031347,0.0689306462127039,0.085978789348508,0.0563274668530015,0.0501233776995755,0.0620475585704043,0.0370766485180521,0.0310665553930144,0.042644160650768,0.0460995768274602,0.0406076674700745,0.0523700549242999,0.0345569169134334,0.0310972849635777,0.0374950784788153,0.035069790027516,0.0277248834544944,0.0423410670853171,0.0352383358545977,0.0280898937009428,0.0427416335843055,0.0212375290050842,0.0191539683406501,0.0234335113339178,0.0186822017520075,0.0145203502863744,0.0226190191772786,0.00721792854345794,0.00474819859862175,0.00950811375179899,0.0172877119816432,0.00419551250818769,0.0313077509152967,0.00979537554242517,0.00809172412863464,0.0118668903946939,0,0,0,0,0,0
"63","2021-05-18",0.22812857357737,0.215709091185435,0.241087716813816,0.149336217680755,0.138186022499917,0.161574452113659,0.112865650606906,0.10279386558832,0.122560476525485,0.104200612178815,0.0925024416853643,0.115289210701533,0.0776047924543237,0.0691532115045346,0.0860731243377388,0.0562433021746458,0.0500331616807539,0.0618756276855737,0.0367542770552615,0.0309930134169685,0.0422883171764621,0.0462063147041394,0.0405086699338815,0.0523241468126336,0.0345660741652791,0.0310273503956577,0.0375056598423707,0.0351685901117508,0.0280386947918414,0.0423707170332385,0.035409918309338,0.0283013727564959,0.0426401895065427,0.0212509569376299,0.0191745554316937,0.0234278176989869,0.0186069554882983,0.0144006759620807,0.0225227677760028,0.00717342353177548,0.00473491637668701,0.00947887023430383,0.0173493567210754,0.00447148370073962,0.0308943533285181,0.00981896910083012,0.00812865608719924,0.0118897993791821,0,0,0,0,0,0
"64","2021-05-19",0.228166836028329,0.215974138073737,0.24101107194918,0.149180581873004,0.138203842821117,0.161130207418597,0.113087915477047,0.103082809530061,0.122740291493315,0.104138798113072,0.0924826155594618,0.115497350824604,0.0775302144123971,0.0692216484100456,0.0863225057168233,0.056147638506884,0.049924952364016,0.0618075240702621,0.0364147380826676,0.0306492517180015,0.0416960384816095,0.0463041037475209,0.0406747590475866,0.0525064825382001,0.0345822006176603,0.0310104379196513,0.0376196760257721,0.0352915411530963,0.0281875144193574,0.042381481707792,0.035523788088165,0.0282899963853445,0.0428645575266912,0.0212611410527216,0.0191471685062366,0.0234824570792416,0.0185348264716331,0.0143734200682802,0.0224755058460633,0.00712244880521794,0.00470094213000304,0.00937810511220361,0.0175910980081609,0.00543126858122523,0.0298055265543636,0.00983490435644748,0.00810658917143557,0.0119032467049275,0,0,0,0,0,0
"65","2021-05-20",0.228297464045747,0.216136471973875,0.241000785939405,0.149023959116909,0.138116852774175,0.161024484592568,0.11328600549432,0.103706635108237,0.122991425189251,0.104012059191038,0.0923178537870472,0.115028504816824,0.0775055967879863,0.0687657635341989,0.0864135910700654,0.0560306136427795,0.0500485145010786,0.0618236838745811,0.0360719925554946,0.0303760868773764,0.0413645930792102,0.0464030812623524,0.0408782096895995,0.0524768027476954,0.0345993670886205,0.0311031854655438,0.0375595042217386,0.0353574944793459,0.0284679516510841,0.0423886199155724,0.0356593797868351,0.0286021455385912,0.0428790636905627,0.02128026764732,0.0192016292849499,0.0235231216235996,0.0184679278296265,0.0143483943612519,0.0222180433188178,0.00707822377926269,0.00463285308101089,0.00934127074461065,0.0178058030336936,0.00702988645928039,0.0286761453097146,0.00985781300334751,0.00810084976980316,0.0119905156211523,0,0,0,0,0,0
"66","2021-05-21",0.228406372055159,0.216346316309209,0.241008225685166,0.1488087560203,0.138016818516514,0.160256027896461,0.113523285852023,0.104045885123145,0.122997379785306,0.10400386009371,0.0927017974747806,0.114736517251855,0.0774692018465473,0.068902611854702,0.0861241251778097,0.0559134677254267,0.0500081711754805,0.0615032563800667,0.0357210946383579,0.0299245169861547,0.041128030520787,0.0464609011974508,0.0410411703144455,0.0524665554333028,0.0346182701464151,0.031241172325492,0.0376406627698546,0.0354900724201427,0.0285545495813906,0.042362290270956,0.0358356133754861,0.028820222509166,0.0432195815203147,0.0213003979677549,0.0191717692747385,0.0235507914747268,0.018390251648461,0.0142145713993721,0.0221004435483893,0.00703028072508153,0.00467694816212618,0.00927440274542033,0.0179755512196002,0.00853288428646475,0.0273572540880072,0.00987765199216347,0.00811382850269919,0.0120247821414244,0,0,0,0,0,0
"67","2021-05-22",0.228509674187196,0.21668483844779,0.240874776537495,0.148621236901645,0.137852255099918,0.159549569444614,0.113728189142012,0.104312386853465,0.123322056928061,0.104036608004601,0.0933421735654416,0.115022297033009,0.0774179549316698,0.0690782352070524,0.0859613858942291,0.0558167830339622,0.0499426773670107,0.0614039790728383,0.0353809032232405,0.0296507619664788,0.0407273403782433,0.0465321263901271,0.0409431785933336,0.0524976568580755,0.0346484152187474,0.0312319831709886,0.0376642622226262,0.0355968426883078,0.0288375794088503,0.0425039565976085,0.0359513951009631,0.0290113752180437,0.0430639224298485,0.0213147160167434,0.0191249218256607,0.023582985582326,0.018303698342115,0.014119708201533,0.0219406517760732,0.00699605240357914,0.0046569724721415,0.00921796667291756,0.018227678082373,0.0107251182954823,0.0257062973681302,0.0098972201190241,0.00817916452395764,0.0120339382740325,0,0,0,0,0,0
"68","2021-05-23",0.22876485952059,0.216620078471638,0.241485580541581,0.14834367994023,0.137660265144689,0.159522460559882,0.113872577511759,0.10446242267124,0.12390561817955,0.103945479024857,0.0932298558351043,0.114699822645057,0.0772616531777655,0.0687062411482487,0.0860261387849853,0.0557284675146267,0.0496950361146908,0.0614292363295283,0.0353218126590041,0.0294900796572433,0.0406670746348324,0.0465913065508205,0.0410055718166572,0.0525418506857832,0.0346745636563159,0.0312546679289011,0.0376058680685059,0.0357222236027321,0.0287121056248456,0.0428462183089608,0.0358840218602285,0.0289504547887286,0.0430462433896325,0.0213294708949866,0.0191074324355108,0.0235613020551768,0.0184088939402696,0.0143274882604834,0.0221173219801564,0.00695206175439582,0.0045849119583717,0.00916689926410879,0.0182362269979775,0.00927200319889971,0.0275357975112601,0.00991876913584565,0.00819796674447456,0.0120751564478934,0,0,0,0,0,0
"69","2021-05-24",0.229029779791524,0.216842760957259,0.241807701257383,0.148046237596796,0.137395180505478,0.159548730944301,0.11404675324764,0.104273016918468,0.123727494249111,0.103813531797325,0.0927340351245721,0.114985357827324,0.077158620082483,0.0686092500379237,0.0860512028011674,0.0556586392953342,0.0496828856397088,0.0614452546880832,0.0352431975582784,0.0291138663290651,0.0404457377501419,0.046634039191924,0.0411170784145076,0.0525709321271783,0.0346912176347971,0.0312348394143101,0.0377198681377115,0.0357679880375467,0.0287770184074259,0.0433023045731778,0.0358179675270652,0.0288866858921652,0.0430694098420581,0.0213453658181852,0.0191768556882957,0.0235773822238279,0.0184825807176961,0.0144796164973571,0.0221368009693056,0.00690728780899594,0.00453072930465002,0.00914773700004375,0.0183677956868828,0.00774939219041149,0.0290851029669386,0.00994463969699421,0.00821439173770113,0.0121118384892835,0,0,0,0,0,0
"70","2021-05-25",0.229307211667482,0.216837916542369,0.242030807902402,0.147720477312843,0.13675864385215,0.159217368413224,0.114230892563871,0.104623763377829,0.124043613149113,0.103691219752549,0.0923399574183977,0.114730357098329,0.0770090216991527,0.0685175279532421,0.085740223978945,0.0555710976855945,0.0494538487642868,0.0613185173390333,0.0351646077493531,0.0293085316000703,0.0404593388051705,0.046686065128834,0.0412447647539434,0.0525852586314218,0.0347080626634787,0.0311100579170006,0.0377630354238293,0.0358795473149728,0.0287401494484702,0.0431506840090554,0.03578436387931,0.0287271672835368,0.0430887467438637,0.0213598547298783,0.0191998208800919,0.0236059039904049,0.0185739804120936,0.0144711320808047,0.0222312238814571,0.00687004555796822,0.00451762373715718,0.00909152942338896,0.0184195666926712,0.00659559570302463,0.0297274610445986,0.00996298260154911,0.00822871830624115,0.012112890527246,0,0,0,0,0,0
"71","2021-05-26",0.229505530124486,0.216848622334155,0.242241994362672,0.14741283829476,0.136524928347738,0.158745948644313,0.114381449069325,0.104524718327033,0.124148647064459,0.103547327327811,0.0921798421799335,0.114792745621092,0.0768729194181944,0.0684851550076894,0.0854964266009145,0.0554784302234335,0.0493330791084851,0.0612599750453109,0.0350998615150589,0.0291121207948437,0.0402855473556182,0.0467235171625275,0.041260620530698,0.0525824916577105,0.0347247637343146,0.0311360214561214,0.0377910568839801,0.0359704309443646,0.0286887620355961,0.0432938219194222,0.0357368359337442,0.0287279476764931,0.0430296681698478,0.0213702163681648,0.0191758376907415,0.0235585505067804,0.018650459562375,0.0146067003912538,0.0223668324810687,0.00681799684513998,0.00442289214593155,0.00911778682680912,0.0185634418486383,0.00654892599722987,0.030530798671563,0.00999002776693136,0.00824517798842326,0.0121628299095766,0,0,0,0,0,0
"72","2021-05-27",0.229660227188739,0.217332941854425,0.242332809208634,0.147149796826903,0.136117864803463,0.158913332087848,0.114521533026874,0.104718194563326,0.124469988855095,0.1034427665776,0.0921631891824509,0.114765237175958,0.0767054090911445,0.0682856914569178,0.0854396776793734,0.0553937457506715,0.0492725562496101,0.061136038484999,0.0350117518149985,0.0291409107687219,0.0401936523026813,0.0467925242728286,0.0412373419791128,0.0528130449280789,0.0347447178902369,0.0311923896651326,0.0378758996181188,0.0361009170958852,0.0287631156265808,0.0434940916619959,0.0356584537248109,0.0286495621945256,0.0432249268347528,0.0213830172009071,0.0191757926374051,0.0236582303541081,0.0187236910698679,0.0148067844810965,0.022484265513563,0.00676651260358566,0.00437920509670101,0.00912793442699632,0.018586248564101,0.00585581972586095,0.0308126637732689,0.0100075590693024,0.00822502956234458,0.0122100780056193,0,0,0,0,0,0
"73","2021-05-28",0.229906074116314,0.217695627759846,0.242363188959724,0.146885673097757,0.135684445130678,0.158930235061965,0.114704142050737,0.104932681090545,0.124684613704438,0.103283770697675,0.0918480046398412,0.114380589582245,0.0765761848467219,0.0679817581818497,0.0852936792199268,0.0552908139150036,0.0490638944595811,0.0610727340631046,0.0349376611629297,0.0291784535502824,0.0402857916036033,0.0468394804058177,0.0412648368209648,0.0528605144830434,0.0347580411224118,0.0310914755498506,0.037913469236904,0.0362186710054319,0.028815041777184,0.0434944859483282,0.0356156540166723,0.0285679298132529,0.0428703129677303,0.0213979617439359,0.0191691845928931,0.023700412309094,0.0188026763180349,0.0148180058956418,0.0226376772701984,0.00672475223684344,0.00439780873072686,0.0089564498144803,0.0185796728866981,0.00641720999348971,0.0311628489553298,0.0100252626198396,0.00825103195268985,0.0121895642709702,0,0,0,0,0,0
"74","2021-05-29",0.230140056382471,0.217812615031858,0.242895178799818,0.146587114664684,0.134866820431789,0.158556024110105,0.11485889007265,0.105165479658815,0.124565276134682,0.103120387669771,0.0920338707303893,0.114232266746705,0.0764841216171729,0.0679142942756134,0.0854370074505426,0.0551942070466118,0.0491427750478501,0.0608290452141204,0.0348558070045206,0.0289667409296678,0.0401072984878718,0.0468985645751701,0.0413005525573858,0.0529540651095259,0.0347750999505844,0.0311433569975945,0.0378886410039528,0.0363332223405947,0.0290029269407813,0.044102233948891,0.0355299916545021,0.028347521220224,0.0428519671744329,0.0214118801536426,0.0192276808795562,0.023665591533012,0.0188864972009106,0.0149367093139894,0.0227854278143056,0.00668086101756946,0.00428617508406731,0.00896546549152262,0.0186736049487184,0.00541757037360113,0.0318573966914115,0.0100522996659663,0.00826205532530562,0.0122913882308624,0,0,0,0,0,0
"75","2021-05-30",0.230352650511721,0.217793131477588,0.242939356661446,0.146290869155673,0.134811443839798,0.157982255145588,0.115035404979498,0.105212528757076,0.1249620101605,0.103013514865594,0.0918368694389497,0.11419687143795,0.0763586951021451,0.0675383417065513,0.0855929703777118,0.055106834667311,0.0489891968568326,0.060692169314681,0.0347800558588942,0.0289310049555508,0.0401683907075225,0.0469695581506271,0.0413020192280929,0.0531343149041675,0.0348038526401038,0.0312220058254812,0.0379179670129571,0.0364194163879899,0.0289923902287292,0.0442446218074819,0.0354613250479804,0.028574379707478,0.0425461313852691,0.0214256067355959,0.0191742536101978,0.0236784610602478,0.0189568993584453,0.0148976844845923,0.0228294286934008,0.00663614575062934,0.00427364060102791,0.00894732547251804,0.018786845120818,0.00624884955172892,0.0317792828859293,0.0100784650644246,0.00829506306582802,0.0123091917104417,0,0,0,0,0,0
"76","2021-05-31",0.23057136413214,0.218127266506847,0.243773849403701,0.145996748110134,0.134572900392407,0.157601927544112,0.11519303916238,0.105595410862997,0.124972400830943,0.102859563921252,0.0919407406318499,0.113901204897578,0.0762396978296209,0.0672674084301939,0.0853841243042294,0.0550182441878071,0.0491659420970511,0.0606088493261755,0.0347155267287904,0.0290154586250627,0.0399119028013119,0.0470250898668621,0.0414585303515179,0.0529714311556917,0.0348322959493799,0.0312811086755262,0.0379549574000016,0.0364855243675543,0.0290570125641568,0.0440429992570764,0.0353762084825908,0.0283070254958647,0.0424797674177856,0.0214354756976301,0.0191832891913079,0.0236395595086054,0.0190419064476956,0.0151246388272193,0.0230459866022318,0.00659384299904138,0.00432100403580863,0.00879938917629453,0.0189294356512019,0.00678746543484401,0.0317183759943953,0.0100974307021062,0.00831709521543385,0.012306668882616,0,0,0,0,0,0
"77","2021-06-01",0.230815159862563,0.218612681921267,0.243523696771396,0.145677062594586,0.134519289519498,0.157082347684027,0.11534146014474,0.105516316146138,0.12539312579924,0.102696322098321,0.0917468243017902,0.113415470227627,0.076129893311825,0.0671631470526363,0.0849497170543329,0.0549109589639496,0.0489070857849287,0.0604522320991624,0.0346366455555383,0.0289439511302056,0.039821614604445,0.0470869658298786,0.0416768545949661,0.0532294578146711,0.0348509175255429,0.0312367803604784,0.0379885674201449,0.0365731998262918,0.0289033056563047,0.0439761356582605,0.0353113255757753,0.0283731643169857,0.0424016207182723,0.0214451134650888,0.019161904303746,0.0237153147307187,0.0191176344884582,0.0151309901891539,0.0229703908156373,0.00655832289110031,0.00423233979503176,0.00875471609809605,0.0190366203581137,0.00675991706970561,0.0310984791522942,0.0101156828139115,0.0083124029792225,0.012285391540031,0,0,0,0,0,0
"78","2021-06-02",0.231009844840316,0.218514060405264,0.243868449901699,0.145409010012224,0.134242987729286,0.15632230097099,0.115539844576293,0.105954550113341,0.125404949825686,0.102560094603424,0.0915734036641939,0.113284674469326,0.0760017212028342,0.0673599433615431,0.0846685228125631,0.0548273619526596,0.0490236115764779,0.0603426414470237,0.0345542148792879,0.0288848018690533,0.0396986203795596,0.0471169139612776,0.0417007539399017,0.0529823615896888,0.0348789276386411,0.031200109436434,0.03807251907038,0.036671826601583,0.0293302348989022,0.0440073459987831,0.0353029258380048,0.0283824171609811,0.0421520820349219,0.0214589316692998,0.0192095007213413,0.0236720369747254,0.019191171144239,0.0152754579743735,0.023078779488143,0.00652177975659049,0.00428633303634002,0.00871683178598787,0.0191684573210235,0.00739967101533892,0.031166314707258,0.0101378279001261,0.00834265042562063,0.0123248979212406,0,0,0,0,0,0
"79","2021-06-03",0.231219776871939,0.218355660741481,0.244065055030309,0.145093124328506,0.133804228614418,0.156295430811544,0.115635812192334,0.106076432878501,0.125611775923683,0.102465139951809,0.0918780080179942,0.112720341118796,0.0758347751631888,0.0672023114073992,0.0844257186607152,0.0547529381601187,0.049004488901726,0.0602736137065383,0.0344800232255621,0.0289277574618355,0.0395732520222424,0.0471539951660819,0.0416677191454651,0.0531592136542331,0.0349091349234651,0.0312002208869225,0.0381095529477802,0.0367482524329595,0.0294432279769144,0.0438778249752296,0.0352751864756325,0.0284748181124175,0.0420080967724026,0.0214757960955312,0.0192014488528395,0.0237696016918866,0.0192674669914678,0.0154423291417176,0.0229737332213423,0.00648257052837499,0.00418300506677869,0.00865743542067036,0.0193006195289911,0.00795212379633848,0.0305645441222443,0.0101561202140385,0.00835643693331788,0.0122939256463192,0,0,0,0,0,0
"80","2021-06-04",0.231455732428092,0.218737430164956,0.243723918390304,0.144796158023777,0.134171661848664,0.155891970864987,0.115758574710971,0.106122492045914,0.125606196020997,0.102336506713071,0.0921239567647527,0.112287545389977,0.0757038755980092,0.0671911915409227,0.0840798967037839,0.0546540919236254,0.0488267298638169,0.0603261598398767,0.0344055004059206,0.0288299122017156,0.039368314157102,0.0471875524412304,0.0417168473836118,0.0531405695642874,0.034944053450355,0.0311658542543943,0.0380811640476812,0.0368357463389749,0.0297633818349108,0.043636879979767,0.0352328896693183,0.0286389626108599,0.0419964384366208,0.0214819868040688,0.019240437961538,0.0238204334479547,0.0193515753875862,0.015558756203147,0.0230377049855326,0.00643464342177112,0.00420189821422654,0.00858357242986205,0.0194226417620655,0.00910262339184694,0.0293937029373941,0.0101753155037253,0.0083763599098718,0.0123244471069855,0,0,0,0,0,0
"81","2021-06-05",0.231608427273252,0.218952270222531,0.243883667542964,0.144488511526584,0.133948899624097,0.155068993440136,0.115912661476716,0.106482241285544,0.125513488098486,0.102204017062338,0.0916441127997351,0.111822319053883,0.0755741263676063,0.0673592283268134,0.0838566067995821,0.0545848865465441,0.048812223154801,0.0601620583021585,0.0343383825017879,0.0289216559179655,0.0392778722803556,0.0472392285802939,0.0417775231417829,0.0531445696523555,0.0349785530351375,0.0313031698792346,0.0381547816563307,0.0369720750524212,0.0299876113880515,0.04385711695914,0.0352095311101919,0.028967605232536,0.0418595839422106,0.0214912262183523,0.0192721201770915,0.0237907620786886,0.0194368989492062,0.0158132367747001,0.0231477238702547,0.00639390662966647,0.00415658013797651,0.00852100633511183,0.0195905072314185,0.010723133583897,0.028677767045267,0.010193487083526,0.00837497475681071,0.0123018777910788,0,0,0,0,0,0
"82","2021-06-06",0.231889169677966,0.219310871250637,0.244327311141452,0.144225424107898,0.134061892684005,0.154585345398378,0.116113886440907,0.106765971396824,0.125921125598724,0.102093457182839,0.0917076319965262,0.111552424845901,0.0754424719817493,0.0673854520998489,0.0836297257589552,0.0544833745568385,0.0488638690302292,0.0599254648197204,0.0342874318541884,0.0288002171709906,0.0391596671119988,0.047292215004967,0.041924509235432,0.0531794209839107,0.0350035002024873,0.031309329374574,0.0381959956002436,0.0370676195139664,0.0304034193238043,0.0437696717800233,0.0351748673084084,0.0290431625238535,0.0416987218264988,0.0215066885099802,0.0192828431969391,0.0238643280267439,0.0195192356397806,0.0158686937440256,0.0232264161363493,0.00634957188073432,0.00418136662314276,0.00845882503755386,0.0196059233661374,0.0125250568893507,0.0269403227608446,0.0102115913375899,0.00839388687072171,0.0123414931044096,0,0,0,0,0,0
"83","2021-06-07",0.231833114989948,0.219159654202729,0.244387597847646,0.144067287561357,0.133711375095552,0.15465318708608,0.116304729152558,0.106793007052938,0.126169219796364,0.102213200213732,0.0918338686046748,0.111816068953895,0.0748348053319717,0.0668160404102236,0.083357063141683,0.0545320477286318,0.0487956736676971,0.0600702711357401,0.0342102062824506,0.0287464157353476,0.0392538169757265,0.0472501312466491,0.0418332920272791,0.0531550044862614,0.0350320238576839,0.0313633278139578,0.0384133685682736,0.0369684679870832,0.030228422906762,0.0439236591908385,0.0351225333800571,0.0288705024499467,0.0416184969674512,0.0215244606410515,0.0192683034654914,0.0239228300482052,0.0195037166377265,0.0157313481594012,0.0233800177155233,0.00633082515715561,0.00409909939411812,0.00845468600272351,0.0202258520016736,0.010786260841886,0.0298617565430704,0.0102264884979308,0.00837384289313826,0.0123797541471879,0,0,0,0,0,0
"84","2021-06-08",0.23179366230854,0.218978901637029,0.244075568502602,0.143863560341647,0.133042286900964,0.154634667315372,0.116442418849008,0.106752489048127,0.126156085204949,0.102366637394801,0.0919439665138578,0.112248948911181,0.0742169116734539,0.0656265669550092,0.0825349879571607,0.054595622811246,0.048963958323259,0.0600467289471636,0.0341420381290973,0.0286004882969047,0.0391455354188893,0.0472493534428506,0.0414857280428601,0.0531778034760439,0.035077506258532,0.0313120330857904,0.038338678816103,0.0369344839018612,0.0298306519674209,0.0441686492591325,0.0351381893829941,0.0287955630374721,0.0417625765709887,0.0215385960589144,0.0193324071718564,0.0239104535440475,0.0194748475044026,0.0156154596521324,0.0233836441321564,0.00630360137737338,0.00404008351170642,0.00850661493236782,0.0208979616724421,0.00938745202436974,0.0320466857178243,0.0102382389684769,0.00838373778256279,0.0124478862079486,0,0,0,0,0,0
"85","2021-06-09",0.231695474181376,0.21899165887354,0.244281709750091,0.143681666564973,0.132796448196792,0.154456399991074,0.116556017110519,0.106622826482304,0.126285732037833,0.102508627703232,0.0916948983421617,0.112615198765679,0.0735701578832779,0.0650498501403908,0.0822335153023659,0.0546462847453727,0.0488707407471226,0.0601561630402165,0.034092346898997,0.0286448919961795,0.039230749902927,0.0472285210736696,0.0414770042482504,0.0531938364209426,0.0351134326710513,0.0313882276138036,0.0384031000765343,0.0369130006788824,0.0297288053453171,0.0444348196488727,0.0351517366862772,0.0285961450556208,0.0420292312162704,0.0215493916517192,0.0192665410882787,0.0239041460930978,0.0194564897145786,0.0155065908177544,0.0234315838695115,0.00626602194066737,0.00392201593476901,0.00845015346379172,0.0214023336795813,0.00869789031538847,0.0337089404798798,0.0102538433131106,0.00838949448046655,0.0124463131470563,0,0,0,0,0,0
"86","2021-06-10",0.231612688882442,0.218765036046192,0.244654954419106,0.14350990654618,0.13211792018893,0.154790985032269,0.116671955853927,0.106518608375254,0.126361019483579,0.102665521987405,0.092041591582544,0.113239532288334,0.0729351313821926,0.0642817314060307,0.0818497080607853,0.0546665614300617,0.0489484361319783,0.0601328031325132,0.034004237319189,0.0282388156393369,0.0390793647770953,0.0471953379486433,0.0414113543756552,0.0532184452412779,0.0351505533861327,0.0314805673081406,0.0384850050875064,0.0368284938211939,0.0296990125917811,0.0441751828425519,0.035195120373213,0.0282123735787668,0.0422725907645459,0.0215656080815568,0.0193123149124387,0.0239785705158734,0.0194174507350909,0.0153782121712712,0.0233910323595998,0.00624679142567853,0.00393163967925793,0.00843812970490142,0.0219146046193438,0.00783575528462647,0.0358521989241412,0.0102708523993745,0.00841623676946772,0.0125279138089202,0,0,0,0,0,0
"87","2021-06-11",0.231622712198811,0.218891558950729,0.244459259742396,0.143332664680617,0.131989510788633,0.154824158634802,0.116822916100281,0.106747193003661,0.126947405110972,0.102755922011976,0.0917081382066704,0.113073480907621,0.0723465179800794,0.0632514619552726,0.0812071918482939,0.0547107813858136,0.0488938766624704,0.0602451098507835,0.0339114386903018,0.0282060328892009,0.0390534673043026,0.0471926776797391,0.0413829681398117,0.0530672192109981,0.0351859184133675,0.0314844204109801,0.0385027788336566,0.0368129421182124,0.0295208508884399,0.0445965857335843,0.0352251629601895,0.0282936236222958,0.0421747518175876,0.0215811959956361,0.0193718130759102,0.0239628855145733,0.0193759243376076,0.0154659998985178,0.0233735106732804,0.00622327379596997,0.00388882201999808,0.00846587045417142,0.022486163717837,0.00804879460169574,0.0371482677792495,0.0102901461954428,0.00843152850356806,0.0125511160397606,0,0,0,0,0,0
"88","2021-06-12",0.231573616927295,0.219020766396612,0.244460203941448,0.143203112001191,0.132017896756534,0.154649164399939,0.116942049646466,0.106953208708735,0.12698976141405,0.102903553167423,0.0919021286291321,0.113411641124142,0.0717139630965683,0.0630930246146821,0.0805767569056574,0.0547673752678847,0.0489115551715796,0.0603245010700845,0.0338250081313075,0.0280029949435818,0.0390232252800037,0.0471760644715822,0.041265506731854,0.0532128380269818,0.0352108583598983,0.0314225190355604,0.0385916450711546,0.0366987716517074,0.0294034449495235,0.0446583560752241,0.0352146711141353,0.0281975765832483,0.0423055296904282,0.0215970008628617,0.0194118935028487,0.0239728472348758,0.0193735272642116,0.0155103405454169,0.0234487710906001,0.00620512581266758,0.003850128651552,0.00846521269302401,0.023068323782165,0.00804514176874265,0.0376021814976828,0.010305019555958,0.00845564288807767,0.0125824497501763,0,0,0,0,0,0
"89","2021-06-13",0.231492497407441,0.218602158061778,0.24425963100141,0.143000115308852,0.131555770934583,0.154310887276664,0.117134061754979,0.106981737369066,0.127354079190064,0.103042792833757,0.0917815398475275,0.113820165590846,0.0710426891636977,0.0622480893506303,0.0798955639572813,0.0548100798969319,0.0486960290753789,0.0602793694166073,0.0337387919665507,0.0278654751311727,0.0390166138793961,0.0471696108989256,0.0412885010741349,0.053103803325562,0.0352437180682768,0.0315076146413881,0.0385697254514164,0.0365919929406109,0.0288929773411793,0.0443411850617853,0.0352039611521041,0.0279909456949501,0.042339285507909,0.0216085715870657,0.0194008412149373,0.0240145246353716,0.0193574533414002,0.0153021877475819,0.0235157648779107,0.00617636187740141,0.00375994972706712,0.00851559375674417,0.0235821838823964,0.00794496236919098,0.0392290313627139,0.0103177235220096,0.00842045211325225,0.0126205583670656,0,0,0,0,0,0
"90","2021-06-14",0.231465273144726,0.218254673967803,0.244732161734983,0.142842041710002,0.131334353130267,0.154902848303164,0.117272666605183,0.107024101759484,0.127401789631274,0.103136944325977,0.0918708553433514,0.114117799996392,0.0704125034422725,0.0616959000260778,0.0795673963992432,0.0548713296011904,0.0488272911707062,0.0604033674773739,0.0336817103604113,0.0278632648072317,0.0389821216377152,0.0471462249396888,0.0411022664203022,0.0532483668682845,0.0352759808461898,0.0315247234181899,0.0386586440543339,0.03656928679114,0.0286772559904293,0.0441867834357836,0.0351992633720471,0.0280212169975476,0.0426720433787506,0.0216253453212097,0.0194513380819545,0.0240516431850972,0.0193325626278421,0.0153361831830279,0.0233824611304092,0.00614419722575994,0.00371546621416004,0.00839528498005173,0.0242359294601418,0.0087124108023968,0.0397446039331607,0.0103342615927185,0.00841275489830089,0.012703851173781,0,0,0,0,0,0
"91","2021-06-15",0.231423172090393,0.218229153776856,0.244231027170031,0.142623002035394,0.131096736626373,0.154688727046659,0.117367381782367,0.107063381332393,0.127364745035543,0.103320057724191,0.0922024872851892,0.11480625744676,0.0697968464249701,0.0607728303194454,0.0786600061071292,0.0549192868271329,0.0488504075120926,0.060471836211207,0.0336048237434666,0.0275938546982805,0.0388953827968898,0.047133163287884,0.0411648861871576,0.0531829514830437,0.0353178974730347,0.0315243807228219,0.0386736611892254,0.03651588144719,0.0287148993629511,0.0444176965516534,0.0352132325434044,0.0279469224395684,0.0424876443892052,0.0216397295575443,0.0194282285303716,0.0239972907710978,0.0193082941531166,0.0153388371660916,0.0234832437919526,0.00611110171062121,0.00372824979017033,0.00831159418975167,0.0247999668756693,0.00927568822049939,0.0404168654946449,0.0103467970953549,0.00842807872846717,0.0127150560725233,0,0,0,0,0,0
"92","2021-06-16",0.231359154320527,0.218232482236444,0.244437629753542,0.142479844940791,0.130923205867575,0.154504645054373,0.117516531187085,0.107141844442057,0.127931847747271,0.10346911831144,0.0922208186380818,0.114891356040661,0.0692004433554204,0.0601724986129933,0.0781898324184744,0.0549786017095549,0.0489535257120211,0.0605927334192745,0.0335398181108954,0.027361714032894,0.0389228349445614,0.047125423419213,0.0410396511636727,0.0532835566222666,0.0353452026857198,0.0315244077282774,0.0387153648394272,0.0364854511648751,0.0288005672042181,0.0443698692996463,0.0352260895070845,0.0279906753516149,0.0427039224825384,0.0216534795295341,0.0194206157414619,0.0240601937492493,0.0192924089828145,0.0153447924818308,0.0233967621494927,0.00608237987604553,0.00372144180951086,0.00827967905049469,0.0253437578710807,0.00967296990194544,0.0412306496723136,0.0103637440874121,0.00843356075157647,0.0127709504719861,0,0,0,0,0,0
"93","2021-06-17",0.231274791082048,0.218080199284915,0.24485806582559,0.14229225841971,0.130747056297284,0.154608600269214,0.117669091150949,0.10744196216582,0.127763482131216,0.103563047986783,0.0919165180102842,0.115221844986831,0.0685634693196857,0.0594313050256098,0.0776170469135698,0.0550038429096796,0.0489457775965237,0.060624032696649,0.0334774433312591,0.0273803263743716,0.038944942885537,0.0471046488250001,0.0410784360043031,0.0532399791456241,0.0353788428795419,0.0315321498979328,0.0387867257240074,0.0363938533860383,0.0285932280440522,0.0440648783645449,0.0352186486159717,0.0279371973118402,0.0426498707512538,0.0216683469065617,0.019464401615364,0.0240777574594431,0.0192629287388595,0.0153384169934936,0.0234387994331952,0.00605541016245927,0.00366332481833636,0.00824735947442606,0.0257901794461805,0.0101669262154845,0.0413457871800701,0.0103717806669688,0.00846412280203235,0.0127599225839408,0,0,0,0,0,0
"94","2021-06-18",0.231233314949443,0.217948684103498,0.244319872720997,0.142142785692567,0.130746178527406,0.154057526906045,0.117832343415631,0.107625049627729,0.12818335051381,0.103673579080903,0.0921707150626432,0.115417296837636,0.0679831625085367,0.0588291341895037,0.0768307643490968,0.0550402150026573,0.0490825025752026,0.0607973103532727,0.0333797270349541,0.0273763888032577,0.0388020182194871,0.0470769187087682,0.0409617023628626,0.0532682237697209,0.0354001754290594,0.0316315513773737,0.0387452161984077,0.0363151953155726,0.0285139843363102,0.0440657614249314,0.0352400187564951,0.0278385045221208,0.0428331242340092,0.0216866325851332,0.0195277174097542,0.0240841863545117,0.0192744905289336,0.0152578605639967,0.0235649614437504,0.00602773541642226,0.00368448249714364,0.008220321364235,0.0263489285281369,0.0103968938582029,0.0420657592167978,0.0103890105346385,0.00844744854445641,0.0127809803355792,0,0,0,0,0,0
"95","2021-06-19",0.231180976414701,0.218010764021018,0.244387573873982,0.141981923891009,0.13061352360117,0.153953225481455,0.117983116873341,0.108154529285131,0.128263817363612,0.103724556461845,0.0920225720954739,0.115076737074538,0.0673403253732392,0.0581780574305812,0.0761485285261517,0.055094084493437,0.0491919885827321,0.0608319611855742,0.0332969814891709,0.0272541983343677,0.0387180546985676,0.047068660132287,0.041133579079959,0.0531701058838311,0.0354195050502209,0.0316765203960825,0.0388071203182577,0.0362342211612062,0.0284789378086339,0.0442712374022323,0.0352795684720516,0.0280238061199438,0.0426970283958292,0.0217079046149955,0.0195088387866959,0.0240961046860997,0.0192509450731942,0.015155937021781,0.0234474311417301,0.0060078228332114,0.00363869904102983,0.00824805647078995,0.0269773975050846,0.0109868053585403,0.0425145072799647,0.0103953066618868,0.00842757762946765,0.0127880626134327,0,0,0,0,0,0
"96","2021-06-20",0.231133122948844,0.218025603124668,0.244547125439449,0.141743044424438,0.13004868891396,0.153989944277032,0.118126344623277,0.108333809930594,0.12863847081696,0.103806942121425,0.0921111973051607,0.114816570659458,0.0667405662610895,0.0574769876977298,0.075603893365288,0.0551360803814484,0.0492515087630984,0.0607324972163208,0.0332191128125074,0.0271346538727146,0.0386216190602972,0.0470432900818093,0.0410623826675048,0.0531932972205126,0.0354569827319791,0.031701693438267,0.0388307094419651,0.0361183215049367,0.0285237412461515,0.0440015479280237,0.0352933738929455,0.0279845983932472,0.0426915557360349,0.0217251362999206,0.0195303494694773,0.0241640407232203,0.0192222781910982,0.0153242450578065,0.0235009322669907,0.00597550461050022,0.0036467536816472,0.00814344282816009,0.0276439271781977,0.0123767785551099,0.0429426286018835,0.0104066050338663,0.00841998047666007,0.0127717487956339,0,0,0,0,0,0
"97","2021-06-21",0.231138969180313,0.218295529493568,0.244258563384629,0.141563060916255,0.130047588290501,0.153861386291283,0.118273077966485,0.108448007714404,0.128940176218659,0.103867089024839,0.0922398212872364,0.11535248146536,0.0661457822314941,0.0570024959370836,0.074937487419964,0.0551925622955869,0.0491809987944543,0.060712140882726,0.033169944851393,0.0270902931203995,0.038536586624777,0.0470370696803468,0.0409925651222881,0.0533207245756551,0.0354867946782125,0.031746855414185,0.0388077522577394,0.0360439999895812,0.0287630869190272,0.0435981948765067,0.0352774977644895,0.0279573372770472,0.0424036722385457,0.0217403841035053,0.019539199665294,0.0241996574626786,0.0192033250600768,0.0152089045448014,0.0236047102526847,0.00595049048041431,0.00358293783955654,0.00822619613461753,0.0281358357556562,0.0133304202607302,0.0431565235519785,0.0104222532615056,0.00843233992110515,0.0127637483079311,0,0,0,0,0,0
"98","2021-06-22",0.231054910727055,0.218284035718837,0.243826891732218,0.141396015322866,0.129644603540054,0.153600754603746,0.118434850293384,0.108405605839383,0.128741018695382,0.103980163488758,0.0925239423011377,0.114855335688539,0.0654940898038637,0.0566882644879321,0.0742156199947245,0.0552740019786183,0.0493691568103884,0.0608839948719453,0.0330754358862784,0.0270679108708574,0.0384633232783639,0.0470095175174766,0.0409968824829864,0.0532513639584031,0.0355257470428719,0.0318009228863993,0.0389152577360082,0.0359698592430803,0.0286644854703379,0.0434590626457944,0.0352727133579692,0.0280280280739707,0.0425095571737107,0.0217537147610872,0.0195730176604319,0.0241396579719792,0.0191891515547672,0.0152173172526995,0.0235572235253818,0.00592746677092538,0.00362505995296199,0.00814650293869372,0.028856653336701,0.0146069494661506,0.0434324093156978,0.0104348932470169,0.00843220399463494,0.012840617385177,0,0,0,0,0,0
"99","2021-06-23",0.23100119035194,0.218323677974374,0.243957657513834,0.141231236316889,0.129659760635944,0.153512021507172,0.118547243650661,0.108592626862293,0.129076221907796,0.10404527200733,0.0928064476859652,0.114964725027845,0.0648319055522012,0.0558635561968114,0.073468457046022,0.0553279123018789,0.0495362172985325,0.0609338430210068,0.0329979611286463,0.0270945457573998,0.0382811392355204,0.0470159753482267,0.0411967568729759,0.0530182398627453,0.0355636421196701,0.0318207445601959,0.0389530594547236,0.0358982930355589,0.0289045848428456,0.04335293226542,0.0352811170205577,0.0280029100945409,0.0423810849598722,0.0217698256919689,0.0195693410587417,0.0241407059067701,0.0191553694907869,0.0151315364003602,0.023475880633768,0.00590084178388533,0.00366591771567558,0.00807362195048994,0.0295053406811456,0.015990050008931,0.043270345306593,0.0104465542225224,0.00846434048713332,0.012850115207522,0,0,0,0,0,0
"100","2021-06-24",0.230945945368811,0.217793036283464,0.24393468474664,0.141057562904433,0.12946460899752,0.15314040769257,0.118653828254147,0.108630332744738,0.128832752889882,0.104191500369049,0.0929767199780431,0.115282036622673,0.0641829340480906,0.0554676353879376,0.0727902241538755,0.0553869050506104,0.0495780218880248,0.0608896577633689,0.0329262730083488,0.0272041667176923,0.0382099431813075,0.0470167752687537,0.0410866591641694,0.0529214904473514,0.0355936964222539,0.0319076772160472,0.038997574503304,0.0358338939949139,0.0287718860961628,0.0430648010147957,0.0353093453582992,0.0283286693494339,0.0421297903609051,0.0217802170413141,0.0195750183285582,0.0241849544486836,0.0191407352269857,0.0150280407179278,0.0233791871908796,0.00587591300328522,0.00358536394949272,0.00805420984916044,0.0300382353230855,0.0175067859606181,0.0436880865352981,0.0104629355988642,0.00848821300549862,0.0128466111896656,0,0,0,0,0,0
"101","2021-06-25",0.230944182287243,0.217970368566513,0.24409372681365,0.140871412928146,0.129404148433402,0.152981781253648,0.118773075462977,0.108559306805196,0.128915388712105,0.104322233291118,0.093353691742965,0.115124246621841,0.0635321895568521,0.0550017642913511,0.0719413012352106,0.0554390425367758,0.0497234820663193,0.060929884802705,0.0328646115240031,0.0273597120439304,0.0382101980752493,0.0469961545990198,0.0411099185711129,0.0529135965543614,0.0356294354303619,0.0318815991508905,0.039010909289303,0.0357854207710885,0.0286773854082669,0.0427860825787701,0.0353493336313977,0.0284052563780536,0.0421375073294286,0.0217963523695234,0.0196259969399683,0.0241917061185039,0.0191193785498274,0.015082896594087,0.0234602084426775,0.00585459550983468,0.00359795178596115,0.00807590856020333,0.0306003190467308,0.0186340616222001,0.043383468518785,0.0104757430476282,0.00848142106323705,0.0128471514961909,0,0,0,0,0,0
"102","2021-06-26",0.230860072836891,0.218254069990224,0.243849218034743,0.140673268262948,0.129354228271171,0.152732699718568,0.118950203762357,0.108989224827766,0.129243639442475,0.104363384065775,0.0933372023553204,0.11464354603722,0.0628661926138792,0.0543917580146301,0.0711827782340309,0.0554890923930009,0.0496644924141188,0.060898901131061,0.0328078031976011,0.0273369376020916,0.0381093026783134,0.0469791153659474,0.0411467278761362,0.0527606276980025,0.0356530353158773,0.0319295041011792,0.039126486423771,0.0357020335131559,0.0288944305875267,0.0424407149686551,0.0353665815955768,0.0286832085642685,0.0420305053268592,0.0218112003051147,0.0196390610431877,0.0242547243629247,0.0191135951842144,0.0151623811876859,0.0233681692199523,0.00583581885802343,0.00354254442829174,0.00806744564354289,0.0310536346394755,0.0204841691633563,0.0423829105922852,0.0104923834355253,0.00847860939964594,0.0128741226354224,0,0,0,0,0,0
"103","2021-06-27",0.230758117995882,0.217826347113446,0.24390943749458,0.140466328290139,0.129148075793745,0.15216103659316,0.11914898632166,0.109454479651365,0.129701448459849,0.104508701299367,0.094119493478528,0.114778271333953,0.0622015416155052,0.0541341013663421,0.0698929926812712,0.0555409835945683,0.049880061428614,0.06096368665415,0.0327369695502361,0.0273461513901113,0.0380488462693213,0.0469773416648121,0.041277613829233,0.0526909339353014,0.0356836718463048,0.032051292169424,0.0391231101900577,0.0356300415506662,0.0288779702712008,0.0423497657465716,0.0353389518291886,0.0286978473702027,0.0421201158719747,0.0218278693869699,0.0196683237300846,0.0242760081354107,0.019105055114324,0.0151676433572742,0.0234062218719307,0.00580473764581995,0.00358251787524819,0.0079672533098852,0.0316910467911433,0.022499166213529,0.0411743894893515,0.0105049438272516,0.00847494081986485,0.012888381345292,0,0,0,0,0,0
"104","2021-06-28",0.230628289784242,0.217758094891889,0.243802267830228,0.140371822100643,0.128920996769551,0.152003746247,0.119311702321509,0.109386249655273,0.129813503190802,0.104681343996362,0.0941083666141722,0.11524314530836,0.0617407997792482,0.0534648049478987,0.0694790496182182,0.0555756237507855,0.0499108301649704,0.0610910474657956,0.0325919257430284,0.0271933860239843,0.0378656033935727,0.0469922928811291,0.0411209259933563,0.0530332722703337,0.035713808893689,0.0320036327406153,0.0391438042881771,0.035630554952913,0.0289638084312719,0.0424575800037897,0.0354409550445567,0.0285669871758151,0.0422569613214165,0.0218420598343028,0.0196716525810745,0.0242952196358445,0.0190847529811615,0.0149806109286529,0.0233840818152709,0.00574673580842831,0.00348387145161689,0.00792494848208213,0.031592943799186,0.0206807934323142,0.0428040006491974,0.0105232608147281,0.00845950881415488,0.0129093847684584,0,0,0,0,0,0
"105","2021-06-29",0.230503643771569,0.217565966723586,0.243719717864623,0.140262405269538,0.129256249987842,0.152106231910618,0.119510565920183,0.1093650471276,0.130088034290239,0.104814528000372,0.0942710913870678,0.115567387927948,0.0612934450963024,0.0528600090718928,0.0691625279011311,0.0555908850029527,0.049958204055892,0.0611025577721145,0.0324295952633378,0.0269397750292007,0.0378060286399265,0.0469838346351414,0.0412282722356346,0.0530874894184369,0.0357401105153633,0.0319552337097611,0.0391511659759031,0.0355986091458004,0.0285939472550671,0.0424979017657212,0.035508999122352,0.0287177332001479,0.0424142680225475,0.0218568471832863,0.0196735632791705,0.0242780517639182,0.0190597465390539,0.0149146719801973,0.0234029073736371,0.00570032118598987,0.00341174400722147,0.00783974699348074,0.0316796518853861,0.0197090974849837,0.0438722345588344,0.0105454911084771,0.00849566078597946,0.0129204427797443,0,0,0,0,0,0
"106","2021-06-30",0.23037995164571,0.217419874990076,0.243952492201323,0.140161751758641,0.128831285484107,0.152189981269668,0.119646009335263,0.109437158586393,0.12993002927102,0.104961181630915,0.0939785596390732,0.115461254295778,0.0608186829934585,0.0526300553859282,0.0684930461469547,0.0556388583951259,0.0500790009454585,0.0612967845954002,0.0322981501766172,0.026681427118483,0.0377255860581138,0.0469979197390969,0.0412117451920963,0.0530675870492819,0.035768714935541,0.0320052792530434,0.0392440192318568,0.0355858599473274,0.0287048320140548,0.042426058221858,0.0355805594511705,0.0286658228921549,0.0426393980916825,0.0218655636775915,0.0196806372872283,0.0242768837297245,0.0190219352912167,0.0148913701573377,0.0232931995148628,0.00564545183597946,0.00333777309242412,0.00776200739563843,0.0318216565816173,0.0189494458264373,0.0447403480213517,0.0105660064244929,0.00850793275527598,0.0129943739006526,0,0,0,0,0,0
"107","2021-07-01",0.230273906853803,0.21741911982656,0.243621327687099,0.140096016634477,0.128517217872915,0.152274009726154,0.119759584829753,0.109236006815099,0.130272091548985,0.10515330440109,0.0943885222175218,0.115926708428056,0.0603940352052188,0.052087442749881,0.0680587880450905,0.0556757754500358,0.0501166374340404,0.0613550303561533,0.0321841648214105,0.0264381736353331,0.0377200314403455,0.0470073507401005,0.0413491236869971,0.0530833291579805,0.0358022049864247,0.032148725032896,0.039253776668848,0.0355530147810699,0.0283883282443441,0.0423772564981942,0.0356722317876557,0.0287311736141069,0.0426522789217153,0.021878056143475,0.0197252577760531,0.024320420160158,0.0189819452503099,0.0149385524961287,0.0232726204887071,0.00558574322876334,0.00321564052472211,0.00768483608591225,0.0317192241984042,0.0184510968066876,0.0448731466092458,0.0105815526643057,0.00851627210775923,0.0129926666088736,0,0,0,0,0,0
"108","2021-07-02",0.23010022759935,0.21703526402683,0.242858558050013,0.140089481995277,0.12858475940665,0.152327378853437,0.119950696579562,0.109720611676503,0.130370049746069,0.105342199835983,0.0946937742931535,0.116044285835258,0.0599204341517686,0.0515671232704465,0.0676526945359888,0.0557369923250469,0.0502301956649283,0.0614467068445821,0.0320391089566187,0.0265242022145587,0.0373736943718277,0.0470237250820627,0.0412955005544541,0.0531842574774092,0.0358264701729322,0.032104240180241,0.0393394491906373,0.0355419186263145,0.0284437658333881,0.0423261240059133,0.0357793753128795,0.0287946927647225,0.0428480945232371,0.0218954884208013,0.0197038459794519,0.024300343517842,0.0189668783119516,0.0150176581052293,0.0232420699095224,0.00553476852958094,0.00315600675274404,0.00765724100295827,0.0317800354166322,0.0181136907566548,0.0449330778360748,0.0106017941374291,0.00852188253767883,0.0130030091576711,0,0,0,0,0,0
"109","2021-07-03",0.229973852033296,0.217345443775103,0.242565845321966,0.139935901168025,0.128761155883741,0.152355834916729,0.120096854215234,0.109855920593584,0.130856355514087,0.105470526483872,0.0949021749433046,0.116096000206797,0.0594112941876828,0.051158755666444,0.0672025953148909,0.055778213580025,0.0502522917889311,0.0614642323642829,0.0319156022913604,0.0263249727014805,0.0370845622295129,0.0470472737103042,0.0412399639293766,0.0531551458752182,0.0358605981384762,0.0321202062773752,0.0393668108581044,0.0355467085189668,0.0285272194326022,0.0423687886002643,0.0358284972911631,0.0288078927993883,0.0429487516335351,0.0219026838244301,0.0197871488846675,0.0243071087485966,0.0189284485588623,0.0149110211985816,0.0232193958364895,0.00549241952748868,0.00319812423587318,0.00755964788256753,0.0316563474272031,0.0181885700809059,0.0451935856401661,0.0106227422229017,0.00853617609385074,0.0130615649708258,0,0,0,0,0,0
"110","2021-07-04",0.229848308766991,0.217136622373744,0.242804357809253,0.139880995278974,0.128528747095553,0.151881188013014,0.120267926657821,0.110127469615057,0.130938524318386,0.105606942055639,0.0948910253668216,0.11631324215493,0.0589198021128865,0.0507210652305993,0.0665506833579326,0.0558456178085804,0.0502806828969504,0.0615563884046075,0.0317981907693272,0.0262223783964918,0.0370428644589784,0.0470877589227967,0.0413114467761963,0.053102697773293,0.0358898872999725,0.0321674992559432,0.0394859898334823,0.0355250097059711,0.0288113740100733,0.0425074767155113,0.0358924493585754,0.0287284422474396,0.0429834862027472,0.0219118059250824,0.0196917032728781,0.0243078623748589,0.0189101017611034,0.0149858991317158,0.0231596866048463,0.00542057968819962,0.003108761852843,0.00750382217672916,0.0314835338383604,0.0178382765618212,0.0445008457819737,0.01063951599158,0.00854083733321401,0.0130609933106055,0,0,0,0,0,0
"111","2021-07-05",0.229619228211142,0.217036789393669,0.242376867903431,0.139812792688841,0.128766281719626,0.151671283417239,0.120458098955161,0.11001925035159,0.131074884844524,0.105761501323612,0.0949020432056813,0.116428438713345,0.0584287187095695,0.0503818075820817,0.0658649359335483,0.05588202454434,0.0502853863806284,0.0615565117773511,0.0316776492801785,0.0260327792541329,0.0370134029491156,0.047132940138509,0.0412620853591866,0.0531391091310511,0.0359168043980254,0.0321616363085384,0.0394253003697731,0.0355441803402331,0.0286343830010915,0.0425527046821968,0.035972548016335,0.0287768914798858,0.0430372436265176,0.0219280300462344,0.019740687904737,0.0243246974421653,0.0188823372786939,0.0149144381981489,0.0230916442476614,0.00536510828900948,0.00309313329306481,0.00745845601797366,0.0315038102700851,0.0181399272597008,0.0448647221268068,0.0106563260894948,0.00857385296371717,0.0130710796258319,0,0,0,0,0,0
"112","2021-07-06",0.229486194140583,0.217183861383466,0.242247722099648,0.139719564929827,0.12897122825955,0.151697823965491,0.120606540729743,0.110350932418449,0.130980872170701,0.105923235887739,0.0952044869916013,0.11686813523901,0.0579783165232398,0.0499793318273762,0.0654841765500221,0.055957517264438,0.0503469390051079,0.0616507732530839,0.0315317608113344,0.0258972009633252,0.0367531615665341,0.0471542239777474,0.0413024217095656,0.052922961357518,0.0359450896988693,0.0322998302238137,0.0393560918404882,0.0354996873063889,0.0286141300238354,0.0422319325927399,0.0360268904748766,0.0289261642073643,0.0429694545243622,0.0219327677985263,0.019738967065985,0.024351287662915,0.0188670860518116,0.0149368754935406,0.0229726458846195,0.00532448594989007,0.00305444249103087,0.00738728756212934,0.0313769425175087,0.0185043314477036,0.0440085032163748,0.0106762480077429,0.00858061715968485,0.0131047742501575,0,0,0,0,0,0
"113","2021-07-07",0.229358075609219,0.217159754084323,0.242183658434193,0.139648121516396,0.12901554303542,0.15117817437161,0.12080639110012,0.110957757784589,0.131211663918932,0.106062305105052,0.0954210030373047,0.116550559201786,0.0574784264901513,0.0497126148664348,0.0648830619772076,0.0560054016392495,0.0503365558418093,0.0617230519021,0.0314123934004943,0.0260556605697333,0.036466266540849,0.047170977751362,0.0413504934276908,0.0532165013726575,0.0359816259194748,0.032313578529509,0.0395126068906268,0.0355176259691626,0.0286744201184759,0.0421483874824311,0.0360910119122526,0.029125948607494,0.0428278521935083,0.0219437464395925,0.0197990766679417,0.0243586110411152,0.0188473854130498,0.0149244057065892,0.0229650119517591,0.00526508564710553,0.00292828234850935,0.0073513311745225,0.0313488928428027,0.0192028751435767,0.0438908163918604,0.0106974209251596,0.008575613615306,0.0130876233849602,0,0,0,0,0,0
"114","2021-07-08",0.229174836199705,0.216963182284341,0.241834515555663,0.139584959146037,0.129147927945845,0.15098729923705,0.120983667222371,0.111049116707312,0.131213638766579,0.106178313976041,0.0957563655465621,0.116284952547536,0.057005844548976,0.0491213633618072,0.0643919641606068,0.0560659696174404,0.0505460877264102,0.0616574894362923,0.0312663262348105,0.0258661003404839,0.0363159533433663,0.0472090911748116,0.0414392044920319,0.0531042654015759,0.0360175960073189,0.0324474019724358,0.0394679251449905,0.0355186790879569,0.0287017520136256,0.0422494891543834,0.0361890131133214,0.029201684959751,0.0427198989058719,0.0219503282269068,0.0198081027524034,0.024332672732198,0.0188355122302827,0.0150013669985187,0.0229176858842347,0.00522031439943037,0.00295941524524169,0.007311047770486,0.0313886193632236,0.0197021891053037,0.0432838551633116,0.0107155619513681,0.00857431013807486,0.0131810124958494,0,0,0,0,0,0
"115","2021-07-09",0.229014083580032,0.216922953621671,0.241586598194003,0.13950531274655,0.128837625151926,0.150860432030021,0.121148525697397,0.111502308700928,0.13140623102579,0.10629510018481,0.0962858998601521,0.11649564280004,0.0565296845725912,0.0488072767157504,0.0637563183861607,0.0561121248116228,0.0505809633734927,0.0615604798026853,0.0311504507740601,0.0258013053480779,0.0359896109129161,0.0472401544016373,0.0415433727641173,0.053116671101087,0.0360684553393283,0.032644269767201,0.0395710019296696,0.0355044430794731,0.0289417994013631,0.0420756975293383,0.0362564070850222,0.0293919400870848,0.0427126507931345,0.0219628790792134,0.0198564788690503,0.0243978372466445,0.018800811314114,0.015125437821578,0.0228026320100787,0.00517214822244553,0.00299417128722181,0.00718741247210742,0.0314614590137074,0.0208170703771449,0.0423277288728355,0.0107307357793795,0.00857445405417222,0.0131393389062241,0,0,0,0,0,0
"116","2021-07-10",0.228914169031633,0.216536290347726,0.241271074401238,0.139394820986377,0.128881385628984,0.150564547728429,0.121329977163052,0.111947216684841,0.131339967372137,0.106464948913665,0.0965950876555174,0.116622889229632,0.0560958675361757,0.0484407377011327,0.0634185538073726,0.0561595231356785,0.050634073055409,0.0615463262211747,0.0310204380849485,0.0257989018348872,0.0360111828913663,0.0472591953398714,0.0415512247425218,0.0530657505448086,0.0361077070197726,0.0325655810910163,0.0395939518066531,0.0354994653031583,0.0290328314275989,0.0419492545181885,0.036327369495817,0.0295023962785598,0.0427696995723407,0.0219825466647416,0.0198704952615427,0.0244416217986923,0.0187565927037217,0.0149794641705164,0.0227256831535979,0.00512140954360311,0.00295814678339291,0.00710984860641757,0.0313733774734247,0.0214601330947629,0.0410157006492306,0.0107451084763265,0.00860556154191135,0.0131287348331396,0,0,0,0,0,0
"117","2021-07-11",0.228835967986165,0.216957150008913,0.2413254756463,0.139364537451198,0.129333549934339,0.149959523434355,0.121493565832341,0.112019980882044,0.131161850739475,0.106595083387956,0.0970989010764608,0.116352019357923,0.0556669845937409,0.0479956914787506,0.0627658705237313,0.0561936332483842,0.0507278608701013,0.0614528132604406,0.030871229195148,0.0256886691100618,0.0359254909705445,0.0472925676317774,0.0416049325048112,0.0531682219145218,0.0361425331786311,0.0326208114729605,0.039555951669693,0.0355211481618315,0.0291928978181079,0.0418605305422077,0.0364321922397796,0.0299453676127463,0.0426887870600868,0.0219929113666187,0.019871862525356,0.0244247918454708,0.0187379360866614,0.0150808957935692,0.0226100058991466,0.0050667284961308,0.00298363083487423,0.00703719475381594,0.0312852936009342,0.0230599276056029,0.0393165872625356,0.0107657487253407,0.00859931404775733,0.0131484615165666,0,0,0,0,0,0
"118","2021-07-12",0.228714997002488,0.216712326005927,0.24083842178128,0.13903843082056,0.12886307675426,0.150081468122819,0.121544730191808,0.111939709100067,0.13135828107167,0.10653691359243,0.0965686027648884,0.116786630157181,0.0557078073491398,0.0481598146891054,0.0631132111954844,0.056196507798308,0.0506944548339321,0.0615715832952558,0.0307865875123949,0.025527480687959,0.0358102538221972,0.0472930127520064,0.0415618746800238,0.0531696270929836,0.0361998074325634,0.0327141925295426,0.0396758177503879,0.0356350628934413,0.0291959496615796,0.0421005642062377,0.0365732434040854,0.0300688152914493,0.0428655960507324,0.0219987813216387,0.0197730456939765,0.024375185916925,0.018711316272415,0.0150347896359644,0.0225189895402884,0.00508586331282209,0.00297231438352309,0.00714376437877268,0.0314006748659667,0.0218298750224546,0.0413587743182121,0.0107598681601,0.00856600371824229,0.0132129360718007,0,0,0,0,0,0
"119","2021-07-13",0.228539073128673,0.215978483667262,0.240953365892573,0.138729483236526,0.128194387405975,0.14997413582192,0.121581199167175,0.111908386319925,0.131351595243862,0.106316947860458,0.0961015864315334,0.116430323207542,0.0557153619510333,0.0479508916336816,0.0636131745674127,0.0561567203809494,0.0505801301579324,0.06150171549845,0.0306958930182345,0.0252857311490222,0.0358582341418066,0.0472979380517011,0.0416107987564752,0.0531405925819285,0.0362520496322611,0.0327318677108678,0.0397199074316313,0.0357521431096615,0.0293459447019361,0.042190332482657,0.03672372008793,0.030080804778569,0.0431054520722636,0.0220159867879913,0.0198491115182779,0.0244229334929254,0.0186797437740833,0.0149454117065791,0.0225050869072573,0.00511389724330034,0.00298806871732064,0.00722772066664407,0.0316179619327598,0.0206248052093767,0.0424982367668949,0.0107619224841953,0.00858654458409364,0.0131748736596075,0,0,0,0,0,0
"120","2021-07-14",0.228419367238989,0.21591917906345,0.241057717400493,0.138402791798404,0.12748052355853,0.149437208143138,0.121573419780926,0.111963361256487,0.13149094383445,0.106193317489705,0.0959079249378387,0.116587287930534,0.05570952278191,0.0477889623437059,0.0635006121303307,0.0561460471218442,0.0505998840136678,0.0615864136798677,0.0306137880952242,0.0252099147594369,0.0356814956726055,0.0473130941080908,0.0415341130659733,0.0533342669591313,0.036313465092299,0.0327367890602872,0.0397827558162424,0.0358714945662457,0.0293352184904523,0.0425114719254338,0.0368852871606312,0.0299605967572617,0.0434436394538532,0.0220219006389097,0.0198530009820768,0.0244651791684753,0.0186608706029496,0.0148606276150662,0.0226602629959316,0.00513069695465551,0.00299699820560168,0.0072398096364847,0.0317393889482983,0.0199196356089622,0.0438625908531719,0.0107668036412753,0.00856692625615563,0.0131373601406703,0,0,0,0,0,0
"121","2021-07-15",0.228381082833532,0.216248981974987,0.241015075490537,0.138117877722997,0.127314384061447,0.149278170749913,0.121578056932345,0.111793687112726,0.131586274784733,0.106093521284904,0.0956557468044392,0.1166885418864,0.0557426805146883,0.0476089734006216,0.0635662209109214,0.0561548479594482,0.0505596552774058,0.0616701472859447,0.030562152213902,0.0249797124005642,0.0355144239517275,0.0473200761645598,0.0414675375574964,0.053291834947545,0.0363709424369732,0.0327498790882607,0.0398949442940067,0.0359722475484566,0.029371381064654,0.0427199704262195,0.0370240698238374,0.0299477968200371,0.0437625085556922,0.0220333162415633,0.0198352677931652,0.0244763584519441,0.0186164296843503,0.0148053701498338,0.0226641046087096,0.00515717959114907,0.00300032549235965,0.00731709726260277,0.0318665578986239,0.0189649211659758,0.0444635525661138,0.0107660522269774,0.00855855613352802,0.0131965879423857,0,0,0,0,0,0
"122","2021-07-16",0.228257632464705,0.216022759557662,0.240985655661994,0.13782482900159,0.126783735190555,0.149286949642194,0.121604034043303,0.111760725937335,0.131948491989529,0.105932355079094,0.0951614085114221,0.116791696774966,0.0557699334336061,0.0475177165070846,0.0639550546587058,0.0561372922038885,0.0504497815588155,0.0617031636329621,0.030476817417074,0.0247801513889531,0.0357469739835838,0.047359735351219,0.0414675934869345,0.0534040254257692,0.036414125377814,0.032872891764189,0.0400690308346626,0.036072916239901,0.0294177954722281,0.0430648345309463,0.037207702378819,0.0300324204591961,0.0439555289693398,0.0220453079075302,0.0198840672000498,0.024534305012491,0.0186055076891455,0.0147322335012019,0.0227163520336695,0.00517700941605683,0.00300916738587399,0.00735823927279576,0.0320969510756256,0.019362592483545,0.0456360502024926,0.0107635549929255,0.0085648821362122,0.0132077388477842,0,0,0,0,0,0
"123","2021-07-17",0.228155996425022,0.215789743402551,0.241406440862287,0.137508183189893,0.126321087588859,0.148908861404589,0.12165844461003,0.111851975283031,0.132151151922899,0.105832648330028,0.0951478013844375,0.116780684703619,0.0557943357719695,0.0475147850515836,0.0640976774865157,0.0561221241512014,0.0504593058859259,0.061830101558647,0.030420972386827,0.0248415311753852,0.0357737901027839,0.0473915535864654,0.0415018333572012,0.0534818328382515,0.0364600252800149,0.0329525002428676,0.0400454755429238,0.0361769580018274,0.0292804582006477,0.0430494006174204,0.0373591799219192,0.0301254388128234,0.0443282072890094,0.0220590641051587,0.0199064362368104,0.0245296159453684,0.0185611705422634,0.0146935457325687,0.0226730302034077,0.00520692162533154,0.00299589213648716,0.00738821433237447,0.0321448843240004,0.0192124320072977,0.0453116923310687,0.0107636680332229,0.0085552242885238,0.0131647768095011,0,0,0,0,0,0
"124","2021-07-18",0.228050203358696,0.215170954654866,0.241469222217568,0.137249242700046,0.12617967646593,0.148609453032985,0.121664077849667,0.111685274584618,0.1321253126896,0.105768323694779,0.0948704253980023,0.11659528342616,0.0558144044062474,0.0475528180827107,0.0640808796104434,0.0561214159883439,0.0505718870040808,0.0619225104581011,0.0303424531805845,0.0245104528957295,0.0358086307918983,0.0473916775580989,0.041590967591126,0.0535185756723085,0.0365094750417033,0.032953222457259,0.0401272609284523,0.0362758060662766,0.029248613923063,0.0431164066678882,0.0375148750113622,0.030235321979075,0.0443941612390724,0.0220719694418017,0.0199155820659095,0.0245274431437805,0.0185211548991263,0.0145791392680086,0.0227044604022532,0.00522955915890453,0.00297924690313786,0.00739745285655226,0.0322891814150809,0.0193687567619659,0.0457977404937248,0.0107608613310413,0.00853668683852231,0.0132177899313021,0,0,0,0,0,0
"125","2021-07-19",0.227939476759307,0.214990667842197,0.241585928563761,0.136924889636413,0.125602323039764,0.148284090857094,0.121661103421333,0.1116410651027,0.132255583001746,0.105614257867308,0.0945647567939285,0.116544385811203,0.055853211864763,0.0474414627710162,0.0642610186718827,0.0561444473788954,0.0506293540512955,0.0619275073725151,0.0302700833578294,0.0245494333048916,0.0357072665655917,0.047408723320765,0.0415305720109386,0.0535759570110073,0.0365524955086865,0.0329923559435332,0.0401475894094596,0.0363134920659875,0.029263787299096,0.0433159418562873,0.0376443727478418,0.0304558791444204,0.0446851012009663,0.0220916469872042,0.0199375423419001,0.0245355468517198,0.018482208116534,0.0145550119889252,0.0226424887768231,0.00525040167779886,0.00296787971548083,0.00748207410407169,0.032453803180627,0.0196673623394367,0.0459054908173658,0.0107622369972743,0.00851863417539064,0.0131415770744828,0,0,0,0,0,0
"126","2021-07-20",0.227797894678831,0.214653911975613,0.240720856399633,0.13658625390058,0.125134607775244,0.148134850737241,0.121748345146685,0.111565079847296,0.132243852631883,0.105509317432461,0.0945324684470646,0.116378827140027,0.0558484389193341,0.0472450142014881,0.0643169825710315,0.0561644406038615,0.0505905064676959,0.062129017242876,0.0302064553324094,0.0246224563759632,0.0357580011888658,0.0474175954031934,0.0413516876221919,0.0537108491053797,0.0366024703330353,0.03312040042911,0.0402329922031222,0.0364510326773753,0.029436412454631,0.0435642427656032,0.0377824740240001,0.0304760044129919,0.044983075233653,0.0221032402747528,0.0199224864659901,0.0245834179402763,0.0184432786195278,0.014423866148171,0.0228217256797694,0.00526939167081035,0.003000055848285,0.0075165018951891,0.0325409093582612,0.0199746429535528,0.0450822015047509,0.0107639030174667,0.00854669808198762,0.0130991998274052,0,0,0,0,0,0
"127","2021-07-21",0.227691072022123,0.214845228224542,0.240926039123249,0.136325725386937,0.124519951132549,0.147777093357227,0.121771483232291,0.111592465325643,0.13229999228314,0.105337897799319,0.0941204305136485,0.116212666920728,0.0558576916889307,0.0474754743283691,0.0642380767686515,0.056154553243016,0.050419726393249,0.0620347887729467,0.0301196727006755,0.0244084103033122,0.0354976760116476,0.0474485199448775,0.0415313045215053,0.0537455733906989,0.0366418968209496,0.0332055424318307,0.040190756915218,0.0365048116568422,0.0292612066478386,0.0436042881246587,0.0379583877644698,0.0306642535607675,0.0453444628972721,0.0221133135527048,0.0199498728602639,0.0246098080572637,0.0184248566629651,0.0143817579090269,0.0228032551265171,0.00529223577933914,0.003025094676146,0.00754973349886227,0.0326555749531267,0.0202433996762415,0.0455518418929251,0.0107673965077639,0.00854496119233084,0.0131378169018746,0,0,0,0,0,0
"128","2021-07-22",0.227556954548349,0.214794118488768,0.240430576806425,0.136014614081066,0.124404784079108,0.147741261935745,0.121814309434805,0.111489259492269,0.132238963951566,0.105221445294523,0.0935581745771281,0.116624261592992,0.0559041577176174,0.0472766302153576,0.0641987324935348,0.0561768564297423,0.0504545027098237,0.0620186180539893,0.0300452714295744,0.0243518704029438,0.0355187252072826,0.047473052960477,0.041390371311753,0.05380301692211,0.0366872778158337,0.0332700991226542,0.0402550251492691,0.0366008208974707,0.0291996438478419,0.0439462628828354,0.038118241569708,0.0308328199050494,0.045343295680124,0.0221245239263542,0.0199140119853563,0.0246021083071185,0.0183853992350446,0.0144119693120157,0.0227855778005641,0.00531961725416879,0.00303571256260292,0.00757427754644509,0.0327084724995861,0.0209455740583602,0.0442654384218727,0.0107656099919947,0.00853987877105217,0.0130630872063815,0,0,0,0,0,0
"129","2021-07-23",0.227464615430777,0.214411032976877,0.240746052566556,0.135730173084267,0.124205427543104,0.147657247046163,0.12182520502937,0.111662758793327,0.131926325933912,0.105116544253088,0.0937658214433391,0.116100553874473,0.0559320370712541,0.0474883994535791,0.0642491891874014,0.0561770090562801,0.0503706380138996,0.0620832553298988,0.029975507390538,0.0244123804795027,0.0353791347580335,0.0474805981014292,0.0413401299294865,0.0537700483574915,0.0367358243822348,0.0333501230675012,0.0402919417027454,0.0367096518947562,0.0297826012908467,0.043804573369858,0.0382928767640713,0.0310445635965864,0.0458829545291251,0.0221386175169681,0.0199032036758027,0.0245235407481169,0.018345378901878,0.0143836641243006,0.0226918255669211,0.00533706136132232,0.00307596573893935,0.00763753418037769,0.03296884336128,0.0223449295355035,0.0439562105275713,0.0107657194584584,0.00853889290473561,0.0131593192467437,0,0,0,0,0,0
"130","2021-07-24",0.227323569734767,0.21411857309459,0.240488657953725,0.135380444937991,0.123602219174883,0.146782359021929,0.121822875248902,0.11171528752405,0.132201518438184,0.104979660266838,0.0937275572728072,0.116239336223413,0.0559537928288305,0.0477117723670738,0.0640995241893825,0.0561790595365716,0.0504086427274653,0.0621179134603014,0.0299034614165329,0.0244535598458298,0.0353427578581618,0.0475185722137263,0.0414226973299043,0.0537536253336026,0.0367833459947581,0.0333868399294132,0.0403661963634483,0.0368199173720885,0.0298055266895616,0.0437251110941115,0.0384690588093645,0.0315182874063685,0.0458246170745329,0.022152944378904,0.0198900603322659,0.0246111943634143,0.0183018279927042,0.0143319707822961,0.0226393648887054,0.0053677725352184,0.00317717655813269,0.00762047909272333,0.0329886022250967,0.0235350057416307,0.0429829803278581,0.0107680841152484,0.00853370774365501,0.0131500759066078,0,0,0,0,0,0
"131","2021-07-25",0.22721900140765,0.213574932084798,0.241231114022961,0.135145526555179,0.123490580641934,0.14680890685658,0.121962271909531,0.111634007524209,0.132547600559622,0.104999561979997,0.0935958474975876,0.116499781180673,0.0559158379770836,0.0473444612256421,0.0641490927904144,0.0561645868890712,0.0503256838176712,0.0622848536444648,0.0298891651061385,0.0242587980706921,0.0354225125138588,0.0475296673088664,0.0415346056292535,0.0537009333970967,0.0368285122907145,0.0334249858965518,0.0404185500845861,0.0368089314367285,0.0294892135792851,0.0440260408701013,0.0383914345990835,0.0312747146886013,0.0459226337645202,0.0221666761398978,0.019932690704461,0.0245701986341078,0.0182392035040068,0.0142269439336269,0.0227348358686256,0.00536490880707909,0.00311805178662494,0.00765056722999342,0.0328783220730505,0.0213813920541525,0.0439377899813199,0.0107663991297923,0.00855018644586377,0.0131234632773577,0,0,0,0,0,0
"132","2021-07-26",0.227186049415936,0.213731915572843,0.240928036620272,0.134909343922982,0.123160647456296,0.146668351540521,0.122095984139907,0.111363802075274,0.132673532216531,0.105095710493511,0.0930141045593541,0.117097726669064,0.0559065763724717,0.0467558885421142,0.0644649193583106,0.0561206529049779,0.0504032569417343,0.0621705689867264,0.0298753886998324,0.0239417795680082,0.035319917719033,0.0475335386230212,0.0414777589863475,0.0538672239825394,0.0368581993928424,0.0334579078647691,0.040531189820593,0.036803247514274,0.0293106320289824,0.0443119040519698,0.0382911655491628,0.0307419933731288,0.0463496812662798,0.0221813070249223,0.0200173997476582,0.0246990863618713,0.0181804156673626,0.0141469136117446,0.0225925596056438,0.00535316415744551,0.00306500821987925,0.00766321119879822,0.0327660629298809,0.0201235761998823,0.0450192352316997,0.0107615045531481,0.00856089347724021,0.0131445270322255,0,0,0,0,0,0
"133","2021-07-27",0.227097432864571,0.213430934755822,0.240854850186422,0.134688212123821,0.122542841276733,0.147146655072832,0.122260331321516,0.111487320454931,0.133315961677185,0.105133929074026,0.0930086834641845,0.117447968377696,0.0558801337021775,0.0467267689511996,0.0645647443522631,0.0561042541941131,0.0501682613850655,0.0621595218573914,0.029865792790234,0.0238530736893342,0.0354037152889393,0.0475946152513957,0.0415237003965526,0.053942648984782,0.0369104763211089,0.0335010466234788,0.0406033320956891,0.0367946648712059,0.0290360643222382,0.044404960213577,0.038214769304998,0.0307849821274426,0.0460713547048552,0.0221977056041088,0.0200078687706638,0.0246828414854755,0.0181235910876397,0.014016825004944,0.02257136608502,0.00534527078219975,0.00296017815692923,0.00765868716154832,0.0326446926498641,0.0186695013614726,0.0459249376878784,0.0107619514645563,0.00857501466004144,0.0131553499197736,0,0,0,0,0,0
"134","2021-07-28",0.22706204356954,0.21351761445841,0.241067457563966,0.134458666610328,0.122450640739431,0.147244410171116,0.122426923046804,0.111435614882442,0.13361843037379,0.105244436126328,0.0929229560736998,0.117511523107072,0.0558802464023272,0.0463223494532104,0.0650703201065727,0.0560691408467905,0.0501954866262442,0.0622057543274438,0.0298373522573687,0.0238414950164388,0.0353041754356574,0.0476089191890866,0.0410270454054505,0.0541332955010263,0.0369523370346382,0.0336285715648912,0.04060279174658,0.0368180984930427,0.0287656122094737,0.0449346906756118,0.0381083225599187,0.030447191782459,0.0463123893599678,0.0222097602402558,0.0200178624409528,0.0247291605949851,0.018076843555516,0.0139673932015428,0.0225495441214004,0.00532670584599434,0.00293192936920946,0.00767448426066166,0.0326432658491075,0.0179335064194194,0.0470974182181618,0.0107650641193287,0.00858150979717885,0.0131837675174716,0,0,0,0,0,0
"135","2021-07-29",0.227055811959555,0.213451715478987,0.240755487778932,0.134218683705812,0.122090929991809,0.147592361657434,0.122581558921057,0.111680438210878,0.134051806264018,0.105281637005164,0.0925183941653236,0.117907194338215,0.0558103980210737,0.0459672206361216,0.0651478948683749,0.0560429809837079,0.0501453425754444,0.0622073584592397,0.0298357632146301,0.0237099114978861,0.0355785554214999,0.0476114389416851,0.0410943815451795,0.0542383947459267,0.036985279213447,0.033607326733707,0.0406216830643037,0.0368038998078554,0.028744315973414,0.0448548229669833,0.0380534162554132,0.0305287945874855,0.0460507429670943,0.0222137711616467,0.0200886465092991,0.0246873280838112,0.0180347750053678,0.0137700922095879,0.0225325616230097,0.00532610670387785,0.00295077480230204,0.00774331539462719,0.0325971447617561,0.0170832314047612,0.0481800637400529,0.0107649387525758,0.00854516129591559,0.0131631919953295,0,0,0,0,0,0
"136","2021-07-30",0.22695191920007,0.213158537386277,0.241367416862407,0.134024693132856,0.121526770326767,0.147321818076328,0.122704910102653,0.111591699767194,0.134391536653431,0.105321671757946,0.0925758518601812,0.11780280327524,0.0557915423079991,0.0460022418695917,0.0651189976470576,0.0560148942321787,0.0499915236675845,0.062477741230957,0.0298123943735306,0.0235565707234458,0.0354904030232932,0.0476284785288045,0.0410451935935626,0.0542472247491552,0.0370340312015722,0.0336583751873821,0.0406291357196464,0.0367855649650134,0.028509778796924,0.0450049035152258,0.0379828007901151,0.0301498170659551,0.0462151598485859,0.0222270298327439,0.0200806600266752,0.0247032740653058,0.0180020221759017,0.0137663196569421,0.0225189517332227,0.00532176429350057,0.00283060226474984,0.00772705751590823,0.0325180997673819,0.0161115203280263,0.0487896513822377,0.0107603258771497,0.00857181235479117,0.0131256674966326,0,0,0,0,0,0
"137","2021-07-31",0.226884481083955,0.213399472914865,0.240937509381333,0.133827857289853,0.120967491604213,0.146953668161998,0.122861953799104,0.111679799446531,0.134526030380394,0.105410901928666,0.0926251456444457,0.118062905190499,0.0557538106824516,0.0457174360337974,0.064969678277215,0.0559867485887183,0.0498705208284004,0.0623537768990538,0.0298236408423096,0.023405420445308,0.0356651044233412,0.0476282540378284,0.0410660653159934,0.0540952750885525,0.0370745093088312,0.0336996738519918,0.0407143954203978,0.0367805832595233,0.0285010652593394,0.0452877740440151,0.037884998241821,0.0299403527521696,0.0460892667358938,0.0222382061229153,0.0200754002754548,0.0247753724890253,0.0179617353614299,0.013634158677493,0.0224878720455248,0.00532292735503636,0.00284894182944165,0.00770046035720079,0.0324360381935448,0.0147499963013172,0.04893205620096,0.0107560071581323,0.008559219956877,0.0131112142567765,0,0,0,0,0,0
"138","2021-08-01",0.226787102448283,0.21294686733688,0.241018616444962,0.133571096159623,0.120481178803488,0.146977966751273,0.123032311738957,0.111393655827046,0.134768032926006,0.105477631469504,0.0927188816397391,0.118357318104407,0.0557600239549097,0.0457996538150758,0.0651756076829524,0.0559464062421255,0.0498090244888533,0.062173215187792,0.0298458700195029,0.0234470281681171,0.0358680966925672,0.0476707392148773,0.040973560644348,0.054388031729677,0.0371016679173908,0.0337097774087394,0.0408177089620435,0.0367773886955814,0.0282180256047296,0.0455491173501842,0.0378105074278279,0.0297928733655717,0.045851431559452,0.0222503019439859,0.0200881257116434,0.024783612345079,0.017907928550562,0.013472221839835,0.0225449200535938,0.00531582091640418,0.00278506794141616,0.00767085212037423,0.0323615434541559,0.0143508812870505,0.0506054170117246,0.0107547148778539,0.0085460677694683,0.01315788928633,0,0,0,0,0,0
"139","2021-08-02",0.226736772441162,0.213000885543902,0.240976001394219,0.133282247754528,0.119847951705355,0.147047622334644,0.12319554573923,0.111393922051193,0.134694539327213,0.105535626107829,0.0927423571916668,0.118248491115222,0.0557855795348324,0.0457226576123079,0.0652975348885013,0.0559208817060125,0.0496738368015891,0.0620584068524654,0.0298444859462197,0.0233745199005045,0.0359066825012835,0.0476774571241818,0.0410234442997074,0.0542848934632634,0.0371373046690177,0.0336774294870266,0.0407790447110322,0.0368056282016302,0.0279388835124709,0.0456001283075102,0.0377397922349049,0.029798336383272,0.0458705749652006,0.0222599662125379,0.0200927332213322,0.0247656388950204,0.0178860648747105,0.0134500461400914,0.0225378032291953,0.00529748237096059,0.00278550099730363,0.00762628343475788,0.0322535693277109,0.0142703009275489,0.0507512298334757,0.0107537889810674,0.00854531858428294,0.0132156330154663,0,0,0,0,0,0
"140","2021-08-03",0.226641870825575,0.21281155464381,0.240634983313455,0.133093644667207,0.119891269821719,0.147034605587797,0.123369994703509,0.111274295640146,0.134898663741618,0.10561143153802,0.0927788452016936,0.118835572858926,0.0557759285016381,0.0453066395125113,0.0653470060339842,0.0558662740774945,0.0496753130055629,0.0620461851471973,0.0298491145582953,0.0234721307746376,0.0360268250230835,0.0476847881061779,0.0411064813557919,0.0541970789959134,0.0371828443489022,0.033677085936155,0.0409735097060693,0.0368264214061714,0.0279101992551569,0.0456246711856436,0.0376525811645705,0.0293001546565112,0.0460173360186563,0.0222698444048961,0.020039764443274,0.0248338648194413,0.0178271408210938,0.0133540424095437,0.0224565489480032,0.00529387176978651,0.00271603449154586,0.00764169142521306,0.0322795797135864,0.0135977862589194,0.0507080526573288,0.0107504516200442,0.00855036220685247,0.013150924413188,0,0,0,0,0,0
"141","2021-08-04",0.226581865906481,0.212421059546014,0.241066728583975,0.132870231366751,0.119667419587373,0.146491372099471,0.123506499238257,0.111608613102677,0.135462561701865,0.105681905375433,0.0925822939054611,0.119063503208436,0.0557820793458348,0.045866874115824,0.0654460642184198,0.0558342659980936,0.0495425082811859,0.0619414173270163,0.029849840904408,0.0235366243266607,0.0359677307234868,0.0477216090435484,0.0410234003233603,0.0541693520531848,0.0372215609487,0.0336791240809036,0.0410071097707096,0.0368241480479372,0.0278401992387769,0.0453961751697377,0.0375967980491545,0.0293889185510975,0.0456230526167338,0.0222833534037745,0.0200616413403655,0.0247776231424637,0.0177788454577498,0.0134715780868403,0.0222646572464185,0.0052811793528297,0.00268032720075704,0.00771038310875225,0.0322635562155042,0.0133170407731969,0.0517010795903457,0.0107552195948094,0.00856717496514623,0.0131093827342547,0,0,0,0,0,0
"142","2021-08-05",0.226495269355928,0.212270823084084,0.24101729881814,0.132745944436503,0.119409573427777,0.146315959981673,0.123620834592779,0.111536526008393,0.13554750085756,0.105728262770677,0.0927155799299053,0.119295503682459,0.0557461159985753,0.0452433798542957,0.0652419005920348,0.0558101728496798,0.0494499152348405,0.0618866271762366,0.0298323577229983,0.0234123593926479,0.036080640906354,0.0477491848750144,0.041140476442635,0.0543107719550638,0.0372485062507466,0.0336557976866411,0.0409674485583205,0.0369141265150271,0.0279514023376753,0.0456836929254516,0.0375303698989451,0.0290424655779797,0.0456664547693561,0.0222971010484273,0.0201388106440808,0.024819814269812,0.0177248046296098,0.0132499256253962,0.0222220284125975,0.00528150274297312,0.00268596103601353,0.00773030448322507,0.0322885547244361,0.0133740702843094,0.0518157061227846,0.0107561274010916,0.00855038797126632,0.013147690157123,0,0,0,0,0,0
"143","2021-08-06",0.226370383869454,0.212335662181535,0.240817910594109,0.132501218432553,0.119080203517668,0.146478916692148,0.123782715193062,0.112071669996168,0.13553458273376,0.105838359415505,0.0922580457029116,0.119342276101704,0.055751603922311,0.0455012815905639,0.0654427722135106,0.0557999198197979,0.0493517909996049,0.0620176393960861,0.0298401882589517,0.0234140385261216,0.0361188081517365,0.0477682896928932,0.0412410898647643,0.054183181582113,0.0372900266464604,0.0336546885761488,0.0410556664716451,0.0368849921323198,0.0277971253794771,0.0455955086825012,0.0374748310088258,0.0289844303284141,0.0457018980723842,0.0223131568621892,0.020144922189012,0.0248288238702663,0.0176665269388258,0.0130823440791226,0.0221424121704323,0.00527666451736725,0.00261103886951425,0.00773694630713135,0.0322949275607454,0.0125775189679446,0.0515015525967687,0.0107556417702242,0.00855192143448622,0.0131471063989397,0,0,0,0,0,0
"144","2021-08-07",0.226326546663311,0.212286273315776,0.240849339814028,0.132319230471188,0.118716946839604,0.146247544070914,0.123915879143668,0.111966166069091,0.135807611030829,0.105877871206143,0.0923505923072962,0.119461425455591,0.0557302302686781,0.0455361027810387,0.0654926466019942,0.0557799700935851,0.0494105108565258,0.0622064143498506,0.0298513874374097,0.0234717244306064,0.0360464167247596,0.047786836129469,0.041308738412732,0.0543336411955411,0.0373198642335707,0.0337332402229538,0.0411322798879377,0.0369271445787414,0.028002412324314,0.0457351651670831,0.0373896846650868,0.0289063360853782,0.0456782402202267,0.0223198044318956,0.0201259290725305,0.0248251765265792,0.0176093690123691,0.0130946410155545,0.0222192923426346,0.00526892896771428,0.002677485466443,0.00776564446227058,0.0322232634786745,0.0118684331115709,0.0524158924850986,0.0107540825479345,0.00855471333625697,0.0131586537139562,0,0,0,0,0,0
"145","2021-08-08",0.226169303603259,0.211943185467812,0.240675532530986,0.132111256806137,0.118325023869053,0.146260569773148,0.124071831918022,0.112493704408525,0.136035768427956,0.10594368327161,0.0923735309582916,0.119790558658515,0.0556852633651769,0.0454045860574153,0.0653949226315543,0.0557299374343592,0.0494492398750486,0.062142335550094,0.0298727852898457,0.0233779601345375,0.0359765821897197,0.04780047704175,0.0414142214967761,0.0543587094713812,0.0373491299408361,0.0337133968983668,0.0410897835501634,0.0369110604303187,0.028003031640854,0.0458565860991093,0.0373394617596136,0.0289192220999197,0.0456361236310529,0.0223344918999679,0.0200931172443637,0.0248064744166474,0.0175475776525865,0.0129244371364746,0.0220616927527716,0.00526198012733534,0.00260477405715479,0.00782866367546195,0.0321794828178764,0.0114016008182491,0.0519820619156636,0.0107513178053691,0.00854573873992476,0.0130832885157835,0,0,0,0,0,0
"146","2021-08-09",0.225982733798032,0.211506966926743,0.240597429673641,0.131863526028902,0.118140600537368,0.146091314091098,0.124218500288762,0.112751051074037,0.136062914615806,0.106001593802847,0.0920982196200602,0.119569484762362,0.0557089760761229,0.0454824967369642,0.0655656263102683,0.0556999198090265,0.0493431631178571,0.06209605340041,0.0298659615345453,0.0234771052867941,0.0358051355100191,0.0477994436479394,0.0411847908716906,0.054526460308096,0.0373784713651589,0.0338877513393763,0.0411835855486179,0.0369336358043526,0.0280168730959774,0.0459292032636933,0.0372796373171454,0.0290405162298841,0.0455832981147762,0.0223435739217971,0.020125673409346,0.0248256096558113,0.0175229712861018,0.0130437827376933,0.0221313462957024,0.00526257132080315,0.0026319232385848,0.00779724746955851,0.0321646640516573,0.0111168698738523,0.0524359676986012,0.0107488175189547,0.00855612272264229,0.0130398911961997,0,0,0,0,0,0
"147","2021-08-10",0.225878517413656,0.211598273163476,0.240437677365385,0.131620783605953,0.117755326561182,0.145714547656437,0.124387689692856,0.112591837935841,0.136028532521472,0.106087170240735,0.0919533151487918,0.119777984244011,0.0557187550117867,0.0454673316598037,0.0656969551056682,0.0556506896191131,0.0493509789773612,0.0620019471913004,0.0298752281906238,0.0234998626974186,0.0359478746458826,0.0478225925739648,0.0413838951917328,0.0544943835791813,0.0374075271695024,0.0338878528188657,0.0411582313367034,0.0369339058760607,0.0279700553228229,0.0459220409286779,0.0372301409354208,0.0290403638191332,0.0455493124072006,0.0223536049397607,0.0201539441345476,0.0248343315075103,0.0174763092564421,0.0129292213386444,0.0221420392771272,0.00525640436242931,0.00253561754319039,0.00778250282334865,0.0321030888256521,0.0119568664418703,0.0527556933160975,0.0107458793069613,0.00856208978871974,0.0130752662661787,0,0,0,0,0,0
"148","2021-08-11",0.225806247368897,0.211400535407428,0.240418400285138,0.131428730606874,0.117490372104795,0.145512140630755,0.124591315273826,0.112741755785413,0.136262596698669,0.106137499991954,0.0917596834110628,0.119904747464366,0.0556781146302799,0.0451588338380364,0.0655058936301546,0.0556337792023074,0.0493778211583465,0.0619340979652199,0.0298940750402992,0.0233259436217774,0.0359300162999441,0.0478540287191672,0.0413610928832898,0.0545351569525132,0.0374408245044939,0.0339817066435627,0.0411334380564591,0.0369253332772011,0.0278994800884986,0.0460111672746095,0.0371786203695878,0.0289288316706454,0.0453066594526037,0.0223633181682643,0.0201588482942611,0.0247751696156206,0.0174380500176622,0.0128312050609399,0.0220300251292013,0.00525157640717024,0.00256503047664266,0.00783120406967344,0.0319941630659805,0.0115053853317771,0.0528359860651851,0.0107442126394921,0.00854918471800571,0.0131625810922326,0,0,0,0,0,0
"149","2021-08-12",0.22573311478882,0.211860845889889,0.240668175877304,0.131215497476093,0.117092273165911,0.145182662411452,0.124859609327693,0.1131054965999,0.13696707653185,0.106193216099069,0.0918255736422549,0.120188756276491,0.0556452333396162,0.0451674566354847,0.0652911380607697,0.0556166246920289,0.0492322878392079,0.0620301733845767,0.0298969751493517,0.0234526470427129,0.03584876218064,0.0478846451356701,0.0415191957642364,0.0545290784223658,0.037468818378884,0.0339909993048336,0.0412053465813598,0.0368703914265917,0.0277973632588232,0.0462438930493289,0.0371114578333158,0.028651246656138,0.0453208275741341,0.0223731422043713,0.0201932050197873,0.0247292395953437,0.0173775415643276,0.0128069794139571,0.0220610213337394,0.00523699337869992,0.00260420728167831,0.00774995691768659,0.0318820768119192,0.0117646139398643,0.0524431257920944,0.0107435546293543,0.00853509078906939,0.0130854648991457,0,0,0,0,0,0
"150","2021-08-13",0.225620973916362,0.212072799027947,0.240228656739232,0.130955202243144,0.117275125970207,0.144921800411134,0.125051297344968,0.11351244808323,0.136857785953735,0.106312251675444,0.0921264242675751,0.120220226579314,0.0556398536175442,0.0449595546772628,0.0653930767370047,0.0555758777043699,0.0493428689600344,0.0620699079620124,0.0298822029039147,0.0235427783963017,0.0359252095427757,0.0479138648758395,0.0415779425147833,0.0544964432975338,0.0375106225602488,0.0340161402089329,0.0411440462970234,0.0368796915062748,0.0277685916211134,0.0458613672569286,0.0370779854734879,0.0286831288000741,0.0454227815502759,0.0223861092665264,0.0201731577804829,0.0247887769346606,0.0173280065941285,0.0128190017787087,0.0219669237771869,0.00522334472372972,0.00259896099967536,0.00777277561098573,0.031847931549759,0.0113735431441901,0.0525630565331623,0.0107374406904922,0.0085248950575443,0.0131355308979338,0,0,0,0,0,0
"151","2021-08-14",0.225508025312578,0.211809123510688,0.239543338596995,0.130779493855979,0.117089131569178,0.14489078606123,0.125259628867394,0.113712427134116,0.136963351478763,0.106409414745461,0.0924411218813138,0.120249376253829,0.055613905188865,0.045454430913861,0.0651945045167933,0.0555303195480692,0.0493465793929196,0.0618024538551553,0.0298457099569011,0.0234999820577638,0.0358539944990045,0.0479473072582087,0.0414527516814169,0.0545282639472117,0.0375448085216055,0.0340634315439565,0.041253846007518,0.0368300385973271,0.0276190808995369,0.0459187676940286,0.0370056266703308,0.0286395597231281,0.0451325710738616,0.0224027756546949,0.0201748966665078,0.0248022545079031,0.0172592024159803,0.012726807204851,0.0218157053078157,0.00521167699493787,0.00260498507522651,0.00773179607257332,0.0317846524003927,0.0122774130333803,0.0523105905693591,0.0107271800611684,0.00852942971071012,0.0130326504537701,0,0,0,0,0,0
"152","2021-08-15",0.225458438757627,0.211954256606967,0.239696432363837,0.130629396034731,0.1164606357126,0.144610259748492,0.125399725960375,0.114150352836575,0.136713228010941,0.106546753203463,0.0928959476775644,0.12015532790818,0.0555837019213415,0.0454821160482883,0.0652327343196557,0.0554939239249957,0.0492303075571405,0.0616810566891743,0.0298305575140356,0.0235079369611638,0.0359464620544008,0.0480011874403458,0.0416014189866555,0.0546940508282835,0.037585205486502,0.0340741076273084,0.041346309110194,0.0368615304410821,0.0279851770164063,0.0457303684703224,0.0369345130800296,0.0284717255683146,0.0451616904012926,0.0224125882374855,0.0202355317546719,0.0248549453026964,0.0172095704139385,0.0126884620338122,0.0217353051169286,0.00520223478130326,0.00259456163008774,0.00768921148683491,0.0317340135559283,0.0120420394132503,0.0521776668881347,0.0107193509222706,0.00850730790064106,0.0129940072483954,0,0,0,0,0,0
"153","2021-08-16",0.225358372307817,0.212225676796414,0.240022123300055,0.130450362523645,0.116825659260072,0.144522852891629,0.125554020667636,0.11440177017968,0.137070345120689,0.106659696688097,0.0930984160358934,0.120604535971436,0.0555592227909396,0.0452677486825235,0.0650164008134954,0.0554588077707681,0.0492060202242259,0.0617174191646409,0.0298211845853336,0.0234591493565968,0.0358932685795679,0.0480528056938514,0.0415956231504639,0.0546707648189924,0.0376308572205721,0.0341282428773708,0.041374869493427,0.0368722299787189,0.0276783839685332,0.0457797113927352,0.0368609736466892,0.0284996104601097,0.0451725904926554,0.0224238834689627,0.0203240665077929,0.024852803016433,0.017165882631183,0.0126413429047488,0.0216726800211632,0.00519768471865999,0.00255600587983343,0.00768883731389373,0.0316275883857584,0.0117242842529033,0.0521341740718882,0.0107150736810601,0.00851659721398401,0.0129881902444186,0,0,0,0,0,0
"154","2021-08-17",0.225247393252548,0.212076382140515,0.239762796318894,0.130223305998424,0.116498482664838,0.144052433680784,0.125738002065137,0.114686442191474,0.137228813002373,0.106690123195961,0.0930728542937981,0.12064156842729,0.0555845377877075,0.0457228324128156,0.0650642169411987,0.0554381292571602,0.0490562328720631,0.0616585940306445,0.0298202875521542,0.0233246557947772,0.0360122747475442,0.0480710775361201,0.0417011565396604,0.0547086139816054,0.037663853694397,0.0342368398860242,0.0414485007829111,0.0369194580102888,0.0282768937015915,0.0457776818111845,0.036771073711788,0.0285273593004544,0.0446942858987227,0.0224318046059808,0.0203491800436102,0.0248370976223418,0.0171241660176287,0.0126277247170291,0.0215450255933367,0.00519429149767313,0.00248919265634572,0.00764548244730073,0.0315078555883782,0.0114583373432504,0.0510206038156202,0.0107080101232745,0.00850678064949327,0.0129445087370928,0,0,0,0,0,0
"155","2021-08-18",0.225180384521351,0.211848879090122,0.23950539974757,0.129988541676572,0.116460468856692,0.143736313073668,0.125903541510144,0.114888531562538,0.137011285366518,0.106756889397303,0.0931010650112925,0.120383989782541,0.0555377281012649,0.0457488803945833,0.0650745196381307,0.055390796880734,0.0490147423324412,0.0615397579775484,0.0298182821213449,0.0234491691808452,0.0357387487252933,0.0481005104255454,0.0417340705600262,0.0547013840216112,0.037696761781165,0.0342238242725354,0.0414931293683252,0.0369570251510222,0.0282283746347126,0.0456499083661717,0.0367299716678741,0.0285069536737005,0.0446641052044217,0.0224379418212318,0.0203261884049069,0.0248399945311135,0.0170638830324538,0.0127143216034833,0.0216023120805351,0.00518399111602637,0.00254506593077508,0.00764668208775603,0.0313445380642997,0.0122583823662456,0.0505984919752656,0.0107038352979334,0.00852767618066949,0.0129268477844116,0,0,0,0,0,0
"156","2021-08-19",0.225034843425505,0.21168032494237,0.239347834628397,0.12976019505719,0.116370805415639,0.143484623435266,0.126033687245546,0.114994784040852,0.137676533268652,0.106844389783104,0.0936709804182774,0.120283103244828,0.0555093153391552,0.0460350969224558,0.0648917764617061,0.0553717048251024,0.0489849171303135,0.0614412188106554,0.0298517260410917,0.0236051157876389,0.035803494142566,0.0481299697823113,0.0417121083959018,0.0545709044101407,0.0377345068638793,0.0342956126501254,0.0414930118727803,0.036968188412506,0.0283430913650419,0.0458041236769648,0.0366374092817307,0.0283494731715168,0.0447437897775961,0.0224542488161076,0.0203242889747279,0.024906299081874,0.0170103473370471,0.0126781682352436,0.0216505948990823,0.0051828473759434,0.00248658412784282,0.00766138220732345,0.0313723218352274,0.0120795095016163,0.0498894837644522,0.0106954059323291,0.00850402177612852,0.0128897281989895,0,0,0,0,0,0
"157","2021-08-20",0.224943626799962,0.211773018032384,0.239067763407042,0.129563623996343,0.116317022581672,0.142936464285178,0.126176429307842,0.115280280427208,0.138011730299229,0.106907116081293,0.0935530331480308,0.120892904291709,0.0555056792416586,0.0460082395131505,0.0647948896969079,0.0553198193494002,0.0489068151881414,0.0614891219961908,0.0298343973789393,0.0237287958874039,0.0357671519075449,0.0481677754782238,0.0418420920641975,0.0547165096738021,0.0377653139570004,0.0344284381266542,0.0415249635765707,0.0369770884490376,0.0283282925836373,0.0458131264318361,0.0365436224435202,0.0285231780214097,0.0444559647532481,0.0224650679259903,0.0203402271434691,0.0248305376786501,0.0169715479432827,0.0125784014296557,0.0215953698347307,0.00516756097131749,0.002455184945872,0.00756552155444907,0.0312648460988494,0.0128211942346477,0.049681113318492,0.0106872879353835,0.00848027165169404,0.0128501624169932,0,0,0,0,0,0
"158","2021-08-21",0.224828712823195,0.211821418391068,0.238915253795042,0.12933240761697,0.116535895097666,0.142559056255343,0.126360100474711,0.115314325000707,0.137871953605541,0.106910546073682,0.0937971987623677,0.120520393300393,0.0554506480894367,0.0458071516360764,0.0647881682605826,0.0552843556179011,0.0489593187137523,0.0613049327671185,0.0298068850237435,0.0237842613909382,0.035681438749856,0.0481879800678164,0.0419248699284641,0.0547543485833051,0.0378061150625918,0.0344504304857368,0.0414883340287555,0.0369534581230063,0.0283684512411399,0.0456402734312049,0.0365074864550705,0.0285342315736976,0.044412360383559,0.0224774836760014,0.020383059504329,0.0248454360454516,0.0169384130833169,0.0125754378229763,0.0213922353859608,0.00517129367175353,0.00250607661914784,0.0076501198122218,0.031207360545395,0.0132953282939521,0.0490247268503073,0.0106813908564941,0.00847440355249979,0.0128370521841088,0,0,0,0,0,0
"159","2021-08-22",0.224719928787593,0.211396745743387,0.238554718207001,0.12912423960309,0.116505629031323,0.142221450510738,0.126556614824579,0.115424702192106,0.137910424511387,0.106958969643941,0.0938089018331776,0.120511589718936,0.0554491176887231,0.0460592686231239,0.0645338966104512,0.0552477660699445,0.0491395217121028,0.0612794333000763,0.0298146034025998,0.0239421487748226,0.0355925784361854,0.0482222091060348,0.0420369691181434,0.0547478294837049,0.0378354984956212,0.0344811743718706,0.0416619412744376,0.0369789880086141,0.0284998239506555,0.0454927588832983,0.0364680836820602,0.0283286876968732,0.044115670889194,0.0224927282320905,0.0203853412933408,0.0247801621584761,0.016893782908496,0.0124743313237388,0.0213387555266732,0.0051701319536448,0.00253279555635136,0.00763398876437967,0.0311082127812048,0.0139325202632596,0.0489181412820563,0.0106723462767146,0.0085055756680116,0.0128254004889441,0,0,0,0,0,0
"160","2021-08-23",0.224665271810265,0.211839111713567,0.238313796796037,0.128897419002373,0.11662885692271,0.141800167811557,0.126766345367124,0.115661221572586,0.138197744976073,0.106966538389328,0.0942816174344837,0.120167439025095,0.0554324899194023,0.0462148303709524,0.064500475159997,0.0552133001005441,0.0492482378341244,0.0610820782190506,0.0298123164065542,0.0241023257381724,0.0355214717094028,0.0482357055422402,0.0418658078337933,0.0545658353832637,0.0378752230551672,0.0345624763482024,0.0416446670516928,0.0369949518990459,0.0288218371737033,0.0452503240220875,0.0363873116698817,0.0286083576997152,0.043867406688217,0.0225046114257282,0.0204299951956391,0.0248103664348165,0.016836544030935,0.0125150252023877,0.0212820545697142,0.00516227689266922,0.00263089529618719,0.00753844677562573,0.0310914064739159,0.0147621590471672,0.0483815539537084,0.0106654450173751,0.00850679783414926,0.0127849844951195,0,0,0,0,0,0
"161","2021-08-24",0.224572215952843,0.211604592302829,0.238000022612924,0.128665802597825,0.116476552164963,0.141745622445212,0.126935740241536,0.116410345941311,0.138107226451299,0.107036925651669,0.0948228463340897,0.11985243683463,0.0554087552544283,0.0463164288628379,0.0643079425897341,0.0551471086520245,0.0492718807004925,0.061067125693447,0.0297965428360243,0.0239968707926157,0.0353396829993094,0.0482510060290461,0.0421237621510596,0.0545440190184281,0.0379099037195026,0.0346499711660932,0.0417369268286502,0.0370026879392143,0.0290262629180023,0.0450160750227779,0.0363464759647842,0.0288991157893166,0.0439636806758829,0.0225147819022279,0.0204246875920546,0.0248864654025933,0.0167805843833794,0.0125016362127424,0.0210085215273861,0.0051599217671611,0.00263744303910197,0.00747463732219431,0.031060727871817,0.0158070335151301,0.0468816678805039,0.0106594088138275,0.00850464649356668,0.0127629579189019,0,0,0,0,0,0
"162","2021-08-25",0.224527657393208,0.211707389941072,0.237743365378288,0.128419835620128,0.116172285679144,0.141549764560919,0.127103579731887,0.116465338777006,0.138230058511654,0.107082477487106,0.0947983252069479,0.119580801604436,0.0553718785104959,0.0465379405514604,0.0642681583110154,0.0551191965972264,0.0492420525443317,0.0608907492748867,0.0298019793152052,0.0240554640209515,0.0353156279737993,0.0482564056141699,0.0422264022558012,0.054484593204948,0.0379522659987933,0.03460519752142,0.0418071981869786,0.0369660468281398,0.0289692843565811,0.0450487236413429,0.0362668334630811,0.0286757938036403,0.0435813603458988,0.0225278071501109,0.0204402327280851,0.0249110902602693,0.0167244918085104,0.0125168067167115,0.0208541105394148,0.00515877873882224,0.00271252751060506,0.00741673627000666,0.0310618815667108,0.0167895950020795,0.0455338941549884,0.0106525972713042,0.00849634780799025,0.0127541253258146,0,0,0,0,0,0
"163","2021-08-26",0.224409687939178,0.212412627334186,0.23748823947335,0.128225477865275,0.116660757490014,0.1408434795525,0.127271296460105,0.116738582241216,0.138367851998582,0.107124632766719,0.0949606969670323,0.119276954378806,0.0553350749853418,0.0464937972264004,0.0637385894687917,0.0550979974184464,0.049343046640396,0.0608275727326864,0.0298214547187421,0.0243330572192568,0.0354287582436915,0.048286731655753,0.0420991064641733,0.0543908256553648,0.0379912476094493,0.0346131407231236,0.0418868706197757,0.0369851728731961,0.0291768078351657,0.0448176259895065,0.0362321391641695,0.0288769158521927,0.0432831978069622,0.022538904164302,0.0204932901913381,0.0249171442905167,0.0166607728306594,0.0125687966574739,0.0207422820718967,0.00515684292756006,0.0027475546621168,0.00734560175522297,0.0309531868266253,0.0173192758486413,0.0449904840823453,0.0106494923657745,0.00846328595447778,0.0127205841826491,0,0,0,0,0,0
"164","2021-08-27",0.224307442108124,0.211885897193291,0.23779882351287,0.127983179394714,0.116286719197499,0.140469442756487,0.127416771258098,0.117224081378155,0.138161401847266,0.107139441386705,0.0950629795558644,0.119048023187024,0.0553646716112087,0.0465107282273911,0.063656314319174,0.0550775328817715,0.0493727444190367,0.0608316605590225,0.0298409441909387,0.0244206669680284,0.0353318995468855,0.0482989135514198,0.0424006361055072,0.0545202156202458,0.0380265364737514,0.0346848452085158,0.0418819391972597,0.0369745521678439,0.0292156316893565,0.0446000286681499,0.0361723464626521,0.0289354317813974,0.0433725433190483,0.0225511682650491,0.0205252138411745,0.0248816586905185,0.0166134664817499,0.0124935329331432,0.0206898136189655,0.00515123061979853,0.00276658577308059,0.00732952217509315,0.0309300852479793,0.0188894829334925,0.0433424232259992,0.0106451970728893,0.00850355882684282,0.0127872222784829,0,0,0,0,0,0
"165","2021-08-28",0.22423983280575,0.211661109397002,0.23695357340146,0.127721289512644,0.116126490794094,0.139769864466778,0.127547060819599,0.117626007649766,0.138262296785213,0.10718836444189,0.0954664906839692,0.119048967302501,0.0553335829600779,0.0467883308802313,0.063610740460798,0.055051187532581,0.0492234549585505,0.0607355885884977,0.029823551387481,0.0244655541405541,0.0353390205409427,0.0483332747147402,0.0424473936466898,0.0544697734164295,0.0380705356887141,0.0347657665225131,0.041812655561533,0.0369718656601945,0.0295704979615668,0.0441572686766823,0.036088778263125,0.0287919509290841,0.0430811878284817,0.0225594244436435,0.0205357416231003,0.0249186468569744,0.0165756377120714,0.0125546891278796,0.0205788989232335,0.00515827107365561,0.00282302504328853,0.00729415627377165,0.0308991841865938,0.020366127053547,0.0423807118370962,0.0106351476050339,0.00850091540044077,0.0127655841119967,0,0,0,0,0,0
"166","2021-08-29",0.224130911144938,0.212137467385394,0.237039948013472,0.127435362474177,0.115970155675766,0.138802914199123,0.127689472128422,0.118175753623409,0.13839215878525,0.107316290553039,0.0960749610647918,0.118754123928549,0.0553420186902639,0.0470631526540919,0.0631861241443141,0.0550174752167439,0.049448837902785,0.0606006974328979,0.0298205099604383,0.0244599642370922,0.0352558170580439,0.0483495088949199,0.0423996699205808,0.0542543281312016,0.0380919058333566,0.0348729659751851,0.0418934497061962,0.0370020168784902,0.0297759192532604,0.0439525131719095,0.0360623453239319,0.0288263205537865,0.042740984034899,0.0225722870081573,0.0205212533858014,0.0249039619971623,0.0165029566960803,0.0124868663360219,0.0205264656720772,0.00516009072664857,0.0029694490255967,0.00732876803393634,0.0308000562304126,0.0214978408607103,0.0398857580470574,0.0106277739971511,0.00849653584614865,0.0127319223348818,0,0,0,0,0,0
"167","2021-08-30",0.223849760239234,0.211859928756409,0.236576080180987,0.127145845465714,0.11556971210914,0.138609368621612,0.127850316316131,0.118337746809667,0.13833313485373,0.107498615136492,0.0961565678301386,0.118727192622052,0.05520517816059,0.0470203832245386,0.0631513040159771,0.0550603956789206,0.0494600539093919,0.060558264076022,0.0297908415656562,0.0242812026107822,0.0351963972466282,0.0484331086464145,0.042606863102435,0.0541958986768038,0.0381127498551159,0.0347185820544208,0.0418880123470277,0.0370402076820196,0.0295425264635733,0.0440187468157207,0.0360020092855771,0.0289486545265966,0.0427628505590432,0.022576051959152,0.0205662276682417,0.0248814931184853,0.0164277417346867,0.0124093254226186,0.0204663813092645,0.00517500619363923,0.00291418945057764,0.0073029498129391,0.0313343052461965,0.0206580996390994,0.0419555198652122,0.0106295885416676,0.00849984802692848,0.0127458734105888,0,0,0,0,0,0
"168","2021-08-31",0.223590745375175,0.211518639553398,0.236382219835928,0.126864920534041,0.115431259881449,0.138461463227156,0.127968639974358,0.118628150985029,0.138414877539243,0.10776532004604,0.0966482352567798,0.118851622734615,0.0550688538241923,0.0469448419358684,0.0629800152647522,0.05508791150685,0.0494750243169971,0.0604471883280832,0.0297867669504637,0.0244188432241753,0.0350675658986169,0.0484894400875734,0.0426300705646086,0.0542721283973681,0.0381414199807587,0.0346967741900297,0.0419340648717881,0.0370523478689451,0.0295142200316999,0.0441464016783275,0.0359003074087933,0.0285546463694702,0.0429197727345792,0.0225849117093459,0.0205990222751646,0.0248714247257575,0.0163340122101994,0.0124527153528969,0.02018079027805,0.00519022344930575,0.00300599245592211,0.00729745595340213,0.0319176227682714,0.0201972553184004,0.0436802161948357,0.0106329410026096,0.00851996816740641,0.0127244894139839,0,0,0,0,0,0
"169","2021-09-01",0.223282036516811,0.21139305634243,0.236093226628157,0.126602105004073,0.115101871671581,0.137807668512215,0.128143143688829,0.11856339944826,0.138777976346991,0.107924358255673,0.0973835837372374,0.119037702877541,0.0549302905401303,0.0469927128232839,0.0626206650745683,0.055138385909924,0.0496339830941322,0.0607543610822692,0.0297564028827776,0.0243466293100432,0.0350879914137736,0.0485697159926707,0.0427314023716451,0.0540440769206675,0.0381614581484067,0.034763750617286,0.0417568797489994,0.0371148943547971,0.0298201029888261,0.0443573808295736,0.0358024483813883,0.0284087893936548,0.0426901872303244,0.0225949592265734,0.0206161212722001,0.024883020719363,0.0162521264582738,0.0123762023196027,0.020104513702049,0.00519923392510652,0.00295271714789167,0.00737027010778695,0.0324780238629988,0.0201842980555426,0.0453993972308503,0.0106316986059325,0.00853191128500805,0.0127226655839197,0,0,0,0,0,0
"170","2021-09-02",0.222994504362903,0.211172301194765,0.235659423668748,0.126337604661907,0.114750585713477,0.137404596800331,0.128286267291537,0.118646610002505,0.138975593469898,0.108105537115882,0.0976914891674257,0.119419414467295,0.0547639805795821,0.0467902833025422,0.0627079822423449,0.0551696879181323,0.0496971863549695,0.0605788118532355,0.0297701579549405,0.0243746172310206,0.0349354860478764,0.0486254673269477,0.0428085247524484,0.05412064113884,0.0381908904613277,0.0346977770442493,0.0419021494416761,0.0371203284025749,0.0298608121864279,0.0444807115754585,0.0357560678235234,0.028575470088156,0.0426722386081432,0.0226053191562176,0.0206022743396814,0.0248545632482533,0.0161592491252055,0.0123288998949723,0.0198803842927324,0.00520539235509219,0.0029817092589848,0.00737472345520945,0.0329947693510739,0.0204550582056838,0.0461528156524224,0.0106323473839135,0.00851308361493447,0.0127650690342882,0,0,0,0,0,0
"171","2021-09-03",0.222713037137422,0.210892011341573,0.235300378803412,0.126061665004347,0.11511981317321,0.137229274513555,0.128494978727706,0.118813275506047,0.139063419712568,0.108366295719452,0.0980689129088465,0.119307723257487,0.0546278072286891,0.0467156809080725,0.0624931286710831,0.055202969208613,0.0497596678635429,0.060607339971406,0.0297417806625294,0.0243575353430545,0.0348436330484892,0.0486916215758892,0.0429128694306745,0.0542921982478107,0.0382221662629545,0.0347446779256683,0.0419511394327361,0.0371773173872764,0.0298860705868498,0.0443441228726075,0.035628454654058,0.0282728438756815,0.0425186090443992,0.0226215448545011,0.0206219509581133,0.024867595330186,0.0160622420300916,0.0123269027764156,0.0198444796092377,0.00521392512261733,0.00302527459178355,0.00736106255379089,0.0336521055415778,0.0200707863085206,0.0472695689207716,0.0106329338360994,0.00854399383494343,0.0127734776308541,0,0,0,0,0,0
"172","2021-09-04",0.222436100974614,0.21080853805455,0.234505130832208,0.12573042875165,0.114972124246453,0.13656595062595,0.128668406039651,0.118977517541747,0.139475576302767,0.108564874155733,0.0983115672342253,0.119101078196088,0.0545203854229695,0.04672315017647,0.0622746694427435,0.0552576334054812,0.0497409549656357,0.0607737858309216,0.0297208087723488,0.0243295678446875,0.0346280194056327,0.0487780677334018,0.0431934303404915,0.0542939490348946,0.0382542309140869,0.0348884211932978,0.0419525919909738,0.0372197627507975,0.0299473509432148,0.0442052435393223,0.0355364373467777,0.0283794783175604,0.0422664097163904,0.0226285402957642,0.020659339488587,0.0248885643876122,0.015982203116517,0.0122889048319506,0.0198038838165855,0.00521801936374191,0.00304261553774539,0.00727751521662629,0.0342733740723618,0.0201616235002802,0.048311016106974,0.0106286130662018,0.00854469345486309,0.0127823735753521,0,0,0,0,0,0
"173","2021-09-05",0.222180627846581,0.210687153161463,0.234317088096209,0.125458992590005,0.114831405434726,0.136227582926579,0.128807402777805,0.119360901808801,0.139561521221136,0.108774122899093,0.0986045434692122,0.119776049439969,0.0543896587820443,0.0467334543900733,0.0618761263723464,0.0552961628885675,0.0497292206995224,0.0607624690300754,0.0296640904742122,0.0242730798596949,0.0346052366349043,0.0488387920039027,0.0431687387213897,0.0543863878054837,0.0382855253066684,0.0348977488807158,0.0419332366351178,0.0372546828757499,0.0302168051971894,0.0441364472681055,0.0354555257838836,0.0284348966778634,0.0420898024112318,0.022639738168621,0.0206672006140593,0.0249143388834577,0.0158996669070583,0.0123169905792163,0.0196661303697611,0.0052218270631839,0.00309882015984416,0.00728341419739857,0.0347868484478094,0.02049555329667,0.0483541581588215,0.0106319284185947,0.00854771527163673,0.0127901344865458,0,0,0,0,0,0
"174","2021-09-06",0.221943482025211,0.210505251406414,0.234184901821014,0.125130011133415,0.114736170062209,0.135643565445265,0.128931828770838,0.119515590694177,0.139653862790797,0.109028200252473,0.0987448058610859,0.11936714859039,0.0541979994554657,0.0466581117393007,0.0615080264517787,0.055328631972648,0.0498061518713398,0.0607628647065567,0.0296448022316198,0.0241883483720872,0.0344715420720357,0.0489128985812054,0.0432673746080994,0.0543314232712635,0.0383091918745228,0.0350077469299618,0.0420658066034694,0.0373307422893472,0.030346495774998,0.0441834081923885,0.0353672992428447,0.0284800830280444,0.0418928445535272,0.0226509765868571,0.0206740101570242,0.0249014019177335,0.0158147183413734,0.0122990392117449,0.0194403672012403,0.00522597585693292,0.00311839807052385,0.00724148080210353,0.0352687838082608,0.0210471451522311,0.0486680746885886,0.0106339329132366,0.00852117157075028,0.0127622942634968,0,0,0,0,0,0
"175","2021-09-07",0.221693544125053,0.209780132222367,0.233527911491242,0.124787246599498,0.114031861505724,0.135251674770593,0.129123080639391,0.119659825048046,0.139610329850862,0.109225116906183,0.0995233515478606,0.1195935336446,0.0540524328730138,0.0465322938603378,0.0611927332461669,0.0553633301455253,0.0499349736484937,0.0606865483686726,0.0296197719240621,0.0242654452838433,0.0346019391846327,0.0489898782120694,0.043465514317133,0.0543314818643628,0.0383308253027038,0.0350955912572933,0.0420672864762606,0.0373805121394788,0.0303490488101894,0.0440737573388515,0.035301673112763,0.028701207254547,0.0417443317505259,0.0226563925382382,0.0207003992900601,0.0248814726211635,0.0157230906173752,0.0122231608408951,0.0192896040810109,0.00522767441274206,0.00314509204481447,0.00725998636681803,0.0358058641571874,0.022111124934105,0.048910869933419,0.0106423217050559,0.00855126996249877,0.0127114472075629,0,0,0,0,0,0
"176","2021-09-08",0.221484022901328,0.210026964654216,0.233064649078966,0.124445739256505,0.114251320585353,0.134442048689359,0.12931884319357,0.120359429532297,0.140034736465108,0.109368797563002,0.0994514884050395,0.119331752871859,0.0539131257819924,0.0466780745883311,0.0611517227656833,0.0554149585048196,0.0500261856942395,0.0607274661295333,0.02960524554678,0.0243114716099903,0.0343317041404625,0.0490414929677635,0.0434918987858369,0.0541871986114707,0.0383587348431312,0.0350795721100855,0.0420465139683896,0.0374242207605804,0.0306009173610519,0.0440277998388241,0.0352251502161698,0.0286039378411757,0.0416320558232363,0.0226663763826923,0.0206981839438333,0.0248613085049012,0.0156143171553211,0.0122480695202602,0.0190843523737504,0.00523293408569715,0.00323257505588396,0.00725864297365808,0.0364131302725613,0.0234455564659578,0.0491104663590761,0.0106382237757046,0.008580204469979,0.0126906277643038,0,0,0,0,0,0
"177","2021-09-09",0.22117746922487,0.210336665092895,0.232273451222926,0.124168636709343,0.114157131850106,0.133995608929369,0.129503168241183,0.120621322174873,0.140036339212693,0.109532315575041,0.100072569663575,0.119604144208452,0.0537801864719849,0.0469034375996531,0.0608354972560154,0.0554645367706926,0.0502256860223284,0.0606409656982828,0.0295938856566459,0.0244601415273458,0.0342868433550896,0.049100141887287,0.0437640018962048,0.054225621154871,0.0383789185168195,0.0350859389545289,0.0420633472180836,0.0374401233860736,0.03074403590742,0.043890096598953,0.0351614352068381,0.0288450413897308,0.0414275649608763,0.0226752545752634,0.0207106564913171,0.0248446655668018,0.0155220845625269,0.0121493035830307,0.0189555845365096,0.00523502123998558,0.00316128302436177,0.007212248124076,0.0369495108994866,0.0250821662820175,0.0485552245905587,0.0106346743742364,0.00857108196152634,0.0126501654586873,0,0,0,0,0,0
"178","2021-09-10",0.220828070987366,0.210032170196235,0.231862891578109,0.123840773404067,0.114003811033804,0.133558078263283,0.129684402145462,0.120933499058003,0.139900885397675,0.109683828062298,0.0998687324412585,0.119602959248644,0.0536732740448528,0.0468908454811242,0.0603390532621157,0.0554960148920252,0.0501595984774311,0.060590553961701,0.0295690006248526,0.0246195078804863,0.034232356652206,0.0491636765488519,0.0439410542874228,0.0543503719073493,0.0384058441362286,0.035087088296248,0.0420135000281901,0.0374937917609622,0.0311903931991524,0.0436991146385121,0.0350598285292692,0.0290999824480256,0.0411724295197696,0.0226860258765187,0.0206613172182779,0.0248579113014099,0.0154397626044213,0.0121187217181534,0.0187662607338983,0.00524570959357423,0.00328405086859922,0.00714448600435969,0.037528588081581,0.0266310631081007,0.048306909709586,0.0106377101654095,0.00856642226198229,0.0126452150511731,0,0,0,0,0,0
"179","2021-09-11",0.220537386184893,0.209895388203306,0.231667682247675,0.123584319819388,0.114233724632813,0.133096409966537,0.129844812203886,0.121125127051162,0.139637121510699,0.109859330060517,0.100935344384906,0.119108458129285,0.0534826696009516,0.0468996967009435,0.0601293348294486,0.0555501448643863,0.0504193851509675,0.0607960952899353,0.0295867811934166,0.0248636334426327,0.0339446137036347,0.0492419299877118,0.0440332314009058,0.0543626462767833,0.0384391295731011,0.0351367084369272,0.0420950861889206,0.0375171760821784,0.0313593128992203,0.0436254742095894,0.0349736825590029,0.0290014557615132,0.040829494559039,0.0226959430142617,0.0207045106721814,0.0248220728050276,0.0153650536325982,0.0121472317949144,0.0186148818211903,0.00525848257205506,0.00327222689884665,0.00717021947151315,0.0383076191329269,0.0286493311696376,0.0475018441844828,0.0106391754171977,0.00856807100703012,0.0126652593011828,0,0,0,0,0,0
"180","2021-09-12",0.220211385296892,0.210031023000183,0.230704207569824,0.123230642243139,0.114143493360479,0.132391419811276,0.129974847487989,0.121407480616536,0.13974760471906,0.110020042838416,0.101105537048764,0.118821659885086,0.0533174329152508,0.0470378863899844,0.0597542938200735,0.0555909597423011,0.0505354666752343,0.0606847200817144,0.029556295704083,0.0249565144214765,0.0338622056426509,0.049313364072297,0.044261507013236,0.0544920276720506,0.0384630210730318,0.0351437597504372,0.0420607686902516,0.0375374193358166,0.0316974557927122,0.0433934268191915,0.0349149230971112,0.0292897523460622,0.0405991525254489,0.022701008181298,0.0207071197631161,0.024829571373094,0.0153123527130664,0.0121980004420283,0.0183667921459072,0.00526615348808977,0.0033737406307673,0.00711416372025113,0.038880191522712,0.030741745956282,0.0469506257129857,0.0106412378645639,0.00857978065798375,0.0126462470450551,0,0,0,0,0,0
"181","2021-09-13",0.22001504759104,0.209933891429456,0.230073341686771,0.12284376726106,0.113487297157552,0.132086424182561,0.129854707497782,0.121248087038764,0.139622639739875,0.110254907700496,0.101367042171818,0.119173070174508,0.0529980519965218,0.046623917489642,0.0593980231911737,0.0555532405120171,0.0505368810186277,0.060598458530772,0.0295690960418859,0.0250018747021452,0.0338621002639875,0.0492927182209212,0.0442245605094879,0.0542811900451339,0.0384706227135872,0.0352310113763554,0.0420351883736821,0.0378671399800001,0.0318738487833051,0.0437100350661159,0.0352326789501143,0.0293246651911236,0.0408750732744197,0.0227124637110482,0.0207219399618921,0.0248554300201986,0.0153408061262525,0.0121787330346257,0.0185007072021494,0.00528594639776563,0.00339504817490803,0.00715006868807811,0.0393125660887186,0.0297547233223736,0.0485869603206559,0.0106358646294439,0.00857725779797115,0.012658643644357,0,0,0,0,0,0
"182","2021-09-14",0.21980976055737,0.209677513030735,0.230208651273341,0.122453617633919,0.112941607078039,0.131767382271097,0.129688694458249,0.121347675073982,0.13896762483475,0.110540710928171,0.101444037935251,0.119766866860475,0.0526801956922305,0.0461600725941725,0.059112173024497,0.0555130634527881,0.0503071533401834,0.060622359858882,0.0295659294452645,0.0249158255433095,0.0338104322650616,0.049312107357729,0.0441768704074048,0.0543414612589303,0.0384533311292219,0.0352426062271217,0.0420083010121468,0.0382259126630493,0.0321166665993601,0.0442275790217265,0.0355569232235856,0.0296736404187489,0.041487682659385,0.0227241935459637,0.0207632570956843,0.0248790367373001,0.0154039025553311,0.0122399005773825,0.0185611020540197,0.00530849560358691,0.00337675593936791,0.0072538808815322,0.0397314910463758,0.0293082115431267,0.0505409115171129,0.0106318015699257,0.00854035501633502,0.0126573637962423,0,0,0,0,0,0
"183","2021-09-15",0.219597200117166,0.209046520193942,0.229808779861951,0.122096074485189,0.11214211483622,0.131300204633887,0.129503886008321,0.1209344047313,0.139066095994057,0.110797962225317,0.101335359256055,0.119839520117794,0.0524158247802925,0.0459420558639097,0.0587189479862041,0.0554851469040752,0.0502346479488723,0.0606798644276214,0.0295489224909196,0.0249069687774544,0.0338651384670141,0.0493204486094809,0.0441656648969221,0.0544007505542051,0.0384368688005141,0.0352645077511842,0.0419580477312202,0.0385706271532009,0.0323227436326011,0.0446648434785234,0.0358558217389304,0.0296732769109523,0.0417621297801811,0.022743767985275,0.0207582782036494,0.024930942568326,0.0154615309627913,0.0123000372286046,0.0186740765929837,0.00534953993223922,0.00342130602642397,0.00729928898854684,0.0401554878172342,0.0288626028457286,0.0509072866459997,0.0106216521296846,0.00854410977274192,0.0126484739484063,0,0,0,0,0,0
"184","2021-09-16",0.219437038269606,0.208867381357952,0.229651102664539,0.121765352488912,0.112302963344841,0.131115270600728,0.129382479066204,0.120852848885603,0.138777122117519,0.110983650460623,0.101640861646259,0.12038062716987,0.0521449280334544,0.0455740191706524,0.0586100596583135,0.0554524340674759,0.0501779259783779,0.060560597664632,0.0295268483702379,0.025001312670344,0.0339704212200619,0.0493204570137517,0.0441560665203488,0.0544574262629272,0.038439191880193,0.0353210986361975,0.0419735338350166,0.0389032062372571,0.0327648932689319,0.0448976901062775,0.03614242334058,0.030057540232658,0.0419226045112636,0.0227613998598192,0.0207989905683833,0.0250039933262799,0.0155494406799004,0.0123485913363292,0.0189244582694474,0.00537656430002428,0.00336113258092338,0.00734962711911334,0.0405239966166217,0.0295702831784337,0.0516816576623769,0.0106126657329329,0.0085060357003098,0.0126152449004418,0,0,0,0,0,0
"185","2021-09-17",0.219201118641878,0.208562433978264,0.229488113586218,0.121469408892617,0.111813194432696,0.130966772243406,0.129238256403535,0.120743000979162,0.138599804466873,0.111230128844332,0.101905437809517,0.120777059530689,0.0518466497592344,0.0454387579903599,0.0581913929728675,0.055417321016781,0.0504222100142405,0.0606674268209102,0.0294877908159543,0.0248835141126982,0.0339910110380442,0.0493310171326852,0.0442195810327789,0.0542837787235388,0.038442149086031,0.035329174695429,0.0419498569019803,0.0391880551705212,0.0329933758149612,0.0449184443225379,0.0364519755740405,0.0301595375616516,0.042179778101235,0.0227772680033168,0.0208165413352242,0.024919224187097,0.0156034916060869,0.0123254442160634,0.0189923504786554,0.00540025860137063,0.00339899552497628,0.00733667428357822,0.040988559102856,0.0308076551048802,0.0520670321907424,0.0106015377168582,0.00851716317555314,0.0125966374507035,0,0,0,0,0,0
"186","2021-09-18",0.218991387766724,0.208686707049462,0.22918266589239,0.12110508553916,0.111374853878361,0.130765040152073,0.129130517210571,0.120630249368615,0.138528267735662,0.111540332205469,0.102098886929435,0.12110904569318,0.051492054125764,0.0450660584214335,0.0579273445934534,0.0553601337336724,0.0501771520136974,0.0604667971874053,0.0294579794895854,0.0249764814191337,0.0340739852753656,0.0493194473111243,0.0443302883989788,0.0543639240380754,0.0384424495313665,0.0353253796681971,0.0418909571700191,0.0394797894844405,0.0332578457555947,0.0454249035547859,0.036795636613158,0.030674332247923,0.0423588284999828,0.0227953946667427,0.0208450930419305,0.0249851999242903,0.0156668596842048,0.0125005399226086,0.0190736769782054,0.00541811045917498,0.00343423733661381,0.00734936283763915,0.0415238505324514,0.0313353551167748,0.0519688013123181,0.010589271047307,0.00849988936204986,0.0125568846621761,0,0,0,0,0,0
"187","2021-09-19",0.218830898498242,0.208291881348064,0.228941144229681,0.120718191644554,0.111150689191819,0.130142364187986,0.128974233864869,0.120624589987448,0.137857355714,0.111754157459561,0.102522139098492,0.121084823234356,0.051162357924279,0.0449249000335077,0.0574487249063746,0.0553153018244476,0.050257178399109,0.0605115571039481,0.0294501781280167,0.0251126703253444,0.0337446144659016,0.0493161519641282,0.0443103195250787,0.0544092972002262,0.038439714982096,0.0353840002198668,0.0419103813424514,0.0397861781798208,0.0335331264643575,0.0454042464158136,0.0370975025085055,0.0312335462545836,0.0426883064053272,0.0228074081825941,0.0208308293134454,0.0250079464107836,0.0157136888980177,0.0124298374811527,0.0192764128739098,0.00544385615043954,0.00350144953812689,0.00740528262020092,0.0419596152610742,0.0329407470395909,0.0515016334088346,0.0105780153351139,0.00849933242663396,0.0125347871890619,0,0,0,0,0,0
"188","2021-09-20",0.218847218350754,0.208473412540408,0.229127179845806,0.120177963979251,0.110151692443889,0.129919853918647,0.12886981382198,0.120368459142461,0.137913586909031,0.111508984250422,0.102059531091967,0.121021963791376,0.0511406213061304,0.0447153928075848,0.0575229408215177,0.0553410841403119,0.0501679186802216,0.0605402212655931,0.0295445308918623,0.0252070266749438,0.0339637447242746,0.0493254384185868,0.0443326318432804,0.0544579701147371,0.0384242551625071,0.035339971773413,0.0418948726137012,0.040059214826398,0.0337818878301544,0.0459791768682319,0.0371666128360755,0.031130704331252,0.042937633801575,0.0228171074105027,0.0208385342089978,0.0250213183858734,0.0156384165989786,0.0123317039625512,0.01914311378302,0.00547887013924078,0.00352069353208529,0.00747065379564423,0.0416670676527559,0.0313149880921723,0.0521426909330221,0.0105740102362779,0.00850354223657959,0.0124920427779175,0,0,0,0,0,0
"189","2021-09-21",0.218882429033312,0.208138409533824,0.229174869445868,0.119624108747026,0.109906717892594,0.12929548762721,0.128770523279884,0.120268466216206,0.13817911853466,0.111276831405689,0.101583695512878,0.120909747705807,0.0511548354488719,0.0447079063961291,0.0574639744814538,0.0553872939758653,0.0500960894919534,0.0606913488792507,0.0296394338642138,0.0251665967796992,0.0340813279684084,0.0493434492657063,0.0443298963246983,0.0545378362927007,0.038421971381419,0.0354135498938778,0.0419450659217395,0.040326396412443,0.0340886631283998,0.046536573980872,0.0372048536545601,0.0311042137686487,0.0430636924259423,0.0228282305882586,0.0208184039679595,0.0249352910557479,0.0155478996999468,0.0123204268782325,0.0190946437173483,0.00551566438034035,0.00354011432791236,0.00753366513787569,0.0414164495288156,0.0304738301094641,0.052450950743692,0.0105671548266026,0.0085197615932611,0.0124947602993576,0,0,0,0,0,0
"190","2021-09-22",0.21890244005425,0.208159574452238,0.229495241391678,0.119130999744546,0.109239083912017,0.128652105801453,0.128686536221752,0.120119166831048,0.138001016855779,0.111022572009711,0.101493983021734,0.120631592468948,0.0511576618099039,0.0442857768632631,0.0577327286182945,0.0554224272809118,0.0502239455150637,0.0606460595799264,0.0297167979989016,0.0252855585142821,0.0341377216079794,0.0493644565505008,0.0444626235986386,0.0546253787827009,0.0384180851344394,0.0353605140802358,0.0419129021084669,0.0405568860414635,0.0342451480712527,0.0467498548948612,0.037323957320985,0.0310935992667028,0.0432873597740437,0.0228389227306398,0.0208319078906253,0.0249723746180532,0.0154745492080339,0.0122769919225572,0.0191574712099477,0.00554513249193923,0.00355092489923764,0.00751506432815715,0.04126290436683,0.0305852303497471,0.0525520848053994,0.0105622732078387,0.00852079820924403,0.0125203420356003,0,0,0,0,0,0
"191","2021-09-23",0.218896544246499,0.208199599703697,0.229474503628545,0.1185572447202,0.108389900123324,0.128266786484629,0.12864583668599,0.120056492367679,0.138110419017949,0.110796746360204,0.101163986199356,0.120405025731735,0.0511816914510386,0.0441586217992924,0.0577657871263425,0.0554692469575251,0.0502247139773363,0.0607217475132612,0.0298126903037,0.0253370724449923,0.0343124299542038,0.0493926347815629,0.0443362337320068,0.054554925442849,0.0384023331564389,0.0353583756646031,0.0418761424821448,0.0408023892763208,0.0342876158183044,0.0469128247544989,0.037402623600289,0.0311283439492747,0.0434158069080201,0.0228461912046194,0.0208295359674792,0.0249910432746722,0.0153838956726487,0.0119970420899001,0.0189038055070875,0.00557436951572855,0.00361991374549125,0.00755625545090292,0.041033805904114,0.0300068422915605,0.0524428455650619,0.0105526220714303,0.00851481749308387,0.0125596461265264,0,0,0,0,0,0
"192","2021-09-24",0.218941413400918,0.208221352219647,0.229649925345325,0.118075649458467,0.108237920322805,0.127628416254823,0.128592220454229,0.12019524864403,0.138024433742655,0.110655103897501,0.101397426452327,0.120374090028969,0.0511835376784493,0.0440737756270006,0.0579105236425526,0.0555252960994779,0.0504098150125901,0.0606808089880354,0.0299058877234192,0.0254087474080778,0.0344457034011279,0.0494287227352445,0.0443124244489075,0.0547852137969464,0.0383920199913039,0.0352651104093434,0.0417630843457463,0.0410827789403165,0.0345802038238628,0.0472603120538189,0.0374815736218539,0.0311218191141328,0.0434307604037993,0.0228585254834144,0.0209113269896228,0.0250062171185655,0.0152946039792962,0.0118151932856211,0.0187382902199647,0.00560712167684836,0.0036690560790693,0.00763287828138775,0.0408983217183218,0.0305708321854778,0.0515595392525438,0.0105496949935295,0.00852546084940976,0.0125490714296598,0,0,0,0,0,0
"193","2021-09-25",0.218898223017572,0.207726273414309,0.229584317430958,0.117538906030195,0.107422251965036,0.127041921200089,0.128522272740349,0.120138471642811,0.137749901063576,0.110388182806819,0.10086772065853,0.120087564305902,0.0512465653791247,0.0442035649461407,0.0577678096257525,0.0555618299378833,0.0503333638572445,0.0607640856796823,0.0299944238692699,0.0254517314608771,0.0344880854291697,0.049486157757384,0.0444377656655202,0.054776575593014,0.0383788083515093,0.0352785210528814,0.0417268893632475,0.0413064879637526,0.0348177220973576,0.0473223266107779,0.0375758325609939,0.031379219201093,0.0438918728561623,0.022870259015722,0.0209169507133804,0.0250250492358255,0.0152130499651982,0.0117676193305014,0.018610149059624,0.00563476634301029,0.00366551792778817,0.00764787825642285,0.0405549766243077,0.0302661332579548,0.0509114045877062,0.0105410054586599,0.00851578506143749,0.0125102118723158,0,0,0,0,0,0
"194","2021-09-26",0.21897677535815,0.208077357202071,0.229998508093933,0.116952248731833,0.106976630924661,0.126327343594455,0.128469831319489,0.119824210639194,0.137347201525775,0.110189176399456,0.100544174278268,0.119840615666322,0.0512085748302354,0.044354499715043,0.0576910531942563,0.0555819757851742,0.0504883023529533,0.0608524310136518,0.0300891109005721,0.025411797038971,0.0345754459240591,0.0495031242873334,0.0444348891414036,0.0546299955858724,0.03836358642613,0.0353368529019567,0.0417880365857155,0.0415767206526707,0.035214365611244,0.0476013264893488,0.0376439310257134,0.0314904655636105,0.0437950749106029,0.022881431655521,0.0209154337380898,0.025041364079367,0.0151604490507299,0.0117695868750849,0.0185760994349555,0.00565764375409272,0.00366525530180531,0.00764918240124273,0.0401912570345165,0.0310295712397143,0.0497636881826055,0.0105320990260403,0.00852698171583639,0.0124747139315167,0,0,0,0,0,0
"195","2021-09-27",0.218981432124707,0.208025992080856,0.229719947568184,0.116443598330469,0.106421042062029,0.126139348433793,0.128462937803093,0.119773672446403,0.1375441282136,0.110024495480787,0.100426684796101,0.119433755155825,0.0512534916126682,0.0442741405073806,0.0578466929459989,0.055646694008055,0.050587928195489,0.0609253985248404,0.0301425496957222,0.0254170927206845,0.03480994247662,0.0494757732251983,0.0444586915809642,0.0545536968368047,0.0383562446779721,0.0353083858167282,0.0418844131544742,0.0417504850657857,0.035298520180978,0.0479354690225989,0.0377024426829507,0.0315127405970045,0.0439087597096077,0.0228977719064612,0.0208751356085723,0.0250565874944144,0.0150171749289251,0.0115218628130032,0.0184274999765047,0.0056871754001763,0.00370119373756653,0.00767053831204138,0.0398074468519037,0.0288208337475378,0.0507258588210584,0.0105244831564644,0.00851089233103775,0.0124476118801447,0,0,0,0,0,0
"196","2021-09-28",0.218938645428067,0.208172734019853,0.230056170202584,0.115923715759284,0.105811313549194,0.125513248885042,0.12846295351326,0.119869543998098,0.137792511863572,0.109841677530817,0.100101804028994,0.119986917714257,0.051271285494859,0.0439305880795171,0.0579863102856112,0.0556955410281886,0.050417322412388,0.0610241810963125,0.0301997037256927,0.0254501017876338,0.0349278685467737,0.0494745943246507,0.0442958526026486,0.0546890955677194,0.038358224876566,0.0352643137567947,0.0418069019669931,0.0419442733341073,0.035515588857939,0.0482442721667356,0.0377387252575691,0.0313392669036708,0.0442144860318813,0.0229143092152561,0.020935692295523,0.0250784443229714,0.0148820415066119,0.0113510961741058,0.0184060105140231,0.00572046923944467,0.00373220271385183,0.0077602558431131,0.0394626730699748,0.0272339013082777,0.0512803640519138,0.0105189070811809,0.00853659766534205,0.0124587550777388,0,0,0,0,0,0
"197","2021-09-29",0.218870527741907,0.207941859662753,0.229686895627802,0.115379681186528,0.105288536108782,0.125315100487411,0.128492804972395,0.119906757252598,0.138074027756881,0.109689528319493,0.0995333704897186,0.119739653212479,0.0513175135425272,0.0441926025373445,0.0581432350564924,0.0557226157513961,0.0505293914501214,0.0611559268239385,0.030276416737987,0.0255855927142133,0.0349991793400951,0.0494642159407257,0.0442723870329324,0.0545071855672655,0.0383627345899209,0.0352201385366739,0.0417969058291664,0.0421338010013353,0.0356492211385432,0.0487343036280047,0.0377522975621691,0.0311159403138093,0.0444790326834299,0.0229273211622871,0.0209483579536039,0.0250482962152862,0.0147513645982481,0.0112674150892336,0.0181492290779103,0.00574784249795042,0.00368969166856102,0.00779544208141303,0.0390972907366446,0.0264291266293165,0.0516077655853225,0.0105150601277831,0.00855577996090576,0.0124716739601702,0,0,0,0,0,0
"198","2021-09-30",0.218806555453717,0.20766067938701,0.230164445448784,0.11487857115039,0.10448583050158,0.124711145460148,0.128498092065385,0.119761906279971,0.137784540669692,0.109505756137523,0.0995841799347667,0.119374653841385,0.0513109197624906,0.0439562316721935,0.0580641721317891,0.0557460038843056,0.0503416823792236,0.0611575686953578,0.0303238868921705,0.02558772839638,0.0351108287198376,0.0494556453032769,0.044310498658958,0.0546488422558718,0.0383658322156424,0.0351808505693586,0.0418077283738046,0.0423343265956278,0.0357177003900436,0.0490900280587814,0.0378097301376473,0.0311617531360222,0.0445275441960781,0.0229458303930994,0.0209750122513156,0.0251002169809653,0.014605663242012,0.011233895255765,0.0179692723383617,0.00577895486543784,0.00365969961451065,0.00786610108690664,0.0386923520964121,0.0254306903623922,0.0515828476486749,0.0105072296721777,0.00852461416306636,0.0124481707156917,0,0,0,0,0,0
"199","2021-10-01",0.218749748346211,0.207538661367215,0.230162331487008,0.114353864794357,0.103654918866987,0.124251167247626,0.128518371958267,0.120037822525209,0.13847692696748,0.109334739635357,0.0993791853543421,0.119265131391894,0.0513997493024887,0.0440847510668128,0.0583960140666558,0.0557894119904664,0.050451567542132,0.0613391767611336,0.0303871304469529,0.025547788704055,0.0351386641578638,0.0494728748699582,0.044264856834177,0.0545619715207629,0.0383684661573391,0.0352437319699305,0.0418879804588099,0.0424972392889345,0.0359763223080613,0.0491754945139891,0.0378206863789128,0.031215543267537,0.0445772969386113,0.0229574909941601,0.0209635254792788,0.0251065385356916,0.0144599342590591,0.0107389153353976,0.0177543040481968,0.00580622368014715,0.00367474235113238,0.00794786644311937,0.0383652670806625,0.0251602249297908,0.0519658579348795,0.0104980731597279,0.00851536673843943,0.012474714306964,0,0,0,0,0,0
"200","2021-10-02",0.218725277571517,0.207696190228614,0.230394985747105,0.113789410805385,0.103326151988909,0.123629134776391,0.128501974697939,0.119954992832576,0.138599350801467,0.109195486934385,0.0991804169538965,0.11908352011608,0.0514455030217788,0.0442132189365493,0.0585854415392408,0.055817860427067,0.0505460742955884,0.0613843934710092,0.0304717398751168,0.0254985023808551,0.03517427031309,0.0494876663965509,0.0442223839159513,0.0546242477647828,0.038375286779633,0.0352490200113005,0.0418648550340073,0.0426648869952318,0.0361096623011285,0.0494419984389648,0.0378310813364509,0.0311648450439101,0.0446963289010616,0.0229728800957158,0.0209870922090827,0.0251264590229481,0.0143303723307651,0.0107107730468218,0.0176549145172962,0.00583384722421866,0.00374256475168176,0.00792587195246313,0.038082888865698,0.0247141236927684,0.0521607858382433,0.0104930105553017,0.00852097326169676,0.0124719999892297,0,0,0,0,0,0
"201","2021-10-03",0.218625279957004,0.207655964868056,0.230147031442958,0.113252497257341,0.102979204559417,0.123207763902177,0.128515440293265,0.119997942775244,0.138765253280112,0.109012700136997,0.0990268803194303,0.118962734126796,0.0515054798491999,0.0444545106787817,0.0585469517053702,0.0558604396614655,0.0505922779196414,0.0614629694701832,0.0305425290004363,0.0255473595719724,0.0353153948796224,0.0494915251405545,0.0442630214044137,0.0545566908342369,0.0383728084441375,0.0352813841633638,0.041845657596725,0.042821582543184,0.0362694008872176,0.0495390247357628,0.0378868627752573,0.0311140535573513,0.0446191025358917,0.0229904250754971,0.0210058884264028,0.0251553261332566,0.0141985527741513,0.0105799760775583,0.0175211009398431,0.00586961658378314,0.00378305244648594,0.00797054661906521,0.0376495146995513,0.0239457211478885,0.0513701519691079,0.0104860462884498,0.00853352726833279,0.0124373680829034,0,0,0,0,0,0
"202","2021-10-04",0.218522241764394,0.207574714605326,0.229660213867856,0.112694965518922,0.102003295319208,0.122734458902735,0.128489379883926,0.119766521806264,0.138950285302602,0.108843084181536,0.0989330017983758,0.118559811841076,0.0515725958918338,0.0445115757635702,0.0584871739779898,0.0558964362552802,0.0506844142485532,0.061449059999399,0.0306302995734612,0.0258361780271797,0.0353966270738367,0.0494944430878937,0.0442098421707065,0.0546871510997829,0.0383676464525598,0.0352267886806091,0.0418768428861285,0.042953296214551,0.0362071830083207,0.0498467791220961,0.0379542733773504,0.0311766799665949,0.0445817902026545,0.0230091083148164,0.0210957671130912,0.025135284814423,0.0140729479518345,0.0104368867273302,0.0172380791950536,0.0059043431232146,0.00384576301190947,0.00805796618333168,0.0372567422473114,0.0240128554179948,0.0507876686678765,0.0104762595112024,0.00853481262941948,0.012411605542543,0,0,0,0,0,0
"203","2021-10-05",0.218453458729282,0.207408203495454,0.229397042124003,0.112182254346848,0.101760351290513,0.121720069938051,0.128468735473556,0.119851996560213,0.138846945135042,0.10865997333079,0.0985960076333415,0.118360984680674,0.05166366079007,0.0448519214780339,0.0584434235198377,0.0559461829819862,0.0506914627899563,0.0614417772332389,0.0306910942548188,0.0259053784298504,0.0354765584596125,0.0494655011108354,0.0442349355992386,0.0546457091457214,0.038365080470567,0.0352341286042687,0.041853990297691,0.0431444579131023,0.0363437140078125,0.0498623181643383,0.0379726233803146,0.0314079631455528,0.0446797674427698,0.0230277037908509,0.0211340005221404,0.0251677012610795,0.0139404178002256,0.0104237637864757,0.0171242492101188,0.00592068886709697,0.00379328634918198,0.00806096043354173,0.0368652685842886,0.0234974806339767,0.0498123792508416,0.0104704919116293,0.00852980803412963,0.0123831096976234,0,0,0,0,0,0
"204","2021-10-06",0.218331240549017,0.207368296358405,0.22958177888524,0.111695702503599,0.101280935202171,0.121322527706656,0.128482431951032,0.119908707249635,0.1387755823978,0.108474090076142,0.098519805953516,0.118285499021693,0.0517071446314838,0.0446321396343003,0.058416295199099,0.0559865547493737,0.0508624902025053,0.0615026561966315,0.0307424718619592,0.0258764458101532,0.0357961650479601,0.0494766074737852,0.0441431478675566,0.0546151987536441,0.0383599774361672,0.035214900682694,0.0417772929019213,0.0433542541172983,0.0367155464979017,0.0501830948949341,0.0380012156607581,0.0315566186639098,0.0443557432604319,0.023040991854793,0.0211133181754327,0.0251139677383323,0.0138021461619327,0.0102838401928478,0.0169172208786596,0.0059529842777691,0.00380576613279251,0.00808980713163393,0.0365133430701521,0.0236596585335241,0.0492536445069672,0.0104617152781612,0.00851909003280048,0.0123690987170193,0,0,0,0,0,0
"205","2021-10-07",0.21829565711639,0.207453587890839,0.229583307917662,0.111143733255868,0.10076393160697,0.120639903154028,0.12849125129656,0.119650873583289,0.138379375129687,0.108313151129678,0.0979553027260006,0.118017684411107,0.0517463016932536,0.044953057894644,0.0581913582223674,0.0560319492540995,0.0509870454739154,0.0613458073612307,0.0307967152077494,0.0258225137954938,0.0356484396271764,0.0494874659979131,0.0442056021832019,0.0546708138347141,0.0383531333654124,0.0352023758321795,0.0419521726894129,0.0434728001198834,0.0369998159987707,0.0502909280668172,0.0380894643423574,0.0318171309807598,0.0443649239229807,0.0230560573814446,0.0211298646723144,0.0251811530361815,0.0136541174565053,0.0100721690742113,0.0166875470667663,0.005974475720242,0.0038314080167097,0.00800982138517823,0.0361804944379227,0.0241972701312976,0.0480856556332984,0.01045414352687,0.00850244442181991,0.0123503205090272,0,0,0,0,0,0
"206","2021-10-08",0.218233883283369,0.207242016801459,0.22928946696394,0.11062857993118,0.100438094697966,0.120013938363021,0.128518760449407,0.119739113934357,0.138435992168877,0.108154749325945,0.0983734541119116,0.117549618072556,0.0517960936952035,0.0452092330004697,0.0583430942645197,0.0560799403535664,0.0510400059601892,0.0614151129537722,0.0308683517207648,0.0260798859474154,0.0355063756688045,0.049493910898224,0.044317692587771,0.0545371444437986,0.0383535282781005,0.0352519482512466,0.041984460272341,0.0436391474480686,0.037393697847768,0.0502581823382694,0.0381229617450366,0.031835206329664,0.0445448451796755,0.0230738963173105,0.0211366009727993,0.0251729005017642,0.0135145927926764,0.0100455188903681,0.0165382356011817,0.00600300291917625,0.00399114475545973,0.00799232720247011,0.035804779424201,0.0241938520699809,0.0465516752198528,0.0104421203328562,0.00853454733646889,0.0123683650485706,0,0,0,0,0,0
"207","2021-10-09",0.218167422240358,0.207250625244969,0.228873332010696,0.110078158874705,0.100389824440629,0.119166439008014,0.128487383069059,0.119754669255983,0.137998245769663,0.108052748238345,0.0986021681018392,0.117101841621041,0.0518864800589281,0.0453591412338499,0.0586249328219142,0.0560932026513998,0.0510110680602296,0.0613675204856181,0.030942289322773,0.0263589043527505,0.0355259857822527,0.049503121133624,0.0441754044011739,0.0543021524231121,0.0383518527931725,0.0352499060905414,0.0420109256143785,0.0438464210533549,0.0376207047468941,0.0504800019424979,0.0381367323614335,0.0319431917446702,0.0443096028878964,0.0230900922372463,0.0211083086055161,0.0251794035364044,0.0133801028917113,0.00994647286564005,0.016446409438201,0.00602802248272963,0.00400497517992208,0.00802141231076018,0.0355355189645613,0.0259247075792237,0.0448194424083621,0.0104350178534752,0.00852836290204274,0.0123428311914917,0,0,0,0,0,0
"208","2021-10-10",0.218145595660259,0.207402612075777,0.22898488101414,0.109561928952049,0.10014265656206,0.118702312860365,0.128462349335992,0.119869663632601,0.137954323787772,0.107881495585591,0.0986176705992351,0.116641564742997,0.0519157162649183,0.0453108558599518,0.0583138791468981,0.0561364509143345,0.0511340885860253,0.06128520220906,0.0309916434615878,0.0264255122198791,0.0354915636871991,0.049481847742925,0.0442654124792104,0.0542965833269563,0.0383604759880488,0.0353099363885372,0.0420078881113242,0.0440272436437083,0.0381361736197255,0.0501298434324706,0.0381665005383432,0.0318161492508203,0.0439838635305971,0.0231081712993854,0.021132658339638,0.0252298194020522,0.013251334974556,0.00995873428189033,0.0162110212990684,0.00605677294354047,0.004078603284855,0.00807349126070089,0.0351606373806515,0.0271464769844292,0.0428390951027182,0.010425795183312,0.00848035952770467,0.0123555941791678,0,0,0,0,0,0
"209","2021-10-11",0.217854116781154,0.207100653752373,0.228481929002926,0.109621673780553,0.100158620555327,0.119025105067133,0.128120198085269,0.11944901405313,0.137663094859195,0.108056925034225,0.0984722852964955,0.1172897337218,0.0520898259064302,0.0453681467684216,0.0587950662021567,0.0561023731831242,0.0510560640056229,0.0615262214972613,0.0310183610922915,0.0262102749714735,0.0356600099667009,0.0495008701431375,0.0442751510634225,0.0544702041678204,0.0383690120712092,0.0353225002983032,0.0420150800371488,0.0440873444275324,0.0381511969849587,0.0505156487325378,0.0382833372067421,0.0320961446948185,0.0444630538807843,0.0231115833544458,0.0211163363253965,0.0252422776077585,0.0133976108654036,0.0100267800642823,0.0163982061803585,0.00608580414051807,0.00403284747721311,0.00811181963666309,0.0354584821325328,0.0257990789909169,0.0448076252568998,0.0104269420289883,0.00848049093752275,0.0123366994922702,0,0,0,0,0,0
"210","2021-10-12",0.217511517722529,0.206377410251218,0.22834674434325,0.109681507911303,0.0998566520266531,0.119196299080118,0.127754742951365,0.11899422449646,0.137430473417749,0.108239295301802,0.0986581319155013,0.117556743210714,0.0522504373834046,0.0453571732934961,0.0592602613208457,0.056096684454429,0.0509828547171249,0.0615054919733651,0.0310105982596584,0.0259997569321588,0.0357847034591762,0.0495148257428518,0.0441950319200209,0.0545351228225586,0.0383648714083772,0.0352905360049731,0.0420407971989756,0.044173092311237,0.0380492861702176,0.0511301459014371,0.0383540030850861,0.0319939997932205,0.0447131799968671,0.0231212133441483,0.0211649066582325,0.0252437565552703,0.013556063282803,0.010147655447538,0.016599940653071,0.00612872757252666,0.00406713139121556,0.00825804512134564,0.0356480775258875,0.0244545814532426,0.0467458702678656,0.0104306971826595,0.00848998130405476,0.0123609813378608,0,0,0,0,0,0
"211","2021-10-13",0.217130464175712,0.206019328180284,0.228038979126065,0.109796166772077,0.0996052372962167,0.119201075574222,0.127427622738121,0.118773527737188,0.137275061885751,0.108393875953849,0.0986018114325797,0.117942109341162,0.0524426071156284,0.0455528008247436,0.0593454024442765,0.0560832503346503,0.0508784511183698,0.0615209601851409,0.0310166435232896,0.025995403392446,0.035911820634724,0.0495410566788471,0.0441753833959875,0.0545584362854056,0.0383554426667647,0.0353267076313987,0.0420372080751669,0.044229228598976,0.0377745910185773,0.0509953138875563,0.0384451649371886,0.0318139881278995,0.0448945243727906,0.023134224865117,0.0211458980823989,0.025240840527164,0.013719435096554,0.0101983149664198,0.0168486434686883,0.00616651977033615,0.0040397573948429,0.00823395256665082,0.0359510253160361,0.0236709226362213,0.0478100106602771,0.0104307400180907,0.00848593411219417,0.0124032499957453,0,0,0,0,0,0
"212","2021-10-14",0.216793433382049,0.205405514722823,0.22757891798587,0.109892931591968,0.0998048516424043,0.119333961607296,0.127096743024242,0.118182591027765,0.137250026701756,0.108564805948006,0.0986180594736767,0.118377148279021,0.0526130160767633,0.0455358921631227,0.0596422364045745,0.0560737990129203,0.0507216191401517,0.0615132151722214,0.0310232074059594,0.0259355138768005,0.0360069562085066,0.0495628465870743,0.0442442220516785,0.0545961172916499,0.0383480170976877,0.0353018693451594,0.0420097915152385,0.0442922567401896,0.0376307595176047,0.0513046872867974,0.0385377071773459,0.0317457866349824,0.0451466818872379,0.0231416730944496,0.0211899608410054,0.0252490929529796,0.0138582911060762,0.0102222429106928,0.0169645513406983,0.00619738958268651,0.0040545421069733,0.00831396221196963,0.0363187907600967,0.0233233198757101,0.0490025878458136,0.0104380741326108,0.0084629413153513,0.012401473283515,0,0,0,0,0,0
"213","2021-10-15",0.216466935696275,0.204772551983616,0.227762194092096,0.109984249935054,0.0997049941824251,0.119598390638782,0.126766657878355,0.117661700226263,0.137138933573348,0.108720651523105,0.0983292905480782,0.118793679771447,0.0528003117163625,0.045660046988549,0.0598334533912131,0.0560713337242782,0.0508762899977464,0.0615305432585224,0.0310536708903008,0.0259202747596239,0.0361340324245142,0.0495873664613568,0.0442596152752416,0.0548615755864554,0.0383298880301341,0.0353204521966941,0.0419828481069537,0.044422266335667,0.0378283620494473,0.0513555477291261,0.0386207817866756,0.0317208537941658,0.0453564825386732,0.0231515618318758,0.0211423800406271,0.0252738898954647,0.0140125062364085,0.0102113817268766,0.0171927862584451,0.00623263409533215,0.0040543645490528,0.00833467456128681,0.0366241333300773,0.0234413855273307,0.0496782098569226,0.0104381320385464,0.00849594251300439,0.0123903956069958,0,0,0,0,0,0
"214","2021-10-16",0.216138511720611,0.204466016647286,0.22772717885811,0.110072754760952,0.100000004835731,0.120088092609639,0.126446126387711,0.117471080022808,0.136567052289711,0.108919320931319,0.0984595368728856,0.119056916231472,0.0529714456539177,0.0456144271859458,0.060108999358373,0.0560523642024102,0.0508256448307029,0.0616161879224576,0.0310948770480749,0.0258792919958669,0.0360446271778202,0.0496155817018047,0.0442172879333913,0.0550507606986779,0.0383106559217279,0.0353259273145213,0.0419371497718156,0.0445117179175383,0.0377113445920225,0.0513697376164581,0.0387155628980494,0.0319832117033939,0.0454512589394883,0.0231556238502212,0.0211317940843874,0.0252509868126185,0.0141641037528079,0.0103019621363283,0.0174474389832557,0.00627833548238454,0.00408698393086425,0.00840609772213553,0.0368695816162213,0.0234829942184117,0.0502647352368723,0.0104390857394344,0.00845167350513484,0.0124160943360249,0,0,0,0,0,0
"215","2021-10-17",0.215801749378731,0.204411428067736,0.227447018655604,0.110242217329718,0.0998955050180338,0.120241990734156,0.126132501954051,0.117122171572502,0.136453013509035,0.109018169022906,0.0983896466740523,0.119284891812802,0.0531511150782234,0.0456117669542412,0.0603321146170055,0.0560337761055778,0.0507809918320623,0.0615344680863516,0.0310948928204739,0.0259631618253058,0.0361425697061943,0.0496448820351154,0.0441794934014707,0.0549722877854506,0.0382995119094045,0.0353070864667979,0.0419299618660616,0.0445572712357174,0.0375108040871033,0.0518588485151491,0.0388645264285256,0.0318404107745711,0.0455887233396423,0.0231708787370868,0.0211895931514143,0.0252302223422897,0.0143050667035121,0.0105400115305205,0.0176501018964697,0.00631302461466487,0.00407023548735584,0.00840083908524794,0.0371591627248634,0.0239896751625809,0.051060330678807,0.0104403543944093,0.00848250950824321,0.0123799823103262,0,0,0,0,0,0
"216","2021-10-18",0.215477466209156,0.204114825056154,0.227089428992449,0.110417501195657,0.0999005911291952,0.12038399468782,0.125820296822264,0.116683520353435,0.135802791350732,0.109160462412624,0.0983534130571547,0.119536642631488,0.0533496410789257,0.045799750200281,0.0604509145281132,0.0560127632901681,0.0507800247098545,0.0615572266032573,0.031092688051904,0.0257346250024705,0.0361473927997099,0.0496856810070323,0.0440386515118573,0.0550515411112522,0.0382890211586584,0.0353255379763637,0.0418741567218878,0.0446676245163153,0.03779019115611,0.051810883067504,0.0389652933871336,0.0319791774003822,0.0455248539398013,0.0231783651747742,0.0211634947537456,0.0252376438526528,0.0144468730568954,0.0107041939400663,0.0179337775692307,0.00635162597160502,0.00419754267547597,0.00851051598333081,0.0374202746257149,0.0238613362692795,0.050793471077731,0.0104481649015437,0.00849644479674991,0.0123484939804274,0,0,0,0,0,0
"217","2021-10-19",0.215157764029574,0.203513158197614,0.226993435711745,0.110558548143182,0.0999785095439534,0.120458351075039,0.125511320908863,0.116042350766832,0.13555173284367,0.109302993487289,0.0985485014974148,0.119393113781829,0.0535014797275714,0.0459936758357215,0.0608157311277079,0.0560019536849579,0.0508335455619256,0.0615098287379366,0.0311070274694093,0.0259740890068758,0.0363392187627736,0.0497151928116155,0.0441063259482854,0.0551422341541885,0.0382871691750044,0.0353624715194729,0.0418259165563722,0.0447721122286672,0.0378067853130552,0.0519708147703079,0.0391114667595513,0.0324225752100701,0.0456951178273661,0.0231821695715145,0.0211456825769859,0.0251951092168662,0.0145828801397312,0.0108655868283454,0.0181052296739797,0.00639943868444154,0.00427438688537788,0.00857545534369868,0.0376960044095256,0.0237421320358822,0.0511121426839809,0.0104463303654303,0.00854292504878786,0.012360691247445,0,0,0,0,0,0
"218","2021-10-20",0.214838387815625,0.203344940719515,0.226884841208619,0.110688945592691,0.100098333180272,0.120686354679488,0.125186083880833,0.115703199756003,0.13487438882449,0.109551844698667,0.0988451709030255,0.119804573257425,0.05366767405463,0.046232481445415,0.0608442312752673,0.0559608071910864,0.0506831145120776,0.0616367554954444,0.031111411646655,0.0258593451886582,0.0362201461803436,0.0497408024336869,0.0441074079460567,0.0552982545286617,0.0382694817946219,0.0352924966290873,0.0416955840217782,0.0448546324081625,0.0380225304546744,0.0519811887270177,0.0392158077989928,0.0327060051797575,0.0459719195533267,0.0231865906956808,0.0211105072499399,0.0252606205237249,0.0147256523422597,0.0110192893504647,0.0184006105144308,0.00644009988140609,0.00431492290131012,0.00863221940355815,0.0380410662543947,0.0245575607738012,0.0514918682880546,0.0104441861617794,0.008492568065577,0.0123374194691722,0,0,0,0,0,0
"219","2021-10-21",0.21443774018526,0.203035231554956,0.226049620607911,0.110859081182288,0.100832055148281,0.120959339143683,0.124861877419523,0.115400096139522,0.134334251422321,0.109713711039922,0.0990473899703379,0.12010941877563,0.0538777064493107,0.0463139254844597,0.0609586513950059,0.0559522789956637,0.0504545541492817,0.0616349987667869,0.0311213639802229,0.0258313113039174,0.0362561374294131,0.0497796676483703,0.0441047811815299,0.0554129065911958,0.0382743851326173,0.0353537628601199,0.0417859115317292,0.0449189129778076,0.0382116574868051,0.0518906785774254,0.0392973410833188,0.0328599119411323,0.045907580235008,0.0231972938292141,0.0211581769600939,0.0252795872343969,0.0148634207000291,0.011175317782366,0.018469998696282,0.00647493164659372,0.0043389178063125,0.00867136545205174,0.0383825957133273,0.0258496166714573,0.051284415055425,0.0104424230057603,0.00851841940720988,0.0123905268133058,0,0,0,0,0,0
"220","2021-10-22",0.21412331345297,0.202560908933962,0.225589523255837,0.1109778358346,0.100549893888863,0.120942587234475,0.124552078913811,0.115307302749224,0.133848226323025,0.109903686575856,0.0989238482245461,0.120112240994846,0.0540254568426262,0.0462871559019355,0.0614331295476797,0.0559277702620702,0.0505804984314019,0.0615663349204184,0.0311600448284955,0.0260475878864762,0.0361852985903965,0.0498118252528727,0.0442211609364565,0.0553269878664791,0.0382604960812926,0.0353471668503756,0.041613315565495,0.0450105133026431,0.0383830755903603,0.0519534903417174,0.0393801033979678,0.0327701627897334,0.0460011864451966,0.0232082163410102,0.0211477116548603,0.0252869003486452,0.0150001332766936,0.0113979044228438,0.0185883726921018,0.00651754358229679,0.00441451746238317,0.00866876402433601,0.0385913854872729,0.0262925918062277,0.0509070931772586,0.0104435613522105,0.00854492374439883,0.0123374005035688,0,0,0,0,0,0
"221","2021-10-23",0.21383379470336,0.202392756944289,0.225278577872584,0.111133490765518,0.100802219366309,0.120963580275957,0.124189372554912,0.114562946584679,0.133695664866369,0.110040377634942,0.0995119427992153,0.120197694364936,0.0541887451268273,0.0468062480741441,0.0612736844516468,0.0559312852870427,0.0506559816276303,0.0615149956462573,0.0311914695913701,0.0261074994948558,0.0362374316326634,0.0498222717066115,0.0443265401717611,0.0552242976770809,0.0382519998543348,0.0353187998026732,0.0415835134328726,0.0451044919954565,0.0387406759543613,0.0518892827680359,0.0395162993892207,0.0333182365663816,0.0463216468758136,0.0232171389635174,0.0211428154003611,0.0252746294765653,0.0151418522781101,0.0115119056279622,0.0188053191596299,0.00656825178044997,0.00442628753881575,0.00876564336785048,0.0388795128886336,0.0274264519479499,0.0500353993668969,0.010447491125109,0.00854586513107157,0.012397635155196,0,0,0,0,0,0
"222","2021-10-24",0.213494804730291,0.202119672050576,0.225032651576562,0.111250745548701,0.101091436099987,0.120740933103488,0.123901619756997,0.114501857333023,0.133123920881814,0.110211278275484,0.0999045257739347,0.120241466171709,0.0544125420775648,0.047239271077581,0.0612383110550081,0.0559095718115882,0.050776241578066,0.0614855916172121,0.0311994961577261,0.0260450089693424,0.036268625221509,0.0498612846816553,0.0443690510652071,0.055339423448613,0.0382479382078393,0.0352883183544446,0.0415149241458396,0.0451828542838581,0.0386693029430724,0.0519472476828069,0.0396304159523639,0.0335725293956054,0.0461722803059793,0.0232239513618667,0.0211790855809297,0.0252707374080578,0.0153024067728076,0.0116496227023187,0.0189310226641021,0.00659580611103283,0.00453647652770665,0.00866453755766614,0.0392660281838291,0.029311362674528,0.0493189215546132,0.0104514435546042,0.00855013589539552,0.0123640930761363,0,0,0,0,0,0
"223","2021-10-25",0.213279949370727,0.201615928794977,0.224771384112647,0.111307918335887,0.10125602563041,0.121155078325182,0.123713376161157,0.114552005251491,0.133136035727652,0.110286820576559,0.0997102081018952,0.120547591477188,0.0545596584683349,0.0471608906287916,0.0618902420690759,0.0558318526025476,0.0507058017652418,0.0613632117604573,0.0313590334883984,0.02604224557544,0.0365400037730699,0.0498617995802327,0.044315842622574,0.0553580157607993,0.038251683266647,0.0352621578066942,0.0416398598034746,0.0453501064303678,0.038818051601638,0.0522155334044915,0.0396443420110364,0.0333756948476197,0.0464507896035251,0.0232383301557678,0.0211926042021769,0.0252722493999126,0.0154045882126097,0.0117685710337792,0.0190330061151497,0.00663728912755177,0.00450684097026899,0.00876344872870514,0.039382263356698,0.028229606047703,0.0502966728397078,0.0104433340967146,0.00855939941377372,0.0123904161512939,0,0,0,0,0,0
"224","2021-10-26",0.213056147224173,0.201097691654095,0.224739416841894,0.111311954620994,0.10104249981532,0.121502109284574,0.123523709403842,0.114199121846489,0.133063080577704,0.11033528223552,0.0995968394801459,0.120840817995214,0.0546612257999887,0.0472292096188958,0.0621164412792818,0.0557186009660874,0.0504912830428524,0.0611380129128129,0.0314998810069372,0.0261277132527591,0.0368745709351763,0.0498564100310622,0.044329880971295,0.0553200433500694,0.0382496750444094,0.0352500223019192,0.0416544888420912,0.0454596685582929,0.038873334013053,0.0525407716987202,0.039643842448055,0.0330929653049396,0.0464995245254149,0.0232437891710986,0.0212149115452045,0.0253401800674986,0.0154980307850576,0.0118028455297643,0.0193146612655201,0.00668247702366895,0.00446121045534875,0.00882983838618301,0.0393123016687895,0.0272452973857351,0.0512712421509503,0.0104358943315085,0.00851918076643052,0.0123335581946996,0,0,0,0,0,0
"225","2021-10-27",0.212862248064993,0.200705284914027,0.224418041270062,0.111360405575119,0.101016263498118,0.121372985253981,0.123355438467303,0.113929516914998,0.132890286459435,0.110419640716414,0.0999372934203731,0.120610561803577,0.054834114429881,0.0473976674316863,0.0622653070904402,0.0556335910779661,0.0504877603983769,0.0610528819271891,0.03163810347924,0.0263614836013858,0.036974124698267,0.0498239106482356,0.0441105363157836,0.0552384849041431,0.0382364196446552,0.0351762612632921,0.0416593123833243,0.0455810608147694,0.038837575225607,0.0527091083834257,0.0396436035666627,0.0329865802033804,0.0464189180102439,0.0232559362867616,0.021216209522667,0.0253360953246935,0.0155928747345365,0.0118367737915697,0.0193579329149894,0.00673203924155746,0.00454899806951067,0.00883187256706684,0.0392353802477332,0.0265652466668712,0.0521721249876454,0.0104257987825993,0.00853850550891499,0.0123154028063157,0,0,0,0,0,0
"226","2021-10-28",0.212563762580374,0.200377454145208,0.22441240090858,0.111444430348537,0.100863922389588,0.121566874557524,0.123192303015989,0.113786407136855,0.132588125942652,0.110432241648938,0.099741958566117,0.121101100928903,0.0549764265891744,0.0475356303216387,0.0625056627803244,0.0555071501462606,0.0501011773103282,0.0608618248395782,0.0317848193926487,0.0264983065383035,0.0371148836050944,0.0498105647807522,0.0443583497040871,0.0552743669321331,0.0382261913778102,0.0352787795142825,0.0415962255469905,0.0457065859159784,0.0387267356463061,0.0528944384301552,0.0397198186205314,0.0331493340988022,0.046690039029329,0.0232710582529556,0.0211875654166627,0.0253706385905186,0.0156960059808164,0.011981466232728,0.019479130048802,0.00676549954415669,0.0046421697988196,0.00887782970566608,0.0392572316842359,0.0260308876165699,0.0529983068834537,0.010422908641363,0.00849792301139724,0.0123046465854309,0,0,0,0,0,0
"227","2021-10-29",0.212233871328921,0.200064627118959,0.224215091993341,0.111499930500943,0.101074362134178,0.121942524266588,0.123030195485989,0.11366292693959,0.132487720048987,0.110447411042817,0.0995721006851079,0.120961658480139,0.0551244560093122,0.0476622026501543,0.062819902772549,0.0554174247962323,0.0499010732372801,0.0608021005743889,0.0319245385500133,0.0265322390783628,0.0372365948038809,0.0497818933614952,0.0442075456302976,0.0553420104223927,0.038214755938736,0.0352289108064017,0.0415509044822258,0.0458913052968586,0.0390773993104297,0.0531102311178713,0.03979337454294,0.0330827988280777,0.0466916902532049,0.023287156104234,0.0212276274662377,0.0253828942171294,0.0158056619449197,0.0120469749149789,0.0196094560589957,0.00681177217396975,0.00466349356861057,0.00893140204871385,0.039283567526378,0.0258215283915354,0.0535645329402622,0.0104188729727423,0.00851336497875923,0.0122773982019363,0,0,0,0,0,0
"228","2021-10-30",0.212002461705683,0.199987204610246,0.223735662853403,0.1115801409859,0.101231714406666,0.122056397272155,0.122855106590716,0.113648251526938,0.132309914255415,0.110519973768889,0.100029376896193,0.121030090818705,0.0553052772782345,0.047631264970397,0.0627711076415756,0.0553400748957626,0.0498871839783966,0.0608717996215547,0.0320667647459541,0.0267935594645263,0.0375498107572666,0.0497626304935825,0.04422678547392,0.0551949006995012,0.0382033708463411,0.0352045726769773,0.0415108623110762,0.0460538596628231,0.0391181423847069,0.0535393955858183,0.0398142706138773,0.0329009057853895,0.046568945125878,0.0233063495748221,0.0212830738533872,0.025403123792016,0.0159020791508939,0.0121728607602307,0.0197770292632213,0.00685458611076943,0.00470801482805143,0.00902238189132799,0.0392404873295676,0.0252014769613705,0.0537813243281816,0.0104225908644229,0.00852479748647413,0.0123525181652588,0,0,0,0,0,0
"229","2021-10-31",0.211700927336671,0.199716314691562,0.223370297072783,0.111622483560084,0.100991163719812,0.122079136146126,0.122669087291894,0.113283009880167,0.13187222564452,0.110525775363858,0.100188935535644,0.121112174874996,0.0554495172586058,0.0479319734713324,0.0628893487820372,0.0552645224819234,0.0497883498197687,0.0608736035402864,0.032195083687746,0.0268897710854434,0.0377184750044434,0.0497491857673703,0.0441964541855648,0.0553257156153815,0.0381965958193347,0.035220922824473,0.0415389716990858,0.0461746694318236,0.0392384306781243,0.0537024679139037,0.0398506245054327,0.0331077384747839,0.0466097497682818,0.0233132050727451,0.0213475046968959,0.0253941650574099,0.0159960781909543,0.0121869039342459,0.0199679140232681,0.0068859026224843,0.00471158657048867,0.00899943835966756,0.0393134198512288,0.0251524770917943,0.0533131809392935,0.0104220504160085,0.0084875932424994,0.0123648858492004,0,0,0,0,0,0
"230","2021-11-01",0.211524791278974,0.19972111297534,0.22311185236805,0.111636406351213,0.101074259192358,0.122132859691541,0.122472233338755,0.113090667847601,0.131408834582744,0.11058600476612,0.100371138821013,0.121013536774117,0.0555924073542376,0.0481405968904693,0.0632147928999297,0.0551734231698931,0.049896027324115,0.0607508764882095,0.0323447310334774,0.0271343423640853,0.0377965079186046,0.0497669743033869,0.0444255418137895,0.0552626353883099,0.0381847531741332,0.035225196813456,0.0415915798449065,0.0462961436788596,0.0393277931861315,0.0537082784193195,0.0398999015292099,0.0333988449929831,0.0465626418969618,0.0233257007883005,0.0213832132493528,0.0253668331079195,0.0161066806806392,0.0125037627815395,0.0199186952210632,0.00692139907560717,0.00475270771835182,0.00903841769301617,0.0393241006182721,0.0253872437565111,0.0532271359327231,0.0104170955320067,0.00849180689855589,0.0123794084135725,0,0,0,0,0,0
"231","2021-11-02",0.211217100103194,0.199143085454773,0.223214896765602,0.111724300793459,0.101697335476798,0.122043897769792,0.122242189304272,0.112586061971874,0.131309911705141,0.110680587811025,0.100467654153605,0.121203745900815,0.055733753904156,0.0481420567761363,0.0631508911026195,0.0550743730609491,0.0498735714248412,0.0604606026902699,0.0325063955936307,0.0272308892625698,0.0378745206601896,0.049756835502879,0.0443775794519107,0.0552708876970059,0.0381704785137872,0.0351902681061348,0.0414530615848701,0.046430290080895,0.0397282230601978,0.0534528125920222,0.039935347474746,0.0334680574644799,0.0464279563789046,0.0233390624495292,0.0213941853160816,0.0253810561515698,0.0162009537071416,0.0127110606422868,0.0200586837839333,0.00696166475259786,0.00484346186817157,0.00906869276588926,0.0393208174532227,0.0253697189908863,0.052903277838933,0.0104128028616512,0.00851620125225992,0.0123135953118687,0,0,0,0,0,0
"232","2021-11-03",0.211003711722542,0.199119096355431,0.223127352658705,0.111791794055858,0.101444442989397,0.121760270397165,0.122069880807239,0.1126553998106,0.130777165067701,0.110658730584739,0.100518187329328,0.120838490692133,0.0559178918344451,0.0485115990057078,0.0633190125452679,0.054967821178005,0.0496521839056526,0.0601759216604622,0.0326719726874389,0.0273834587823415,0.0379825877778815,0.0497296896197896,0.0442948615374259,0.0551707595617256,0.0381733183140008,0.0351806637826706,0.0415281716477665,0.046564631526355,0.0399237786572225,0.053669881108294,0.0399513397465296,0.0334523014381875,0.0465782088169042,0.0233519788455694,0.0214531218938568,0.0254047334726582,0.0162928381558162,0.012886268229008,0.0201769852856453,0.00700077295406159,0.0048302713104447,0.00909063820787617,0.0394381120380704,0.0258521397605685,0.0527897184658728,0.0104074935181066,0.00847729453236247,0.012296019911859,0,0,0,0,0,0
"233","2021-11-04",0.210745558989272,0.198867317490827,0.222206914431382,0.111828040613888,0.101836445152014,0.12158844273989,0.121854973642058,0.11235323317167,0.13056906153716,0.110729685554687,0.100668120857359,0.120361366332098,0.0560796971098527,0.0487987450141431,0.0633960610684771,0.0548911789387141,0.0496528265968632,0.0600410507680829,0.0328415694803864,0.0276568868651731,0.0381621906776754,0.0496942719964668,0.0441966453659109,0.0549286332725048,0.0381517155582224,0.0351403001680185,0.0414388750216728,0.0467123686599218,0.0399288143873386,0.053836631414053,0.0400132394241659,0.033457464817071,0.0467017245429745,0.0233701771471796,0.0214464368865404,0.025410365893493,0.0163775700605426,0.0130001109516743,0.0203927875221025,0.00703110218185929,0.00482430155703853,0.00912185499314639,0.0394823435110841,0.0266195989825958,0.0522232003967131,0.0104051460281475,0.00849403930299765,0.0123198312314978,0,0,0,0,0,0
"234","2021-11-05",0.210460690257417,0.198579029426744,0.221917826410963,0.111909314074792,0.102401348614169,0.12176593422634,0.121735833827938,0.11250636290867,0.130419646021015,0.110752050955642,0.100875395688916,0.120358284888224,0.0562372560822292,0.0493264236534098,0.0634446684227189,0.0548247764455255,0.0495988288961968,0.05994115596045,0.0330005533379406,0.0276814297784289,0.0383188260499062,0.049695830246975,0.0442605011073922,0.0549613134074685,0.0381368203503468,0.0351821103713952,0.0413812297499831,0.0468728732659049,0.0402342773158235,0.0538112945376028,0.0400627043733048,0.033737025691907,0.046325386885785,0.0233824474340443,0.0214502992203271,0.0254720992056001,0.016484468686295,0.013014573573127,0.020347935197372,0.00705554146490446,0.00494637255199673,0.0091296826367428,0.0396085929497612,0.0278106145139515,0.0514383582095111,0.0103963733208128,0.00846496749529134,0.0123067534793229,0,0,0,0,0,0
"235","2021-11-06",0.210233703493205,0.198733785822041,0.221418596267832,0.111952023713306,0.102374248878573,0.121388736869547,0.121587848985141,0.112627799513817,0.130153712968556,0.11080510610301,0.101445621311402,0.120329084384985,0.0563809467080075,0.0496492800130075,0.0636441907153897,0.0547270912603657,0.0495707617975027,0.0599125576681949,0.0331636780332333,0.027996020621146,0.0385160336140249,0.0496790272389368,0.044357535091476,0.0549072595539736,0.0381192743125733,0.0351711786518301,0.0413499175284771,0.0470417300793004,0.0405756028919511,0.0537098718108234,0.0401027585572616,0.0338763178375243,0.0462814757023286,0.0233897445409897,0.0214531711989901,0.0254729511803876,0.0165711047140821,0.0132029780671435,0.0203525690026328,0.0070923925566836,0.00498854829841462,0.00919124420107196,0.0396792076551906,0.0292587355036378,0.0503960555027372,0.0103876741834864,0.00845937877389183,0.0122522330836616,0,0,0,0,0,0
"236","2021-11-07",0.209958843944406,0.198481654939361,0.22070723477854,0.112032962684978,0.102770494373478,0.121532739779686,0.121413670103065,0.112524638175917,0.130061374578627,0.110817255022313,0.101299242026771,0.120356804595081,0.056538351151936,0.0497856638795887,0.0634292868972784,0.054655766214886,0.0495163412216104,0.0598212240228139,0.0333386797941808,0.0283122179483997,0.0386383859036915,0.0496643338808032,0.0443747319124864,0.0549671127630461,0.0381190039113016,0.0352038840438667,0.0414317945792101,0.0472181454185258,0.0410301016139627,0.053693581597182,0.0401041390914359,0.0343151776843686,0.0461082556078203,0.0234042317771803,0.0214347129364829,0.0254207448370932,0.0166586465149372,0.0133246590527858,0.0202543286032863,0.00712343529673329,0.00509074041611225,0.00923657786885286,0.0396159297359931,0.0303613202349502,0.0494577935738142,0.0103847731545507,0.0084645635591132,0.0122607843514626,0,0,0,0,0,0
"237","2021-11-08",0.209806342857575,0.198499372917302,0.220713382125313,0.111712183020177,0.102358598380819,0.120991354487313,0.121338807341556,0.112387319152134,0.129854934328135,0.110921706490772,0.101500695396113,0.120637542563888,0.0566652542018118,0.050115115352198,0.063785838546395,0.0546275327361379,0.0495561101804765,0.0598101402684725,0.0334273744904812,0.0284575234037978,0.0386901964000204,0.0495907529850377,0.0443913372965599,0.0546984267810571,0.0381419124692172,0.0352468994465095,0.0415001237470135,0.047268129289545,0.0409858842270227,0.0539463791987923,0.0399994941236777,0.0339929219463722,0.0460782474694502,0.0234212816645675,0.021426370107728,0.0254524547543519,0.0166722638265424,0.0133295246516891,0.0203951725152555,0.00715337911072798,0.0051237413137953,0.00922969718518982,0.0399169869599166,0.029599924246596,0.0500521248797899,0.0103803786022045,0.00848691237512206,0.0122354147706801,0,0,0,0,0,0
"238","2021-11-09",0.209682206104607,0.198461354933376,0.220409716298264,0.111375551537198,0.102166351566456,0.12078944316366,0.121236836458354,0.112287738142108,0.129755895561809,0.111044969247153,0.101558108079319,0.120542298703521,0.0567874047211103,0.0502274973855597,0.063723083628365,0.0546257650501414,0.0495204319602576,0.0597468154978095,0.0335109404882084,0.0284900399143313,0.0387505088637004,0.0495130354584094,0.0443849748867416,0.0547209187153862,0.0381663773639189,0.0352084103255817,0.0414953620380914,0.0473028595723701,0.0410630989888786,0.0538130203729196,0.0399142705694076,0.0340030572618437,0.0459078416238192,0.0234415512403007,0.0214766781491075,0.0254822440395031,0.016689077582299,0.0133590333955916,0.0203911056096754,0.00718332049666777,0.00519161268133417,0.00932347468093196,0.0401899954515423,0.0297585373805979,0.0511524923430752,0.0103795090730003,0.00846416349392387,0.0122274778953365,0,0,0,0,0,0
"239","2021-11-10",0.209529220665885,0.198396422361365,0.220468303936502,0.111052187281434,0.102035347982379,0.1202185580818,0.121144891923624,0.112416348739535,0.129722259865037,0.111186689480428,0.101768981541985,0.120779622254097,0.0569211865621556,0.0505760668528858,0.06374057905541,0.0546121680266149,0.0495459131633681,0.0597140849720226,0.0335712079274082,0.0285985662326427,0.0387633692018474,0.0494853236266222,0.0443421258985751,0.0547848471206001,0.0381940671660118,0.0351969683503624,0.041435249846477,0.0473204112106124,0.0410247186228498,0.0539073608804831,0.0398327707632941,0.0337935860438676,0.045935550187744,0.0234538601773239,0.0214885957725225,0.0254880535496982,0.0167154775714091,0.0133425389056903,0.0204058998535596,0.00722384964209374,0.00520643065564526,0.00929603257635232,0.0404895527702844,0.029700530125996,0.0513621093059644,0.010374738835333,0.00847807131323564,0.0122059757059999,0,0,0,0,0,0
"240","2021-11-11",0.209321942643036,0.198245079359529,0.220153827659739,0.110691562630474,0.101625419840027,0.119860018703887,0.12109294197241,0.112246289763067,0.129349300336862,0.111279054727661,0.102221064381477,0.120957652221345,0.0570724529959869,0.0506365680985697,0.0638844982159507,0.0545692288636772,0.0494341438090111,0.0597697839873819,0.0336469089670206,0.0286302890745273,0.0388570266183085,0.0494050678790487,0.0442030617606023,0.05463942425774,0.0382118174029563,0.0352528225412469,0.0414744798483626,0.0473286853300729,0.0410347745786697,0.0540087282861047,0.0397538998032793,0.0337725178357445,0.045971528758783,0.0234672136762329,0.0215034998422462,0.025514393615581,0.016743677509097,0.0134421638768935,0.0204689436911465,0.00726490917239592,0.00530456625476785,0.00930878409721845,0.0406821538491252,0.0295994269376839,0.0513607081990493,0.0103689496137558,0.00851273885556661,0.0121991311592588,0,0,0,0,0,0
"241","2021-11-12",0.209174721941786,0.198069727021314,0.219775006265444,0.110376947283881,0.1015801371454,0.119140665943886,0.120962759439708,0.112029453590637,0.12925957128535,0.111446098032927,0.102074170632461,0.121432849519462,0.0572213764453551,0.0509491974555321,0.0636504251983336,0.0545395784670404,0.0495358846188034,0.0596422051714154,0.0337121013990832,0.028748605472936,0.0389602956441481,0.0493402079058534,0.0441780706530805,0.0545180468216515,0.038243818838174,0.0353474990446803,0.0415421704410239,0.047350818527378,0.0411176960093375,0.0538236069397408,0.0396725537624193,0.0337397059041056,0.0457061968148899,0.023486332414496,0.0215626022213205,0.0254970102424021,0.0167715804779572,0.0134537711154779,0.0203831479892259,0.00728678586759598,0.00528168200309299,0.00929299202717478,0.0409726733428735,0.0305383890575576,0.0513096879166101,0.0103651959812141,0.00850947876097105,0.0122370880421059,0,0,0,0,0,0
"242","2021-11-13",0.208945886101487,0.198354919466473,0.219479034076294,0.110053122229401,0.101212702054452,0.118496811082781,0.120874573780677,0.111805327297568,0.129274528227888,0.111504258919606,0.102332902864799,0.121206687285469,0.0573769864481458,0.0510724026568748,0.0638076315558921,0.0545413657962672,0.0495534892483342,0.0595974961298103,0.0338010078263482,0.0287962938628395,0.038867578010199,0.0492654262539862,0.0441867169165003,0.0545159512841971,0.0382661782644522,0.0353766885107228,0.0415771434475853,0.0474123393529593,0.0411626919038362,0.0537736895941218,0.0396262743608899,0.0338628958121088,0.0457214124720581,0.0234977867943145,0.021539055949426,0.0255406413477379,0.0167960701311004,0.0135233614032381,0.0203298560565146,0.00733541392983656,0.00542473245158157,0.00930989150787692,0.0412260348244932,0.0319600784039455,0.0505779538917432,0.0103664677182315,0.00848341874199591,0.0122231383038861,0,0,0,0,0,0
"243","2021-11-14",0.208828773980937,0.198196503307263,0.219417856558377,0.109689236774874,0.101169971757136,0.118087955814883,0.120817941121385,0.112155681665602,0.129147625239048,0.11165490374371,0.102693208395991,0.120898430294543,0.0574887641847306,0.0513353632574693,0.0636977178608474,0.0545190254494437,0.0494375904477338,0.0593964729969015,0.0338889756701236,0.0291824133497332,0.0389056779294821,0.049196662487429,0.0440459743866475,0.0543037235407728,0.0382717369360928,0.035430537829257,0.0415481323114158,0.0474467671941724,0.0414745388411827,0.0534113160902974,0.0395768531433253,0.0338891087733788,0.0454224509722221,0.0235097100492918,0.0215592789121203,0.0255607895104667,0.0168103936637335,0.0136436761000244,0.0203886988686635,0.00736046010116593,0.00544547826037986,0.0093598337261625,0.0414435974314325,0.033539176362321,0.0494019203305635,0.0103604077458072,0.00852035655476565,0.0121839853701865,0,0,0,0,0,0
"244","2021-11-15",0.208457156759286,0.197783146523882,0.218964276640777,0.110041973289885,0.101252675843226,0.118912172880398,0.120749807736344,0.111908073691649,0.129145348490914,0.111659435069981,0.102733634938288,0.121355723793463,0.057650922502115,0.0512818717395899,0.0639641595616594,0.0545272800556149,0.0495207980607583,0.059397774723111,0.0337232294863813,0.0289121627176658,0.0386344359330688,0.0492421780314355,0.0439016363683756,0.0545669522545496,0.0382558511040249,0.0353527815252913,0.0414589048086212,0.0473852817824154,0.0411325620969272,0.0537084778138725,0.0397560151875062,0.0337757312116655,0.045761486313856,0.0235213841223212,0.02152239704263,0.0255925268244219,0.016743344266095,0.0134694514224985,0.0203374293161896,0.00740396425388643,0.00545354223958436,0.00943068909776944,0.0419099393076171,0.0321557503954252,0.0511994891263498,0.0103566003298851,0.00857246735975686,0.0122167314209026,0,0,0,0,0,0
"245","2021-11-16",0.2081056812569,0.197149573154585,0.219021767716884,0.110390116489618,0.101549072548419,0.119088969149292,0.120691225739917,0.111648303511301,0.129073078695379,0.111695127394244,0.101992579441391,0.121393420175792,0.0578200421068401,0.0511031863607643,0.0644759881230763,0.0545306303829677,0.0495179548212514,0.0593742530820702,0.0335692761836853,0.0285867641800455,0.0386660660671208,0.0492934725912133,0.0440105974583598,0.0545307500283932,0.0382243792796196,0.0353444565373095,0.0415247367754108,0.0473366054241796,0.0409289497125134,0.0538540449069411,0.0399334361936251,0.0338381008764318,0.0461888057316224,0.0235287598711562,0.0216245385314059,0.025533042905417,0.0166650748015177,0.013294003029709,0.0202582223609658,0.00745248607085722,0.00546931751933808,0.00950940928322119,0.0423714845292461,0.0311163818759184,0.0532951945553782,0.010350846750151,0.00851069327335749,0.0121994959439964,0,0,0,0,0,0
"246","2021-11-17",0.207694464533968,0.196829649789153,0.218653705162195,0.110737940045105,0.101654009810706,0.119398629463346,0.120643857810771,0.111615871126467,0.129205146903629,0.111691776680548,0.101687753198111,0.121698355087712,0.0580049421582455,0.0512921130624619,0.0648155068975554,0.0545233853528106,0.0493387761331092,0.0595896004402702,0.0333852761685187,0.028243092972819,0.0383879034216544,0.0493359304779393,0.0439634544032184,0.0545233770781025,0.0381996081565657,0.035272936835351,0.0414171936656395,0.0472725799585809,0.040681988821374,0.0539977680111391,0.0401001446257861,0.0339481327047914,0.0463439179919283,0.0235388844178311,0.0215470754328344,0.025573333607424,0.0166072825997064,0.0132445575349254,0.0201937060346113,0.00750811089141205,0.0055268746586538,0.00954904299531155,0.042749457661329,0.0306631165813939,0.0548415533995506,0.0103450428901361,0.0085283108671963,0.012234735258589,0,0,0,0,0,0
"247","2021-11-18",0.207328861929624,0.196644701298169,0.21828247950443,0.111111716230035,0.102024288773083,0.120005931076367,0.120520842577457,0.11114339411675,0.129232559689959,0.111661874957665,0.101504106910703,0.121647537559321,0.0581752801702047,0.0513747218606414,0.0650393311435432,0.0545074651057725,0.049512179590799,0.0595508125547038,0.0331846812917543,0.0282180848569256,0.0382098153052566,0.0493816567049877,0.044165427079976,0.0546043721695486,0.0381758264324541,0.0352518445687947,0.0414166257969868,0.0472109651999277,0.040543088034018,0.053961455609371,0.0402803079738727,0.0339463165172528,0.0466172684606951,0.0235472967313545,0.0215535661096802,0.0255606342080393,0.0165464919611468,0.0132075588053884,0.020127336140067,0.00755933288889128,0.00556880203699056,0.0095736844683914,0.0432754051160295,0.0304134490145059,0.0563068177493841,0.0103409870828705,0.00850829278296589,0.0122090703298072,0,0,0,0,0,0
"248","2021-11-19",0.206920163336101,0.195829653243755,0.218147493104354,0.111445754403485,0.102336562715704,0.12041358971893,0.120507614735169,0.111483432925034,0.129202515422608,0.111653443255511,0.101749680629175,0.121967020142102,0.0583239110519234,0.0515289836929462,0.0652927804415572,0.0545193634718972,0.0492982769829211,0.0596489987530459,0.0330251349611807,0.0280340587004411,0.0379316377635996,0.0494327726808534,0.0440786469692516,0.0547313980057367,0.0381531553042893,0.0352645274833031,0.0413844836077968,0.0471525082972982,0.0404901226171681,0.0541160226365424,0.0404323194882797,0.0340653948376065,0.0470243929523425,0.0235555180075764,0.0215109351737531,0.0255917324798912,0.0164861591811415,0.013136466359104,0.0201181530666804,0.00761184710303117,0.00558343503393516,0.00968788248337279,0.0437134713236798,0.0303924807079826,0.0569970531156268,0.0103376450454123,0.00851013109449252,0.0122114461669893,0,0,0,0,0,0
"249","2021-11-20",0.206580272922232,0.195510177859657,0.217666374468346,0.11180728992616,0.102543580363818,0.120784546893704,0.120474251121974,0.111261609985507,0.129353794972197,0.111685078794813,0.101433405195635,0.122080603764654,0.0584809767421419,0.0512867881404399,0.065373999151465,0.0545310558606154,0.0493750699292334,0.0596042429318711,0.0328483078835846,0.0277353744090785,0.0378377776823045,0.0494794930125302,0.0441523561817489,0.0550077540735014,0.038124391779623,0.0352178928819446,0.0412615745796106,0.047095368281759,0.0401285672435865,0.0542079887111625,0.0406218767863743,0.0344174436176238,0.0471696209513548,0.0235642565561772,0.0215614556130235,0.0256079769937325,0.0164138155939062,0.0130662852851313,0.0200172503679677,0.00765027573652684,0.00558223566724306,0.00970703304543717,0.0443257184646394,0.0304539934307801,0.0580043709368052,0.0103312172165051,0.00848687742148299,0.0122313488863661,0,0,0,0,0,0
"250","2021-11-21",0.206179246140551,0.195272961206371,0.21740679616205,0.112175094013305,0.102721788839478,0.121238863085785,0.120432050043079,0.111162215092605,0.129249468479747,0.111634123262238,0.101044264399728,0.122300542131577,0.0585956744725171,0.0515759711746925,0.0656709050451417,0.0545363893729006,0.0493626121708638,0.0596978097107864,0.0326707705050501,0.0276579646570371,0.0376218559305179,0.0495349231636214,0.0442322732422113,0.0548704624926791,0.0381061810057926,0.0351577413628156,0.0412219455049916,0.0470415466467203,0.0403700237224257,0.0539312601265273,0.0407499130775738,0.0343949628340167,0.0472420651360951,0.0235701047334186,0.0215672883076302,0.0255604345331027,0.0163531273065488,0.0129908688914527,0.0198488165003356,0.00769382913767694,0.00560624552043294,0.00985748377005613,0.0447555712102496,0.0311984613378443,0.0584808600885684,0.010325982126713,0.00850858565951619,0.0122464114616114,0,0,0,0,0,0
"251","2021-11-22",0.205816802925221,0.194725020482257,0.217206782953996,0.112501218679756,0.103542609682566,0.121674158435519,0.120392043505615,0.110871964112043,0.129460624321574,0.111608839403788,0.101600466271261,0.12219289552707,0.0587944125839935,0.0517726729706872,0.0658302700043742,0.0545422415516468,0.0493113913427631,0.0597749581558408,0.032511168782413,0.0277198670672714,0.037518493384346,0.0495847427878447,0.0442394489794258,0.0551206192142516,0.0380929020536727,0.0351232071943845,0.0412484982383827,0.0470009202223862,0.0401436297224635,0.0539215366634472,0.0409139538239687,0.0345629032786855,0.0476179952737343,0.0235803639596758,0.0215695960622705,0.025595365562623,0.016290856506136,0.0128611189085829,0.0199584941445983,0.00773748112126697,0.00570195017820766,0.00987349532502912,0.0451002609374872,0.0317061856616154,0.058791236691011,0.0103165578609594,0.00845041096597761,0.0122584733631885,0,0,0,0,0,0
"252","2021-11-23",0.205426503218209,0.19441468117324,0.216165217999085,0.11286288295113,0.103773666968183,0.122254924782519,0.120308201004209,0.110674981794219,0.129055914245965,0.111629446168185,0.101544240424075,0.122173667404179,0.05894373697596,0.0518598039837628,0.0659938985628595,0.0545610535185338,0.0493019532973088,0.0596486815622118,0.0323580025592192,0.0275147347218825,0.0372037296764218,0.0496074210645625,0.0443084781470685,0.0550200856628752,0.0380821023740482,0.0350733563508352,0.0412855819821772,0.0469126139374627,0.0402263052704403,0.0540098586806536,0.0410768986682619,0.0346408810539164,0.047734793655043,0.0235898709754184,0.0215557101575675,0.0256616609582956,0.0162275819912718,0.0128502478837651,0.0197701610831453,0.00778432831996019,0.00572244142779223,0.00990781232626842,0.0455121572834081,0.0317058899031358,0.0590766270940083,0.0103122863292505,0.00844566194725401,0.0122035916668406,0,0,0,0,0,0
"253","2021-11-24",0.205087560033769,0.194162415074597,0.215673657592302,0.113306559115649,0.104030733799526,0.122649993657583,0.120203959046353,0.110848028559437,0.128967940114165,0.111627455508797,0.101620397331736,0.121996396853265,0.0591037860230664,0.052027105643167,0.0662519745826457,0.0545697936846914,0.0492976081671866,0.059720912556504,0.0321901607291544,0.0274127707962032,0.0370222550460935,0.049671638793367,0.0442878399760868,0.0550878370177784,0.0380519499882031,0.0350051040746607,0.0412629482474198,0.0468429272485529,0.0403573979279413,0.0535940540200368,0.0412775336186965,0.0348960870912219,0.0477095464042629,0.0236001680467154,0.021515921682575,0.025618055121553,0.0161648258880243,0.0127957018605578,0.019624957262554,0.00783408841533217,0.00572152130386028,0.00988172971045775,0.0459811965916316,0.0324222771545209,0.0595223042532596,0.0103029678285274,0.00850179827343831,0.0122412945270302,0,0,0,0,0,0
"254","2021-11-25",0.204725372834895,0.193649225717498,0.215428388772274,0.113642346539928,0.104488231798345,0.123182206435809,0.120157976759604,0.110931020417729,0.128842005894499,0.111611753137309,0.10137875971215,0.121728898579796,0.0592862110189896,0.05218374611177,0.0665488725850617,0.0546004305348884,0.0493073290572466,0.0598233745360153,0.0320122471818176,0.0271550796476197,0.0368150822696381,0.0497177062066977,0.044452435150627,0.0551173370713121,0.0380349046204468,0.0349375664003361,0.0412536701288743,0.0467884521226992,0.0401208031433823,0.0534957356792412,0.0414328975348924,0.0351020866011732,0.0477461410947367,0.0236115337678387,0.0215259945967083,0.025690171173951,0.0160855783607906,0.0128048986721345,0.0195810700132304,0.00787323334755752,0.0057893530087757,0.0100161961500314,0.0464717518892106,0.0333015667122985,0.059276225060351,0.0102989734988137,0.00852234024561722,0.0121870594225776,0,0,0,0,0,0
"255","2021-11-26",0.204355249465844,0.193506951753833,0.215188496240454,0.113969040121536,0.104690904064012,0.123632120362151,0.120103004539558,0.110745326509907,0.128757295763911,0.111597488785533,0.101734789782806,0.121696164900459,0.0594044217407947,0.0524235641015906,0.0662786689523716,0.0546211586188873,0.0494040113154125,0.0598230837656973,0.0318420747142106,0.0269178693627072,0.0365432637014822,0.0497585305173158,0.0444328325264319,0.0551305851360216,0.0380122744392066,0.0350238171497116,0.0411160905392343,0.0467333861993621,0.0401974108986632,0.0532079773336629,0.0416052808710638,0.0353894406596126,0.0478041398227183,0.0236205861593248,0.0215606937907207,0.0256752885819887,0.0160162432352321,0.0126037245642095,0.0194113582907006,0.00791820226244392,0.00580765473733139,0.0100259395628281,0.0469420668654007,0.0348849540133808,0.0594147643088157,0.0102900925916466,0.00851207734772576,0.0121711831679617,0,0,0,0,0,0
"256","2021-11-27",0.203977721999674,0.192948501093818,0.214528223488333,0.114285857864769,0.1050347923258,0.123634276057676,0.120021043014773,0.11065176994294,0.128763797713285,0.111557168243421,0.102004001427109,0.121363491237818,0.0595371521081559,0.0527882366310755,0.0664527212025379,0.0546255683128693,0.0494271162936224,0.0595922490825525,0.0316691785235829,0.0268639282145656,0.0361503310347085,0.0498282561409217,0.0447281911181589,0.0551909726617536,0.0379996463245831,0.0350242709280061,0.0411640931751527,0.0466717887129133,0.0402739682124156,0.0529462660455791,0.0417609225278118,0.0357801467366951,0.0479188652409162,0.023632273635162,0.0215823447038879,0.0256789871411571,0.0159557181899055,0.0126575015288901,0.0191925402848775,0.00796384557391872,0.0058201008773761,0.0100041605992233,0.0475358034186773,0.0365543726006144,0.0588083675341625,0.0102760764692982,0.00854386468918105,0.0121667109557725,0,0,0,0,0,0
"257","2021-11-28",0.203561466797152,0.192857457428667,0.213902895349361,0.114618419346322,0.105645189479619,0.123712221515623,0.119959638296447,0.110371288981567,0.128516858245183,0.11155913215434,0.102171611158873,0.120882297548338,0.0597138091157412,0.0529636610415715,0.0662339766449057,0.0546287415306284,0.0494731757895276,0.0597855097636357,0.0315166989415781,0.0267903008498348,0.0360763983437021,0.0498757551456152,0.0447785871333904,0.0552605903924267,0.0379828590877045,0.0349434189781368,0.0411016487879795,0.0466401474908897,0.0406795843746355,0.0528463117790298,0.0419143785296927,0.0359337727221336,0.0481331046954004,0.023638781938149,0.0215389698077325,0.0257170873743054,0.0158991559615893,0.0125788993593123,0.0191356442638809,0.0080075647244357,0.00589077494525553,0.0100017717623158,0.0479364237988372,0.0381430009934237,0.0577322575383553,0.0102701448396835,0.00851926200571385,0.0121456673974445,0,0,0,0,0,0
"258","2021-11-29",0.203102510554835,0.192412148173395,0.213582570856604,0.114806954521124,0.105900460756548,0.123855084004512,0.12000516664332,0.110938117236873,0.128390792372668,0.111398463671511,0.101959815386021,0.121051153774327,0.0598211037366855,0.0529653227478697,0.066657081008204,0.054601351424143,0.0494350354370828,0.0596917342559222,0.0313775248240702,0.0266920597399618,0.0359597172894681,0.0499398219629048,0.0448335829288238,0.0552684763813569,0.0379728625086026,0.0348363558657754,0.0410870309955923,0.0468405022683199,0.0404641773524547,0.0531664507303666,0.0422387044439062,0.0361416534130183,0.0486353449677996,0.023648205321682,0.0215202134460331,0.0256793232847978,0.0157974439381078,0.0124929108270651,0.018972062898862,0.00807510616403062,0.00593112367770503,0.0101055243601608,0.0485271999904692,0.0377668666434195,0.059153693904338,0.0102640656723061,0.00848014442931499,0.0121473308676337,0,0,0,0,0,0
"259","2021-11-30",0.202712209182089,0.192150214826432,0.212997527154017,0.114943754427247,0.106209773910763,0.124045063675122,0.120029342582502,0.110937513786785,0.12860446704986,0.111199003710637,0.101584215471978,0.120966107978672,0.0599637388764438,0.0533021861223676,0.0671802114405613,0.0545806076697945,0.049296120895969,0.0596057892604141,0.0312634270817012,0.0266083053985323,0.0359408599822543,0.0500256476477951,0.045020306157709,0.0553988478373513,0.0379575365281687,0.0348590673814394,0.0410214101029884,0.0470685214011261,0.0408295734517961,0.0533183420413397,0.0425387357352938,0.0363919080572676,0.0488037006125108,0.0236521065663037,0.0215332621487381,0.0257056248166799,0.0157147519876017,0.0124504637012593,0.018873776749672,0.00813541976527268,0.00597622207867113,0.010194551069034,0.04922702208878,0.0382710286839038,0.0603294932723029,0.0102625628235862,0.00847284434480312,0.0121040727740235,0,0,0,0,0,0
"260","2021-12-01",0.202277038096462,0.192018576930235,0.212660336546977,0.115170752221812,0.106662805120763,0.124503223077002,0.120100057277205,0.111031255047267,0.12875364155883,0.110978870037163,0.10154681586875,0.120598789814649,0.0600885791232122,0.0533768374267863,0.0671656664919399,0.0545681090431311,0.049371780256324,0.059666907731857,0.0311112247938957,0.026361664107106,0.0356473826892855,0.0501154708981579,0.0448371229838304,0.0554589627288717,0.0379380379363869,0.0348471270716299,0.0410729432337826,0.0473073527748426,0.0411271365759998,0.0534741409478628,0.042862864752423,0.0365999454205961,0.0491965376151293,0.0236601645964938,0.0215120802748388,0.0256806186368544,0.0156059548552973,0.0123300292955717,0.0186898513365772,0.00820845401835579,0.00604881610246323,0.0102987006189036,0.0498308385538265,0.0387685583575146,0.0611398360117506,0.0102629101570958,0.00848011463544028,0.0120499990013391,0,0,0,0,0,0
"261","2021-12-02",0.201852378795946,0.191398908428205,0.212091494361974,0.115350481432485,0.106634678136385,0.12450447496582,0.120151187113518,0.111222176867762,0.12865263220103,0.110756431103465,0.101379150538363,0.120049506534764,0.0601961058651637,0.0536502593846838,0.067206139424113,0.0545136895006187,0.0493417812197049,0.0594787918224619,0.030957773653916,0.026257402003188,0.0355503017701714,0.0501838959446924,0.0449562579024566,0.0554173396986657,0.0379272732483609,0.0348870750398134,0.0409936443007994,0.0475746172649828,0.0412606887420545,0.0538431448451646,0.0431640871089634,0.0369743238147296,0.0495652281897636,0.0236673560794246,0.0215181782370993,0.0257202260901188,0.0155009457490143,0.0121556108598853,0.0186017124956828,0.00828642785965226,0.00610296564171905,0.010373846073612,0.0503302086919978,0.0391806460139254,0.0616315127364997,0.0102585080590435,0.00850470128175562,0.0120671956485051,0,0,0,0,0,0
"262","2021-12-03",0.201447232756996,0.190859534099079,0.211379563887769,0.115508753164682,0.106624531635815,0.124647290446394,0.1201660191916,0.111075333865308,0.128611873742574,0.110571028320364,0.101185548588781,0.119546099345013,0.0603028636089223,0.053773234115267,0.0672480156157375,0.054467391073441,0.0494436878577689,0.0594933098070772,0.0308690490828241,0.0261798045638224,0.0353782610882046,0.0502205629126532,0.0449331643568372,0.0553707758028989,0.0379141976786336,0.0348192422857822,0.0409309520213133,0.0478336948808911,0.0416943490447141,0.0542358921126172,0.0435009319074568,0.0373373254265481,0.0495945529069131,0.0236802824781798,0.0215854162824958,0.025772779445603,0.0154117283070014,0.0121441474368758,0.0184764717682291,0.00836124380453328,0.00628639848721617,0.0104718626665929,0.0508307612049187,0.0397140734203555,0.0623531714543714,0.0102586619753928,0.00851301476812645,0.0121053698879648,0,0,0,0,0,0
"263","2021-12-04",0.201001933689766,0.190711013514382,0.210927353696723,0.115669288526653,0.106951488472813,0.124740347931022,0.120233293798417,0.111195017798068,0.128540758017493,0.110330379098274,0.100984847404864,0.119337258549172,0.0604202280212191,0.054103359559449,0.0673114719578499,0.0544568775381723,0.0493456552464966,0.0594657103892195,0.0307337988644118,0.0262067160602019,0.0354161546492398,0.0502860685748139,0.0451574996031202,0.0554121093085971,0.0379135432260046,0.0348479992618005,0.0408957515579372,0.0480781967573737,0.0418767724749084,0.0543632847182787,0.0437985288445748,0.0377600305225626,0.0495533505584396,0.0236878857043054,0.0215735338744957,0.0257117589902705,0.0153239129915634,0.0120817462675267,0.0184131773015513,0.00842741332378561,0.00635331416865696,0.0105463345696257,0.0515020203928713,0.0415775490831781,0.0618902871507642,0.0102571145887466,0.00849790291272147,0.0120771155325039,0,0,0,0,0,0
"264","2021-12-05",0.200596296828669,0.190504453131809,0.210520642012694,0.115778875903055,0.107079273944979,0.124542920403686,0.120330245646534,0.111736948366113,0.128504452099439,0.110123407918656,0.10049566533834,0.119102201857578,0.0605559297033569,0.0541330204833504,0.0673382859549531,0.0544346315663276,0.0493685435911678,0.0595268980419849,0.0306004819103711,0.0258614620424449,0.0350316332960356,0.0503525224837194,0.0453190518550322,0.0554387109543397,0.0378978612502923,0.0348166279841249,0.0408314365658959,0.0482805050020646,0.0421592979694544,0.0544809217594608,0.044118520846523,0.0382919456019163,0.0499257533986864,0.0236920649627627,0.0215174936416421,0.025733240548695,0.0152423352251556,0.0121214601176407,0.0182194615915712,0.00848995149852162,0.00648671391152657,0.0105758743963346,0.0521124503648991,0.0432871300811644,0.0613364217118775,0.0102562647493453,0.00845369458794709,0.0120952622562871,0,0,0,0,0,0
"265","2021-12-06",0.200311675588229,0.190362411731986,0.210431111461902,0.115655015012209,0.106929752313637,0.124472070624598,0.120578348108276,0.111677158570084,0.128781209020428,0.11013349107535,0.100694105377265,0.119700933115712,0.0604257515370921,0.0539529243081636,0.0674690686101668,0.0544834637500383,0.0493550257396708,0.0596308445858323,0.0307349639153076,0.0259435880789261,0.035388081293136,0.0504200100900722,0.0455279960818047,0.0555790378413689,0.0379260871120785,0.0349294273888123,0.0409239977509277,0.0481395804926422,0.0418639424025277,0.0547067209426722,0.0443607760719166,0.0384064416409848,0.0503780356388185,0.0237035346138232,0.0215040774832807,0.0257601092107665,0.0152722344162733,0.0122019286921696,0.0182931507144479,0.00850352588763579,0.00641425522040338,0.010582587938435,0.0510281760035728,0.0405589147688465,0.0621817577425719,0.0102478521957971,0.00843460511019722,0.0120692512440908,0,0,0,0,0,0
"266","2021-12-07",0.200031513557986,0.189877314572295,0.210434250520983,0.115606501600779,0.106633494760539,0.124834859606872,0.120858455703965,0.112072093147134,0.129209835004337,0.110163951989601,0.100672053853126,0.119948358890713,0.0603714041910663,0.0537830085144955,0.0676984458948301,0.0545052841441687,0.0493948880921443,0.0597341359582362,0.0308471916434175,0.0261367603884161,0.0355405132622969,0.0504750291035561,0.0453913287079762,0.0557410194423403,0.0379481530282993,0.0349557187824957,0.0409186121340692,0.0479783379550779,0.0416925881759327,0.0546203511978459,0.0446101704189066,0.0383131607723853,0.0507845456842827,0.023713461316794,0.0215299726658425,0.0257349943375167,0.0153287868618711,0.0121817195952566,0.0183294368059657,0.00851133914442329,0.00637002865240637,0.0106525463627555,0.0498707791577217,0.0386745850658007,0.0611465110415148,0.0102406277259218,0.00841739270126218,0.0120877717900191,0,0,0,0,0,0
"267","2021-12-08",0.199813598156972,0.189503097987478,0.210357305125254,0.115525728064155,0.106308388796105,0.124781723033715,0.1211306786436,0.112105428948924,0.129528875611926,0.110171647299647,0.100641427721962,0.119538605467118,0.0602626207075432,0.0536444495031571,0.0675624038260979,0.0545305201414908,0.0493084870845669,0.0600251171022371,0.0309759195991301,0.0260788608723846,0.0356641632191285,0.0505375659592381,0.045342815471628,0.0558384370622149,0.0379675786218202,0.0349080670252039,0.0409909217238549,0.0478145117851492,0.0414271062971862,0.0545331421304281,0.0448451015077442,0.0383932265367106,0.0510955467459501,0.0237275595024442,0.0214873278025782,0.0257649008418284,0.0153637030131501,0.0120381004184187,0.0184086962051654,0.0085275463047782,0.00640177627639002,0.0106366460930003,0.0486762328205119,0.0365586427263308,0.0608731436248927,0.0102329830718201,0.00843748172307789,0.0120400569687536,0,0,0,0,0,0
"268","2021-12-09",0.199530398476525,0.18910007127644,0.210271374123307,0.115549206706878,0.106253709568126,0.125199635534685,0.121379209557241,0.112315377976854,0.129864405956615,0.11018708742576,0.100432579605278,0.119779374258035,0.0601532329123577,0.0532519967438565,0.0674549743403765,0.054562097018645,0.0494251142936379,0.0598093058599036,0.0310967614203941,0.0261183012558712,0.0359487934535381,0.050614829300555,0.0454214049589275,0.0559109022333298,0.0379976025292709,0.0349560170675657,0.0410489498992787,0.047664371685708,0.0413215970201137,0.0542384421006702,0.0451184904825588,0.0387718399327601,0.0515979944806804,0.0237366326240825,0.0214608909264044,0.025755775913243,0.0153963113865863,0.0120268477759665,0.0185535232097857,0.00853530478678256,0.00632949309372079,0.0106449194920143,0.0474487883877115,0.0351957848228753,0.0599736721059674,0.0102225679175549,0.00840628920847957,0.012022086307016,0,0,0,0,0,0
"269","2021-12-10",0.199256319807618,0.1883378063203,0.210015879583836,0.115414977196922,0.106237080787255,0.124936288521771,0.121604949480154,0.112123129026887,0.130165654614639,0.110200783911236,0.100268197702433,0.119827008896306,0.0600798701449579,0.0530691054568308,0.0674430118441241,0.0545774682726083,0.0494211064450839,0.0597776503458224,0.0312060202418299,0.0262484545066118,0.0361178051842262,0.0506596649755564,0.0453641133291365,0.0558187040109801,0.0380333174428697,0.0349971162373079,0.0410845640089043,0.0475505418001858,0.0413306688977155,0.0544246349362395,0.0453620032767884,0.0391287796502352,0.0518383090576101,0.023744711826462,0.0214596122133152,0.0257831372836728,0.015437693433172,0.0121107225482983,0.018647199263931,0.00854690265115966,0.00637968873299516,0.0106095710038438,0.046289168306217,0.0334820898613678,0.0593937892301404,0.0102175324681278,0.00835877165102427,0.0120376326578904,0,0,0,0,0,0
"270","2021-12-11",0.198999110458907,0.187939197198513,0.20980444904778,0.115333421840631,0.106114896195772,0.12520739943186,0.121880638305644,0.112718773666809,0.130621515340226,0.11025318297448,0.10029193424747,0.120152828841362,0.060003345201618,0.0529409860281578,0.0675441589258182,0.0546038714513384,0.049314172342693,0.0600591180102093,0.0312998567598609,0.0263915438722543,0.0363071368307206,0.0506999528474581,0.0453628464252178,0.0558745183734082,0.0380615917276591,0.035115831147705,0.0411621063429859,0.0474126049978608,0.0410028209943974,0.0541146167134027,0.0456234899929449,0.0393313419157591,0.0521386780296446,0.0237572667867094,0.0214796104816802,0.0258091944660944,0.0154602172908542,0.0120969219695383,0.0187534838058743,0.00856898908686663,0.00637873838885177,0.0105991840193898,0.045108854277348,0.0320972637268975,0.0587910451157711,0.0102131828573551,0.00837740013217228,0.012004457138312,0,0,0,0,0,0
"271","2021-12-12",0.198736086807513,0.187841942144283,0.209553414543997,0.115264700080521,0.105816964126061,0.124872635628527,0.122173758188421,0.113193292251808,0.130915604851064,0.110270982052045,0.100377585655155,0.120115749783197,0.0599304705937908,0.0527866466513055,0.0673290015939438,0.0546251857415423,0.0494020053522697,0.0599124112838708,0.0314328304036647,0.0265780923305876,0.0365395956927423,0.0507499617896122,0.045334108684241,0.0559674402471219,0.0380878381499526,0.0351494339586242,0.0412008279997741,0.0472431154421846,0.0409206642941789,0.0541005591431976,0.0458639113657951,0.0395182872330223,0.0521957577475545,0.0237682299746831,0.0214829823483745,0.0257872461987277,0.0154832507012255,0.012176976099523,0.0187674329930778,0.00857616586133825,0.0064135411178491,0.0106015624515365,0.0439530170034436,0.030564145786956,0.057277158408283,0.0102077865425567,0.00835084764193452,0.0120146784899368,0,0,0,0,0,0
"272","2021-12-13",0.198429697398071,0.187937367638762,0.208921595824211,0.115120784937485,0.105841159156382,0.124846215412758,0.122438811367826,0.113355042421865,0.131269638026198,0.110258832087966,0.1003108033797,0.120183618253195,0.0598615523113611,0.0528872757350097,0.0671120716975471,0.0546528978455331,0.0494418029105998,0.0600532056110038,0.0315489348998693,0.0267608804836331,0.03667287562235,0.050783011189542,0.0455462962420508,0.0560307591303773,0.038119374062007,0.0351215420032593,0.0412354845127269,0.0470374172083159,0.0404831546456127,0.053989831473364,0.0461318216606676,0.0396972799172155,0.0524770565547447,0.0237777940941231,0.0214628426931939,0.0258156087375704,0.0154946238995421,0.0121372737276513,0.018711743802105,0.00859440701258336,0.00639852933892323,0.0106709896052492,0.0427682871650805,0.0298089428962506,0.0555858508126445,0.0101968754790106,0.00834015139000233,0.0119818140113356,0,0,0,0,0,0
"273","2021-12-14",0.198129129298041,0.187857245473342,0.20848284876968,0.115085172661496,0.105446419200474,0.124768089623491,0.122715870075496,0.113733043708625,0.131663035052406,0.110285690791144,0.10025651918429,0.120116922780658,0.0597613953194038,0.0527887038211579,0.0669780711159858,0.0546771811404443,0.0493126109699237,0.0599705584838551,0.0316804195586483,0.0268002610819592,0.0367087540942078,0.0508269234231046,0.0456472047600911,0.0562255875290713,0.038157853461541,0.0351148312527269,0.0412717438697913,0.0468944468876347,0.0402459842875419,0.0536049588363251,0.0463309558078466,0.0402471181723839,0.0525695082484462,0.0237894691939192,0.0214941476583981,0.0258211923017144,0.0155191507084519,0.0121092726313966,0.0187985020816208,0.00860561778607034,0.00644726280091012,0.0106625873797074,0.0414715698258449,0.0289909388988746,0.0541530736106773,0.0101889636179234,0.00835283257888507,0.0119920771207861,0,0,0,0,0,0
"274","2021-12-15",0.19786535663587,0.187577720741284,0.208317294589276,0.114975157450072,0.105501681289014,0.12452874613781,0.122953542724403,0.114126996835123,0.131999153859129,0.110256647091185,0.100447776757614,0.120030180337761,0.0596794358949027,0.0525920360696488,0.0667605997161867,0.0547062976448983,0.0494937595465428,0.0601112553101477,0.0317908495907962,0.0268987603193145,0.0366478081315478,0.050891369430079,0.0456719939529544,0.0562020249884337,0.0381986264858766,0.03519677684557,0.0413125916222095,0.0467195975638713,0.0402376248609327,0.0534314601172923,0.0465562772499532,0.040529908752411,0.0526986500806224,0.0238028859400917,0.021486115585637,0.02584587325524,0.0155438489706008,0.0121956173616273,0.0188041233171126,0.00862095357265054,0.00650746560690624,0.0106594220024186,0.0403164926599273,0.0284840624927401,0.0518660835542175,0.0101839933503125,0.00830776586133378,0.0119967629196631,0,0,0,0,0,0
"275","2021-12-16",0.197632267761934,0.187350869273088,0.207788259589375,0.114922184624416,0.105247828530256,0.124350823008877,0.123231511846367,0.114389677492596,0.131914651295291,0.110222592518603,0.100812972215346,0.1202668088456,0.0595756671405405,0.0524862900794958,0.0665798522087681,0.0547289360447516,0.0495250788261977,0.0600849711342889,0.031942778428448,0.0269458897223573,0.0367679023274561,0.050952474484169,0.0458436247075212,0.0562762145744734,0.0382287392544557,0.0352530721915808,0.0413995688935637,0.0465757289044757,0.0401505660198747,0.0529547595417486,0.0468247252946719,0.0407414287994473,0.0530540073618909,0.0238156401912195,0.0215687179128934,0.0258931168664295,0.015584141186127,0.0124240625892195,0.0188077071505696,0.00863864346868882,0.00648493042823381,0.0106744136248646,0.0390571592336331,0.0283350083466016,0.0494841466500732,0.0101762595756227,0.00833797952478557,0.0120115213358852,0,0,0,0,0,0
"276","2021-12-17",0.197372540224929,0.187136406470393,0.207678977464302,0.1148283196999,0.10529433916494,0.124000596575987,0.123495667064918,0.115078033007832,0.132080954415884,0.110257905304359,0.100477033322288,0.119927484535352,0.0594750806757502,0.0526801100926138,0.0664169741587821,0.0547482368412196,0.0496177406807665,0.0599946474999747,0.0320291250787202,0.0271610407496238,0.0368573405468584,0.0509887214761943,0.0458241335740238,0.056287983538896,0.0382604399332559,0.035260211993411,0.0414346372810152,0.0463775019297909,0.0398629466181698,0.0526230435143344,0.0470729689642752,0.040998529419211,0.0532656751221694,0.0238266203479413,0.0216072459040548,0.0258877957449482,0.0156043041012627,0.0123458544273885,0.0188226678051135,0.00865649382470177,0.0065444448291508,0.0106608395079403,0.03793136841945,0.0284573870273004,0.0476239671690032,0.0101697231321301,0.00832397281143233,0.0119696256859808,0,0,0,0,0,0
"277","2021-12-18",0.197087654144154,0.18676398764476,0.207303168537551,0.114754903891554,0.105260579569515,0.123523825999824,0.123777882555544,0.115450096064525,0.132119912287574,0.110272067037473,0.100839977253444,0.119894386246983,0.0593749513904158,0.0526696319576983,0.0660331777261574,0.0547717727970563,0.0497038763700142,0.0600781558212272,0.0321519827141094,0.0271694365886691,0.0369083966887155,0.0510472109843811,0.0460916152968807,0.0562911739114201,0.0382879987393962,0.0352362549191228,0.0415173852174062,0.0462347154889103,0.0400822388953515,0.0523061362056099,0.0473034048975127,0.0413644414551811,0.0533651262337962,0.0238343246727242,0.0216114183689085,0.0258873235395034,0.0156258474511483,0.0124213831571041,0.0188363013568015,0.00867017262311461,0.00649970173661435,0.0106371148496883,0.0367908207408013,0.0290854613174677,0.0447169486043277,0.0101604548215741,0.00835063747552952,0.0119800093854068,0,0,0,0,0,0
"278","2021-12-19",0.196715111222349,0.186301003107256,0.207069504343103,0.115174952771503,0.106151407785292,0.124075369929552,0.124033377843038,0.115531598874836,0.132684445820724,0.110042957855105,0.100555934640276,0.119685044096614,0.0590900524769722,0.052307553589047,0.065775414603595,0.0546717953635889,0.0495298339778881,0.0599851242555981,0.0323358282431283,0.0274817927451823,0.037098423288056,0.0510421451649421,0.0459755392537061,0.0563716537522175,0.038284087363324,0.0352654155311195,0.0415357105791418,0.0459519452990192,0.0397553622578786,0.0520425560006296,0.0476946653565219,0.0417989887558753,0.053945045184436,0.0238479526712157,0.0216271491539277,0.0258951365498435,0.015763420843738,0.0125443724822149,0.0189476353587587,0.00870103727320052,0.00654668989544656,0.0107557989822975,0.0385609011592863,0.0303541345851566,0.0467820837468783,0.0101549064428306,0.00831435950799963,0.0119712286504115,0,0,0,0,0,0
"279","2021-12-20",0.196525806231342,0.185946301599232,0.206811923187783,0.115317883790563,0.1059288900347,0.124790947836941,0.124185827403374,0.11528213034971,0.132994073747612,0.109851552817949,0.0999176561916065,0.119784075328681,0.0590773765621843,0.0522434227668416,0.0663477498728984,0.0545738013983049,0.0491994708221654,0.0600204436070468,0.0323723592965045,0.0273354286421091,0.0370889204100163,0.0510876375701439,0.0458256946925588,0.0564068895848901,0.0382738296880522,0.0352123397631673,0.0415760428515261,0.0461560228446975,0.0397528709633106,0.052840065674395,0.0479070734416907,0.0418730332007259,0.0541666746316904,0.0238641615876671,0.0216399354795641,0.0259507069974665,0.0158491672409597,0.012582523764829,0.0192741435848149,0.0087643986098494,0.00660281932303368,0.0107596317235298,0.0389141284007634,0.0289136566009142,0.0492033301138071,0.0101482720562942,0.00829633835782137,0.0119862692605103,0,0,0,0,0,0
"280","2021-12-21",0.196258042770891,0.185299762551641,0.206539695753696,0.115490473702044,0.105804604650235,0.125127158145571,0.124312517562374,0.115421891246455,0.133255906548848,0.109625851237553,0.0997401877342457,0.119869343297353,0.0590511366181255,0.0518017387530993,0.0663237924973622,0.0544936876139579,0.0490968075886268,0.0599469962109853,0.0324195000320471,0.0273252536366896,0.0373975774336303,0.0511180778861764,0.0457903705868873,0.0566647782047079,0.0382665023082142,0.0352602657605006,0.0415807234113784,0.046341858144852,0.0397646184248246,0.0530571585863886,0.0480832495399697,0.0417120522175229,0.0546588616798888,0.023878533656845,0.021666820182028,0.0259426231517351,0.0159207937060432,0.0125009221259573,0.0193986563874388,0.00881956982097155,0.00663949132676678,0.0109054026095089,0.0392310691478299,0.0279663171543549,0.0512262632075463,0.0101393426359524,0.0082631430772935,0.0119812692897984,0,0,0,0,0,0
"281","2021-12-22",0.195991307211001,0.184898368531826,0.206552426787306,0.115644142591302,0.105655238694391,0.125946407595567,0.124422908743212,0.115142529818576,0.133481954581964,0.109424507129229,0.0991824740701213,0.119966928887201,0.0590339761935421,0.051782834987652,0.0662920860863856,0.0543971828062204,0.0490348288027565,0.0600005027972345,0.032457192605544,0.027239146466307,0.0375645528905597,0.0511225319967152,0.0456658868958566,0.0568227254456902,0.0382621255530141,0.0352452441633639,0.0416175473069071,0.0465413013409832,0.0395197892381847,0.0536150569694451,0.0482714854753763,0.0417525395584403,0.0551866989472797,0.0238930859970477,0.021709732691691,0.0259230569123728,0.0160122114446858,0.0123582860702035,0.0196249087375589,0.00888510367639604,0.00658292333655519,0.0110013351634296,0.039729375165297,0.0270263788593157,0.0527107177865569,0.0101313364803395,0.008243310733061,0.0120006187581982,0,0,0,0,0,0
"282","2021-12-23",0.195752357879399,0.184408311129346,0.206858669436731,0.115849335981251,0.105887008495899,0.126188758766612,0.124559067158325,0.115422781252648,0.133623999248867,0.109197972630321,0.0988314036433083,0.119920256456667,0.0590323822887519,0.0515299747075891,0.0668999118285539,0.0542939505810068,0.0487464342949917,0.0597981223144379,0.0324929348669569,0.027126597530022,0.0377661746007761,0.0511186893757449,0.0455423651447316,0.0567387825228096,0.0382527505014744,0.0351790223291432,0.0416788239160016,0.0466598498565269,0.0394384050466019,0.05374606224675,0.0484883971294301,0.0418636153840572,0.0554882375334897,0.0239082916794171,0.0217015733126834,0.0259667924757455,0.0160935930145136,0.0124497535087928,0.0196877237940773,0.00894247260420267,0.00667925689432403,0.0111163304486277,0.0402130094619652,0.0259631918852142,0.0536767284710397,0.0101234249824439,0.0082013764484994,0.0119546421095867,0,0,0,0,0,0
"283","2021-12-24",0.195592091104583,0.184077920806249,0.206741569435941,0.115959192924846,0.10560998792031,0.126508893925735,0.124699917009863,0.115215349255219,0.133936487498963,0.108988430856651,0.0985151610132812,0.120249928781179,0.059019950587618,0.0512013867746729,0.067097731063132,0.0541818838635375,0.0486820702169624,0.0596956888209075,0.0325389123101201,0.0269983917299582,0.0377870715828695,0.0511073450234894,0.0454100822453457,0.0567219895022058,0.0382433980939061,0.0351305366975364,0.0417384722659874,0.0468255369200508,0.0394499904500344,0.0539445462241077,0.0486704491554908,0.0418730391590716,0.0558911601760304,0.0239275527242828,0.0217047813929869,0.0259728842721364,0.0161765760130937,0.0124338667171056,0.0198884476148776,0.00899987334438922,0.00672459766596673,0.0111471312357278,0.0406175037787998,0.0261721049057786,0.0556326947319841,0.0101184810428291,0.00821881155812453,0.011902607189115,0,0,0,0,0,0
"284","2021-12-25",0.195337658351164,0.18374807731992,0.206445925630111,0.116127465274548,0.105659673319277,0.126533069737163,0.124833241823404,0.115241273070895,0.134268406502487,0.108763897482099,0.097722269040601,0.120135024896632,0.0590135126042997,0.0511214417689983,0.0668560853717419,0.0540661661737073,0.0484774742476906,0.0596028171187944,0.032583006100981,0.0271249869530849,0.0379436757052908,0.0511249972186996,0.0451481741309193,0.0570226937385727,0.0382491271088122,0.0351075738580328,0.0417178620573364,0.0470023437333119,0.0394010481337466,0.0543113119244676,0.0488683751211663,0.0420461892977053,0.0562413249903709,0.0239411520006463,0.0216864002844115,0.0260115284622054,0.016268248466557,0.0124923007002622,0.0198885916601295,0.00906610709407462,0.00675732627537293,0.0111822536302479,0.0410577024710713,0.0253040230281896,0.0557364688855942,0.0101123561924108,0.00822352107741171,0.0119183473294925,0,0,0,0,0,0
"285","2021-12-26",0.195046271995002,0.18376161728539,0.206236910814518,0.116288243831148,0.105588238946797,0.127221770084903,0.124925918663328,0.115204661610344,0.134340399018329,0.108594380191972,0.0977008793208149,0.11986315797794,0.0590437005387907,0.051073685797662,0.0672185868052985,0.0539920443618351,0.0485251774519811,0.0596775207633616,0.0326168671178397,0.0269544523360589,0.0379560559062819,0.0511204634964592,0.0451608543429091,0.0568425550773669,0.0382447281778841,0.0350548982974851,0.0415887060914973,0.0471816957727701,0.0396424713469597,0.0545907769289449,0.0490404003779221,0.0421893121540663,0.0567547104420923,0.0239486238691566,0.0217378435641389,0.0259430791770468,0.0163656013860137,0.0125409204892501,0.0202000855198863,0.00911879264512534,0.00677613166801267,0.0113417537378052,0.0415409780139233,0.025545378122263,0.0573293609188836,0.0101085836445762,0.00819946738534109,0.0118783964172083,0,0,0,0,0,0
"286","2021-12-27",0.194856751693648,0.183184697700989,0.206045645697922,0.116427201601918,0.105483610186025,0.127364761785423,0.125020614041289,0.11491866809325,0.134514742191752,0.108408469638713,0.0969720536558172,0.120050485407202,0.0590312873448758,0.0509983254051172,0.0672720951534181,0.0539139589796414,0.0481900785376511,0.0594460868739074,0.0326575093246877,0.0270900094771704,0.037942549355535,0.0511172597098114,0.0451575794662215,0.0569397061672909,0.0382495339682894,0.0350866222853288,0.0416464645236205,0.0473203649541247,0.0395326444656445,0.0549090690031657,0.049264741392446,0.0422418904463445,0.0569155501218651,0.0239627598112278,0.0216704691006805,0.0259432929928607,0.0164529307518701,0.0125482784116296,0.0203207107231594,0.00917513814629346,0.00680451838166021,0.0113317426207791,0.0420163627394186,0.0256396080987596,0.058246380729042,0.0101048333139291,0.00819162114740907,0.0118760270980555,0,0,0,0,0,0
"287","2021-12-28",0.194640963579183,0.182840447218901,0.205487594883599,0.116570673142279,0.105422778136096,0.127818956599388,0.125075402954179,0.114719207882064,0.134730962157574,0.108241860778928,0.096920161590135,0.119832577251528,0.0590680376641046,0.0506326891008195,0.0672719949878797,0.053778132373309,0.0481561698625609,0.0593210653920667,0.0327281956744069,0.0272057040022687,0.038142636334612,0.0511299172732874,0.0450935824638617,0.056796093449925,0.0382374523818206,0.0350376734260058,0.0416465818008804,0.0474986556944614,0.0396911023910253,0.0553441507224516,0.0494240463694352,0.0423054210998567,0.057274099102295,0.0239730556876031,0.0216547397734959,0.0260167382271543,0.0165527874455335,0.0126156915922901,0.0204878725094828,0.0092373431561823,0.00685490879199845,0.0114066180588006,0.0424547167116347,0.0256958583466153,0.0592735534991032,0.0101008764973488,0.00818671578936211,0.0119021744771618,0,0,0,0,0,0
"288","2021-12-29",0.194359580874041,0.182304070078518,0.205759803126786,0.116745023431007,0.105619693756533,0.127717095853058,0.125211908674814,0.115091861110041,0.134925546708726,0.108122789711942,0.0966310128105232,0.119809548424067,0.0590473005404477,0.050786897717494,0.0675030462480848,0.0536637556126932,0.0478911637252323,0.0591526911383418,0.032754628735073,0.0269847057099509,0.0381690103805209,0.0511325262251732,0.0452143022816053,0.056924806930562,0.0382241494759314,0.035067532670102,0.0416719967458156,0.0476614083793363,0.0396495759356915,0.0559081807027259,0.0495996047766461,0.0424915541900341,0.0573277052681547,0.0239794019824771,0.0216703316800506,0.026014571981894,0.0166344454643411,0.0126901761405981,0.020615961241868,0.00929754136226713,0.00686089038241193,0.0115473939027172,0.0428928496361107,0.0253956385023952,0.0595635235732998,0.0100920280158028,0.00818270974316735,0.0118745646337858,0,0,0,0,0,0
"289","2021-12-30",0.194150462766088,0.182081166810252,0.205304263797297,0.116874126090864,0.105782401982563,0.127926987674637,0.125327932117469,0.115382350919648,0.134932727447353,0.107904046386959,0.0961333002217965,0.119743913394091,0.0590087089195692,0.0505645666951548,0.0674627077661028,0.0535538960961294,0.0479439289224538,0.0591706397874759,0.0328002733455502,0.0272257512620579,0.0382266162508879,0.0511564476746933,0.0451938270893472,0.0570503587108333,0.0382236796242098,0.0351966866231042,0.0417151224788626,0.0477948701521895,0.0396993700092628,0.0558456200013891,0.0497789998433023,0.0425230811351655,0.0577487345715258,0.023992127406506,0.0217137921683541,0.026016183211148,0.0167211193724379,0.012661876973544,0.0206651248563351,0.00934507273303264,0.00691541375422185,0.0115997001915531,0.0431483161222076,0.0254931198619146,0.0602224196125926,0.010090725272366,0.00817499648958245,0.0118573434094886,0,0,0,0,0,0
"290","2021-12-31",0.193836485770033,0.181853869110284,0.20517644756883,0.116990437098656,0.106059214428739,0.128190845335271,0.12545699025554,0.115584217832822,0.135089236230828,0.107650303704414,0.0957424319023411,0.119377752933189,0.0589871044082051,0.0506935586748341,0.0673508618520197,0.0534595918536763,0.0477624820170421,0.0591216869023028,0.0328492249927304,0.0272186082217171,0.0385561833271546,0.0511744242918369,0.0454452485974266,0.057238321949735,0.0382242664610245,0.0352041269181989,0.041716487585003,0.0479476262122371,0.0398712771216624,0.055820679320443,0.0499731093034688,0.0427481808828415,0.0580605603104971,0.0240051571710946,0.0217385511845757,0.0260016552376881,0.0168113143724406,0.0127893849823681,0.0208684915997655,0.00941350858211169,0.00698174415816524,0.0117120551454403,0.0435783070798247,0.0251403245529907,0.0606983203633252,0.0100844326832057,0.00816740635714708,0.0118510597187507,0,0,0,0,0,0
"291","2022-01-01",0.193557383870431,0.181396847829841,0.204556664645182,0.117118057456296,0.105860251539675,0.127949758462777,0.125538152749462,0.115301817235209,0.135066816234416,0.107490856544023,0.0958185992984975,0.119109370033223,0.0590109040390683,0.0507596147295337,0.0674717853225835,0.0533503044400201,0.0477636613464943,0.0591421494991067,0.0328468636810984,0.0270472307051594,0.0384613747845515,0.0511916550120327,0.0453658851303338,0.0571706278365151,0.0382167832826678,0.0352212816649284,0.0417161962049637,0.0481174677783807,0.0399188872168768,0.0562479165692258,0.0501465524097918,0.042810381695322,0.0579916994371183,0.0240194855254078,0.0217537760871047,0.0260242950870031,0.0169100411736844,0.0130377251560951,0.0210904357310103,0.00946797125820679,0.00713074588693948,0.011786586313611,0.0439502332594941,0.0256128941822686,0.060820227215186,0.0100776099147349,0.00822065352869299,0.0118053638356331,0,0,0,0,0,0
"292","2022-01-02",0.193299551415497,0.181213269185873,0.20505712602395,0.117287420352726,0.105821705591643,0.128246730545011,0.125689669222646,0.115824934816665,0.135276460251894,0.107288515962856,0.095503709003263,0.118675229509975,0.0590157556574865,0.0507848020976388,0.0673408609054214,0.0532491159209272,0.0475287652055582,0.0588993464271081,0.0328669062427836,0.027205491517022,0.038379279876694,0.051218577109391,0.0454427247608611,0.0570816058413376,0.0382205537567686,0.0351388322809433,0.0417802383100539,0.0482896170018441,0.0401110343380489,0.0564798635921887,0.0503376142934253,0.0431472443466008,0.0580323447957293,0.024029721230356,0.0218340768229861,0.0260919482219529,0.0169979627301393,0.0130681352890967,0.0210800881854267,0.00951877632239283,0.00718586235447168,0.0119121077090443,0.0442567814550738,0.0254607307096906,0.0612171721364976,0.0100683123334453,0.00820094640542205,0.0118254527800885,0,0,0,0,0,0
"293","2022-01-03",0.192997483985144,0.180852815078597,0.204518432537568,0.117392890447625,0.106087331381912,0.128444329106068,0.125755957497153,0.115828328488605,0.135503320218199,0.107062871847199,0.0956472207571085,0.118671571657156,0.0590303821505296,0.0509637917430109,0.0672534140179565,0.0531529574520401,0.0475947749506788,0.0587107429078158,0.0328992789439459,0.0273531777821938,0.0383792005762804,0.0512291052680981,0.0455037638876967,0.0569912934064749,0.0382159126622998,0.0351407958395486,0.0417165600809923,0.0484492671963872,0.0405955779273164,0.0567675828347489,0.0505420496160025,0.0432416267440436,0.0584580605400655,0.0240450651268123,0.0218519047487611,0.0260560718761952,0.0170861304872997,0.0130766958394611,0.0211554568404685,0.00957496017226191,0.00726032058461677,0.0119197861315009,0.0446048998395223,0.0267607307380989,0.0616963461430622,0.0100557703318688,0.00814711209321823,0.0117974425755795,0,0,0,0,0,0
"294","2022-01-04",0.19275101482186,0.180415521915834,0.204340529894064,0.117516040934416,0.10631937478926,0.12873410289272,0.125871946088899,0.116010619427162,0.135451339402985,0.10685868537447,0.0952586282855628,0.118428600656142,0.0590186007917078,0.050875728344309,0.0673744794151917,0.0530598786587016,0.0474598332345588,0.0585995139654922,0.032949727900064,0.0273376854337718,0.0383722152926733,0.0512444439389469,0.0455199427510937,0.0569641988672224,0.03821182360019,0.0350517915256389,0.0416332831221508,0.0486032417104287,0.0406865465114028,0.0568351214516462,0.0507205668753996,0.0433959107300673,0.0587175199216056,0.0240515534048586,0.0218739761612063,0.026099841595206,0.0171515379929084,0.0131975370626831,0.0211961141973707,0.00962482918314068,0.00732322909484319,0.0119704789800893,0.045064733082512,0.0281567192511894,0.0623043038853765,0.0100486525253654,0.00815801309232986,0.0117880324887819,0,0,0,0,0,0
"295","2022-01-05",0.19252215088204,0.180585101029664,0.204003190444756,0.117666238167531,0.10642037160503,0.128854317453659,0.125952116841307,0.115894434147179,0.135682997649091,0.10665247323569,0.0954985404815143,0.117827654095707,0.0590405337679428,0.0506723998463437,0.0673733843590576,0.0529662489989114,0.0474342191542396,0.0584475439153833,0.0329745513924602,0.0273961626415823,0.0384904271770722,0.0512593891912692,0.0454546572530982,0.0569706681460805,0.0382180141683736,0.0349766717496917,0.0417218879571131,0.0487810297943326,0.0407632198133899,0.0571372611719675,0.050918854526164,0.0433913736408567,0.0588291076818673,0.024063408495478,0.0218534912983855,0.0261293642869199,0.0172259380968146,0.0133804624713003,0.0212172853760683,0.0096820989647966,0.00734833621320872,0.0119922801475729,0.0453912933300188,0.0279802323215346,0.0626455711734736,0.0100424645516249,0.00816144163361171,0.0117911656017954,0,0,0,0,0,0
"296","2022-01-06",0.192259128733815,0.180298266379073,0.203740417437771,0.117840752221914,0.106614187530256,0.12912534445506,0.12605382531592,0.115987694457335,0.135521974420819,0.106414096342377,0.0952658245972318,0.118220197534829,0.0590497773109282,0.0505720738917502,0.0671487434647113,0.052858390497121,0.0471587316545173,0.0583607548659779,0.0330194721163513,0.0275215871205171,0.0385334475892513,0.0512962291989204,0.0455866624457647,0.0569643909594897,0.0382156393842241,0.0350314842868992,0.0416803068244281,0.0488931695173094,0.0411106371395704,0.0571562045536618,0.051089231338341,0.0434296941856455,0.0587848296106518,0.0240796894151841,0.0218655568194794,0.026171679273562,0.0172951069775197,0.0134416268944122,0.021323545868248,0.00973432291614132,0.00746257642547127,0.012036557295748,0.0457125914384208,0.0285730365728576,0.0622252211753636,0.0100375286285724,0.00813425186773336,0.0117606251922535,0,0,0,0,0,0
"297","2022-01-07",0.192028099848227,0.180303067313322,0.203056744478434,0.117993450392643,0.107308759828815,0.129190183819726,0.126152522139237,0.116143492806512,0.135592965423714,0.106192461719127,0.0951910130352408,0.117539038666777,0.0590669774141044,0.0508486770575361,0.067348066674762,0.0527411995941676,0.0472639944274514,0.0582019702535006,0.0330502860887436,0.0276511172377093,0.0384940521817391,0.0513126152516451,0.0454398025797819,0.0569761354836173,0.0382090634018648,0.0350776137292075,0.0416356952684735,0.049083063805374,0.0413131718190406,0.0573658387051262,0.0512147066186782,0.0437588737514665,0.0587808935921864,0.0240937443005495,0.0218631924373255,0.0261956732048089,0.0173921221586275,0.0136117950143483,0.0215331400093273,0.0097905627220852,0.00747984500132843,0.0121547056011869,0.0461823909981912,0.0294789044492059,0.0628041659700157,0.0100332805515119,0.00815746865035221,0.0117917655728897,0,0,0,0,0,0
"298","2022-01-08",0.191765363218802,0.180110428098512,0.20248932786037,0.118129434788551,0.107447647612193,0.128887212446454,0.126246500601257,0.116492810604581,0.135700202288373,0.105950715300564,0.0951267552191551,0.117312074791138,0.0590618278312326,0.0509589764495527,0.0672924277010748,0.0526211155740067,0.0470923448105096,0.0580167662173841,0.0330870093094695,0.0275884386332586,0.0384610122636365,0.0513157212230967,0.0454432514064422,0.0568082274365186,0.0382171933561278,0.0351406926902135,0.0416709204827628,0.0492500623230413,0.0415935038014212,0.0574770527247083,0.051393011514838,0.0441559097473531,0.0589507144017392,0.0241070229488879,0.0219396425476445,0.026190033669462,0.0174895590611681,0.013728785397163,0.0216071667219968,0.00984717582891913,0.00748014165362062,0.0122066963907117,0.046551378837086,0.0301596838872238,0.0626925244150657,0.0100313718897609,0.00814088161148376,0.0117975828373803,0,0,0,0,0,0
"299","2022-01-09",0.19155492186364,0.17981708251484,0.202124631876792,0.118281724796393,0.10786709941326,0.128776584545826,0.126361091624635,0.116832596365004,0.135698915727211,0.10575612327409,0.0952519160553496,0.117088183091482,0.0590918272476693,0.051134939763276,0.0675781424473936,0.0525223388269715,0.0469076286792744,0.0578080547535518,0.0331381108419485,0.0276924657135412,0.0383109481352245,0.0513415839037463,0.0455089901516066,0.0568775841579907,0.0382280990423489,0.0352121506086767,0.0416800512476471,0.0494005775931171,0.0419078672492592,0.0575010425456676,0.0516062683683458,0.044489328818085,0.0588290307632853,0.024126672867192,0.0219793807035582,0.0262386431035002,0.0175613389817359,0.0138431860135318,0.0215469154793697,0.00991308395356968,0.00759260085458438,0.0123275745412072,0.0470176413703861,0.031243830458032,0.0627183772848251,0.0100300698740565,0.0081269972774567,0.0118106203612761,0,0,0,0,0,0
"300","2022-01-10",0.191356368196132,0.179933503920231,0.202057565021695,0.11843719749033,0.108345283763607,0.128874372110266,0.126427985396617,0.116848541478842,0.13582142922069,0.105524829390389,0.0948408098420654,0.11633332242654,0.0590837790112846,0.0513378996899565,0.0670443439797195,0.0523974254980065,0.0471757509804662,0.0575209302698436,0.0331634714006096,0.0277646163846585,0.0383306253568958,0.0513515235652317,0.0457148034008559,0.0570020389262878,0.0382241405839649,0.0352152510192265,0.0416975988862847,0.0495446915777832,0.0421089766144755,0.0575665577927966,0.0517725021460465,0.0447606155684642,0.059109329706792,0.0241383548841755,0.022033290094294,0.0262265314684554,0.0176625349796415,0.0140405921986716,0.0215425199800815,0.00996375430998401,0.00760803258444816,0.0123694299606292,0.04729019488093,0.0312924945463247,0.0628069732446315,0.0100233329568147,0.0081901572372382,0.0117777303609994,0,0,0,0,0,0
"301","2022-01-11",0.191095091206437,0.179517145055279,0.201553984850658,0.118548261671951,0.108590257344641,0.12876687689699,0.12649195310496,0.117008306377605,0.13564990436393,0.105298819120495,0.0948925487248448,0.115706014151759,0.0590987115596259,0.0515317176509761,0.0670566377991372,0.0522824409901951,0.0469784101068661,0.0574352455387718,0.0332043005617012,0.0279019833351573,0.0384287672763008,0.0513644835829982,0.0458101248171548,0.0568594918286483,0.0382191069610533,0.0351590599134064,0.0416641974568573,0.0497422172060068,0.0425352596260206,0.057470356934346,0.0519954358610269,0.0448693685870591,0.0595370428325868,0.0241517062924745,0.0219655784756155,0.0262266695175167,0.0177461670387814,0.0140755141878636,0.0216343838144685,0.01002282557071,0.00770519281104801,0.0123649112918629,0.0477367032257355,0.0319361794710685,0.0626200077389295,0.0100200221998578,0.00814375158035123,0.0117520408022378,0,0,0,0,0,0
"302","2022-01-12",0.190848170145814,0.179484827175618,0.201269926226797,0.118648741587867,0.108964070272326,0.128546954692595,0.126571097779678,0.117191060482019,0.135470509729328,0.105105837952905,0.0947043857473973,0.11490256599269,0.0590988652642411,0.0515271133790207,0.0666729778926385,0.0521884144458468,0.046984980098895,0.0572179417818641,0.0332264592390176,0.0281954218013405,0.0383984181246471,0.0513784062249761,0.0460109088079334,0.0567159033719711,0.0382300664570617,0.0351116504480278,0.04167245302844,0.0499227403890219,0.042745449267803,0.0578268648822537,0.0521456827790507,0.0453333031248693,0.0594557149051912,0.0241653286557825,0.0219837290302803,0.0262530455802172,0.0178242038213128,0.0141758265993454,0.0216111852209976,0.0100748286973188,0.00779594135758292,0.0123869699364553,0.0480931827470555,0.0340058838058217,0.0617505133065409,0.010011371696425,0.00817150906997838,0.0117540855686042,0,0,0,0,0,0
"303","2022-01-13",0.190668664562108,0.179809662473762,0.201369180531495,0.118806626002166,0.109521335494595,0.128611109493271,0.126659569760358,0.117482753925892,0.135410274121551,0.104892163130552,0.0947253555234278,0.114747261931529,0.0590923988831945,0.0520296608167465,0.0664463004749705,0.0520651755333922,0.0469488881609492,0.0570463817307093,0.0332543099923703,0.0283740527727374,0.0383586575892857,0.0513949025209389,0.0460051698126122,0.0567221418357151,0.0382375958488792,0.0351237830099501,0.0417206830001886,0.0500878854103793,0.0430509829781972,0.0574893665278194,0.0523242466781696,0.0456617503682922,0.0594969347229563,0.0241810288598284,0.0219540187615408,0.0262901519754639,0.017910276731308,0.0144522964431549,0.0215510862897059,0.0101300346043007,0.00796800067477198,0.0123943024692531,0.0484128679052085,0.0352047272102586,0.0611046396339255,0.0100037450168458,0.00814935604395249,0.011748481899191,0,0,0,0,0,0
"304","2022-01-14",0.190421992428763,0.17965509936872,0.200922264936345,0.118904357903152,0.110071831768655,0.128415099220777,0.126744718856109,0.117743416123259,0.135253742282295,0.104724001030743,0.095240927325654,0.114381377141564,0.0591091048707006,0.0522395653574134,0.0660414498468557,0.0519289958983315,0.0468652967436058,0.0567623321900735,0.0332883885316463,0.0284790227465241,0.038258690976316,0.0513984520843944,0.0461265375218522,0.0565528199898807,0.0382449259314701,0.0351020266910349,0.0416920178927364,0.0502223642272644,0.043160920048798,0.0576362843470004,0.0525351826832912,0.0459959250803896,0.0597773741501216,0.0241911355350799,0.0219669701742728,0.0262677088927129,0.0179898557393266,0.014467287564607,0.0216188369126113,0.010193525896053,0.00804537381036645,0.0124150050926896,0.0488259752931807,0.0365035315793143,0.0608163130106975,0.0100000265848509,0.00815140372503569,0.0117360885423974,0,0,0,0,0,0
"305","2022-01-15",0.190142081995993,0.179868537777202,0.200377538800465,0.11900631321502,0.110349042794084,0.12813263228641,0.126826747367822,0.118240205241967,0.13516096883288,0.104577327181821,0.0956519136754962,0.113323741693255,0.0590903924432449,0.0526110622477193,0.066007653001529,0.0518348407833249,0.0468386887375285,0.0565941875867091,0.0333168837508962,0.0284942710314535,0.0380804473029375,0.0514284711370008,0.0462194930823501,0.0566751236897695,0.0382306972130478,0.0350349158646231,0.0416177423297954,0.0503727287656481,0.0436735359120418,0.0577269606975753,0.0527295030623534,0.0463340397848793,0.0596136593141733,0.0242033385190041,0.0220226891898275,0.0263118964827499,0.0180831968145399,0.0146407546405234,0.0216014392655202,0.0102545818868525,0.00804980241980803,0.0124714848397952,0.049153705708607,0.0382795286545144,0.0598985502797614,0.00998922207910783,0.00814930593278239,0.0117265758858669,0,0,0,0,0,0
"306","2022-01-16",0.18991422219272,0.179849113345708,0.199944240399549,0.119087630639067,0.110539004605687,0.127807818108919,0.126920885804352,0.118703741765474,0.135163749035776,0.104374379522041,0.0957601037096621,0.113113281419756,0.0591150964052547,0.0528639263343862,0.0657082550427678,0.0517124985978945,0.0467055873423979,0.0564153935515231,0.0333318650361384,0.0286598098747071,0.0381142716102317,0.0514427978781928,0.046279660904042,0.0565207169159895,0.0382308442960001,0.0351164053563982,0.0416893987778489,0.050528381999703,0.0440164543716361,0.0575847635814527,0.0529738687266995,0.0467923692729075,0.0595678890609053,0.0242220000268227,0.0219936243968347,0.0263116576235626,0.0181500435864204,0.0148035164318127,0.0215270813720734,0.0103133680052538,0.00810509506797112,0.0124857018574509,0.0494577255421327,0.0407676436354055,0.0584343917983846,0.00998428592890021,0.00816404887346901,0.0117264130962725,0,0,0,0,0,0
"307","2022-01-17",0.189871478629337,0.179836926217475,0.199973266427143,0.119137361110058,0.110434415114634,0.127771800965378,0.127012790528244,0.118407771248469,0.135357636313032,0.10420725040904,0.0953844205453398,0.113008286340315,0.0589811096716463,0.0524350914748726,0.0656912105597773,0.0516529497758956,0.0465646405028848,0.0564536617215098,0.0334216401898612,0.0287077478623567,0.0381348176917712,0.0514476034476686,0.0462472708885315,0.0565010442408453,0.0382388319327522,0.03520970394381,0.0417121658530784,0.0502638585816923,0.0435688524987895,0.057246957557804,0.0529370530551935,0.0465744636731755,0.0595712164948766,0.0242235728832626,0.0219931227345702,0.0263325246074239,0.0181793059177667,0.0148861482266223,0.0216577487337336,0.0103160925302642,0.00808804005414339,0.0125656887170158,0.0498365492590285,0.0401214712796498,0.0599595632216509,0.00998132198132205,0.00817614104790153,0.0117027526739742,0,0,0,0,0,0
"308","2022-01-18",0.189865898949832,0.17985462295299,0.199696068050266,0.119167509624452,0.110202899763685,0.127910268266363,0.127192623534302,0.118715060311659,0.135927668873761,0.104014766470519,0.0950941521144181,0.112964993456227,0.0589077978934083,0.0523632108598819,0.0656842190887041,0.0515662583807509,0.0465093762856813,0.0563122874055042,0.0335179210104995,0.0288443817123169,0.0384329733971402,0.0514586445425421,0.0463307233287883,0.0566283349900556,0.0382363787579604,0.035171641691723,0.0416752364078246,0.0499729308295627,0.0432295152284572,0.0571227043357506,0.0528805911700191,0.0466059986753572,0.059514797068443,0.024231964638612,0.0219987371566369,0.0263976155203372,0.0182327032563646,0.0148774992507536,0.0217638282507931,0.0103257343367087,0.00816066287859422,0.0125123427632931,0.0500141169560196,0.0394501428501123,0.0604950456797074,0.00997006967495695,0.00818280296584387,0.0116688356767753,0,0,0,0,0,0
"309","2022-01-19",0.189848184875157,0.179646536289041,0.199866474455244,0.119235543276343,0.109982389125382,0.128027583688229,0.127359607970859,0.11878044281321,0.135853818066435,0.103897350174348,0.0948106714800296,0.112889080076203,0.0588244575859248,0.0523431146754282,0.0659047539177591,0.0514863642289039,0.0464780914032902,0.0561256635051947,0.0336122669063236,0.0288466390680251,0.0385665276935581,0.0514451358030642,0.0463764415693334,0.0564945281034367,0.0382334064173621,0.0351072326245588,0.0416566562884248,0.0496865184056859,0.0429916910002206,0.0566772576632299,0.052820514643208,0.0463418322840426,0.0595721969236933,0.0242366489685525,0.0219581355196196,0.0263582979830632,0.0182898692488363,0.0148842154052984,0.0217516085215559,0.0103381278153293,0.00816670233596705,0.0125635054066085,0.0502261362014554,0.0395248611387735,0.0613425081783061,0.00996498466476376,0.00820969139933248,0.0116847438539362,0,0,0,0,0,0
"310","2022-01-20",0.189777729207315,0.179251015429102,0.199878920376836,0.119293298397001,0.110063982223405,0.127962977404215,0.12748513901425,0.119083346154196,0.136030621250167,0.103744377541469,0.0946439130530109,0.112527573034282,0.058710607797837,0.052008485435053,0.0656127419832314,0.0514076302989777,0.0463242674363648,0.0561043992110057,0.0337010623529608,0.0289945641367034,0.0386603180601162,0.051464856878146,0.0463014617064181,0.0566250984345283,0.0382341813767885,0.0351227697261491,0.0416110298594989,0.0494115813041234,0.0427165691255462,0.0565333850563974,0.0527625625718841,0.0464705276831324,0.0593903038763869,0.0242412727339357,0.0220440075688118,0.0263706982996463,0.0183295870799827,0.0149760706264415,0.0217837984382225,0.010342489395724,0.00809124141346763,0.0125847950444084,0.0504603289096394,0.0396025077075212,0.0619393705223789,0.00995338355564418,0.0082066974530643,0.011649365902565,0,0,0,0,0,0
"311","2022-01-21",0.189776433285751,0.179441449725722,0.199805856692615,0.119360835198922,0.110178578805769,0.127977524709956,0.127593187171175,0.119040668912073,0.135907384968446,0.103549989611193,0.0942202929720512,0.112235547906287,0.0586432966832043,0.0519713191152514,0.0656219963321646,0.0513588347468674,0.0463208642612331,0.0560310513113223,0.0337777792767761,0.0288698325521372,0.0386185723682055,0.0514860571787282,0.0464020704561655,0.0564946389206111,0.0382300494115483,0.0350776391160691,0.0415811789047664,0.0490803443210286,0.0426993627272205,0.0560065845805907,0.0527271914211142,0.0463438411960537,0.059350253989926,0.0242459162476158,0.0220792719738797,0.0263809584131554,0.0183853112669935,0.0150715824514446,0.0218532808388154,0.0103512220973748,0.00812953676261433,0.0125621338041807,0.0507565361806668,0.03961648429547,0.0619472575509036,0.00994532408000295,0.00820369195852911,0.0116511656059255,0,0,0,0,0,0
"312","2022-01-22",0.189772778056206,0.179548214217577,0.199734923905953,0.119452859807123,0.110115609927637,0.12828420319338,0.127762525364655,0.119390289028847,0.135768701109768,0.103407353142589,0.0941452326096211,0.11224293364498,0.0585561274695346,0.0518049309137395,0.0654424816068088,0.0512905655862622,0.0463417687192737,0.0559181230939831,0.0338371561931807,0.0290350381757535,0.0387419196670759,0.0514827951496786,0.0464159694943353,0.0565063971431716,0.0382220012429241,0.0349931575438671,0.0415895537262888,0.0488090244879199,0.0422457294643725,0.0554164812299991,0.0527004203183828,0.0464053324974281,0.0590327296286096,0.0242531980156454,0.022082168493488,0.0263939446350798,0.0184502950714652,0.0150577314828862,0.0219400219642726,0.010352312133594,0.008178359791826,0.0125973303224388,0.0510348343311665,0.040504106684576,0.0614324658374825,0.00993533341293284,0.00817586889213825,0.0116751737904155,0,0,0,0,0,0
"313","2022-01-23",0.189814752380846,0.179494454996505,0.199815800693719,0.119512738760779,0.110377632281054,0.128357404301814,0.127903338921555,0.119533716164347,0.136082858330639,0.103289954508557,0.0943850765545747,0.111923868917311,0.0584594405151825,0.0517764931534431,0.0657506080568443,0.0512164766736135,0.0462308238463561,0.0558406772426786,0.0339430753976824,0.0290202218730436,0.038944834469171,0.0514886619997268,0.0464331151938826,0.0565481730868128,0.0382193177389639,0.0350798358895619,0.0416275235520585,0.0485205285999411,0.0421480035133633,0.0552024059390081,0.0526855151661564,0.0464962027874434,0.0589079384769053,0.0242643402280711,0.0220148752318492,0.0264020423753919,0.0185067512626277,0.0151229253814501,0.0219785904523872,0.0103636178722586,0.00821973026346089,0.0125802107772726,0.0512002852226725,0.0415091680905444,0.060479978677017,0.00992210478872221,0.00818835538808363,0.011632554687489,0,0,0,0,0,0
"314","2022-01-24",0.189998494860601,0.179571237779203,0.20009488014395,0.119783971690537,0.110978842308786,0.12871563687935,0.127853143355483,0.119519329056355,0.136377841652065,0.103174267300585,0.0941603221178476,0.111912423659642,0.0584278528710174,0.0518364533062711,0.0659549324900754,0.0511897796541937,0.0460125197539555,0.0559765240329221,0.0338850967601688,0.0289314870069813,0.0389925993723265,0.0514761777297546,0.0464938161668749,0.0565485443080254,0.0382444814194024,0.0351290780546023,0.041655611152992,0.0481757400302135,0.0419096663571368,0.0546616133928653,0.0528645934839025,0.0465287149703476,0.0591436922746298,0.0242749231351793,0.0220202779884374,0.026328810164538,0.0185643747086875,0.0151706104094348,0.0220886861925284,0.0103611581543785,0.00822700202741809,0.0125709694995809,0.0508863141234869,0.0405434014638469,0.061434565742636,0.00991416694940421,0.00815615584332571,0.0116528857707137,0,0,0,0,0,0
"315","2022-01-25",0.190100047465899,0.180033924517974,0.200172807878021,0.120042120789557,0.110719129028792,0.129324552687109,0.127820854604429,0.119498473493293,0.136252796495135,0.103087025946187,0.0936537899772122,0.112298261889723,0.058416401765975,0.0516450190815844,0.0655869307848945,0.051155289857028,0.0459198450174817,0.0559568063853306,0.0338309492847376,0.0289853605583827,0.0389228416773287,0.0514388659393222,0.0464241483324834,0.0563238334850357,0.0382454721233592,0.0351167125553091,0.0416496757099693,0.0478518845925477,0.0415517653111417,0.0545408399168438,0.0530777773675038,0.0464770901221387,0.0594938976160272,0.0242804126295448,0.0220381219808901,0.0263712685648861,0.0185995342607651,0.0151528766082039,0.0222144941227982,0.0103729273944737,0.00823181864328415,0.0126046921820303,0.0506283737582063,0.0396335217676403,0.0616859943655858,0.00990619887295875,0.0081423674943639,0.0116606070773631,0,0,0,0,0,0
"316","2022-01-26",0.190184615153131,0.179750796041431,0.20015998016734,0.120282382074682,0.110971059265827,0.129545146114668,0.127748537182564,0.119128928008156,0.136185071201296,0.103009815058012,0.0934437544581662,0.112051663256303,0.0584901266514341,0.051923106238427,0.0659212504720994,0.0511237941488813,0.0459053190334915,0.05591525694637,0.0337494015855383,0.0288566508325763,0.0388798464037325,0.0514190459281618,0.0462931987005968,0.0564424368598065,0.0382516975321609,0.0350858252887558,0.0416364176571815,0.047487147852822,0.0409917103455376,0.0541380334818431,0.0532479654811747,0.0467698065506383,0.0597902875981118,0.0242897761093453,0.0220428962227412,0.0263505050616127,0.0186386164637304,0.0152149049258009,0.0223953798837134,0.0103817194345686,0.00820347352246626,0.0126216499632221,0.050336428474588,0.0391314726459082,0.061699065299201,0.00989829950495791,0.00812704122505843,0.0116294093020741,0,0,0,0,0,0
"317","2022-01-27",0.190277619790642,0.179947714513199,0.200174073071782,0.12057135399703,0.11151602203469,0.129932847408861,0.127664104087135,0.11902163055207,0.136037355180583,0.102849961270386,0.0930368980994508,0.112367915742386,0.0584798219734972,0.0517437443073151,0.0656113804780433,0.0510673240197411,0.0458576146899854,0.0559609196071603,0.033699531081513,0.028787430066529,0.0387152143891624,0.0513785755251766,0.0463824572684759,0.0563211111372281,0.0382617038581796,0.0351202976189368,0.0417796827496461,0.0471538108502832,0.0407052550015841,0.0535828487626337,0.0534398683984243,0.0470952999943263,0.0600509229363722,0.0242973870438247,0.0221207403180348,0.0264068064845915,0.018703270929663,0.0152138280630904,0.0224204543362152,0.0103988121975268,0.00819536643946018,0.0126370601830745,0.0500236456611392,0.0393284747331532,0.0610011130519754,0.00988909075972637,0.00817301985830864,0.0116046997197224,0,0,0,0,0,0
"318","2022-01-28",0.190395472730415,0.179883532697885,0.200424273912786,0.120771998836926,0.111856510377257,0.130188507566516,0.12759210147899,0.118856758654125,0.136033328039516,0.102773030322925,0.0933200918722124,0.112223216492189,0.0584860240595351,0.0517990264460284,0.0655896524388859,0.0510318410956229,0.0458787123736354,0.0559305569351486,0.0336023346658933,0.0285223109196695,0.0385801903993905,0.0513714462593113,0.0461836169265493,0.0564017910000534,0.0382544597553995,0.0351638564657205,0.0417134240813035,0.0467965605734661,0.0405054877203045,0.0533338379526323,0.05363277906343,0.0470807704355135,0.0602537912052553,0.024312811026903,0.0220719474589926,0.0264113524965878,0.0187523938545517,0.0152411325780541,0.022476613835429,0.0104002759901646,0.00818560461472416,0.0126521748381875,0.0498197442369848,0.039807754937947,0.0602813260622219,0.00988085809897309,0.0081124113386386,0.0116120917364219,0,0,0,0,0,0
"319","2022-01-29",0.19047342260455,0.179839402285312,0.200314047038781,0.121035798813209,0.112276781901595,0.130470184184728,0.127509222440083,0.118579110553945,0.13576314891804,0.102647488040753,0.0932719728286461,0.112054974772913,0.0584339140559176,0.0516544586056019,0.0655814170936249,0.0510196846683636,0.0456913442389712,0.0559244130476532,0.033552988840856,0.0286780438070112,0.0385943441644407,0.051347748715229,0.0461752523955673,0.0562600529152735,0.0382513773252957,0.0352066223920472,0.0416965632465648,0.0464604338010575,0.0401823074293142,0.0528308360398899,0.0538559643522098,0.0474214383480261,0.0603789114546778,0.0243226499386973,0.0221273145246476,0.0263844490774513,0.0187918263964079,0.0151854286317933,0.022437869804389,0.0103950259089973,0.00815527596815423,0.012689512446732,0.0494920419515961,0.0395125096785874,0.0595332766697287,0.00987471633806321,0.00813612739800051,0.0116153144566224,0,0,0,0,0,0
"320","2022-01-30",0.190322802052113,0.179680644083495,0.200102976195596,0.121091050340226,0.111884816687398,0.130512598669803,0.12765416663269,0.118752764846066,0.135842747558402,0.102745070545402,0.0931433918791089,0.112110680710365,0.0580746214768603,0.0508558506946099,0.0655267458469586,0.0509965709701187,0.0456812591628339,0.0559321359185999,0.0333895775857504,0.0283983173404194,0.0386128760999374,0.0514020314470131,0.0460153370186982,0.0563512561273919,0.0382487512997616,0.0351551358006083,0.0416949377085656,0.0463613955242686,0.0400044314297021,0.0528651843417539,0.0538696284603984,0.0473203019760366,0.0606656433622987,0.0243392092144279,0.0221564005471155,0.0263990344038882,0.0187942445581247,0.0152730550830638,0.0224695817219509,0.0104324069162526,0.00821109541404274,0.0126957266196883,0.0494820864827483,0.0382058206619681,0.0607550982218115,0.00986683538394218,0.00812972172445801,0.0115986638644402,0,0,0,0,0,0
"321","2022-01-31",0.190178666842449,0.179350186831047,0.200012320003219,0.121204091488968,0.111701392208925,0.130740268673865,0.127812351520562,0.118892596438972,0.136090552004396,0.10277391983657,0.0929646833145753,0.11228068332068,0.0577037290994671,0.0504036915914433,0.0651358764329771,0.0509798121266239,0.0456363019510447,0.0556825807686593,0.0332351637541301,0.028068832378582,0.0383727731114493,0.0514497359637186,0.0462632977192935,0.0562973152866935,0.0382460434116287,0.0351109356608269,0.0416939930348846,0.0462416404451361,0.0396428036624708,0.0528539925343299,0.0539112941286605,0.0471386458105814,0.0608331807737155,0.0243516548759658,0.0221480812354234,0.0263958941310969,0.0187955223300121,0.0152305321086006,0.0224799786013506,0.010467191838409,0.00821050533556286,0.0127048608410855,0.0494346636412569,0.0367683276444546,0.0612897732245177,0.00985397710420623,0.00808898030190802,0.0115757005375147,0,0,0,0,0,0
"322","2022-02-01",0.190046544259273,0.179153677697276,0.200334654639852,0.121272731720855,0.1117599188511,0.130972480527902,0.127948110803291,0.118812191334428,0.136255593057796,0.102816164533062,0.0928634700271843,0.112496844651868,0.057339075639605,0.0501393275868613,0.0647668571003121,0.0509551171468316,0.0457519043687785,0.0557332876809506,0.0330884046175971,0.0278452291278944,0.0382211755495574,0.0514949067409467,0.0463247239993687,0.0564907926674946,0.0382471960693167,0.035108925123044,0.0417237050631077,0.0461355572514547,0.0394142303561195,0.052914780244946,0.0539317802527247,0.0470540356231195,0.0607231252310865,0.0243609211336408,0.0221289959022971,0.0264190863384287,0.0187999168743212,0.015233619903396,0.0224240957176588,0.0104949970123605,0.00818443039212172,0.0127601008416585,0.0494307570174147,0.0361688181142524,0.0622975744728796,0.00984391270066616,0.00804146621926644,0.0115650663698647,0,0,0,0,0,0
"323","2022-02-02",0.189947069908785,0.178670986486175,0.200312191286533,0.121306069041395,0.111846735175898,0.130980121277573,0.128075215585463,0.118974977520118,0.136209440951557,0.102817365372393,0.092640843825315,0.112441930777172,0.0569777381852636,0.0495249820167705,0.0644766087113629,0.0509381087976085,0.0455804344998845,0.0559011414103225,0.0329408680043311,0.0277038082076458,0.0382733475183705,0.0515316792428611,0.0462759168067907,0.0566577751783839,0.0382412061456788,0.0350299692599466,0.0417639549051289,0.0460324857518698,0.0391859185558199,0.0528725703400783,0.0539208310915072,0.0471631016173193,0.0608796444733072,0.0243689496009682,0.022102358481848,0.0264204369527735,0.0187958381355449,0.0151974171764079,0.0225725142219442,0.0105192935891341,0.00823296720132194,0.0128475335988532,0.0495000855751599,0.0357555224630085,0.0633177125132014,0.00983741122145291,0.00807041818656223,0.0115496147802708,0,0,0,0,0,0
"324","2022-02-03",0.189806619187003,0.178597897741643,0.200257009114006,0.121431879723061,0.111887850240568,0.131322570125709,0.128205740593048,0.119148024815592,0.136577137347518,0.102810761586321,0.0925010995994176,0.112668881746938,0.0565973704450949,0.0487558801203161,0.0640522564949536,0.0509038969994665,0.0455212363183461,0.0558103481953113,0.0327813694456305,0.0275068021540622,0.0379647557881784,0.0515637643803005,0.0460381569483901,0.0566610250825706,0.038240547684714,0.0349920241901915,0.0418010283921312,0.0458937228692616,0.0390774640659298,0.0529335793159064,0.0539361713821986,0.0470543406690712,0.0611465725515747,0.0243849438446913,0.0221460815778352,0.0264717968469845,0.0187963059503335,0.0151630139637185,0.0225516515534997,0.0105513103685814,0.00819827367262702,0.0129145833917096,0.0496193482051419,0.0357025878853944,0.0639987734694114,0.00982760126874124,0.0080735730077231,0.0115405848205294,0,0,0,0,0,0
"325","2022-02-04",0.189740524065919,0.178434004930993,0.20019935019032,0.121550246124555,0.112378200420892,0.131338347902561,0.128353284129791,0.119098190890384,0.136628818140756,0.10297376111559,0.0928705511854195,0.112929157674508,0.0561810250109923,0.0487854782111098,0.0638562478103746,0.0509108202177846,0.0455128490438008,0.0559167825478943,0.0326398289865449,0.0273542033884802,0.0377556741181234,0.0516009198583115,0.0460968729507367,0.0568227079638501,0.0382450344063271,0.0350079678918805,0.0418156260549265,0.0457406456955218,0.0388894890702142,0.0528263126612899,0.0539326595954799,0.047090583463897,0.0611156911305246,0.0243980168768055,0.0221356193118455,0.0264412372934128,0.0188227621626969,0.0151558344899105,0.0226581003369032,0.0105874972399062,0.00829270804398503,0.0129373281116323,0.0495865361510901,0.0348449989606199,0.0635001927410919,0.00981503344865193,0.00806534149867107,0.0115206248989717,0,0,0,0,0,0
"326","2022-02-05",0.189611474873796,0.178355181896625,0.199866332278351,0.121660583493572,0.111802480585081,0.131398743286369,0.128481092569267,0.119443392248818,0.136942140659062,0.10303820343393,0.0930299611306235,0.113216100089772,0.0557915995887498,0.048557151547688,0.0630521344509225,0.0509070119266454,0.0455071569568751,0.0558487832613899,0.0325197666387753,0.0272348678016118,0.037474585905056,0.0516633633738464,0.0462090139891036,0.0569583533048746,0.0382475148550881,0.0350341040656835,0.04175611044392,0.0456082384746626,0.0388620421874247,0.0530194020539157,0.0539717131749383,0.0471498337432182,0.0611650492737699,0.0244091433074239,0.0221825489154613,0.0264785444301357,0.0188364659643655,0.0151876495900127,0.0225937042188957,0.0106095281950223,0.0083014274038015,0.0129600656831598,0.0494826067895319,0.0346689851060899,0.0643937883104431,0.00980835338667773,0.00807301941668119,0.0114810304171168,0,0,0,0,0,0
"327","2022-02-06",0.189470433795084,0.178306843797859,0.199991917443331,0.121760000772842,0.112021620362401,0.131638599449061,0.128591581555533,0.119353361491324,0.137157070955677,0.103059153362094,0.0930462530049652,0.11292200984998,0.0553956466108705,0.0480618292080752,0.0625628897259016,0.0509072200572797,0.0456544235806292,0.0557471581100574,0.0323669537884866,0.0271344429695389,0.0373247536168218,0.0517088491128007,0.0463857562421158,0.057010010082536,0.0382418522686334,0.0350375357213408,0.0417919515122581,0.0454714869573016,0.0386314476766349,0.052509301212271,0.0539820052139166,0.0469834535331411,0.0611685012645087,0.0244219309601061,0.0222113914495525,0.0265427215815495,0.0188326872263069,0.0151892961559743,0.0227179861221589,0.0106431217556817,0.00828637235432294,0.0129418638341907,0.0495250914213227,0.0346456636455586,0.0640263363716071,0.00979662469400177,0.00800334751886104,0.0115008273324822,0,0,0,0,0,0
"328","2022-02-07",0.18935657082585,0.178307250503659,0.199666752507808,0.121903461669427,0.112555158339072,0.131591025440706,0.128737995632876,0.119292496891626,0.137292489840622,0.10305431352453,0.0929522718922753,0.113319284851057,0.0550150982190321,0.047853519240984,0.061879688509671,0.0508931857075087,0.0455643127742338,0.0558055248595289,0.0322208228444965,0.0270207848279118,0.0369448833197518,0.0517540320582872,0.0463323118937619,0.0569894505543454,0.0382372796055113,0.035011696268735,0.0417665851843533,0.0453050101199853,0.0384221404998985,0.052410374717552,0.0539833997385196,0.047274084814566,0.0610589735105326,0.0244364734739764,0.0222892290254322,0.026584981931822,0.0188327615317415,0.0152082279512583,0.0225808543345908,0.0106758836686229,0.00825689600359471,0.0130278873238843,0.049609883476605,0.0350879541822346,0.0638119684432602,0.00979163988807656,0.00801597418214667,0.0114647193756191,0,0,0,0,0,0
"329","2022-02-08",0.189247195725747,0.178357614789471,0.199401356684179,0.121966949836371,0.112381804887948,0.13144846259637,0.12885845957373,0.119599002161254,0.137391117453681,0.103129498569527,0.0933193576143304,0.113245039522042,0.0546444098995051,0.0474372563381793,0.0615158482168843,0.0508558917841348,0.0454067444544801,0.0557433741072777,0.0320711869853537,0.0269830276746742,0.0367271764927903,0.0517944836927709,0.0464499261944706,0.0569587245083078,0.0382366624855331,0.0350090480578873,0.0417060317759264,0.0452195682790898,0.0385192490459138,0.0523895268377093,0.0540130482042286,0.0475180432271479,0.0611345166394594,0.0244418976470141,0.0222861225666659,0.0265647113864028,0.0188382523126662,0.0152851027042952,0.0225080514991875,0.0107015146133779,0.00829404288189851,0.0130767920973488,0.0496038067721385,0.0360185319615771,0.0632322743994825,0.00978227020354752,0.00803306304781656,0.0114317602831994,0,0,0,0,0,0
"330","2022-02-09",0.189190350024203,0.178657348427479,0.199396027847228,0.122142465421087,0.112357196009809,0.131864558403752,0.129033449140402,0.119837895164496,0.13788391797423,0.103133783474084,0.0933925779187386,0.112849523774956,0.0542556831693513,0.0471795419124752,0.0611782966644913,0.0508529366508811,0.0456270808792736,0.0556432507364051,0.0319262582935304,0.0270590727203361,0.0365218561820536,0.0518258539180371,0.0466035526875089,0.0569527668429984,0.0382422156863383,0.0349787094179108,0.041811353810811,0.0451328124583734,0.038648206828426,0.052442230835688,0.0540196639630225,0.0472653907788949,0.0609973877257411,0.0244505815725849,0.0222313405091881,0.0265892119445684,0.0188576938510094,0.0153145704085555,0.0225370295041659,0.0107321036681041,0.00836360036371049,0.013121637096922,0.0496627874328973,0.0363253877593207,0.0628068472303372,0.00977075538635498,0.00806628733003411,0.0114593887378064,0,0,0,0,0,0
"331","2022-02-10",0.189109318618796,0.178509728237766,0.198960941394814,0.122257406665962,0.112807949422339,0.131801913020206,0.129188499150836,0.120121340215062,0.137759709715005,0.103149300945716,0.0932622666894949,0.112579808205056,0.0538863929014231,0.0469077175308655,0.0606521390947244,0.0508199479114722,0.0455717540835772,0.0556080189797781,0.0318017914920714,0.0268983041334076,0.0364478641602912,0.0518589924356849,0.0467677953167711,0.0568212821512168,0.03824897268646,0.0349924956082615,0.0416961786379788,0.0450156932231877,0.0383073104165144,0.0520363800828583,0.0540140437239038,0.0476184439305443,0.0608515093073027,0.0244584576071878,0.0222867163456437,0.0266232212288442,0.0188623918580459,0.0153819031108359,0.0225083922657449,0.0107678152775713,0.00841263932820567,0.0131325050897019,0.04958522266713,0.0374938568398724,0.0618716035634406,0.00976413177925824,0.00798450943458419,0.0114419364032297,0,0,0,0,0,0
"332","2022-02-11",0.188996800153948,0.178459547538692,0.198894830931942,0.122340743961758,0.113125042239544,0.131485355868402,0.129332143425013,0.120191508983481,0.138274575378592,0.103223366968385,0.0936215928616787,0.112540394034585,0.0535118222341577,0.0467667550509803,0.0599638475373162,0.0508216939559965,0.0456358256890799,0.0555495941176885,0.0316757746983191,0.0267824205902572,0.0362407803324446,0.051870412756114,0.046611136325052,0.05705928966083,0.0382554684775083,0.03504786534328,0.0416103517698239,0.044890454431797,0.0383494465237325,0.0517977855938827,0.0539794075595012,0.0475017950655943,0.0606015003353394,0.0244754129170306,0.0222222215902926,0.0266513165807589,0.0188733142499623,0.0153866488751109,0.0224042359818869,0.01080438773632,0.0084879443806719,0.0131690894648636,0.0495355488197778,0.0376806667791713,0.0608183756547538,0.00975237147967595,0.00801209493922049,0.0114497419868073,0,0,0,0,0,0
"333","2022-02-12",0.188912927732599,0.178456965998789,0.198907285634932,0.122404545305984,0.11287449256339,0.131390247594522,0.12941565782827,0.120318360520394,0.13820585348794,0.103195607326656,0.0938454327350975,0.112199853201577,0.0531026703377489,0.0464597126245997,0.0594765498195991,0.0507956933483516,0.045784558225222,0.0555210094961121,0.0315168761893404,0.0267103882356346,0.0360539170517319,0.0519499232541596,0.0468458897420551,0.0570069168237715,0.0382610872397897,0.0349943673496713,0.0416207961434573,0.0448123411750593,0.0382999259222256,0.0515094900940334,0.0539988461373031,0.0475678903020176,0.0605525083504048,0.0244891029711358,0.0222246957368521,0.0266341891660736,0.0188992740767584,0.0154634674145439,0.0224648191929584,0.0108285490638274,0.00855074817552468,0.0131764573332449,0.0496138873345587,0.0395007783460084,0.0596887552116817,0.00974723068882552,0.00800076595409198,0.0114145415384465,0,0,0,0,0,0
"334","2022-02-13",0.188761717743619,0.178552978017909,0.198167002367125,0.122494553955789,0.113057144917249,0.131487149275945,0.129531300309624,0.12057996534793,0.138202386866152,0.103170405324267,0.0942260569950015,0.112109220495863,0.052688560057678,0.0463506687769725,0.0586608061150718,0.0507607322336819,0.0458686572568029,0.0555580282221902,0.0314038928289011,0.0266811368851257,0.0357863979693124,0.0519880223350085,0.0469534802001581,0.0570236255699289,0.0382645224951216,0.0350249596604491,0.0416347952141682,0.0447318921383573,0.0384311321339983,0.0514263989710333,0.0539716901683436,0.0475567382324644,0.0603801388755403,0.024496702603811,0.0222600446444245,0.0266701562156593,0.0188981820566567,0.0157174352222046,0.0222915589720031,0.010851559584445,0.00856380664533445,0.0131957755886465,0.0497114314653929,0.0410555909498794,0.0585381094656113,0.00973843527015533,0.00799293301577285,0.0113874640119829,0,0,0,0,0,0
"335","2022-02-14",0.188938349192764,0.178510827939756,0.198573609320319,0.122442445225515,0.113004657776253,0.131725786643403,0.129721887729134,0.12047326325244,0.138505673579396,0.102772779399299,0.0933778782349892,0.111632280086033,0.0528148695617627,0.046134284766213,0.0590281241655544,0.050808039950957,0.0455097628754279,0.0556452911057049,0.0313529350359016,0.0264520879524506,0.0358343043595572,0.0520415977779587,0.0469106393807844,0.0573591955392747,0.0382728753175154,0.0349749263824239,0.0417024984006982,0.044280429442264,0.0377380971634958,0.0510885418454554,0.0539688765075246,0.0475832742825951,0.0604517180875475,0.024503489395686,0.0222372218834576,0.0267044764558101,0.0188792726228594,0.0155784224337459,0.0223652098119441,0.0108554766538289,0.00858263711081611,0.0132343915059323,0.0491477703604577,0.0387493006430486,0.0594010319991855,0.00973246768777411,0.00802288534718387,0.0114245164520521,0,0,0,0,0,0
"336","2022-02-15",0.189133083103403,0.178451666407172,0.199085650494415,0.122313718554418,0.112675160421505,0.132037825076113,0.129967647457784,0.120613995057578,0.138622279795921,0.102351530596933,0.0930292021464211,0.111793156985498,0.0529271445567824,0.0460449497378066,0.0593308979188282,0.0508722969203691,0.0455851252602791,0.0556808678448687,0.0313203885938545,0.0264793397559432,0.0357841609508443,0.0520985041452026,0.0469277593894567,0.0573022489119829,0.0382849598400337,0.0350499050500339,0.0417113163124031,0.0438200442030875,0.0373566396532974,0.0508980168368634,0.0539487523858776,0.0472511599221991,0.0607751448751507,0.0245114005330553,0.0221753840145272,0.0267143967757103,0.0188764990939968,0.0155346330653344,0.0224408936564734,0.0108723354713808,0.00859577125906385,0.013199733852474,0.0483990045160268,0.0369614911969865,0.0597710948919488,0.00972270302164067,0.00795863695940564,0.011382206968477,0,0,0,0,0,0
"337","2022-02-16",0.189331040490077,0.178468149566806,0.199225964432594,0.122268378266674,0.112500560849651,0.132471907044442,0.130157463719236,0.120600109190329,0.139143365856541,0.101954449256745,0.0926347097937675,0.111488718217752,0.0530356180998343,0.0458765979226771,0.0598550500859961,0.0509352602488018,0.0456544831295318,0.055908305682199,0.0312825185579932,0.0263373163413667,0.0358451653458537,0.052128021838898,0.0467191938678503,0.057353301739651,0.0382825653315645,0.0350457530145674,0.0417203765041122,0.0433858558620313,0.0366618030676582,0.0503933985919696,0.0539864214601549,0.0472798751445001,0.0607031461765261,0.0245175011512659,0.022260624789713,0.0266638233795018,0.018878267524159,0.0154967369743733,0.0224369384450843,0.0108897228748179,0.00854424621847455,0.0132349630048389,0.047848995267309,0.0353912526441245,0.0603087718956024,0.00970934716808682,0.0080235587248299,0.0113580301522535,0,0,0,0,0,0
"338","2022-02-17",0.189508644366076,0.178710652160332,0.199765190643015,0.12218097936261,0.112151940553965,0.132253539291174,0.130422411130365,0.120948204282707,0.139399794695876,0.101508902674284,0.0917358576879562,0.111590507283303,0.0531111716195127,0.0458077791602173,0.0603188723510563,0.0509967131460113,0.0457246173372837,0.0560644555378578,0.0312527286699375,0.0263856675287515,0.0360611231716331,0.0521744379043053,0.0466664814874874,0.0574109455261647,0.0382894414887744,0.0350089693749634,0.0417566963644581,0.0429241762433904,0.0363009563877875,0.0499250138496649,0.0539602660071571,0.0468607366072417,0.0606330133469331,0.0245245209900721,0.0222057939500047,0.0267067116648184,0.0188601486218604,0.0155216469733482,0.0223400693670815,0.0109000878005041,0.00849840540724971,0.0132373486011512,0.047122130033127,0.0342340345729028,0.0596651435832751,0.00970072012074615,0.00803683590057374,0.011354427750002,0,0,0,0,0,0
"339","2022-02-18",0.189620608827425,0.178692636506393,0.200014573317007,0.122105224261256,0.112221231740261,0.132368451538963,0.130660125117494,0.1212627999392,0.139974502162753,0.101081842679134,0.0911068427794773,0.111445353041658,0.0532555196650928,0.0459847144125128,0.0605575842142625,0.0510614595757719,0.0458382133048273,0.056108313209762,0.0312059597160886,0.0262214891560655,0.0361343860441535,0.0522341181355388,0.0466119713175327,0.0575440417269994,0.038300557292672,0.0351077041616663,0.0417551768047668,0.0424480175822914,0.035828762588432,0.0493153076452817,0.0539787685323675,0.0470455123506635,0.0608910562026493,0.0245309999077297,0.022219391679906,0.0266774703587965,0.0188426868962495,0.0153793250479796,0.0223351844672897,0.0109072022218598,0.00854410689405844,0.013304928224252,0.0465284133753322,0.0329251020977443,0.0599862498933311,0.00969446446340304,0.0079987566412358,0.011360645079477,0,0,0,0,0,0
"340","2022-02-19",0.189772039343088,0.178653742101853,0.20045309138631,0.121973247534771,0.11147245290658,0.132059421724076,0.130925395091465,0.121739142461494,0.139998826135157,0.100641439685641,0.0905806868158796,0.110752030835185,0.053341639182537,0.0459098561360421,0.0606881244325359,0.0511243056602135,0.04579713431358,0.0561930233435393,0.0311693229825994,0.0260543362533517,0.0360696707980757,0.0522903938771968,0.046746382372972,0.0575743589790664,0.0383049105145416,0.0350640187417168,0.0417516234965391,0.0419654297754918,0.0350929998206296,0.0489436938929612,0.0539982782979302,0.0470023884263867,0.0609045204354162,0.0245396886608057,0.0221992015291206,0.0266938598825875,0.0188254405912889,0.0152286550464549,0.0223506724546665,0.0109164525661849,0.00852541494445399,0.0133672878123772,0.0459140670381306,0.0318134113492138,0.0593899492581768,0.00968758310982469,0.00802838830849521,0.0114031481013813,0,0,0,0,0,0
"341","2022-02-20",0.189956837374345,0.179206421660077,0.200913884117154,0.12190337727775,0.111606198220896,0.132200611767662,0.13122272648178,0.122040150506028,0.14025899919104,0.100185888428455,0.090056327879008,0.110442218724922,0.0534422378518831,0.0460048087381312,0.0606816367868431,0.0511853915932118,0.0459442064260176,0.0562155605998939,0.0311383629094939,0.0260607817233669,0.0360446972560815,0.0523395622940172,0.0467824699299627,0.0576468406525081,0.0382985001231047,0.0349909294379983,0.0417622169892632,0.0414969195934103,0.0347050159046932,0.0485801696005543,0.0540322842347256,0.0470576967785917,0.061007409041159,0.0245430491409185,0.0221740076836149,0.0266623116697863,0.0188180859091681,0.0151556735265426,0.022409459363476,0.0109311739741116,0.00847640925628784,0.0133425976522101,0.0453341002064699,0.0314477747627737,0.0594269809600489,0.00967455867269593,0.00801410391003361,0.0113280427253042,0,0,0,0,0,0
"342","2022-02-21",0.190144749298748,0.178885555811905,0.201028167723074,0.121803355153607,0.111642442139372,0.13200567556608,0.13146124090179,0.122220279145751,0.140630553709835,0.0997837698388031,0.0897938948020452,0.109990671291678,0.0535868088040745,0.0462557630632694,0.0610285840733719,0.0512540550725838,0.045940970436276,0.0563411685833696,0.0310923974363085,0.0259829477186023,0.0360579001929385,0.0523783532843432,0.0468420661087007,0.0577276257751813,0.0382888324590814,0.035071512353594,0.041817134573606,0.0410729482144479,0.034198496313019,0.0483077766927762,0.0540410788897064,0.0471291893833773,0.0610683121309707,0.024552204714914,0.02220643614452,0.0266854684426342,0.0188060920719159,0.0150904985843323,0.0225500621248491,0.0109446955291906,0.00842924274352651,0.0134172917592258,0.0446746924027793,0.0307659373950599,0.0589347027312658,0.00966596513084074,0.00793362815211583,0.0113655400527054,0,0,0,0,0,0
"343","2022-02-22",0.190328534055839,0.17890495637182,0.201167721939208,0.121737069610699,0.111810833938134,0.131842669260468,0.131691460567732,0.122664420738768,0.140738855460595,0.0993519062321658,0.0892967309886645,0.109338255837,0.0536633228070873,0.0464722404004037,0.0610848713120141,0.0513038674704054,0.0460877982811455,0.0563452863559741,0.0310478919296729,0.0259688738883146,0.0359465809441049,0.052405720662096,0.0468685921226326,0.0577484614510218,0.0382792396522809,0.0350160758263303,0.0417585247274571,0.0406051088336266,0.0338358673684243,0.0476583713395457,0.0540856857998351,0.0469340381975705,0.0612641458210038,0.0245561129132521,0.0221749394795134,0.0266959042958662,0.0187923148803038,0.0150918876169148,0.0224999814823122,0.0109526545295689,0.00847111889935942,0.0134022938540611,0.0440764939972276,0.0300565788104644,0.057763087592923,0.00965568720086994,0.00795365493379853,0.0113375725851439,0,0,0,0,0,0
"344","2022-02-23",0.190534897513922,0.17972260801133,0.201062147535,0.121597704796805,0.111658316863049,0.132208049465455,0.131968919358033,0.122826906937807,0.141238350308611,0.0989081538393617,0.0891606845753918,0.108885930702467,0.0537418435997396,0.0462922050158814,0.0607461021763865,0.0513536748415612,0.046039335746848,0.0564452737785083,0.0310069457487091,0.0258109862259283,0.0359774352514729,0.0524305964022041,0.0468269702676818,0.0578822346642436,0.0382891304167576,0.0350568104898469,0.0418027394690935,0.0402044815512473,0.0334785496812589,0.0471444037897034,0.054083799102986,0.0470178860958203,0.0610070185415561,0.024565028308046,0.0222268024402907,0.0267293653458152,0.0187878099972594,0.0151416112139506,0.0225137119134951,0.0109701032025346,0.00848076784616038,0.0134009605162432,0.0433515535499704,0.0292415259658332,0.0565246092059978,0.00965189577813635,0.00794895883926079,0.0113295261774488,0,0,0,0,0,0
"345","2022-02-24",0.19070091833004,0.179753780785484,0.201448224607534,0.121462971576555,0.111231252258617,0.131860772468779,0.132188844599684,0.12312476176442,0.141534284578014,0.0984066198766411,0.0886158942859376,0.108456759923514,0.0538165736543258,0.0464876718826462,0.0608937552077808,0.0513944741842408,0.0462583742058168,0.0565197853716376,0.0309689597316418,0.0258899362844869,0.0360395053703658,0.0524773836348099,0.0468651743720683,0.0577239359203696,0.03828120924821,0.0349935661272225,0.0416472863456522,0.0397574480036607,0.0328641668661795,0.0465411041351756,0.0540864102192909,0.0472692903243264,0.0609646803739511,0.0245709646704535,0.0222485946273813,0.026741152641117,0.0187908780597835,0.0151857553489087,0.0225037133111163,0.010974571783567,0.00851729244257651,0.013406566589565,0.0426051214116291,0.0294218925695939,0.0550365655640355,0.00964249749947629,0.0078975175489481,0.0113143155884816,0,0,0,0,0,0
"346","2022-02-25",0.190884518600699,0.179816978840614,0.201466700865351,0.121373601675187,0.110955231536746,0.131753152871085,0.132428357596656,0.123411762885328,0.141558512179844,0.0979433203418558,0.0884034902032567,0.107831687494729,0.0538913304210765,0.0466512175093708,0.0612111519136039,0.0514694354700273,0.0464613975817799,0.0565902891226259,0.0309288040058616,0.0258385800454945,0.0359180053718514,0.0525041041861437,0.0469320117107272,0.0578342800915356,0.0382845812852128,0.0350638003590343,0.0417283252591335,0.0393248276413275,0.032705199840316,0.0458683760263877,0.0541218965512785,0.0473923891481462,0.0608185897231403,0.0245718023319982,0.0222474451728582,0.0267575455958632,0.0187779108199852,0.0152247063566185,0.0225070504944072,0.0109783428274428,0.00851303636823359,0.013392094641578,0.0420014798919153,0.0299915076825922,0.0538437548995622,0.00963921560388793,0.00791994320652474,0.0112761460291173,0,0,0,0,0,0
"347","2022-02-26",0.191091974638725,0.18009801513513,0.201538050013024,0.121283513741797,0.1111287699883,0.131666811571227,0.13267213632712,0.123923555093699,0.142237956198552,0.0975446321920887,0.0879440226166021,0.107570947343481,0.054024286009986,0.0469078993002626,0.0612930267168535,0.0515236735924101,0.0463325830517813,0.0566926314343709,0.0308869322670876,0.0257632769029021,0.0357038340985955,0.0525544190355658,0.0471496315052554,0.0578413884456644,0.0382867647140683,0.0350649799896105,0.0417048704136538,0.0388302898479902,0.032337654086491,0.0450225224816767,0.05412582125138,0.0474001673856896,0.061059573690106,0.0245735381557812,0.0222260213110924,0.0267669586468028,0.0187634084742859,0.0151168222790156,0.0224578073780038,0.0109746141647933,0.00853237704942746,0.0133680945289512,0.0414243277290526,0.0304378125185843,0.0523972016504293,0.00963040447589333,0.00790436888393378,0.0112973341786243,0,0,0,0,0,0
"348","2022-02-27",0.191289332184968,0.180441033972818,0.201676555448799,0.121256285605681,0.111217340649546,0.131536700085599,0.132944993389628,0.124100554090611,0.142364670898067,0.0970728230833904,0.0876883658826711,0.106745237447644,0.0541379969456277,0.0468928745812285,0.0614265968713469,0.0515657695873356,0.0465052210415254,0.0566216719503737,0.0308381198213939,0.0258931851267088,0.0357338733270433,0.0526172863740184,0.0471962083005783,0.0579204602667962,0.0382953640967888,0.034967304414774,0.0416954941560571,0.0384055977013482,0.0323689210144832,0.0445900499437037,0.0541051172560606,0.04763337781465,0.0609738239481923,0.0245833250411054,0.0222679912999397,0.0267587762417485,0.0187723754948945,0.0151071361339212,0.0223922954765964,0.010990914037151,0.00854512386407984,0.0133531231091794,0.0408181702893378,0.0308604176591175,0.0508639252776095,0.00962060587197884,0.00787367707271599,0.0112880720383645,0,0,0,0,0,0
"349","2022-02-28",0.191483604946375,0.180873220590467,0.202408459728824,0.121168271112138,0.110989148424912,0.131614280847505,0.133229892928014,0.124291999850728,0.142518896312679,0.0964576976657444,0.0868225619437596,0.106220249685801,0.0539999072752247,0.0465871946499905,0.0614547856183884,0.0516194948783702,0.0465273971138182,0.0567180162536198,0.0307859928426947,0.0257955154232242,0.0357193629678555,0.0526875663980907,0.0472221869302624,0.0580453836642095,0.0383037194705671,0.0350557118125331,0.0418198900256334,0.0380404643581928,0.0318277805391317,0.0443096244457648,0.0541338233623314,0.0473569673465035,0.0612912011985047,0.0245913926755531,0.0222880124141438,0.0268077579139186,0.0187198257107286,0.0150448030948701,0.0223100836452729,0.011004133065749,0.00851403220656982,0.0134277708108051,0.0412707135097642,0.0301244073193555,0.0524316772808274,0.00961418327917304,0.00790995378037557,0.0112563841160976,0,0,0,0,0,0
"350","2022-03-01",0.191663499881025,0.181064647090171,0.202758455046025,0.121121416535466,0.110669827321398,0.131698873630316,0.133532024104844,0.124492505937106,0.142852856921657,0.0958420369198012,0.0855538610354824,0.105391315041178,0.0538322857981032,0.0463463158528223,0.0612915417371218,0.0516872360327891,0.0464644224096778,0.0567242510560268,0.0307050940896092,0.0256132054496581,0.0357067366379468,0.0527423686565977,0.0472972443233708,0.0582472291651423,0.0383054396288065,0.0351036097133244,0.0417072298460358,0.0376646363671614,0.0311997415178102,0.0442525962225542,0.054151787954676,0.0470035935213829,0.0612944988600078,0.024599488323736,0.0222866212311146,0.0268090055553371,0.0186574523550305,0.0151266959555096,0.0222646930627815,0.0109983125034971,0.00857120464187406,0.0134389403313546,0.0417730286212823,0.0298112156777931,0.0532711272492785,0.00961406222514196,0.0078885564473246,0.0112428363670828,0,0,0,0,0,0
"351","2022-03-02",0.191803102515714,0.181396464253891,0.202737869658925,0.121069998913834,0.110610085094095,0.131769891165309,0.133845060060302,0.12488357761777,0.143383471305271,0.0952245053677846,0.0851380742534605,0.104752530046472,0.0536871078310216,0.0463788384327902,0.0608382234405788,0.0517623352347921,0.0463928105566456,0.0568315644673922,0.0306477250761722,0.025607886828598,0.0357444103023992,0.0528103033902401,0.0473243121987801,0.0583191656752839,0.038303871909373,0.0351324016653454,0.0417431428022452,0.0373449425143867,0.0309298307123248,0.0440484849970606,0.0541682049468347,0.0473282226791656,0.0612742649500087,0.0246079573603271,0.022360217875567,0.0268235512430658,0.0185943791415403,0.0149501683835266,0.0222714490643298,0.011012795387857,0.00853867107583858,0.0135103045038861,0.042214191156288,0.0302267827387209,0.0547902409282179,0.00961054303662024,0.00792799532400037,0.0112612112417381,0,0,0,0,0,0
"352","2022-03-03",0.191994310563702,0.181491605939813,0.203198352937934,0.121020070887875,0.1105737092264,0.131781175772103,0.134132419629246,0.124990149169451,0.143710476524823,0.094650520381696,0.0845468850437199,0.104485011076626,0.0535489577960769,0.0460827761045576,0.060929954542496,0.0518300321706222,0.046449794372172,0.0569238955197806,0.0305955020220695,0.0253703406792302,0.0356187318266336,0.052876461601268,0.0474043908739826,0.058472625078607,0.0383009434322446,0.035096568351909,0.0417718629983528,0.0369914466491367,0.0303637463237224,0.0439756836437779,0.0541787646695558,0.0471336990168614,0.0612437816622144,0.0246120699490161,0.0223077776182845,0.0267833882054191,0.0185249027872786,0.0146882890353089,0.0221483366861315,0.0110184641987388,0.00847464449390676,0.0135372671958808,0.0427589125409227,0.0304261994360255,0.0551295565296768,0.00960443870950324,0.00789428306367893,0.0112628983691697,0,0,0,0,0,0
"353","2022-03-04",0.192179768315782,0.181453803559388,0.203683629142616,0.120895080639317,0.110678879870182,0.13174721270871,0.134458630884972,0.125450904198629,0.144317038126305,0.0940114732572258,0.0836924212622846,0.103582314489462,0.0534515467272475,0.0456983446233428,0.0609542169395447,0.0518871644054551,0.0466205936403285,0.0570979197821745,0.0305608297656625,0.0254662129249662,0.0355528351822085,0.0529408747316849,0.04757020490121,0.0586411941113133,0.0382964796372794,0.0351002765706004,0.0417908166927677,0.0365978928924201,0.029698182377578,0.0435791823040972,0.0541895634608508,0.0469789947512545,0.0611096469934881,0.0246229442078501,0.0223209820293145,0.0267734201929542,0.0184636875934747,0.0146412961642511,0.0222265761238312,0.0110159977741156,0.00854827770127588,0.0135223078572483,0.0432118027317285,0.0298751417673754,0.0561222779483723,0.00959705770297862,0.0078691680396108,0.0112545530860073,0,0,0,0,0,0
"354","2022-03-05",0.19238239363154,0.181894447261777,0.203525455850854,0.120822880847393,0.110191577105947,0.131626426426511,0.134726063878817,0.125537165308169,0.144387323441113,0.0934051833395218,0.0831150037452733,0.1029183084238,0.0532771206666358,0.0455079082506719,0.0606241058500059,0.0519405034394182,0.0466440816580534,0.0571222612717453,0.0305255722888607,0.0255517676502157,0.0355870367633313,0.0529987556683382,0.047655016631917,0.0586153784740645,0.0382860498798392,0.0351015068601927,0.0418638842219914,0.0362497586888083,0.0294171925750294,0.0429138412107356,0.0541759564154536,0.0470459186226332,0.0611018869345934,0.0246324005998693,0.022354230215906,0.0268178503789352,0.0184067225101818,0.0145749336491545,0.022119410348641,0.0110265754230165,0.0085277100961621,0.0135727964333099,0.0438418984024185,0.030859632430513,0.0572509789476755,0.00959638256031333,0.00786754580771356,0.0112761836338413,0,0,0,0,0,0
"355","2022-03-06",0.192568141860276,0.181950779721178,0.203430316747427,0.120686303453136,0.110230117156856,0.131143573222544,0.134995390658035,0.12572440684406,0.144871984182083,0.0928716299509004,0.0824453707905621,0.102348076440778,0.0531346264405445,0.0455472808336572,0.0605287514451725,0.0520097692216921,0.0467277943269879,0.0572748776000798,0.0304835846249629,0.0254053477190124,0.035378915795234,0.0530707337955228,0.0477785816660213,0.0586341733394879,0.0382924932249534,0.0351160958873592,0.0419362111974024,0.0358842113873121,0.0292228870038837,0.0424879488896396,0.0541927013004747,0.0470765046289949,0.0611991706475802,0.0246427300890969,0.0222961807937063,0.0268000727068988,0.0183566884932429,0.0144571600577833,0.0220688459476284,0.0110278795302218,0.00853230747197279,0.0135816522093158,0.0444006476269829,0.0314761244441998,0.0577113478593823,0.00959492100745397,0.00788115118827183,0.0112594364378854,0,0,0,0,0,0
"356","2022-03-07",0.192859304026147,0.182213854971478,0.203799960092624,0.120588776607174,0.109973948812729,0.131250908155026,0.13532496929443,0.12579084174854,0.145313622223555,0.092296210618195,0.0817832119597414,0.10201335082548,0.0529724709543177,0.045383298400215,0.0604047735697473,0.0520716631257046,0.0468804314302752,0.0573967842077593,0.0304515940729254,0.0254276113625559,0.0354170356353317,0.0531393910500275,0.0477757861303373,0.0588475292360221,0.0383053655340823,0.0351262067481914,0.0418663569212253,0.0355291259237047,0.0290919419723592,0.0420539640019082,0.0541837851638099,0.0468402343676091,0.0611353841353586,0.0246472229200485,0.0223465311449141,0.0269059066284319,0.0182856688373342,0.0143503121722479,0.0219348412000985,0.0110252949632183,0.00851491828578501,0.0135623756957602,0.0448787351525862,0.0319012502134173,0.0577350759680852,0.00958717220327087,0.00786569938742034,0.0112575745790126,0,0,0,0,0,0
"357","2022-03-08",0.193006035143451,0.181844468296901,0.204082093461123,0.12057042828756,0.110019321542334,0.131183539521138,0.135592748383777,0.125969491053569,0.145424111150485,0.0917259784072812,0.0812700137812647,0.101508285949451,0.0527982955917069,0.0452240306378988,0.0600911784514524,0.0521585858784755,0.0469947348705671,0.057438224657494,0.0303795155742468,0.0252831860868414,0.0354653880869231,0.0532029907288612,0.0478139667680939,0.0587020228942795,0.0383134092548196,0.0351810839162946,0.0419587176496991,0.0352101586556166,0.028885657553532,0.0416150527720607,0.054156193761846,0.0471050396074905,0.0611317716738352,0.024654578461496,0.0223394332528806,0.0268871006550931,0.0182432435726306,0.014133319613101,0.0219268525588252,0.0110296733607702,0.00854315513586632,0.0135624923779608,0.0454033766374353,0.0329664502224273,0.0575907490061194,0.00957647841526574,0.00784338248631557,0.0112422962321175,0,0,0,0,0,0
"358","2022-03-09",0.193189855096098,0.182197511935471,0.204027113778651,0.120478077241709,0.109913047631063,0.130796106459958,0.135819614411717,0.126267579749979,0.146100931837829,0.0911288886608709,0.080754904651164,0.100584904659448,0.0526414174216953,0.0454295603224396,0.0599138703499538,0.0522110591051619,0.0469856525444416,0.0574773845545884,0.0303310184704844,0.0251671201306655,0.035380048997609,0.0532896835191172,0.0479349879864578,0.0588352545690854,0.0383170604440447,0.0351013114041728,0.0419737365619156,0.0348168969691836,0.0286344617646668,0.041001710989853,0.0541862582423863,0.0471505352374421,0.0611901926473296,0.0246617408175309,0.0223969948057874,0.0268525128340313,0.018192639801618,0.0141277703418379,0.0218619648470465,0.0110368185540284,0.00854263481952137,0.0136339393097057,0.0459327303179493,0.034253027949384,0.0570010991880821,0.0095723958747588,0.0078693037665023,0.0112603346662525,0,0,0,0,0,0
"359","2022-03-10",0.193374817604557,0.182758009038033,0.204348920144074,0.120386570189641,0.109409864469178,0.130836066580307,0.136127795679292,0.126730326431499,0.145963917823985,0.090521048125164,0.0799331420185194,0.0999143085743596,0.0525045504677573,0.0453342278258985,0.0596149630905274,0.0522873859928584,0.0470276929478169,0.0576518674962057,0.0302891598555716,0.0252223892001896,0.0352364004090909,0.0533609510060299,0.0479468631123779,0.0588422206198374,0.0383202904754596,0.0350881925595968,0.0419244708274139,0.0344928672514098,0.0285060856493213,0.0406967599707353,0.0541874942841316,0.0472060276820388,0.0611232414488219,0.0246737261982215,0.0224385279113961,0.0268129118562868,0.01814505510353,0.0141741557438312,0.0218854256460293,0.0110473013541564,0.00844670016261973,0.0135973046103933,0.0465663751345246,0.0361080931798222,0.0567536722392344,0.00956801052998603,0.00781774915422729,0.0112208847850205,0,0,0,0,0,0
"360","2022-03-11",0.193304471833087,0.182399902846157,0.204453999195781,0.120069685772444,0.109261739422298,0.130556266594933,0.136435715193515,0.127120025885597,0.14656619256845,0.0904500552284132,0.0798056563618545,0.100022236790498,0.052562287851321,0.0451484125780036,0.0598008468317833,0.0522271436249655,0.0470089293409298,0.0576185477801535,0.0302582077534819,0.0250495649725391,0.0353965472300861,0.0533917724861151,0.0480344270093786,0.0590199379792663,0.0383144188098929,0.0350725747334114,0.0419451835518416,0.0344200997332991,0.0280940646057085,0.0408448058980838,0.0541994263283736,0.046792279224367,0.0612620695691701,0.0246815889177116,0.0224089309759505,0.0268264082061287,0.0183169665358974,0.0143368448076084,0.0220531783052785,0.0110154162704747,0.00840851208286814,0.0135818467331412,0.046569563733928,0.0352454420283223,0.0582389762222854,0.00956272781667224,0.00781508266103537,0.0111912287049244,0,0,0,0,0,0
"361","2022-03-12",0.193301418986597,0.182139001141348,0.204540080530791,0.1197607423764,0.108672190771327,0.130720957263614,0.136721629246974,0.127238750153381,0.146749585021442,0.0904109493034982,0.0800691838678795,0.100291575744466,0.052624266726944,0.0449940049162807,0.060000027402619,0.0521646375592481,0.0470963003045902,0.0574798055231751,0.0302297577167044,0.0250796336016363,0.035293896116097,0.0534142575731607,0.048057992432162,0.0590667297003509,0.0383020508737348,0.0350571778097421,0.0418340258982028,0.0342867027894948,0.0277239106460966,0.0408501592141601,0.0542562133914388,0.0470052458163403,0.0614375669339849,0.0246879390972649,0.0224715418595575,0.0268056690346591,0.0184855389649577,0.0144020107264795,0.022238782800577,0.0109946884020941,0.00841379534317219,0.0136095531829513,0.0465833598533501,0.034702439912779,0.0597105354515676,0.00955747980386371,0.00780424947454686,0.0111923204331062,0,0,0,0,0,0
"362","2022-03-13",0.193264437070226,0.182154448806584,0.204507943111019,0.119451612661027,0.108604435262988,0.130650100773024,0.137019018925088,0.127388173687622,0.14726252029431,0.090232216056286,0.0796591634733683,0.100083338829198,0.0526708072954213,0.0451667353435692,0.060112304600751,0.0521319090917277,0.0470047008744988,0.057507953322685,0.0301987907413083,0.0249657677699556,0.0353926512542128,0.0534511689720927,0.0479301546012345,0.0591198574245677,0.0382985599342023,0.0350214752985411,0.0418999931392153,0.0341981122270011,0.0275351651587535,0.0410783700641378,0.0542785811762666,0.046876588731548,0.0614675823962803,0.0246980025720952,0.0224416980173084,0.026838425109372,0.0186402418568355,0.0144818902696743,0.0223499541845615,0.0109661955697701,0.00847625136536298,0.0135530955811443,0.0466890216180143,0.0334959090067128,0.0600921043916413,0.00954541071611264,0.00777850224318498,0.0111914137186385,0,0,0,0,0,0
"363","2022-03-14",0.193261662942044,0.18167442187343,0.204534038172231,0.119161090314304,0.107996871333346,0.130475809685065,0.137293080635628,0.127646351498218,0.147387662121158,0.0901320405221016,0.0793194391053943,0.100271983087186,0.0527924491471233,0.0451659782848552,0.0601912750087992,0.0520747622269748,0.0468349995038641,0.0573433184899718,0.0301736914000217,0.024829195761343,0.0353322740128704,0.0534974049181562,0.0478951898710132,0.0591814670204667,0.0383030606538292,0.0350007420718204,0.0418930242774095,0.0340335845288898,0.0271826573105258,0.0407525578253453,0.0542927807182885,0.0466393503957916,0.061676223085137,0.024704790664835,0.0224630046865921,0.0268317675325839,0.0188155823451343,0.0146079496590295,0.0224802827334005,0.010929129503935,0.00838077344056719,0.0134702715712217,0.0467611725257427,0.0330524367773278,0.0613258220727674,0.00954020470588571,0.00778801719124534,0.0112111798704088,0,0,0,0,0,0
"364","2022-03-15",0.193305692003746,0.181883276601621,0.204465006253677,0.118825051555594,0.107693228877717,0.130235619066795,0.137630326423226,0.128011480346934,0.147357751010212,0.0901088468400331,0.0791113402857758,0.100457633933219,0.0528652763623073,0.0448080191100489,0.0603941157566588,0.0520032058090352,0.0463876828073552,0.0574193499560674,0.0301320555488099,0.0247427990659528,0.0354072391123897,0.0535491874920761,0.0479232708638286,0.0591214400975123,0.0382973684421505,0.0350564889912373,0.0418540262217398,0.0339026795977106,0.0269022042223008,0.0408540430731772,0.0543256794192339,0.046686735061759,0.061971301054861,0.0247155104290876,0.0225065266219135,0.0268214262419708,0.0189872281445175,0.0146878419336763,0.0227090551318328,0.0109018132976575,0.00835203114133984,0.0134724613539108,0.0467824636941282,0.0328364904530945,0.0621940965448139,0.00953045493814526,0.00779315656179825,0.0111938763543012,0,0,0,0,0,0
"365","2022-03-16",0.193242452080233,0.181616507411055,0.204341535745039,0.118528033400839,0.107470666193621,0.130118576458726,0.137910546702731,0.128032300546719,0.148084361726257,0.0900675686815606,0.0785671872271111,0.100417345987373,0.052944347541692,0.0447791851012324,0.0607670335950557,0.0519360958238847,0.0464051354327812,0.0573447936507418,0.0300813150259763,0.0246435661651865,0.0353233629745511,0.0535838616068362,0.0478677169029453,0.0592675075073027,0.038293848964728,0.0349770095800674,0.0417607056822237,0.0337603502191523,0.0266148562102153,0.0407837627508888,0.0543680304965109,0.0466388082610881,0.0620210958616112,0.0247247065169472,0.0224501599352205,0.0268401736582916,0.0191664050524172,0.0148479803358413,0.0229184937674811,0.0108846935038431,0.00830945813095512,0.0135222871891611,0.0466926969758284,0.0322028583703397,0.0620322468100684,0.00952260025453432,0.00779423352166334,0.0112123114573692,0,0,0,0,0,0
"366","2022-03-17",0.193254995821971,0.181676697748318,0.204500471862458,0.118247371920628,0.107381765222737,0.13000319138626,0.138187974361784,0.128502752579624,0.148278768851465,0.0899970474025095,0.0785107184716813,0.100405210734085,0.0530542616314691,0.0449097865472746,0.0610413326896375,0.051881836274742,0.0463981255962545,0.0573619768635392,0.0300379421553217,0.024490235454883,0.0352871089551559,0.0536230758300709,0.0479344721977209,0.0592772657302049,0.0382924025271009,0.0349737404874043,0.0418180976104129,0.0336806182058888,0.0265215288538599,0.0406595212760235,0.0544073228136412,0.04674791959361,0.0621017541328128,0.0247388398292681,0.0224163531452423,0.0268538357250129,0.0193360026201744,0.0151032663533995,0.023181877149155,0.0108558468024143,0.00834903012355811,0.0134651514655174,0.0467431761965276,0.0321201426592291,0.0621111814233202,0.00951680984128926,0.00779942395568147,0.0111812384119891,0,0,0,0,0,0
"367","2022-03-18",0.193255143113159,0.181724098694474,0.204876071529612,0.117937788702249,0.107194121763312,0.129344870504546,0.138461673511669,0.128748154301861,0.14861426404165,0.0899308070751784,0.0784702752808016,0.100368131501538,0.0531344563825591,0.0450698825049866,0.0610784238490404,0.0518210641360385,0.0463796611730578,0.0571745825690699,0.0299868556099054,0.0244150760762509,0.0350192141720556,0.0536707017094773,0.0479832982554992,0.0595005705938037,0.0382917269874533,0.0349533117788519,0.0418877230929758,0.0335754593733088,0.0263196959230408,0.0404951132040305,0.0544022362321982,0.0469838431487819,0.062190859882105,0.0247523669038769,0.0224441666786807,0.0268644388301778,0.0195104802720865,0.0154141456575846,0.0234520635664271,0.0108353915234329,0.00831369297116644,0.0135856267271539,0.0467252662228071,0.0319016565512711,0.0614436197939045,0.00951291834621353,0.00780056496810486,0.0111657762599335,0,0,0,0,0,0
"368","2022-03-19",0.193266982670604,0.181894782722077,0.204971516079161,0.117672195017589,0.106616632928163,0.129339770661415,0.138746363752907,0.129181688164234,0.149041057286785,0.0898627602709737,0.0780786745781741,0.100365386959699,0.0532288992458852,0.0451160733236404,0.0610670774799829,0.0517644526728728,0.0463784977692296,0.0571557629737956,0.0299268256682052,0.0243439427217956,0.0350511452136848,0.053714546030962,0.0480780427992273,0.0592874583469216,0.0382867523195977,0.0349325158820887,0.0418606942059183,0.0334470766035485,0.0262354368770573,0.0401595059792014,0.0544657220038551,0.0468955888878391,0.0622195759104026,0.024765826402971,0.0224592802512276,0.0268893228104151,0.0196697224370756,0.0155892144494678,0.0235519014002104,0.0108015462755563,0.00836595238838683,0.0133889521897401,0.0467827012866478,0.0324406081741557,0.0619382263923802,0.00950643477411006,0.00775092619057334,0.0111967436154862,0,0,0,0,0,0
"369","2022-03-20",0.19322741696322,0.181542547890552,0.204722962929587,0.117369671929689,0.106761170976997,0.128662025906465,0.139016793721102,0.129570536357389,0.14957967829428,0.0897526282222691,0.0777452389457553,0.0998742980566266,0.053355922186196,0.0452808314084265,0.0610757859652309,0.0517017451155762,0.0460671185091841,0.0570256773985847,0.0298814609323887,0.0242270117184137,0.0349830132711095,0.0537596611427473,0.0482243616567698,0.0594269317279908,0.0382849887179358,0.0348452720364076,0.0418817776546156,0.0333071987673959,0.026091569819666,0.0401422973448355,0.0545039435343772,0.0467938899835142,0.0622206087339825,0.0247746361465334,0.0224806251224595,0.0268897800694534,0.0198510129314255,0.0158505739517939,0.0237447576150989,0.0107872308530944,0.00834581802585633,0.0134377065900529,0.0468698911535891,0.0321951004336048,0.0619015675878182,0.00949948840585479,0.00772918973266686,0.0111716211899185,0,0,0,0,0,0
"370","2022-03-21",0.193236802738702,0.181683870720943,0.204929751087787,0.117100514585631,0.106338133109938,0.128780778841548,0.139285055300974,0.129855825375978,0.149629834175565,0.0897348212982145,0.0782895017283746,0.100116304205594,0.0533977412262892,0.0452802280048437,0.0612356898762811,0.0516279959051819,0.0461128758457582,0.0569016876316786,0.0298533055705368,0.0243984121963375,0.0348320052536609,0.0538024177182927,0.0483375736957472,0.0593160671035898,0.038274013712188,0.0348395684206541,0.0419349748439401,0.0331731734639177,0.0260333653180919,0.0398748142655253,0.0545704883463714,0.0470628914866538,0.0622839907232511,0.0247832333321366,0.0224943126463843,0.0269152302987322,0.0200035022307695,0.0159675768687064,0.0237977523384945,0.0107635746820829,0.00836003893280139,0.0134348704574938,0.0468187507741238,0.0321562532604319,0.0618162269350558,0.00948976201777546,0.007699381325488,0.0111708458796327,0,0,0,0,0,0
"371","2022-03-22",0.193296738850823,0.181928329333519,0.204892218872094,0.116758488224798,0.106129445388994,0.127723242984818,0.139554060236432,0.13034761038179,0.149841303775351,0.0896463921802379,0.0785452685188967,0.0999438538892183,0.0534451192168055,0.0456015088342364,0.0612913307097921,0.0515820457624853,0.0459836470869381,0.0568721129356018,0.0298432433164085,0.0243469709032766,0.034758869773465,0.0538194600720038,0.0482879735376542,0.0593522780005796,0.0382716090910969,0.0348186939675733,0.04192691825056,0.0330333164447907,0.0259583000034448,0.0395379836168192,0.0546250159235313,0.0470243271056558,0.0620424212562912,0.0247929589756241,0.0224956205996591,0.0269164582387182,0.020181335810539,0.0161634880875307,0.0240248742339455,0.0107276005901636,0.00824791649557889,0.0133246486654187,0.0468735868148698,0.0327265212145789,0.0608937050249711,0.00947823217978058,0.0077041267698666,0.0111164916991924,0,0,0,0,0,0
"372","2022-03-23",0.193338528158383,0.182237614287435,0.204729181027516,0.116492217673975,0.105966978518645,0.127326428083689,0.139873422124985,0.13078670719237,0.149799183998133,0.0895923038584384,0.0788974620668633,0.0995987199924538,0.0535055382486792,0.0455489267247729,0.0613732996544006,0.0515059047683929,0.0459660003141019,0.0566648787592246,0.0298410794366644,0.0244870826974691,0.0347671713654925,0.0538641530281689,0.0483446416526557,0.0594973918732273,0.0382665539747861,0.034820585365471,0.0418513833098265,0.0329072479380954,0.0261654149383023,0.0395956616006188,0.0546720747468824,0.0472598599234933,0.0619962047781394,0.0248028114181119,0.0224792053042081,0.0269681510596668,0.0203580227897503,0.016194444462244,0.0241119425337626,0.0107016812148668,0.00826731011990542,0.0133320539743919,0.0468571350682627,0.0335541859707096,0.0604781977086415,0.00947044990145079,0.00769703458134676,0.0111295348098241,0,0,0,0,0,0
"373","2022-03-24",0.193264796483144,0.181998444348431,0.204527765821211,0.116194354714715,0.105748491200715,0.126784014253258,0.140145429591635,0.131022442678479,0.150107157648972,0.0894854522892109,0.0787667894076867,0.0993630635577004,0.0535605311476962,0.0456367140941303,0.061208781125445,0.0514544554912033,0.0460068623970252,0.0566993152847892,0.0297990559189627,0.0242578792823277,0.03491235434632,0.0538912044198099,0.0484328452050946,0.0594225207896303,0.0382704821924251,0.0348074466120403,0.0418377939631976,0.032775963185913,0.0260361350084727,0.0393347576836474,0.0546959026767821,0.0475224139971257,0.0620170201072071,0.0248130248758506,0.0225069530315987,0.026971919361413,0.0205130966475886,0.0166284126290845,0.0243126606184424,0.0106745956120353,0.0082386417828384,0.0133704353257336,0.0468410417343125,0.034573366526071,0.0595511767082569,0.00946100234020416,0.00769210929156505,0.0111260959751014,0,0,0,0,0,0
"374","2022-03-25",0.193255374893262,0.182213340050576,0.204338218903842,0.115943192439564,0.10524813357316,0.126580171751755,0.140433377241581,0.131086434446147,0.150197494086148,0.0893874813198792,0.0789408304328597,0.0992499577804679,0.0535573243498387,0.0459964389936686,0.0611633847739274,0.0513811970168269,0.0459249776706823,0.0565914612175264,0.0297668116850082,0.0244694343276646,0.0348127658895032,0.0539342676223534,0.0486016165059849,0.0593477956128,0.038279110788157,0.0349231821241679,0.0418358340697505,0.0326293370662197,0.0259906550852974,0.0391293566221442,0.0547721400227856,0.0475975528208237,0.0622274283940939,0.0248238064280347,0.0224525837009915,0.0269741573798539,0.0206807207103181,0.0167986050655905,0.0244948128382417,0.0106547513142103,0.00832214831680168,0.0132438239142922,0.046894403832504,0.0349181358032452,0.0584502893514492,0.00945316060614903,0.00767260701313875,0.0110606122831735,0,0,0,0,0,0
"375","2022-03-26",0.193268332043986,0.182566048385928,0.204553562902763,0.115645374784304,0.105140240102732,0.125930102240363,0.140703489112405,0.131614428221137,0.150411680121972,0.0892978676106855,0.0783733811878,0.0992462055449156,0.0536373745146602,0.0460153030524738,0.0609383005785185,0.0513209944202735,0.0458879797905207,0.0564544705795085,0.0297272571358251,0.0243736004030131,0.0347001761297867,0.0539814821916054,0.0486401114692892,0.0596453966798915,0.0382777871008292,0.0349038225742128,0.0419157288793459,0.0324823896989641,0.0259395229513578,0.0386581988187502,0.0548100931090132,0.0476249351394054,0.0619744899294318,0.0248261745064493,0.0225656909632186,0.0270486703549398,0.020851435145523,0.0170060434631411,0.0247294076239331,0.0106360434615997,0.0082988148466149,0.0132144162169863,0.0468396263448304,0.0367707375394259,0.0572205836665715,0.00944582579582714,0.00768439031374779,0.0110677225208508,0,0,0,0,0,0
"376","2022-03-27",0.193156273263851,0.182278023466623,0.204732661484376,0.115314619294142,0.10502627196356,0.125811086683604,0.140945346608075,0.131537801089475,0.151055716529149,0.0892563458451811,0.078360265022464,0.0990798145172577,0.0536904940862264,0.0458863034846943,0.0610647716254365,0.051297148307242,0.0459568047815717,0.0563567040264115,0.0297178229125161,0.0243033845541026,0.0347053634747475,0.0540497035515662,0.0488193815464373,0.0595705610651658,0.0382848629346435,0.0348291188605845,0.0420061198083745,0.0322733883064426,0.0255837881646389,0.03874639887733,0.0548164981352975,0.0476496847090753,0.0619969092472827,0.0248353374705389,0.0225660835920998,0.0269818837892629,0.0209710171959335,0.0171573411475966,0.0248679950311939,0.0106208435626914,0.00833372688621027,0.0132461533352727,0.0473079886634717,0.0359203081232591,0.0586197684219519,0.00943293005743136,0.00769026264764952,0.0110318653491227,0,0,0,0,0,0
"377","2022-03-28",0.193043128176444,0.181807886865677,0.204612246539785,0.11497313266563,0.104550772034397,0.125742460837636,0.141164970395917,0.132053595818902,0.150876356184739,0.0892120095868593,0.0782403302057798,0.0990391549849989,0.0537289059393325,0.0459053323969636,0.0614860431570986,0.051282261401886,0.0457716604543732,0.0563553497500898,0.0296994184152179,0.0243099756166777,0.034678930356717,0.0540839411121942,0.0486201428668579,0.0596080043008589,0.038275423501502,0.0348917257920585,0.0419708094012725,0.0320648324352661,0.0251597760833118,0.0384338295071957,0.0548224710143416,0.0475403453612858,0.0621110963983721,0.0248502206966319,0.0226041926139603,0.027052204584174,0.0210945315701029,0.0172264182669086,0.0250463085210141,0.0106010475408396,0.00822990521163926,0.0132077268173396,0.0477618231288774,0.0351124474014568,0.0599123270763537,0.00942760271222159,0.00771446381555916,0.011019733037288,0,0,0,0,0,0
"378","2022-03-29",0.192952129931541,0.181842342999724,0.20457878747387,0.114661909006911,0.104546656409022,0.125731581476951,0.141434983812622,0.132349509447928,0.15146364253065,0.0892491646329999,0.0781398384759439,0.0994893308540227,0.0537423097311717,0.0458702207349616,0.0615764766977505,0.0512594285314279,0.0457445285583228,0.0566432804934766,0.0296793049346948,0.0242960034502964,0.0347626785580186,0.0540969343992692,0.0485975797869293,0.0596917619588077,0.0382764360605718,0.0348977188689727,0.0419299846495595,0.0319004724333871,0.0250794882385667,0.0384406298380522,0.0548773182993868,0.0476382428018658,0.0623180642471819,0.024858762758561,0.0226065548822804,0.0270458162112928,0.0212292285689662,0.0172896212641459,0.0252896325748595,0.0105861372841238,0.00818926502740566,0.01321544972154,0.0480939235831802,0.0344939990689571,0.0611580540472546,0.00941439388691867,0.00766940008348255,0.0110162576306702,0,0,0,0,0,0
"379","2022-03-30",0.192888977914165,0.181678947481521,0.204418830144454,0.114291273630523,0.104263720354091,0.125161918202163,0.141678012556698,0.132442152982456,0.151954020100246,0.0893121000190249,0.0782833254213621,0.0993878652132399,0.0537967193776394,0.045855086929357,0.0615526247387781,0.0512386374983344,0.0456143043204677,0.0564240271663255,0.0296559900964414,0.024403200542072,0.0346951551453704,0.0541675912951918,0.0485896324703297,0.0595450972654279,0.0382763113920007,0.0348710953593542,0.0419343963780883,0.0316858822777996,0.0249537646084807,0.0381806647892897,0.0549112471007753,0.0475289237057503,0.0623895103831787,0.0248701417800036,0.0225624678587971,0.0270659849956485,0.0213635807165191,0.0173961800199046,0.0254983536025861,0.010582112388541,0.00815998071554878,0.0131977432951126,0.0484907888433686,0.0340922439670542,0.0623414315413727,0.00940124997454583,0.00765914185894152,0.0110457077162274,0,0,0,0,0,0
"380","2022-03-31",0.192781323911693,0.181639543566374,0.204520121124556,0.113976220848347,0.104115752952521,0.125229415840129,0.141896000371041,0.132342489848884,0.152205763266936,0.0892813747000989,0.0782170675005385,0.0994201769998854,0.0538274834429667,0.0458328426086714,0.0615248383623815,0.0511906453937365,0.0456672491485654,0.0562252122892824,0.0296124090697156,0.0240386706028991,0.0346502664561891,0.0542165585662794,0.0486228425879855,0.0597524430590118,0.0382820568650992,0.0348420487760012,0.0419456850419942,0.0314736658448322,0.0246437579095891,0.0379642550094589,0.0549815490625759,0.0478422757351513,0.0625658772259352,0.0248813224832441,0.0225691533847427,0.0270498432920183,0.0214809226776871,0.0175025237199878,0.0256456847101989,0.010578407363042,0.00825299755151773,0.0132174385790028,0.0488487390631506,0.0345447299761069,0.0631307609961053,0.00938465352645075,0.00765895223458814,0.0110302199918969,0,0,0,0,0,0
"381","2022-04-01",0.192687599097062,0.181393182318027,0.204698966629916,0.113633124515044,0.103422635007867,0.124934825983426,0.14213662749113,0.132796409843898,0.152274465098032,0.0893318165782401,0.0783382620500778,0.0994875171928002,0.0538791606193912,0.0460580971048183,0.0615171043841177,0.0511599363987127,0.0455883085867789,0.0563398095657279,0.0295510379405289,0.0241926601484496,0.0345730625894543,0.0542473057409193,0.0486732304931485,0.0597823112472971,0.0382922855566413,0.0348578547453259,0.041890159516746,0.0312143471493072,0.0243999638821402,0.0378345913452255,0.0550486976189197,0.0478170461753346,0.0627772237612042,0.0248890560467815,0.0225881284388359,0.0270851804427175,0.0216012329311752,0.0177985769743311,0.0257241969058999,0.0105654164840321,0.00819429941987833,0.0132463971319971,0.0491975528232264,0.0351110729470726,0.0633517181776345,0.00937089054579037,0.00758256598088321,0.0109972358348743,0,0,0,0,0,0
"382","2022-04-02",0.192641187614733,0.181441930485966,0.204222312400034,0.113299098575631,0.103355867868442,0.124312789804046,0.142393091206896,0.132743569348596,0.152681350470585,0.0893770016623568,0.0786230192029411,0.099283381479397,0.0539178074660417,0.0458321834575525,0.0618436006578747,0.0511050803175571,0.0456624550389933,0.0562404974435983,0.0295322558590361,0.0242889637338452,0.0345977048136081,0.0542736827003209,0.0486538261629085,0.0597308304178694,0.0382845706372145,0.0348898298478863,0.0419031448973163,0.0309980211999456,0.0239283133858014,0.0372914265576628,0.0550609565776285,0.047781166519101,0.0626520709445808,0.0249006757627596,0.0225634541793662,0.0270848355724269,0.0217305684887923,0.0179618975861496,0.0257797164219357,0.0105489232190883,0.00814788445528553,0.0131915258599853,0.0495877190203163,0.0351100565998013,0.0634136797366183,0.00935869438533323,0.00757038621961047,0.0110219930466422,0,0,0,0,0,0
"383","2022-04-03",0.192596868840064,0.181621016001666,0.204396419476494,0.112942655705458,0.103083588918022,0.12364716589362,0.142654322605055,0.133151729373812,0.152709702798736,0.0893561113192004,0.0787394174891496,0.0994390304407537,0.0539641833265366,0.0461409575173515,0.061646776297159,0.0510428735304707,0.0454777716589088,0.0562618558975697,0.0295066229556552,0.0242883086697783,0.0343943431833015,0.0543109262174012,0.0487871280239787,0.0598002650487489,0.0382986004037632,0.0349563366587785,0.0418124026103982,0.0307368628064439,0.0236928797554348,0.0371329343212368,0.055100753617793,0.0479655682812096,0.0626166326377374,0.0249097507847921,0.0225671034771247,0.0270507089465931,0.0218534352437927,0.0180332809205486,0.02592651723876,0.0105421666503239,0.00803891420420435,0.0132367576234327,0.0499583382743258,0.0360587550894193,0.0644104549226546,0.00934683088111507,0.00758747672607826,0.0110612384586773,0,0,0,0,0,0
"384","2022-04-04",0.1925806076593,0.181668228717793,0.204424200895714,0.112604664424329,0.102786008410529,0.122952938245306,0.14286110773277,0.13355547623781,0.153039982481258,0.0892897654316455,0.0786694487767121,0.0992711666126374,0.0539816902321198,0.0463110252914182,0.0616425870021455,0.0509690711588017,0.0453200208882465,0.0561947223757504,0.0294740078048861,0.0242331371606676,0.0344867353101185,0.0543567702454668,0.0489334857722039,0.0598990504516528,0.0383018689389624,0.0349652516990593,0.0418889396430638,0.0305731206860741,0.02341637069368,0.0369475364571029,0.0551721847010397,0.0480913073107493,0.0626279169052716,0.0249267830838155,0.0226323386856844,0.0270646899103358,0.0219676276830889,0.0181690091739245,0.0260633116032336,0.0105188047954346,0.00803662019427218,0.0132292820485625,0.0503601674185821,0.0364028928033204,0.0642373639519218,0.00933024858609076,0.00756342388403674,0.0110467710354562,0,0,0,0,0,0
"385","2022-04-05",0.192501230477889,0.181537781757021,0.204175871562663,0.112302470594689,0.102505105681624,0.122137486539222,0.143063236763103,0.133886417571042,0.153228809445934,0.0891966173880765,0.0786926054923582,0.0988797774153074,0.0540150651431379,0.0464363910781395,0.061597397718199,0.0509268578711481,0.0452536503545601,0.0560857594417212,0.0294467529294307,0.0243715908695816,0.0344028849525642,0.0544057040010755,0.0491359068784784,0.060014546853207,0.0383096780659884,0.0350356701722783,0.0418232624333787,0.0303438396668689,0.0235376650778555,0.036681218950037,0.0552596576036336,0.048059007406694,0.0627261741743666,0.0249341446582516,0.0225774450946263,0.0270480324145308,0.0220867224036574,0.0183933952126882,0.026122672511713,0.0105034547814234,0.00805971025984718,0.0131374028204464,0.0508377728189946,0.0370858106543435,0.0645935920224917,0.00931911122267393,0.00752845944002651,0.0110352919012371,0,0,0,0,0,0
"386","2022-04-06",0.192467844838157,0.181580385935223,0.203770690464842,0.112045513432325,0.102479374938704,0.122060570021193,0.143259428907746,0.134056525297807,0.153333082846205,0.0891757733650061,0.0792442196208451,0.0987579181883451,0.0540380739578414,0.046850249470179,0.0614105578454104,0.0508788069410011,0.0452339097897746,0.0560067498161739,0.0294428716187938,0.0242466274317115,0.0343307166286913,0.0544445166993759,0.0490048888765187,0.0599064102838614,0.038313469188063,0.0350121911166452,0.0417659579267774,0.030169182207342,0.0236858057026024,0.0364127733763025,0.0552637172264074,0.0481720938840572,0.0628022465361371,0.024945286943365,0.022616089480933,0.0271086176020106,0.0222151691013242,0.0184744602570719,0.0261110267423763,0.0104954022001198,0.00806297859812998,0.0132193705919299,0.0512711306239695,0.0382737760953458,0.0646409478037084,0.00930453855551234,0.00751282428346492,0.0110314764355957,0,0,0,0,0,0
"387","2022-04-07",0.192350192658193,0.181541104998787,0.203655948820234,0.111693728094605,0.102364627599979,0.121826752334137,0.143462117769908,0.134276194562576,0.153621422489912,0.0892119847933008,0.0796342106650972,0.0985967950593045,0.0540502963498108,0.0469111971040038,0.0614670036672935,0.050813640539668,0.0452661978544695,0.0558145200767609,0.0294179421450425,0.0241546318958195,0.0343352566259442,0.0544817462019786,0.0493241063020341,0.0597941140133227,0.0383107544520039,0.0350305371178851,0.0418530121519495,0.029931112901738,0.0234671646490727,0.0360871696668953,0.0553084728680032,0.0482716548334887,0.0624473576038469,0.024954978108751,0.0226518160439462,0.0271082432230115,0.0223395382875963,0.0186020664474042,0.0262431743917532,0.0104739047686094,0.00805962774789083,0.0131134559270003,0.0516731589768941,0.0395524585206119,0.0645225008432295,0.00929109147290622,0.00750793664212315,0.0110125633996829,0,0,0,0,0,0
"388","2022-04-08",0.192246070518857,0.181807601434247,0.203239638692207,0.111372168340167,0.102064097160908,0.121134635167714,0.143676137402187,0.134666102727566,0.153233056045833,0.0892226918457749,0.0800650840851631,0.0983382420664584,0.0540768693695755,0.047270203232406,0.0614588832346756,0.0507480716304354,0.0452659980601604,0.0555841311284414,0.0294144098612661,0.0243145844053174,0.0342707788281207,0.054538543622238,0.0493329592056879,0.0598604947028334,0.0383262697208444,0.0350670601518077,0.0418271049333921,0.0297247725113391,0.0234927076593513,0.0357538259697976,0.0553362632543499,0.0481326765838675,0.0625016077762906,0.0249613967718751,0.0226736256190362,0.0271194056561982,0.0224429013961983,0.0188252188307375,0.0263115902076987,0.0104739529742935,0.00806394852430791,0.0130844282048717,0.0520652730785621,0.0405317347544447,0.0636838993683021,0.00927679354720616,0.00748513829623828,0.010970259450746,0,0,0,0,0,0
"389","2022-04-09",0.192236003149923,0.181916827815053,0.203051416319058,0.11098946037414,0.102110545493864,0.120379551514813,0.143882657042798,0.1346673490217,0.153345989292617,0.0892555032269271,0.0802100352137143,0.0982521821806717,0.0541080745984599,0.04721827864014,0.0611036101968472,0.0506734500128605,0.0450566589705808,0.0555792250697834,0.0293714699487936,0.0244192097920655,0.0342648732170514,0.0545468466740879,0.0494275851760837,0.0598361493178281,0.0383088755177438,0.034963756063284,0.041742570296932,0.02950574611738,0.0235124133755107,0.0353611552393652,0.0553707983757949,0.0483446395167717,0.0622656685216234,0.0249655992578817,0.0226875211321861,0.0270876485149606,0.0225526715050714,0.019043077520599,0.0263455358842168,0.0104649462101101,0.00805791403335923,0.0130758042309397,0.0525746017591282,0.0426696092009135,0.0631493050689451,0.0092654958667679,0.00749899655997898,0.0109693910777165,0,0,0,0,0,0
"390","2022-04-10",0.192147752460037,0.181921481008709,0.202848034396186,0.110601961842876,0.101833285289786,0.119871487771706,0.144116048968642,0.13524913073757,0.153494741937327,0.0892801811556409,0.0804129889347216,0.0979683176489532,0.0542252381787615,0.0477401250250034,0.0608760349178389,0.0506100324538849,0.0451572471877686,0.0554610558213245,0.0293401615728999,0.0243796238529306,0.0339989012907926,0.0545726795100224,0.0493994617428513,0.0597402767367719,0.0383083563116345,0.0349790728090325,0.0417269893136519,0.0293036908463797,0.0235794000974686,0.0348856729816232,0.055406150229141,0.048570554389836,0.0624074365379045,0.0249769904020294,0.0226599749031593,0.0270937356970724,0.0226586508848751,0.0191046136912337,0.0265351213332512,0.0104469461520211,0.00813859209253702,0.0129687145609672,0.0530241504937532,0.0444857688855323,0.0621288246008998,0.00925153342223841,0.00746720721764582,0.0109458993987945,0,0,0,0,0,0
"391","2022-04-11",0.192146382128232,0.181903667311384,0.202810866443938,0.109837510485617,0.100836872484693,0.11944670745111,0.144182731973064,0.135081295252633,0.153542986520485,0.0894456233693896,0.0803897766785049,0.0983106475434019,0.0543170633440101,0.0476573617266144,0.0609392201147766,0.0506589629014708,0.0451646417349815,0.0555289890652888,0.0294479602996929,0.0244426810609344,0.0343508174133745,0.0545971760493452,0.0494007512215622,0.0597712144598396,0.0382938494933015,0.0350594248097105,0.0417736644320749,0.0295649736813911,0.023526426992693,0.0353173246989439,0.0553674646905033,0.0483936694128566,0.0624457703928094,0.0249900285516579,0.022670670975078,0.0271755537149241,0.0226988930182794,0.0191219919538105,0.0265636131693688,0.0103837172812632,0.0080233998828099,0.0129415782965306,0.0529672911943175,0.0421774633367902,0.0634487295088597,0.00925645049222875,0.00742272888257469,0.0109406584635132,0,0,0,0,0,0
"392","2022-04-12",0.192111884297641,0.181887539132106,0.203133378356448,0.10902645925413,0.0997642311608736,0.118769749851381,0.144268595278482,0.135036017044875,0.15383676274353,0.0895451159807033,0.080287308072456,0.0986283993955266,0.0543913243198697,0.0475416549514903,0.0614685159551646,0.0506714167142905,0.0451830546990269,0.05561575333347,0.029530362828324,0.0245161468060629,0.0345036018303189,0.0546130021115834,0.0492618041247264,0.0598867561708842,0.0382822182576108,0.0351004010419778,0.041718752589559,0.0297669411550957,0.0236226776780992,0.0357538981077571,0.0553674334848291,0.0482008920010491,0.0624831625659888,0.0250003225068362,0.0226704389471225,0.0272157578936429,0.0227445551242505,0.019111011095186,0.0267153711171389,0.0103113050812516,0.00791198633137431,0.0129493852350883,0.0527238314947221,0.0412180155504511,0.064515637169246,0.00926206377405747,0.00743730530604968,0.0109305382461513,0,0,0,0,0,0
"393","2022-04-13",0.192063111154156,0.181523767804312,0.203230409185639,0.108230796503166,0.0985613448489182,0.118342898147101,0.144356709327499,0.135177557743477,0.153993840865624,0.0897144367772575,0.0804147066191908,0.0992911998864762,0.0544998066316442,0.0476293608030019,0.0616326230958461,0.05069131363964,0.0452034168367689,0.0556526587116765,0.0296122521331647,0.0244722132288924,0.0346518424629746,0.0546351192330965,0.049384302663081,0.0600774403198149,0.0382595737398178,0.0350787275686186,0.0417891798367892,0.0300161709456089,0.0235421929843239,0.0364369146781298,0.0553302614121667,0.0482246333837028,0.0628766905275039,0.0250147500217819,0.0226762946006595,0.0271992142796919,0.0227962799132665,0.0190853804015426,0.0268741822394404,0.0102445959352462,0.00783243687605374,0.0128295552096801,0.0526554723065158,0.0401378919804243,0.0652961992422253,0.00927031654842622,0.00744027566125499,0.0109407719336885,0,0,0,0,0,0
"394","2022-04-14",0.192004577772549,0.181230540389914,0.20319405221368,0.107459934068305,0.0977028768099454,0.117617302264386,0.14445071807072,0.135250824011365,0.154255490261987,0.0898773939653325,0.0800581671820781,0.0998527621237217,0.0546104118916686,0.0477047006931324,0.0618538811238975,0.0507420644984284,0.0450867091195845,0.0556445347830488,0.0297021504336633,0.0245371859684137,0.034749383120215,0.0546610740157056,0.0494007932025759,0.0601039904213974,0.0382433628760922,0.0350471657959486,0.0416793347198803,0.0302452506991663,0.0239360676017181,0.0366168800728217,0.0552857996154411,0.048115277313143,0.0626084762910069,0.0250267801695178,0.0227002983156395,0.027189063834251,0.0228425407753408,0.019149286181081,0.0269560440259625,0.0101779508280257,0.0077770526851155,0.0127540458508783,0.0525687946838879,0.0392689492310391,0.0658406554493578,0.00927535608272119,0.00741758292554951,0.0109856556771482,0,0,0,0,0,0
"395","2022-04-15",0.191945156282807,0.181201000889893,0.203578051735965,0.106589067175462,0.0965486735296541,0.116667575363515,0.14454199166785,0.135522246620915,0.154416913532645,0.090036098401358,0.0799127130493107,0.0999192563115177,0.054763221728221,0.0475457081083442,0.0621656973475254,0.0507729199498054,0.0451523287006748,0.0558029754177851,0.0297794320079614,0.0246005033865658,0.0348449920971495,0.0546878346258245,0.0492933518742439,0.0602684574879288,0.0382345323552844,0.0350384349552011,0.0416382051932735,0.0304563731232565,0.0239489521849585,0.0368318949220269,0.055214899116663,0.0479034383513248,0.0626388201284979,0.0250404393372631,0.0227157001547064,0.0271792562529334,0.0228882836064462,0.019099452248484,0.0269661239282335,0.0101118183481851,0.00771122945847382,0.01267122953814,0.0524807492485222,0.0384286648037082,0.0661989939915749,0.00928428976410151,0.00746733068356626,0.0109492267907978,0,0,0,0,0,0
"396","2022-04-16",0.191944661859224,0.181029764673805,0.203587572730657,0.105791293662817,0.0958106072218175,0.115844542805498,0.144645384055583,0.135509692763256,0.154502501028219,0.0901409165892101,0.0797667506580995,0.0996874439071928,0.0548488047053312,0.0475187964319498,0.0623247682523126,0.0508373702020984,0.0450907756462261,0.0558771849558633,0.0298828766805083,0.0245170747539384,0.0349702035656842,0.0547037730391587,0.0493444590271612,0.0603639730252737,0.0382289272374011,0.0350468071100165,0.041629989718,0.0306977071590041,0.0241673820015908,0.0373384965940791,0.0551776002360062,0.0477619293822232,0.0624316904550099,0.0250510851495862,0.0227315634269134,0.0271681577005163,0.0229366817625405,0.0191108653642911,0.0269678064430654,0.0100577476214923,0.00764886958919482,0.0126630062381841,0.0523754191679493,0.038366091103668,0.0665951790876926,0.00929663168490297,0.00742001242519696,0.0109496706743778,0,0,0,0,0,0
"397","2022-04-17",0.191876804737773,0.181078752694166,0.203394435832079,0.10494594789088,0.0948619319865221,0.114896315222092,0.144733695869864,0.135475075966743,0.154611956092914,0.0902827492235691,0.0800802223370094,0.100223274294793,0.0549827356523684,0.0475551554318177,0.062549206788716,0.0508806031239119,0.0453381938506451,0.0559731266214253,0.0299444964584621,0.0244829911264549,0.0350370145860608,0.0547249055499649,0.0493761798388974,0.0605653285402301,0.0382165828577775,0.0350761801475724,0.0417281487176668,0.031005388643247,0.0242861334640652,0.0376752332510144,0.0550896750157335,0.0475479008405563,0.0621814492491772,0.0250620915372313,0.022804180856649,0.0271886516254992,0.0229892385879978,0.0192147280407614,0.0271610380032817,0.00999688075944726,0.00761284970606834,0.012644682119107,0.0524158186351234,0.0382361097779398,0.0668591803876207,0.00930177680990227,0.00744069971829551,0.010968932356799,0,0,0,0,0,0
"398","2022-04-18",0.191872334723507,0.181163558010032,0.20363945139506,0.104142008112869,0.0938881519155053,0.114070958948718,0.144847506379969,0.135213216058335,0.154884728925806,0.0903861763708202,0.0800797471553984,0.100033875783843,0.055077254206298,0.0473989071906638,0.0626705446668609,0.050925120550733,0.0452408215558576,0.0560784723797435,0.0300437002781958,0.0246432046379112,0.0352988459565554,0.0547728848996983,0.0493536927348269,0.0606006017743221,0.0381935101364454,0.0349846426085945,0.0416387546743236,0.0312511333546674,0.0244340188553935,0.0379787924024731,0.0550068582049007,0.047447964885706,0.0623478288926973,0.0250774093471387,0.022795724350601,0.0272000915152994,0.023025971152341,0.0190693560391722,0.027155185496405,0.00994114595049349,0.00755066582592056,0.0125678876666572,0.0522481026067938,0.0382944961243943,0.0662991030141503,0.00930188316624923,0.00741150542046641,0.0109912541951075,0,0,0,0,0,0
"399","2022-04-19",0.191878456333415,0.180980771003497,0.203803216035676,0.103364459701393,0.0933016804579936,0.113647509146204,0.144952858506313,0.135315169314181,0.155195930080099,0.0905527588000365,0.0798352095617456,0.100246554700135,0.0551843694039777,0.0475657263391472,0.0627359085311149,0.0509352452958455,0.0453148092836435,0.0560204193308333,0.0301331002834409,0.0248415441487151,0.0354059213910015,0.054802367222795,0.0493712995784449,0.060710569357135,0.0381686415717697,0.0349924052432165,0.0415779597431769,0.031510310044559,0.0251626466513657,0.0382206309199218,0.054981531628978,0.047487212290057,0.0622496972559674,0.0250869508738239,0.0227763165140205,0.0272170218860614,0.0230747665074973,0.0192882393319723,0.0271694751409919,0.00987691657046455,0.00753098519242743,0.0124033530357299,0.0522173201110569,0.0381516970952456,0.0663981150519631,0.00931069831794643,0.00742724494953935,0.0110021183984117,0,0,0,0,0,0
"400","2022-04-20",0.191809301836762,0.180893893308186,0.204319559052133,0.102575796553333,0.0924598498234038,0.112895576599891,0.144985229105549,0.135108571958869,0.155087532505139,0.0907301050899174,0.0801022045197257,0.100574585636604,0.0552756675121311,0.0479876520571872,0.0629233387411666,0.0509792848129599,0.0454695327757279,0.0561364697524979,0.030219511569584,0.0249908021482871,0.0352472804339998,0.0548150308227409,0.0492496987498335,0.0606809359233976,0.0381615444536777,0.0349318783300811,0.0415111781846452,0.0317488137733396,0.0252444574256728,0.0386897078861566,0.0549937923422465,0.0476697636207563,0.0625234292290139,0.0250962079269581,0.0228107915028729,0.027200622848932,0.0231006075141973,0.0192069842242057,0.0271079274394527,0.0098129258897599,0.00737542623364434,0.0123008548018581,0.0522589137698314,0.0386340407799267,0.0659375587332521,0.00931648944961589,0.0074144873733488,0.0110046125196225,0,0,0,0,0,0
"401","2022-04-21",0.191804770341208,0.180966228990321,0.203831411815401,0.101770772733111,0.0916245695678243,0.111641499822765,0.145046968264822,0.135356094681014,0.155179290420423,0.0908701856193372,0.0803411696974515,0.100906478516678,0.0553831712370925,0.0477741319883039,0.0630576665085088,0.0510247153093718,0.0453395455303562,0.0562066673109428,0.0302873855418682,0.0250430624310259,0.0354207861749768,0.0548282076546469,0.0493726578371467,0.0604790913783488,0.0381580110113254,0.0349946689160937,0.041556199001647,0.0320448094243195,0.025617155051375,0.03892607725081,0.0549446414502763,0.0475805382091257,0.062410939958558,0.0251069963181776,0.0228187189412838,0.0272335156039267,0.0231390366730546,0.0193026096420752,0.0272059839629617,0.00974214049664651,0.0073509735627747,0.0122366290565739,0.0520727781759954,0.0386990599732828,0.0657815898357387,0.00931732501515336,0.00739497197470522,0.0109926373444611,0,0,0,0,0,0
"402","2022-04-22",0.191818475622469,0.180813348307764,0.204002062923989,0.100975715322362,0.0909097255532306,0.110995719411276,0.145109166220323,0.135637210861198,0.15505969116701,0.0910743104527981,0.0805598077543535,0.100688093590026,0.0554585784945935,0.0480095818043747,0.0631861752760834,0.0510722895700141,0.0453156044248438,0.0562010169210101,0.0303657767304296,0.0250842295900051,0.0353849277633224,0.0548723149806913,0.0493592667292191,0.0607179833365819,0.0381437378950362,0.0349707655305798,0.0415472718816177,0.0322621441659945,0.0256888265201866,0.0394197740328768,0.0549171659755816,0.0476829173993205,0.0625542293105371,0.0251156908959941,0.0227963721733768,0.0272548233040887,0.0231761632497918,0.0193235646591954,0.0273187264553277,0.00966803362613069,0.00731840815314152,0.012081569325555,0.0519227935772912,0.0392339748420464,0.0642990892895491,0.00932842838177335,0.00746904485856114,0.0109944112552357,0,0,0,0,0,0
"403","2022-04-23",0.191747488847241,0.180821697171384,0.20400162480951,0.100160761378094,0.0904139615063781,0.109962801915954,0.145240129913212,0.135960735949321,0.155090836099233,0.0912195831109322,0.0809438850850478,0.100663150762357,0.0555449919189638,0.048002486632499,0.0631593108513239,0.051092884999698,0.0455244275233716,0.0561893710264189,0.030430898450277,0.0253412271221996,0.0354770376812869,0.0549010797544553,0.0494689796858292,0.0608175991297491,0.0381167772098673,0.0350179687938177,0.0416394857581186,0.0324577494615335,0.0258342487249427,0.0393248667260439,0.0549000640951501,0.0476654136633446,0.0624114557983979,0.0251263913344098,0.0228808956937291,0.0273021455263768,0.0232158129909789,0.0193526513906376,0.0273322147726805,0.00960110292274633,0.00722675525151973,0.0119883940258906,0.0518395874641112,0.039673459655896,0.0637974603526026,0.00933589810339608,0.00746693146363988,0.0110263369304588,0,0,0,0,0,0
"404","2022-04-24",0.191682495145696,0.180733797315311,0.203924143957524,0.0993585685752019,0.0891270868243492,0.108899914290151,0.145290200119761,0.136033555781467,0.15523411126389,0.0913643812290126,0.0812205590211801,0.100564579751158,0.0556733342504593,0.0481169029956095,0.0632136181348146,0.0511467794414183,0.0456106933814157,0.0562883859461376,0.030514225351433,0.0253581869582961,0.0355191139561502,0.0549278786275747,0.0496748812443568,0.0607034531101443,0.0381032888831811,0.0349542494214217,0.0415782295265979,0.0326981192992338,0.0260802399969716,0.0396878881408143,0.0548260319523454,0.0475836179451748,0.0620948792110846,0.025134478911103,0.0228782945981163,0.0273282449046021,0.0232607789308494,0.0193403917397974,0.0273125769612378,0.00953655423881769,0.00719826888127776,0.0119450739564451,0.0518007362254814,0.0410090768783373,0.0626177241236045,0.0093476552413798,0.00754620839641836,0.0110385562869168,0,0,0,0,0,0
"405","2022-04-25",0.191454800707474,0.180428642309479,0.20377305273511,0.0989763929745827,0.0888821613288937,0.108819424320537,0.145372561059068,0.135910185734816,0.15511669063159,0.0917852025057349,0.0816038220982427,0.101230669185922,0.0558172385901778,0.0481627908213425,0.0635095118016127,0.0511747745761273,0.0455646189490977,0.0562588833961805,0.0305464007540278,0.025312974548223,0.0355823914655201,0.054959943361694,0.049580751430121,0.0608097847075608,0.0381005037361411,0.0350042686041892,0.0415301823504957,0.0326843608854554,0.0258849529088517,0.0396336245778733,0.0548181867384825,0.047597587629486,0.0621628424708736,0.025140221694909,0.0228889721776473,0.0272777234201488,0.0232802704776297,0.0194347821782737,0.0274651081304537,0.00947416021217949,0.00714798969734973,0.0119110459215619,0.0518580094778962,0.0388149493213572,0.0634529537086775,0.00935299544923644,0.0075840257870757,0.0110610963215059,0,0,0,0,0,0
"406","2022-04-26",0.191177006556576,0.180335739321376,0.203315670579603,0.0986183027857476,0.0881415308693737,0.108372200824239,0.145463969870574,0.135968022002516,0.155492558677242,0.0921088568871176,0.0814556763877305,0.102107339365016,0.0559701613085877,0.0483110119460454,0.0640402212476354,0.051203910796372,0.0457541709497351,0.0563580248925416,0.0305742644992484,0.0252959904200773,0.035851214314523,0.0549794404944161,0.0496828913606395,0.0606221753603546,0.0380795426311831,0.0348688985545375,0.0415214558458492,0.0326286314594257,0.0259012744343345,0.0398075307299708,0.0548252178764052,0.0473837189965933,0.0621068009826403,0.0251412885127231,0.0228682667167732,0.0272640429717846,0.023301375701919,0.0193762968495648,0.0273472872050634,0.0094079356942069,0.00711680616133183,0.011886083271387,0.0520137730197434,0.0386948253302329,0.0650866108804619,0.00936275281410563,0.00757291876756103,0.0110225711023163,0,0,0,0,0,0
"407","2022-04-27",0.190915932689278,0.179774970388946,0.202943405870763,0.0982394055157858,0.0876285711922722,0.10836693844421,0.145528480443801,0.135758510053245,0.155883021703315,0.0924158804529504,0.0818753230353453,0.102105732911004,0.0560826084458911,0.0485450405527588,0.0643317255580629,0.0512241305180385,0.0456997799855462,0.0563695861006142,0.0305965660090214,0.0251502138072453,0.0359802515683982,0.0549614612674112,0.0497057572913244,0.0606425113159924,0.0380755802387548,0.0348827332574371,0.0414993670999062,0.032584252671477,0.0258826397430016,0.0397993579289656,0.0548143559688868,0.047494338169198,0.0622449306404433,0.0251486429712821,0.022928513564693,0.0272865422496932,0.0233289123584276,0.019393192108101,0.0274340176990735,0.00934247382811468,0.00696977934787324,0.0117804024391913,0.0520803664141033,0.0380040084873861,0.0662673680412653,0.00936765722136207,0.00757707023885968,0.0110513318167204,0,0,0,0,0,0
"408","2022-04-28",0.190721900225201,0.179913215386497,0.202716160758735,0.0979072345971951,0.0872725872418219,0.10781153159934,0.145563081403803,0.135939325726052,0.15554841687734,0.0927447184179024,0.0821761844196159,0.102794728160926,0.0561658579887066,0.0484888344404566,0.064882090142456,0.0512529759160897,0.0457276072115223,0.056431582790196,0.0306518138853118,0.0250662614094791,0.0358528448730054,0.0549741416462694,0.0497510153054909,0.06074959171919,0.0380832461459729,0.0349375319885118,0.0414640970960712,0.0325273313594034,0.0255516011865939,0.0399775645889735,0.0548155229062144,0.0474787081822536,0.0623816806396938,0.0251537248360721,0.0228891955551214,0.0272854857487751,0.0233421545679024,0.0193140275037326,0.0275582484898588,0.00927247941744345,0.00687446189960336,0.0116728918411274,0.0521633902565825,0.0376586754273426,0.0673236871929703,0.00937106478017121,0.00755540288298358,0.0110171770156224,0,0,0,0,0,0
"409","2022-04-29",0.19051240445884,0.179398039932229,0.202491317308229,0.0975188714319772,0.0868357906641809,0.107729983256637,0.145608603060829,0.136018839852134,0.156046438547753,0.0931876773188774,0.0823966691595537,0.103154589522255,0.0563201300016718,0.0483758538912848,0.0648617051010788,0.051300988049715,0.0459303123824804,0.0565320914798902,0.0306619838699528,0.0252476036825918,0.0360636722195318,0.0549853988096975,0.0497516704225655,0.0607031492690061,0.0380626171888239,0.0348572593820088,0.0414138226450724,0.032454947160328,0.0253339086641555,0.0398845074383658,0.0547832445808836,0.0473030675425423,0.0622686689573061,0.0251578067065069,0.0229231697505818,0.027337818496118,0.0233555761908412,0.0193101982412868,0.0276049704854207,0.00919983050910926,0.00680731789570156,0.0115754336788115,0.0522220575600141,0.0366847189754491,0.0673453726946391,0.00937441269056053,0.00757327874452855,0.0110229154537582,0,0,0,0,0,0
"410","2022-04-30",0.19025349468676,0.178958334520592,0.202332041480702,0.0971475423453513,0.0864598472933372,0.107206106234823,0.145610497226951,0.135682385887795,0.155699975188881,0.0935752073282828,0.0825373258016652,0.103863643659881,0.0564491781403882,0.0487662547634382,0.0648283270465047,0.0513433495358072,0.0459918243586995,0.0566110577309797,0.0306958659785782,0.0253297489118987,0.0360154768089394,0.0549647567308546,0.0497047287268592,0.060546270551193,0.0380534178165519,0.0348852231027979,0.0414350881414915,0.032426543033184,0.0252479011260946,0.03950605229515,0.0548042069803972,0.0472418822893234,0.0625439083469807,0.0251651783895043,0.0228761379946991,0.0273395336448241,0.0233895976940778,0.0192476949874128,0.0276993372101632,0.00913937909775839,0.00674284360288788,0.0115608992831806,0.0522268007322863,0.0369663862757035,0.0672529938092769,0.00937473693154233,0.00757293223753346,0.0109970422144357,0,0,0,0,0,0
"411","2022-05-01",0.190025341186185,0.178467080514616,0.20239647420997,0.0967678818309361,0.0858297368129728,0.106923181931494,0.145677542822158,0.135799345445834,0.155690086625574,0.0939251192639591,0.082461818841096,0.104037397127817,0.0565610631365515,0.0488990221994924,0.0649727236868816,0.0513685750186477,0.0461441279354568,0.0566392469874856,0.030742531230734,0.025354933308964,0.0361945300441209,0.0549471823828229,0.0496818296031866,0.0604150062005849,0.0380506190050603,0.0348394490090693,0.0414978425677012,0.0323971720039731,0.0253494072687013,0.0395682897549217,0.0547743626451558,0.0472086335258351,0.0626241846871842,0.0251752370837822,0.0229480449608814,0.0273087942329774,0.0234155208715906,0.0192389151281589,0.027704829304727,0.0090778246373577,0.00680967717540206,0.0115062612321306,0.0523832377742396,0.0365558213398084,0.0680566260015358,0.00937963851089716,0.00755058319850585,0.0110096542127903,0,0,0,0,0,0
"412","2022-05-02",0.189832360687407,0.178370922936069,0.202159185907519,0.0963890230407288,0.0855733675928214,0.106555978182582,0.145773686629142,0.135739803486087,0.155866874444387,0.0942914049819613,0.0832713290113825,0.104638732360408,0.0567034241976171,0.0487414383275484,0.0652001119531788,0.0514020779909901,0.0460011284628801,0.0568073364195553,0.0307634983352588,0.0254183900843703,0.0361590396584353,0.0549377924346869,0.0496138052977599,0.0605800540091237,0.038031546394021,0.0347784012284966,0.0415450042044299,0.032336139736933,0.0250947781870776,0.0396128978265343,0.0547522660079233,0.047043208478686,0.0625645620967102,0.0251817458473644,0.0229417624719312,0.0273034647295944,0.0234290971503078,0.0192918295211407,0.0278029489468817,0.00899738051816646,0.0067304264455821,0.0113470688271532,0.0523933568100953,0.0363124224828434,0.0683660851569295,0.00937884540396597,0.00750392100544823,0.011091312251771,0,0,0,0,0,0
"413","2022-05-03",0.18966299531704,0.178213711315671,0.201835927503755,0.096017593338542,0.0856311699530507,0.105970417168839,0.145862587181623,0.136018460587778,0.15633357068286,0.0947315119567128,0.0838401714082765,0.104877654424865,0.0568703487591734,0.04897764599109,0.0654205454477831,0.0514109730158743,0.0461175718422684,0.056668061139974,0.0307689942231286,0.0252643779923522,0.0362535270163,0.0549551121520084,0.0496989409177004,0.0605066833599223,0.0380306068345075,0.0348285317582463,0.0414944093539743,0.0323028742194269,0.0251047408401826,0.0396441913672678,0.0547401735164449,0.0471566806076946,0.0625191985187288,0.0251858712941842,0.0229342902455542,0.0273754756974542,0.0234539343204208,0.0193138592731171,0.0277872773520161,0.00892948336360363,0.0066407059549662,0.0111979074951311,0.0524656236860438,0.035923281926579,0.0688970163759826,0.0093833472254974,0.00756353810137048,0.0110938648919875,0,0,0,0,0,0
"414","2022-05-04",0.18941741868714,0.178098368539981,0.201802047576038,0.0956391308213753,0.085000212929052,0.105534953336172,0.145917590519776,0.136110149966447,0.156383813546407,0.0950935079348799,0.0840293967384229,0.105164443850814,0.0570214933007743,0.0492267225908516,0.0655012068451963,0.0514380001575803,0.0460673428404811,0.056714528105093,0.030779921561952,0.0252598425967222,0.0362425882568528,0.0549459748971573,0.0496508847533542,0.0605999895289296,0.0380204037719645,0.0348132130784184,0.0415818008733563,0.0322468206077473,0.025051451748463,0.0393048413792207,0.0547559321001506,0.047079547890378,0.0623849063765681,0.0251902707235999,0.0229330042355951,0.0273721866237655,0.0234845856944612,0.0193368610924764,0.0278297427181551,0.00885736868432572,0.00656125211929197,0.0111786418385576,0.0524924401219625,0.0360267122671116,0.0688629229212129,0.00938577668649944,0.00760311526030132,0.0110410552819131,0,0,0,0,0,0
"415","2022-05-05",0.189202050401497,0.178075646311703,0.201647052504922,0.0953594675291007,0.0845499538202221,0.105329514695167,0.146019102486642,0.136173895256284,0.156090005094274,0.0954032504258418,0.0846535960018307,0.1057969089122,0.0571143417684756,0.0494411475746055,0.0655216247524431,0.0514656279421336,0.0460155499477032,0.0567230723595201,0.0307971785101655,0.0253097283076779,0.0362979733079881,0.05492180020977,0.0495823294299303,0.0604677540685441,0.0380080907973339,0.0347904939680172,0.041517957083772,0.032205242057968,0.0251929058362224,0.0390509311174308,0.0547546245558468,0.047286549483584,0.0624430711691899,0.0251970281299121,0.0229267731662004,0.0273553815509554,0.0234937247212478,0.0192514845454285,0.027814833864294,0.00878771952924617,0.0064353944195833,0.0110356233631886,0.052604724931476,0.0365181841771904,0.0692104002729488,0.0093927157727788,0.00757447877123707,0.0110034667296622,0,0,0,0,0,0
"416","2022-05-06",0.188950194257015,0.177960723170295,0.201107789229222,0.0950120734026788,0.0847222548383637,0.105208834289641,0.146097896621963,0.13657923552816,0.156240706786619,0.0957472048662555,0.0850094158041595,0.105881600457972,0.0572367227251838,0.0494767048116169,0.065502469567738,0.0514863847793745,0.0460552264061649,0.0567825578799904,0.0308101704439847,0.0253544725387879,0.03636637464457,0.0549037856648052,0.0496736326063483,0.0603259110257969,0.0380104611812545,0.0348218751550134,0.041520777646058,0.0321611502809449,0.0252034549818948,0.0392285801297041,0.0547643838583719,0.0472637198044842,0.0622780292852839,0.0251972319176436,0.0229108433595906,0.027372292840177,0.0235148474895505,0.0194091975855721,0.0278516219199234,0.00871767285104937,0.00645121069205114,0.0110032518049911,0.0526819133076085,0.0359546174786958,0.0691121842852825,0.00939546269446513,0.00759136137921472,0.0110663779726228,0,0,0,0,0,0
"417","2022-05-07",0.188700477882186,0.177740153749597,0.200740852061924,0.0946737124883376,0.0843612452946131,0.104918615385176,0.146125115202654,0.136468351119421,0.156508392601468,0.0961428439215988,0.0855556843956183,0.106390674229626,0.0573318283759186,0.0494820147332744,0.0652671784942941,0.0515085844594986,0.0461330548549677,0.0566197150069622,0.0308475886604093,0.025309018041007,0.03633020736379,0.054880781861692,0.0495775456747004,0.0602478706655933,0.0380044629970774,0.0348063587530312,0.0415502947344705,0.0321034221531928,0.0252593976630781,0.0392550439244257,0.0547691353354057,0.0473009257933433,0.0622481638710174,0.0252051661594708,0.0229348391012391,0.0273784969224591,0.0235396801264443,0.0194275580623703,0.0276697361461967,0.0086479808705439,0.00644302819246076,0.0108455725603409,0.0528647934190423,0.036635797330603,0.0695879862850611,0.00940416770091962,0.00761781129549282,0.011035996177216,0,0,0,0,0,0
"418","2022-05-08",0.188478041007561,0.177847250937579,0.200308403152086,0.0942961406489332,0.0842301118178361,0.104244389596938,0.146189041347148,0.136812182030243,0.156121352551788,0.0965229212449046,0.0860505625452407,0.106743708150686,0.0574502527511999,0.0496508672399363,0.0653235421863264,0.0515318817365363,0.0460890287276374,0.0565441849661619,0.0308719492803614,0.0254938390810409,0.0361973148949322,0.054883518044685,0.0498737968011691,0.0600600358317346,0.0380055914266256,0.0347780742204586,0.0416028727944657,0.0320342051736265,0.0251028547987892,0.0391304885394535,0.0547654776282413,0.0471540408558183,0.0623508684025048,0.0252116924912208,0.0229659720210334,0.0273620589169767,0.0235454157472116,0.0194738621143573,0.0277173504368476,0.00857555515080139,0.00640380167167848,0.0108117022340656,0.052857086212017,0.0367922759333507,0.0689561855548501,0.00940680709066935,0.00763065431871121,0.011058697780392,0,0,0,0,0,0
"419","2022-05-09",0.188278389805738,0.177809785838044,0.199869720174809,0.093971569501124,0.084265295060841,0.10347488754038,0.146265341353456,0.136719932062736,0.156452425941332,0.0968727352671117,0.0865037336922743,0.106989277373743,0.0575877471549385,0.0499689119743845,0.0653565999503208,0.0515627536653197,0.046286451549656,0.0564857577473984,0.0309247224835374,0.025455282209108,0.0362661739456064,0.0548776943376645,0.049866752595442,0.0599940594923737,0.0379896959860994,0.0347403118671458,0.0415026495665109,0.0319510490990915,0.0254011547673108,0.0385068811564011,0.0547574776459075,0.047125268412187,0.0624551912686234,0.0252245412832775,0.0230283935847661,0.0273612203658043,0.0235698148989063,0.0195709335183938,0.0278088772564072,0.00850416922841169,0.00633451958919018,0.010659104154046,0.0528529823445922,0.0370104463854511,0.0690734814986753,0.00940574364263087,0.00763440598540979,0.0110434962090957,0,0,0,0,0,0
"420","2022-05-10",0.187999418737045,0.177656222279892,0.199243787139217,0.0935937938743607,0.0837702244032368,0.103088619064043,0.146331656382313,0.13684864702451,0.156522921773583,0.0972276310216084,0.0869746158349091,0.107228788393839,0.0577182432401948,0.0503828090114669,0.0652002612571234,0.0515944163403636,0.0463307057926583,0.0565603003233816,0.0309439048237966,0.0258236035460896,0.0361054834000073,0.0548413351528369,0.0498068124136331,0.0600295224774789,0.0379843485294359,0.0348302209965521,0.0414477910380479,0.0319227117631751,0.0253805150272323,0.0387203717904357,0.0547573855558691,0.047525775748091,0.0621848873293166,0.0252314571439795,0.02297249515639,0.0273801702917504,0.0235963725553652,0.0195174316369875,0.0277333615393711,0.00844350525159056,0.00624714472167901,0.0105682912706426,0.0528806599728865,0.0383516176802061,0.067655228045458,0.00941507020221224,0.00757863120154732,0.0111103318336305,0,0,0,0,0,0
"421","2022-05-11",0.187783329583332,0.177255338793728,0.199119166257334,0.0932399020754085,0.0839086304767669,0.102278943090493,0.14639022234817,0.136928685846071,0.156354689167062,0.0976191072857937,0.0875300485215092,0.107619472619909,0.0578651454762086,0.0507970746754207,0.0654830225563571,0.0516137789170565,0.0464609630620612,0.056552064977543,0.0309506072198346,0.0258957846674236,0.0359449588219893,0.0548477826990194,0.0499049302544817,0.0598505113211626,0.0379693964818562,0.0348335700776228,0.0413900936493755,0.0318986043014261,0.025251652161614,0.0383450463926285,0.0547737960216675,0.0474782094482725,0.0620791312775186,0.0252349262502802,0.0229740370104079,0.0274010687402981,0.0236173605594608,0.0196250305843751,0.027618642020961,0.00838224981396482,0.00623023259744743,0.010527934096026,0.0529189985108068,0.0388840059140658,0.0666730234600063,0.00942161127022075,0.00759934281420381,0.0110909215519284,0,0,0,0,0,0
"422","2022-05-12",0.187587322455359,0.17717594371615,0.199040159385777,0.0928662152761557,0.0833521490938222,0.1017267071973,0.146462895902683,0.137191403523352,0.156380163692013,0.0980062482486821,0.0885376556832436,0.107507669483676,0.0579972459227222,0.0512724421628134,0.0653291470471819,0.0516358365255793,0.0465960594423861,0.0566182954046173,0.0309969938065202,0.0260231289448784,0.0359972675112242,0.0548345079331668,0.0500215494685935,0.0597656076749011,0.0379645236002849,0.0348676792619037,0.0414106526616349,0.0318787163350026,0.0255916654668456,0.038417764974994,0.0547945622990189,0.0477096557686042,0.0619843282432448,0.0252368384343385,0.0230215712324993,0.0273277366634381,0.0236447118992699,0.0196990819263717,0.0275383032629984,0.00832228022306719,0.00615064919066552,0.0103554529829808,0.0529267470241669,0.0395447997551202,0.0660009133859667,0.00941762289634739,0.00761569652454003,0.011024511767478,0,0,0,0,0,0
"423","2022-05-13",0.18733648033585,0.177060223482027,0.198435099199951,0.0924528498384796,0.0831637597027912,0.101120270098926,0.146518227455754,0.137589448925114,0.156243854271237,0.0983448234395299,0.0887852667841822,0.108029303135141,0.0581559433273216,0.051729585094718,0.0650531830194112,0.0516653301602081,0.0465913828479745,0.0566256738068603,0.0310388336679454,0.0262140924191322,0.0359983947711718,0.0548522585250981,0.0500541057268822,0.0598071665344643,0.0379486577095718,0.0348695840968729,0.0414664360582622,0.0318135647422764,0.0256508584327787,0.037902469754128,0.0547807809841319,0.0480544563510847,0.0616911609063739,0.0252481499700376,0.0230481632798623,0.027289774086589,0.0236561570486945,0.0198288684595412,0.0274822489916086,0.00826188583089033,0.00607911344732674,0.0102498305605945,0.0530061924306096,0.0411134377940213,0.0649944370701314,0.00942629135848461,0.00760958075180569,0.0110600526827565,0,0,0,0,0,0
"424","2022-05-14",0.187134369094739,0.176916889652296,0.197454032101432,0.0921062694028875,0.0830921826195933,0.100245244473474,0.146631175070126,0.137737647286647,0.156342576831887,0.0987685439358531,0.089795138809065,0.108219088553613,0.0583093350742061,0.0518842447193754,0.0650992764549534,0.0516815260587562,0.0467808020326736,0.0566923843217463,0.0310596257175016,0.0264541482831301,0.0359120251332645,0.0548530295288263,0.0500483299804917,0.0596560214644521,0.0379346997853499,0.0348402342795548,0.0414571076226903,0.0317295323749842,0.025858608180358,0.0374331818464617,0.0547734923742466,0.0481809478383943,0.0614089044379074,0.0252572830666009,0.0230717745386792,0.0273549495622001,0.0237020427961957,0.0199019174241621,0.0275138985052699,0.00820645752252109,0.00608311768680083,0.0101331784430962,0.0530733492797119,0.0425678547092338,0.0639431943176439,0.00942768204071668,0.0076697026243946,0.0110630604226082,0,0,0,0,0,0
"425","2022-05-15",0.186943241213045,0.177349552052715,0.196790377803466,0.0917385189116634,0.083347449677521,0.0996678956779911,0.146732216699472,0.137885682962285,0.156045471124049,0.099113963969027,0.0904607849485637,0.108040975000106,0.0584946620624114,0.0520793474938678,0.0648631647072515,0.0517124517445449,0.0467257642160577,0.0565144699567988,0.0310682294526254,0.0264487292498745,0.035590490833072,0.054836364585396,0.0502638350940653,0.0594566983155491,0.0379167234015555,0.0348868667265707,0.041318923041036,0.0316395129912183,0.0262367545537659,0.037239460391423,0.0547229989744219,0.0481520610321751,0.0612320523739224,0.0252608887566543,0.0230968655300294,0.0273710055776986,0.0237386985651311,0.0200759781373265,0.0274678137289302,0.00812922528184173,0.00608577639333789,0.0100977790206008,0.0531038650254529,0.0441731285063228,0.0620714950307832,0.00942952092927135,0.00768475282856004,0.0110021536059129,0,0,0,0,0,0
"426","2022-05-16",0.186679216112018,0.176891276404246,0.196651894742622,0.0914958700798372,0.0827619159992095,0.099808725113674,0.146731635431175,0.137803209844331,0.15600258126579,0.0991865294752557,0.0901625958334521,0.108523980886469,0.0584983505146128,0.0518231748001099,0.0651200030006926,0.0517114157158532,0.0467174399246126,0.0566312481771852,0.0310449098807271,0.0264067508478739,0.0355923908929715,0.0548297697660871,0.050098189810573,0.0597239473212325,0.0378998507344916,0.0348157479825968,0.0413520108749366,0.0319161954579186,0.0263050376065092,0.0373567301817285,0.0544207741709305,0.047953646367899,0.0607363535422511,0.0252645488761094,0.0231052874557857,0.0273702950070721,0.0237604386145015,0.0200334471468336,0.027612845301637,0.00807792354147755,0.00601294215810286,0.0100643452205241,0.0540330883775696,0.0437423568807518,0.0639326616749681,0.00944620665220471,0.00772996637497516,0.0110416992057719,0,0,0,0,0,0
"427","2022-05-17",0.186462035317938,0.176726306009367,0.196376199576331,0.0912539233915805,0.0825486408464757,0.0997569173575224,0.146776790047962,0.137837244400452,0.156026950215538,0.0991810363366477,0.0900974510662879,0.108324136797372,0.0585346404222758,0.0519103485334346,0.0652393075624957,0.0517080977654261,0.0466627205901216,0.0565905702170275,0.03101834872932,0.0263331735215018,0.0356932508920762,0.0548505553017002,0.0499691644833927,0.059603583258554,0.0378776345157192,0.0348579963825345,0.0412632852678364,0.0322109788675088,0.0263521625500171,0.0379376924332987,0.0541177645314873,0.0474768981167777,0.0606829085775842,0.0252700625729161,0.0231276981135835,0.0273561362142139,0.0237821001723537,0.0200837194921918,0.0276649307105329,0.00802275657553376,0.0059431299667454,0.010008581926092,0.0551903286448934,0.0440355128328206,0.0665823938910987,0.00945918015383778,0.00775184382767469,0.011062205434181,0,0,0,0,0,0
"428","2022-05-18",0.186175925169868,0.176330063924606,0.196021211844483,0.090974888175732,0.0818986371981958,0.0993609171644854,0.146809354867474,0.138018621511193,0.156148075070745,0.0991739052079792,0.0900621691053518,0.108363702240971,0.0585401286304899,0.0518571768084599,0.0654995451318295,0.0517080571936767,0.0468541624627433,0.0564152680182154,0.0310024418938115,0.0263377919503881,0.03574073411008,0.054861568744188,0.049863247453204,0.0597454561544917,0.0378502121619462,0.0347649855164863,0.0413252650454233,0.0325009717308951,0.0266550755663164,0.0384508058104249,0.0537938427411821,0.0470088260906276,0.0603589190604235,0.0252774971333129,0.0230771040018536,0.0273499689866942,0.0238033545473863,0.0200242529449276,0.0276473323344269,0.00797859854604221,0.00599378644670267,0.00992698848924005,0.0562933948148431,0.0447010737223685,0.0685677737456689,0.00947168759007532,0.00775564671812982,0.011076001330963,0,0,0,0,0,0
"429","2022-05-19",0.18596224028596,0.175887647424635,0.195951277345233,0.0907429747305844,0.0819363035365312,0.0991232048000137,0.146812872682205,0.137759345060499,0.156456117930616,0.0991784548356228,0.0901107723627752,0.108713455025825,0.0585513925003558,0.0517906560785377,0.0653206499464756,0.0517179469371416,0.0467068203635828,0.0565042802696818,0.0309744691799737,0.0263024460410344,0.0357701691709105,0.0548983707981672,0.0499516527570796,0.0597946586462361,0.037827431642012,0.0347583780432722,0.0412333775791632,0.0327426557106817,0.0267315475028918,0.0389319536735909,0.0535106120031108,0.0468716596334109,0.0599077494771628,0.0252767483842286,0.0230925713146519,0.0273137712066888,0.0238318114246884,0.0201695875923157,0.0278132952895064,0.00791989933748336,0.00583444899753445,0.00995415081013533,0.0573634389335605,0.0449975557267891,0.0701571991061277,0.00949165656947548,0.00782797242758762,0.0110795704908643,0,0,0,0,0,0
"430","2022-05-20",0.185737293497417,0.176371946328993,0.195959639885311,0.0905262911668924,0.0812193496585332,0.0992512790724287,0.146840079461716,0.137594845532286,0.15630151247261,0.0992164725013158,0.0899137994180124,0.108801759064535,0.0585303909486718,0.0515456621831465,0.0655142108502456,0.0517394537122024,0.0467604442036567,0.0565931276999175,0.0309510559247401,0.0261152877371802,0.035727921931907,0.054901156081839,0.0500037793106718,0.0596384504895368,0.0378013130622777,0.0347497584165014,0.0411739752109451,0.0330443783555435,0.0269989762983804,0.0390088353874312,0.053210428613125,0.0466610803841982,0.0598049607875242,0.0252852982947903,0.0230917949323111,0.0273689231682414,0.0238519347964073,0.0200348033426058,0.027842917188426,0.00785521120887704,0.00580359679584227,0.00991803570416625,0.0584261881787819,0.0457936946538801,0.0714893727611597,0.00949856779900931,0.00784251586180896,0.0110624156597805,0,0,0,0,0,0
"431","2022-05-21",0.185437121787206,0.175814622033103,0.195568409489048,0.0902583101871772,0.0809535963523029,0.0989790105784496,0.146782044565145,0.137699711668399,0.155918169437085,0.0993009745017345,0.0902045009690307,0.108732515702666,0.0585383727522001,0.0514353397330132,0.0653105549271107,0.0517536017068841,0.0467667272447507,0.0567572857844672,0.0309282134041998,0.0261818535064429,0.0355542504517022,0.0549246436400784,0.050192171825304,0.0598462205254347,0.0377781341299638,0.0347104014084434,0.04108050668771,0.0333698954999273,0.0273615052846536,0.0394086970984411,0.0528827116837334,0.0463687468320574,0.0594093051092231,0.0252919926142455,0.0231521927347066,0.027378701881155,0.0238843899648353,0.0200385301643556,0.0278362255450876,0.00780340196266826,0.00574142382535026,0.00984458487699673,0.0594732318111132,0.0466031097730614,0.0727617886505033,0.00951291718558622,0.00784675451047576,0.0111048365805682,0,0,0,0,0,0
"432","2022-05-22",0.185169500802434,0.175199016655807,0.195111222061304,0.0900318194183239,0.0807830957708282,0.0988568867710694,0.146808631417422,0.137733907455548,0.15595273716104,0.0993105162523638,0.0900461680455172,0.108508498310194,0.0585552384329259,0.0516602908095241,0.0655312278164931,0.051773318144423,0.0466198444959373,0.0567809996389224,0.0308955237723221,0.0261723196369175,0.0354739050761725,0.0549407318547901,0.0501277112617582,0.0598602339924666,0.037753978949519,0.034779562409807,0.041157918368958,0.033647016945514,0.0274858564416282,0.0397594576277155,0.0525966904278576,0.0462245979035428,0.0590164908854977,0.0253039969919819,0.0231883883255944,0.0274017082000496,0.0238878816119198,0.0200196925748927,0.027833565654939,0.00774218927472112,0.00568340999853746,0.00972326095052335,0.0605651544341234,0.0476575055760318,0.0738352699571339,0.00953226201771947,0.00785003510014805,0.011125434100072,0,0,0,0,0,0
"433","2022-05-23",0.184897439292701,0.174935598352749,0.194947095153614,0.0898406788471507,0.0806413156521422,0.0987417832174129,0.146827304261781,0.137689702094547,0.156334816529947,0.09938359638358,0.0902775249383813,0.108746937073891,0.0586355629078265,0.0517309520404753,0.0656155182161213,0.0517908369529053,0.0465041461725847,0.0567026507412601,0.0308588704058356,0.0261717926418989,0.0355121629750564,0.0549601709525289,0.0502736227398484,0.0599565300808597,0.0377319063878033,0.0347019233961909,0.041188825505471,0.0339326625824379,0.0278273329410236,0.0401688443640799,0.0522962256680763,0.0458609164085504,0.0585588325148498,0.0253093315553074,0.023201858644802,0.0273434254902051,0.0239129166451664,0.020210811032846,0.0278258439645234,0.00767716302306235,0.00561760548539396,0.00956605508187386,0.0615185847421834,0.0489659893347509,0.0739211014845862,0.00954800477633011,0.00791586900823518,0.0111492856990383,0,0,0,0,0,0
"434","2022-05-24",0.184608029831915,0.174767955046263,0.194874394152401,0.0896154364121543,0.0805189242328079,0.0980706896533104,0.146824137000888,0.137739533870673,0.156336636387571,0.0994057630389383,0.0904686302819711,0.109048689898695,0.0586937307860093,0.0518263795306431,0.0658516783072716,0.0518023876987147,0.0465903346430714,0.0566792179197314,0.0308543957179739,0.0264160795499335,0.0354566299982992,0.0549609057275224,0.0501065017548896,0.0600267421066341,0.0377137947223482,0.0346903626751948,0.0411624419961298,0.0342226950426019,0.0280922859677883,0.0404607433274408,0.0519518350707356,0.045756330117029,0.0580321346583291,0.0253229430907975,0.0232471394837745,0.0273898975869877,0.0239524553461049,0.0202090835272823,0.0278982113809449,0.00762329201062164,0.00561049659433557,0.00951954616326557,0.0626229768661184,0.0512386319764118,0.0751588261604659,0.00956617993451929,0.00793609370370933,0.0111395095910901,0,0,0,0,0,0
"435","2022-05-25",0.184359594419707,0.174634212603979,0.194866414377789,0.0894351423054011,0.0806771641091515,0.0980451226283075,0.146865563430117,0.138058153173806,0.156316906514054,0.0994783529055795,0.0906522984349844,0.108819352586539,0.0586895726274322,0.051791352991004,0.0657975043149884,0.0518287591133244,0.0466985458294789,0.0566202390234581,0.0308234655063266,0.0262367330750851,0.0353602302925179,0.054981002972336,0.0502475449683136,0.0598898738000083,0.0376830444826206,0.0346764783418192,0.0410825585385812,0.0345413462463007,0.0286293246885276,0.0410134692277148,0.0516984438925003,0.0457544423073997,0.0575250299306038,0.0253284721576439,0.0232379115566344,0.0273987228205261,0.023960577965024,0.0202706661150888,0.0278533136962046,0.00756212006296682,0.00549054743499442,0.00952609126141153,0.0637535721671159,0.0525547076004179,0.0746476584777625,0.0095845392717914,0.00796210093020149,0.0111895585752327,0,0,0,0,0,0
"436","2022-05-26",0.184139894103798,0.174275796730249,0.194026667830599,0.0891692793671029,0.0804558354501256,0.0976856647040714,0.146858139519923,0.13812541175483,0.156738626325604,0.0994679155076384,0.0910673427733778,0.108652496685936,0.0586670950475467,0.0520531915359252,0.0653293315102689,0.0518579103354771,0.0468247582251231,0.0565295169059942,0.0307669432527705,0.0263545255924025,0.0350723607546064,0.0549873136562983,0.0501938032038995,0.0598463710047213,0.0376584693963097,0.0347234805827869,0.0411585206823564,0.0348278910274745,0.0290022281279023,0.0410200821736127,0.0513988032547526,0.0452630930068273,0.0571902018663914,0.0253346773796553,0.0232459527131955,0.0273737306283299,0.0239680657025764,0.0203158416779909,0.027712618568899,0.00750116811257821,0.00551086757021887,0.00943272282978753,0.0647228807355955,0.0541802137617871,0.0752409758204463,0.00959735272838959,0.00794607302953134,0.0112317119152702,0,0,0,0,0,0
"437","2022-05-27",0.183912919179059,0.174247854903798,0.193901600353517,0.0893580019056087,0.0803585749785157,0.0976884611301015,0.146596093766132,0.137933723778599,0.156374867686408,0.0995412076301573,0.0909739643283645,0.108723826598411,0.0587350077391819,0.0520550557858217,0.0653784543998964,0.0520435307954344,0.0469544442641002,0.0569690635807339,0.0307531574300856,0.0262826889159835,0.035202512760279,0.0550223185950475,0.0503629929248486,0.0598448181418655,0.0376348620457249,0.0346890811276618,0.041088052666384,0.0348720258038133,0.029078790537178,0.0409647232732444,0.0514167876297759,0.0453114068404815,0.0573926078988417,0.025338423241177,0.0232525753491412,0.0273709106357444,0.02389858806389,0.0201601129868398,0.0275275322745646,0.00743179093129004,0.00540088635890139,0.00936580915742493,0.0635465950886083,0.0529662354946989,0.0742542028976726,0.00961357150254028,0.00801366098238264,0.0111972188813295,0,0,0,0,0,0
"438","2022-05-28",0.183657347999178,0.173791602969278,0.193460086535622,0.0895437527514896,0.0806607282555088,0.0977991593159002,0.146312335419379,0.137161023348556,0.155558055172287,0.0996076900930126,0.0909909223410127,0.108640304935492,0.0588424832431395,0.0520563385878786,0.0657738854012658,0.0522274179065158,0.0471660620968276,0.0573616660834427,0.0307692256822332,0.0262712045178593,0.0353579918409602,0.0550351973517707,0.0502492814798627,0.0599894961353572,0.0376043487247521,0.0346885990497034,0.0409675221725633,0.0349225966231811,0.0289995177982379,0.0411472323496616,0.0513775632615472,0.0453265908908484,0.0574882870941595,0.0253399108990215,0.0232781811092555,0.0273454994338516,0.0238502605589287,0.0201099490690153,0.0275728581164914,0.00737617095315673,0.00541880247456417,0.00932832601830744,0.0624275888710903,0.0518834764719296,0.0729138541953075,0.00962713680171968,0.00803517479094983,0.0112129281391526,0,0,0,0,0,0
"439","2022-05-29",0.183373861300486,0.173631168846098,0.193700426279592,0.0897347370160722,0.0810404218645083,0.0980116173249691,0.146049984740197,0.137214449872466,0.155268719606683,0.0996778904868044,0.0912698553135085,0.108821421945335,0.0589556206044824,0.0520507507515584,0.065942046496671,0.0523897638727728,0.0474040617827773,0.0574715227609084,0.0307525349065237,0.0262140030975278,0.0352968595176817,0.0550364604856949,0.0504064159087489,0.0598814675136422,0.0375810670064941,0.0346904425568324,0.0410491605828642,0.034983178776341,0.0289709305543271,0.0412307672798064,0.0513463033171582,0.0451678322208489,0.0572486351165298,0.0253334775641646,0.0232769896212418,0.0272885837245348,0.0238020028671144,0.020122637259026,0.0275499525026801,0.0073158515574932,0.00539254027812028,0.00924217109937468,0.0615124077755704,0.051583941227801,0.0714092735275191,0.0096362436996855,0.00804179115970996,0.0112654548932502,0,0,0,0,0,0
"440","2022-05-30",0.182843344067692,0.173190530459485,0.19300581209042,0.0899638057878442,0.080817271765735,0.0988363936910015,0.145798526855386,0.137032230464255,0.155202301047652,0.0996332427490152,0.0910309833889265,0.108648960937968,0.0588187684903256,0.0516706007878061,0.0657297941706012,0.0524990765583711,0.0475272562455164,0.0575392633919188,0.0306843968700097,0.0259306882636219,0.0353922624102695,0.0550695893592171,0.0504221343295645,0.0600330606050196,0.0375333138310703,0.034647140548531,0.0409270719679631,0.0348322826572949,0.0287267579954506,0.0412030542881711,0.0514968093042814,0.0451939395189874,0.0576706572999922,0.025337080417124,0.0232501037947506,0.0273218422352696,0.0238017453166268,0.0200468920241804,0.0276589889282671,0.00724465937212812,0.00517208325380805,0.00921517715238764,0.0624158566509288,0.0512676961159892,0.0735347077228932,0.00964591345872271,0.00802285870473052,0.0112879534272093,0,0,0,0,0,0
"441","2022-05-31",0.182353186786777,0.172448233821972,0.192635879687555,0.090168802581444,0.0809146743451736,0.0989811581593941,0.145576472696545,0.136635465065592,0.154926645512206,0.0996068588344751,0.0905915894922093,0.108902492116512,0.0586970242902709,0.0513291854245404,0.0659466699910859,0.0526364126942177,0.0476393185044034,0.0577470431731519,0.0306210787903723,0.0259627885045304,0.0353339406758526,0.0550810225610949,0.0505310512549265,0.0601216076101453,0.037495855396153,0.0345436864424399,0.0409487328498328,0.0346948997767689,0.0285656709009737,0.0412020482859806,0.0516511475849159,0.0450896919916899,0.0578985766390096,0.0253384459850142,0.023258090242685,0.0273405510139823,0.0237852405297815,0.0201190027348834,0.0276384941963625,0.00716119341735678,0.00510934773044745,0.00910145011249526,0.0632081419634659,0.0509667041041094,0.0749687965164085,0.00966593861894817,0.00805565978165373,0.0113158020998185,0,0,0,0,0,0
"442","2022-06-01",0.181832330953664,0.171998591437314,0.192149561742657,0.0904181554333682,0.0808012185276638,0.0990419676869464,0.145315132128579,0.136255986360488,0.154948356512977,0.0996533847880698,0.0904288535539865,0.108920579354966,0.0586187246244181,0.0512720251465936,0.0660440685981405,0.0527758110309371,0.0476503520993461,0.0578640959749771,0.0305773450427383,0.0258572099655768,0.0351766913968685,0.0551465089810269,0.0504669789535278,0.0604055015122303,0.037463020688677,0.0345099465502823,0.0408335183068116,0.0345288715038171,0.0282307842189085,0.041274677830119,0.0518098491472483,0.0453121315383989,0.0582069307405552,0.0253430074478285,0.0232617290146463,0.027379202620159,0.0237535829563806,0.0200370881324982,0.027596360533868,0.00707864949527608,0.00495672368246308,0.00908136891495447,0.0640256898422004,0.0507402726228508,0.0764422222618361,0.00967902913338294,0.00809337772448698,0.0113466081401073,0,0,0,0,0,0
"443","2022-06-02",0.181313932529059,0.171398485837412,0.191941560726821,0.0907090793743762,0.0807094981351292,0.0995262284920811,0.145096312238452,0.136071783947047,0.154664183868003,0.0996242353971638,0.0901749568971228,0.109229127747081,0.0585269289039726,0.05099579601994,0.0657767138910554,0.0528976911726352,0.0478722405291458,0.0578868815714944,0.0304990539957564,0.0258188672210344,0.0352212792230611,0.0551730401501268,0.050410248050553,0.0603336117069127,0.0374208728191696,0.0344260742335054,0.0407225020697941,0.0344173864022822,0.0281603780635163,0.0410722754302269,0.0519735929807164,0.0452933710690527,0.0582871189873507,0.0253513521039317,0.0232764003086953,0.0273732162190663,0.0237375367457403,0.0199847268072452,0.0274781030984002,0.00700758286907153,0.00487625765110319,0.00900315086992132,0.0648836640838693,0.0513577432755025,0.0780293800260415,0.00969038305495959,0.00814361423719718,0.0113756901453804,0,0,0,0,0,0
"444","2022-06-03",0.180795024440319,0.170691622983463,0.191478738489561,0.0909283441579621,0.081141931713542,0.0999848293942988,0.144843396381442,0.135748964665477,0.154193618081511,0.0995584185470231,0.0900073868020185,0.109217965411104,0.0584149073212083,0.0507719147603955,0.0659563397271887,0.0530336582707347,0.0480385833058737,0.0579192432199572,0.0304703644083194,0.0257728740954422,0.0353632516589168,0.0551974019851406,0.050420203805594,0.0603849622164627,0.0373755495602097,0.0344149467940127,0.0406681148452519,0.0342935772294999,0.0278688250511846,0.041236135027441,0.0521042823948626,0.0454060459872863,0.0586623674534921,0.0253591879273339,0.0232973287660919,0.0273527562090838,0.0237196608757396,0.0199687011640184,0.0275149133453891,0.0069299867365522,0.00484530984327481,0.00898114484702826,0.0658059033481456,0.0516169415000886,0.0792189123584044,0.00971001353497151,0.00812416157758026,0.0113988441444369,0,0,0,0,0,0
"445","2022-06-04",0.180305997937049,0.170194373011803,0.191075007203226,0.0911313305265405,0.0812553110176983,0.100411557528795,0.144618164655351,0.135475368563027,0.154478776820854,0.0995283114929786,0.0897848905650826,0.109135454547535,0.0583690691105363,0.0507547587614182,0.0659274114658283,0.0531807359519378,0.0479895640205574,0.0580464989138553,0.0304274088944931,0.0257616146034112,0.0352270599283188,0.0552369263768135,0.0502585918136687,0.0603747933824621,0.0373356126468263,0.0343490520958185,0.0406953726841088,0.0341760804589633,0.0275501440515133,0.0410460116054154,0.0522289009508943,0.0455072415263265,0.0589888768379254,0.0253593855177071,0.0233053548995884,0.0273383151193178,0.0236983604499574,0.0199746558737002,0.0274826262911611,0.00686023857848791,0.0046949704340337,0.00888084863983978,0.0665947069865382,0.0524505476920404,0.0799867472062042,0.00972533527062747,0.00815446349636263,0.0114042904386059,0,0,0,0,0,0
"446","2022-06-05",0.179827273153343,0.169668322950822,0.190543089547418,0.0913533891437354,0.0814076791433179,0.100371249477034,0.144410650614344,0.135291809134756,0.154055119904489,0.0994492887496407,0.0899602999886093,0.109163323486911,0.0582634131802347,0.050825071961521,0.0660039040396503,0.0533292073934658,0.0481762840759727,0.0583957118553885,0.0303634506722339,0.0255101268780562,0.035082293744732,0.0552788241536071,0.0502353362591183,0.0604802149362218,0.0373026295836028,0.0342601750611013,0.040682532760479,0.0340233310651073,0.0274654042832463,0.0404580131548113,0.0523975926993262,0.0457872403136413,0.0590440563217369,0.0253625019490807,0.0233096595726642,0.0273353664919984,0.0236852467765754,0.0200121944234613,0.0275617647971557,0.00677802828925083,0.00462854769125727,0.00875630686593246,0.0674922486990652,0.0532003143015259,0.0809947007223393,0.00973833313920986,0.00816014367273603,0.0114465265505465,0,0,0,0,0,0
"447","2022-06-06",0.179290140021278,0.169080867938673,0.190013880227909,0.0915758206903787,0.0820332590198706,0.100607648808404,0.144215629238001,0.135209334753277,0.153885345630347,0.0993920408574141,0.0897370831712476,0.109180889754089,0.0581419012887945,0.0507799891568925,0.0659318904079506,0.0534659234523113,0.0483126951199979,0.058434762219446,0.0302999095059622,0.0254918396262929,0.0349108443898582,0.0553003350935745,0.050277382984901,0.0605698644899413,0.0372700284639389,0.0342701637743678,0.0406993662825244,0.033924462308902,0.0274028426591693,0.0402933087312352,0.0525333842787495,0.0458733126303919,0.0593484257163502,0.0253744321530216,0.0233036523197693,0.0273423084916204,0.0236919047850306,0.0199668423545955,0.0274807373346374,0.00668661322812928,0.00454664756993806,0.00869846378998587,0.0682669193512738,0.0541842974522776,0.0817301890963113,0.00975135024130561,0.00817853701200913,0.0114768831499124,0,0,0,0,0,0
"448","2022-06-07",0.178810666377243,0.16871847929623,0.189529732046234,0.0918154001714747,0.0824761841178746,0.10069577543589,0.144011267333612,0.135111247492524,0.15342332439643,0.0993589323246987,0.0899406651202503,0.108757207498818,0.0580563177266143,0.0506439895838917,0.0658793481325508,0.0536152476932321,0.0484090517081771,0.0585388622245533,0.0302266569196516,0.0255898774948742,0.0349961772837398,0.055322517363715,0.0503239002603915,0.0604865135583372,0.0372235820135321,0.0342491503171604,0.0405609736405839,0.0338693049649023,0.0272952690340845,0.0403215938772771,0.0527037844218383,0.0460913553819734,0.0595649534730863,0.0253756348519509,0.0233567596536796,0.0272981749592737,0.0236847968965704,0.0200262923939141,0.0273822284998775,0.006597864681381,0.00448828168944818,0.00857693188413793,0.0691242746777814,0.0547919979924682,0.0824531949952721,0.00976969265027422,0.00819655271006538,0.0115384746509351,0,0,0,0,0,0
"449","2022-06-08",0.178329699804232,0.168453408546718,0.188938411053185,0.0919973901309836,0.0825414553703101,0.10082144359969,0.143768232949411,0.134775212343152,0.153387046525739,0.0993678685274172,0.0899735983093413,0.108776806749139,0.0579390370695069,0.0507487164322746,0.0654908715931596,0.0537434072999969,0.0484329889035298,0.0587581377529316,0.0301663650864115,0.0255766813774982,0.0350040099186147,0.0553427517316529,0.0503909225510878,0.060518034131548,0.0371696091845442,0.0341593394864511,0.040500239699131,0.0337709161348981,0.0274031610820033,0.0403007899025431,0.0528744471457312,0.0461854073227652,0.0598157382302695,0.0253862962081205,0.0233644644166661,0.0273354445565441,0.0236790258407525,0.0199700319972733,0.0273562945704716,0.0065235149273624,0.00437234981757604,0.00848095480093526,0.0700701543922091,0.0565347540862077,0.0826339968071383,0.00978382734311535,0.00817627026754363,0.0115525443207397,0,0,0,0,0,0
"450","2022-06-09",0.177872189155351,0.168095131346533,0.188364984786133,0.0921895259708948,0.0828736667771163,0.100950443473572,0.143506857892322,0.134627371368295,0.152535693466963,0.0993668778005974,0.0901855654223652,0.108476675647623,0.057813232843038,0.0507973991199324,0.0653472498434168,0.0538594445913332,0.0484663769416081,0.0590365375169606,0.0301243251574264,0.0254565716356563,0.0349075989268097,0.0553808292088607,0.0504185548801664,0.0605458815657159,0.0371427664979862,0.0340777126142179,0.040481108414643,0.0336358287621486,0.0274613699920656,0.0403318106758092,0.0530313608488949,0.0467064753398554,0.0596581202566727,0.025395472310263,0.0233684203033741,0.0274337304700428,0.0236943547147605,0.0199781292832356,0.0274668628822375,0.00643977184923855,0.00437009396646149,0.00839605664241654,0.0709671846797608,0.0579777526566637,0.0835369139040434,0.00980022471364237,0.00820306223366944,0.011584097729424,0,0,0,0,0,0
"451","2022-06-10",0.177422432776415,0.167539862176993,0.187605263538127,0.0924365372514685,0.0833369617428505,0.101080581305492,0.143263147347124,0.134329523166424,0.152522422580446,0.0993029114178191,0.0904280133561569,0.108236027464034,0.057694847280797,0.0509518962638433,0.0649395503464333,0.0540166678511523,0.0487559372474511,0.0592358480894954,0.0300781092012096,0.0253731539902967,0.0348739177576869,0.0554033172670403,0.0505179799202786,0.0606956901254504,0.0370958077113542,0.0339269839196404,0.0403569727563487,0.033508931537824,0.0274852902067286,0.0400096414208408,0.0531964846753091,0.0467289537529911,0.0595522786320371,0.0253977592749688,0.0234370866654058,0.0274036473459423,0.0236809694185457,0.0200227538247744,0.0274277156118303,0.00637271244138767,0.00428623450249498,0.00836725381851045,0.0717504405890886,0.0591857868216493,0.0837767121650409,0.00980841205443735,0.00818137315318792,0.0115833372111496,0,0,0,0,0,0
"452","2022-06-11",0.176940542220384,0.166972747670591,0.186601602007237,0.0927337979684345,0.0838444138026992,0.101417295747675,0.14300126892653,0.134233294153202,0.152150815086626,0.0992551974960067,0.0903751353299642,0.108094329226349,0.0575937598586878,0.0510609976172398,0.0647311208669806,0.0541364541745905,0.0490033941683717,0.0591875321068126,0.030022299071266,0.025349420462126,0.0347263019959452,0.0554615211224884,0.0504796553111617,0.0605491768357997,0.0370503876953125,0.0339702134149597,0.0402885833970329,0.0333349989787261,0.027331972237268,0.0393646100633856,0.0533469364211461,0.0469247128689692,0.0596914718408837,0.0254023166033976,0.0234772645062235,0.0274320809692855,0.0236679879516345,0.0200028707770226,0.0273078713324038,0.00629754463857386,0.00423838686833679,0.00829514915873732,0.0725987848266343,0.061186580830032,0.0838517054632635,0.00981982238001493,0.00818132541919661,0.0116416411156281,0,0,0,0,0,0
"453","2022-06-12",0.176434557731223,0.166883452544326,0.186217732510794,0.0929075416190754,0.0843988812361421,0.101335419456042,0.142765648290214,0.13422964531191,0.151772086701562,0.0992806270792148,0.0905991764412039,0.107802952058407,0.0575231907987299,0.0510367513361138,0.0642983748651136,0.0542682347178004,0.0492315158538209,0.0592541335267565,0.0299440922829665,0.0252676863157756,0.0344784625092117,0.0555059808134878,0.0505821744915071,0.0605747794168507,0.037009549542759,0.0339101876402474,0.0403525011131669,0.0332060902929866,0.0274691712061395,0.0390225136052762,0.053502758843415,0.047057612511962,0.0597270540775713,0.025410356703199,0.0234998475861288,0.02747584181834,0.0236765166965228,0.0200944159912855,0.0271258995526353,0.00621552184556776,0.00417457181129736,0.00815823086088772,0.0733225746963085,0.0636424006031527,0.0831360362821549,0.00983436854275195,0.00819346723230591,0.0116965355350858,0,0,0,0,0,0
"454","2022-06-13",0.176155263264821,0.166240004164983,0.186017827428169,0.0930320280488928,0.0842097531705133,0.101605180174545,0.142677677713743,0.133931067044707,0.151525161144906,0.0994040993470066,0.0902009308735261,0.108297436176993,0.0572548225491499,0.0503690074303507,0.0644629256605658,0.0543254207730003,0.0492506532592139,0.0595194569009405,0.0300213900512474,0.0253577901416998,0.0346696576192996,0.055561169399566,0.0504307894448293,0.0606566850208999,0.0369692430008035,0.0338572563229182,0.040216177233633,0.0330983506397535,0.0272907372955764,0.0392300224794991,0.0533888587367883,0.0467392814247661,0.0599360946094976,0.0254162427987407,0.0234619303219051,0.0274618312038336,0.023674896650931,0.0201868273016508,0.0273015034970634,0.00626435903356857,0.00418127876965232,0.00818074000725581,0.0739869916765402,0.0629780086543222,0.0850033700953719,0.00982733846978574,0.00818306628144914,0.0116626254376761,0,0,0,0,0,0
"455","2022-06-14",0.175848260522713,0.165727794995375,0.185899788873269,0.0931555389430029,0.0840966898506597,0.10196521394865,0.142530013373546,0.133434423796122,0.151618627614397,0.0995819311697706,0.0900365745672972,0.108412971184849,0.0569735777083677,0.049982351066224,0.0645883960482264,0.0543709227099912,0.0491315798689313,0.0595348882631772,0.0300719422106637,0.0251355764890055,0.0346703944959814,0.0556093042981493,0.0504433485890606,0.060932906020844,0.0369239563570614,0.0338152562577106,0.0402283399180434,0.0329880421919172,0.0268471937713242,0.0394024396985015,0.0533034496233839,0.046577539341116,0.0600134530657841,0.0254167444961288,0.0234643092499063,0.0275627035193285,0.0236536685588609,0.0200454125776313,0.0272696927246489,0.00631090238855835,0.00419040367770032,0.00824387607251377,0.074740952855549,0.0623196359044041,0.0870818261424654,0.0098217511745085,0.00810673200717315,0.0116611843137942,0,0,0,0,0,0
"456","2022-06-15",0.175549448467929,0.165024492601544,0.185476840253129,0.0932257868376666,0.0840702986294277,0.102482647488437,0.142416533649856,0.132704019255615,0.151741015205976,0.0997166526457325,0.0901061317923303,0.109278261515212,0.0566918798176711,0.0495808331406055,0.0641494481628881,0.0543967904891221,0.0491103005412792,0.0597862079941661,0.0301198985518901,0.0252848331417718,0.0348616744422288,0.0556664356342678,0.0505275082457324,0.0608747624177705,0.0368676296483415,0.0337731023195883,0.0400315064642299,0.0329114328281076,0.0269127089063551,0.0394469017805106,0.0532002159148552,0.0461681887194779,0.060079614300253,0.0254267807556949,0.023451294293303,0.0275562338680868,0.0236509729603626,0.0199223502484035,0.0274114667252748,0.00633056780490216,0.00413617356915666,0.00825513600984291,0.0755015720148138,0.0619907117084624,0.0885527443174646,0.00981905549122225,0.0081187867384117,0.011680741091293,0,0,0,0,0,0
"457","2022-06-16",0.17526960595124,0.164829981417052,0.185308979511162,0.0933204950855621,0.0837934456690633,0.102632536137027,0.142268154793635,0.132666594805575,0.151685089634672,0.0997920566882169,0.089723648438216,0.109581541953917,0.05639395017863,0.0491794326434749,0.0640150664032895,0.0544425962400279,0.049121216656246,0.0599462786632695,0.0301810830463981,0.0252948267354905,0.0350294702397707,0.0557103165618981,0.0504482073839927,0.0608553187225415,0.036823471095106,0.0336277020795491,0.040121397829519,0.0327945615541288,0.0265490805368879,0.0396621820954264,0.0531029276401462,0.0459067545509271,0.0602493629020302,0.0254305174211666,0.023477884435254,0.0275628122675285,0.0236375024734272,0.0198436860367448,0.0274205242575882,0.00636313094991774,0.0041329477169217,0.00833549355348146,0.0762084470809588,0.0626043262723749,0.089971990258966,0.00981200359085423,0.00808852545749781,0.0117259174137631,0,0,0,0,0,0
"458","2022-06-17",0.174956751731758,0.164292247332709,0.185072204763115,0.0934161514276578,0.0835246830233887,0.102797883978102,0.142159587241616,0.132828745993612,0.151845369835482,0.0998863850153134,0.0896657447772031,0.109743238498862,0.0561504845661607,0.0484968332629624,0.0638015146503057,0.0544781283640368,0.0490291062930662,0.0600672088619555,0.0302357483633161,0.025225634725884,0.0353636582295788,0.0557687809547728,0.0505172213966019,0.0611129523528705,0.0367856689738145,0.0336251781142657,0.0401521561597568,0.0326760962069977,0.0264084979545426,0.0395738525088311,0.0529967364321732,0.0457517448087044,0.0599750122643453,0.0254261582778465,0.0234306729641058,0.0275077950564913,0.0236316976313066,0.0198775251695122,0.0273223034929054,0.00640113291552358,0.00414670456772722,0.00843280160289684,0.076941011754724,0.0625559087659263,0.0906955028753521,0.00980917911616354,0.00805560786430305,0.0117166953801529,0,0,0,0,0,0
"459","2022-06-18",0.174672381213344,0.163814805312549,0.184915413649214,0.0935162884943157,0.0834596724121639,0.102960498809014,0.142032171330397,0.132375492328709,0.151849400225784,0.0999945142448733,0.0895380809536203,0.109936739719343,0.0558343401534656,0.0480697270544657,0.0633991167345803,0.0545112859218733,0.0490991231070708,0.0600062454469598,0.0302684905178994,0.0250526367851161,0.0356009165052217,0.055804768135905,0.0504126909555674,0.0611915336309532,0.0367481260669103,0.033610555119002,0.0400606232814118,0.0326485604125724,0.0260491446254782,0.0394363200720066,0.0528457610530639,0.0456255645964157,0.0597073374215808,0.0254199265740904,0.0234107122720425,0.0274677437778631,0.0236191785809675,0.019804527079506,0.0272163799313611,0.00644207682374492,0.00427719317455756,0.00845622853950405,0.0776189000976727,0.0632464808963447,0.091662588083211,0.00980765096206023,0.00800801657034458,0.0116899657431048,0,0,0,0,0,0
"460","2022-06-19",0.1743667219894,0.163834449210223,0.184908436544736,0.0936141447061743,0.0834149946870764,0.103180667834562,0.141926427320792,0.132370422662646,0.151766575954847,0.100113491289595,0.0897239961080079,0.110719722605445,0.0555417659140288,0.0480364508798201,0.0631566922770609,0.054545206943003,0.0490384870049697,0.0601111243538381,0.0303403580552034,0.0249713477832713,0.0356797186887673,0.0558448133787374,0.0504420444371735,0.0613023487294829,0.0367080499113912,0.0335049111902353,0.0400679515584539,0.0325870406991679,0.0258250962974648,0.0394828989917273,0.0527611258282083,0.0453359494869859,0.0599484036491628,0.0254237295605647,0.0234347633143998,0.027475835767785,0.0236350842404637,0.0197791901364999,0.0274560763575279,0.0064657530483117,0.00425511133069125,0.00848920465388379,0.0783962628335676,0.0635678275266446,0.0927206422393461,0.00980392554197983,0.0080269793122367,0.011664098096591,0,0,0,0,0,0
"461","2022-06-20",0.174056634497992,0.163269565122622,0.184672799827013,0.0937677089285098,0.0838055833979617,0.103472961235591,0.141764602002607,0.13203714532624,0.151588886586994,0.100291401279043,0.0899611242570556,0.110521853743008,0.0552512984852539,0.0475831832070196,0.0629478133905357,0.0545766515826233,0.0490938219260708,0.0602254894066394,0.030394018506627,0.0250807793621377,0.0357053055986389,0.0558762279136372,0.0505203196892677,0.06123965332823,0.0366626767469711,0.0334321933021287,0.0399506682071017,0.0324497812005622,0.0256860398322968,0.0392845778256346,0.0526302916500316,0.0450420773803019,0.0597223025713552,0.025429430649937,0.0234305158185215,0.0275026967146816,0.023628594264578,0.0198726707268783,0.0274114392236287,0.00649728564650209,0.00439220717583465,0.00851554885182906,0.0790450252205305,0.0644669903736877,0.0936890329803237,0.0098032442012742,0.00802714161191321,0.011692532675714,0,0,0,0,0,0
"462","2022-06-21",0.17374319699897,0.162258711359314,0.184098313910167,0.0938975115793865,0.0839044729431017,0.104043336033014,0.141639580867165,0.131922492619986,0.151397391103847,0.100394036727874,0.0901729403975908,0.110887590397552,0.0549592994257374,0.0471632453684516,0.0625757814430382,0.0546123099170611,0.0491446616756713,0.0603405253533355,0.0304503518886117,0.0251022657948347,0.0358791839433733,0.0559178869082488,0.0505921556378023,0.0612617161447576,0.0366180329438906,0.0333665763374245,0.0399115573535936,0.0323617787961015,0.0256855639658106,0.0392995285803616,0.0525209592090076,0.044946906221821,0.0597344062561101,0.0254315939445205,0.0234748152356701,0.0274897979616689,0.0236204385533135,0.0196638275670914,0.0273581543606938,0.00652991953106926,0.00438451430767044,0.00862473528451054,0.0797600337109499,0.064881783768637,0.0939535910239486,0.00980247864592432,0.00799421911006053,0.0116480212854888,0,0,0,0,0,0
"463","2022-06-22",0.173488659158866,0.162498003447154,0.184268841839178,0.0940282788067834,0.0838017019214451,0.104050326246816,0.14143898683823,0.131391160964698,0.15117796309133,0.100485051653821,0.0899634199019314,0.110477135299017,0.0547032508157339,0.0469388325095552,0.0623396771617522,0.0546330104967984,0.0490881528310361,0.0603630138147646,0.0304978896727674,0.0252568138787845,0.0359321510344172,0.0559818689549239,0.0505744416249328,0.0613945858801569,0.0365814279957607,0.033350589913744,0.0398025978340152,0.0322466499721024,0.0255079256552163,0.0394490896512055,0.0523787814579297,0.0450813524474235,0.0595696424560448,0.0254305226044858,0.0234624281320841,0.0274738354451877,0.0235960784337169,0.0197569281752424,0.0273874021711155,0.00657033098608502,0.00440986574057603,0.0086187348439468,0.0805056470269528,0.0659001194579513,0.0951613509253553,0.00980044601258591,0.00801654306927294,0.0116643820982596,0,0,0,0,0,0
"464","2022-06-23",0.173172300334491,0.162025192751522,0.183810897653598,0.0941109715926137,0.0840023671339818,0.104023176340734,0.141283764129266,0.131667948511933,0.150920724358563,0.100630021654762,0.090360522627457,0.111072160508662,0.0544221629531844,0.0466356906901175,0.0621585991118718,0.0546769543828148,0.0492537764033257,0.060647938299658,0.0305617842411357,0.0251267843532928,0.0358764667617538,0.0560593550249334,0.0508262727610941,0.0614180632761847,0.0365508875029955,0.0332384356076158,0.039781555654587,0.0321620704885244,0.0254462219780761,0.0388821263895756,0.052275208172499,0.0449898339554665,0.0593898217950679,0.0254323620383201,0.023458360317332,0.0275136844926076,0.0235673820581696,0.0196862369971645,0.0274597854137689,0.00660191681332223,0.0044943413851746,0.00866532606405591,0.0811698769106985,0.0668051984136563,0.0959993576119857,0.00979955254053345,0.00805368345784785,0.0116674757414265,0,0,0,0,0,0
"465","2022-06-24",0.172842148192103,0.161708064362357,0.183500296972962,0.0941860153885301,0.0841537533541372,0.104224964727307,0.141189659242712,0.131461935439789,0.150640300947878,0.100778111725874,0.0906818565717137,0.110733484500561,0.0541793859863905,0.0462414519434771,0.0622129539015699,0.0547379179230111,0.0492690896255293,0.0608076569431941,0.0306390829878592,0.0253305325126139,0.0362565872625558,0.0561059331184347,0.0507170248056292,0.0615447473988169,0.0365198489442408,0.0331647853875469,0.0397730238888882,0.0320637352686364,0.0253468739359564,0.0390156402182597,0.052138338207484,0.0449121325010152,0.0593172120593641,0.0254316548054995,0.0234264537042872,0.0274715104406046,0.0235560581948226,0.0196128779051211,0.0275638703363611,0.00662975191888954,0.00455184084602467,0.00867704904306288,0.0818704486942908,0.068154343011912,0.0959568710715569,0.00980007799276715,0.00801095667894041,0.0116528302414328,0,0,0,0,0,0
"466","2022-06-25",0.172575894013546,0.161498888356854,0.183372147757719,0.0942529140941021,0.0845867181386846,0.104154587389348,0.141063298374265,0.131169502939344,0.150455296652805,0.100905526519386,0.0904853408691832,0.110886462884514,0.0538935389585913,0.046045377144366,0.0619380538159433,0.0547662144844635,0.0493215689496506,0.0606766368559531,0.0306932564992288,0.0253091959336006,0.0361160160108014,0.0561648598410891,0.050891752405057,0.0615742734682557,0.0364782524256668,0.0331040977971231,0.0397570873685188,0.0319845252335407,0.0254489413881725,0.0388651990344672,0.0520179074673153,0.0449403929669892,0.0590580382569138,0.0254315014684512,0.023445078316652,0.027497861504365,0.0235565219358471,0.019679338139427,0.0276334780297215,0.00666006804250302,0.0045810377906954,0.00870375727351936,0.0826491005041062,0.0691586842206016,0.0958832287612161,0.00979730454406562,0.00803728644438925,0.0116303557477115,0,0,0,0,0,0
"467","2022-06-26",0.17225832816208,0.161244426436623,0.182811023377799,0.0944399121992497,0.084693744294467,0.104324807341305,0.140906847891995,0.131493604392396,0.150188380013109,0.101026822252063,0.0907175317084492,0.110774974551276,0.053611394836211,0.045769262647565,0.0615239810488265,0.0548195854895129,0.0492771246552242,0.0605861866971015,0.0307465086067204,0.0254619418914327,0.0361185888141504,0.0562020363242377,0.0508394672838876,0.061621976198688,0.0364348587302728,0.0330682165846751,0.0396516647020147,0.0318424434324132,0.025377725602112,0.0383501084761401,0.051875408161957,0.0448062402062024,0.0589052014985133,0.0254347902918708,0.0234953105039201,0.027517823116635,0.0235349234098435,0.0196047805172454,0.0275023936113165,0.00669127693402073,0.00451266015245896,0.00870210924580721,0.0833561916750295,0.0707221246009938,0.0957119749763859,0.00979452311490705,0.00801052059693371,0.0116227692425265,0,0,0,0,0,0
"468","2022-06-27",0.171875695108669,0.160608282158679,0.182216438093775,0.0945269009514855,0.084342117734502,0.104541944107579,0.140718290909436,0.130843686926586,0.149971803508848,0.101157223949925,0.0905821305610642,0.111174870912636,0.0533706924327378,0.0454759893408351,0.0613891532092042,0.0548056009322989,0.0491703174803949,0.0607856118622826,0.0307028772244583,0.0253403749254042,0.0361539563991299,0.0562657820875729,0.0509761768295249,0.0618172191455194,0.0363999473357622,0.0330953434914973,0.0396874871948342,0.0316738131413606,0.0250018242065993,0.038419278003243,0.0519174494651198,0.0447004921628061,0.0592456208999278,0.0254339865120499,0.0234765352482434,0.0275650330377041,0.0235232453365081,0.019626649434631,0.0276249587619052,0.00671658904928112,0.00455937397912475,0.00876629488590572,0.0843449621505993,0.0706533361692123,0.0980004240619165,0.0097960777068597,0.00801313883462488,0.0116706988830632,0,0,0,0,0,0
"469","2022-06-28",0.171547582684841,0.160416759490418,0.182347204562506,0.0946469949665582,0.0844392770159578,0.104485707718097,0.140516396681665,0.130500141087768,0.150059981824225,0.101304019643458,0.090790138254684,0.111701755025236,0.0531015388706007,0.0450790260447792,0.0613854561062882,0.0547791489480147,0.0490581800855771,0.0607770988165987,0.0305974258557793,0.0253203323106063,0.0360998097495609,0.0563348756446692,0.0509210051421991,0.0619372665554834,0.0363652470965226,0.0330360083076858,0.0396951617714739,0.0315209855388844,0.0248054242440737,0.0384047322343907,0.0519275587272904,0.044542799511508,0.0593581949331481,0.0254338441417113,0.0234930707156553,0.0275861713823087,0.023490105906007,0.0196056653183469,0.0276402283097371,0.0067372910752629,0.004577725060926,0.00886102513921493,0.0854398086489819,0.0707670225082349,0.100223725906824,0.00979433401137997,0.00799362559659532,0.0116172528690037,0,0,0,0,0,0
"470","2022-06-29",0.171197797942924,0.159972739403518,0.182341850965807,0.0947178704220249,0.0845380117707233,0.105017815824237,0.140377047384427,0.130271517793345,0.149967397387317,0.101402470670566,0.0909774211335201,0.111951041377442,0.0528786818836145,0.0446779234954149,0.0612284094983388,0.0547768495868287,0.0492397307648182,0.0606298890037573,0.0305081658419385,0.0251598215940702,0.0362009280042274,0.0564263694073474,0.050903696496161,0.0622151620702491,0.0363350604869703,0.0330302470260064,0.0396047105510326,0.0313386578776442,0.0245239508547818,0.0387357267406787,0.0519546096122283,0.0443871374153758,0.0591888084655194,0.0254357460450983,0.023501995644056,0.0275493310710077,0.0234830132932772,0.0195656485896757,0.0275838320693653,0.00677369202796878,0.00457083421981641,0.00895390554452404,0.0864646364922293,0.0711445221313624,0.101545080527546,0.0097959107793716,0.00797140324099141,0.0116993201148538,0,0,0,0,0,0
"471","2022-06-30",0.170881425567283,0.159512568687615,0.181923248637527,0.0947903576365228,0.0842467135827104,0.104885058560339,0.140155814985762,0.12976094671813,0.149898802343026,0.101491534235768,0.0906458220544741,0.112215574171793,0.0525924497535983,0.0444358993092835,0.0611149738570633,0.0547870741186016,0.0492739844698325,0.0608046598820733,0.0304276256752762,0.0250549568372429,0.0360893489037248,0.0565200853660364,0.0507990524223682,0.0625436542952467,0.0363031597095812,0.0329923067680459,0.039537468902374,0.0311458376286505,0.0241342859402165,0.0383757923101564,0.0519572837813024,0.0442792142216194,0.0592683482070829,0.0254377630593913,0.0234848333764303,0.0275291959330858,0.0234705780640951,0.0195223489898064,0.0277508430013602,0.00678813871924874,0.00448838242363341,0.0089352214416578,0.087525567197732,0.0712447941095768,0.103230976708711,0.0097995716791407,0.0079864329525862,0.0117299139987136,0,0,0,0,0,0
"472","2022-07-01",0.170559285213543,0.159148061908893,0.181781477434442,0.0948392415347322,0.0842378138405319,0.105343719291116,0.139923686505538,0.128994232492208,0.149842164934884,0.101602286463612,0.0908583351719848,0.112287578806208,0.0523381906277491,0.0439581150290207,0.0609560010178975,0.0547837501221875,0.0491189739324513,0.0607271095553704,0.030352864691671,0.0250917904021929,0.0359455446459049,0.0565988756022862,0.0508287548241051,0.0624688150532587,0.0362747914960708,0.0329838387693244,0.0395417809376522,0.0309689346260054,0.0236908906487113,0.0383666986613043,0.0520292767843323,0.0442509324631079,0.0595806185888758,0.0254375569551328,0.0234563544971068,0.0275852452193998,0.0234709159706391,0.0194966432935025,0.0277162450286836,0.00682628103688027,0.00448646856245809,0.00894662389471857,0.0886419628029396,0.0721880049076069,0.104715296871723,0.00979967253403996,0.00801303742511327,0.011754322167825,0,0,0,0,0,0
"473","2022-07-02",0.170216924517067,0.158689220497436,0.181439805285974,0.0949999165837691,0.0842147692917736,0.105239792666846,0.139734752431317,0.129076468373954,0.149734767989239,0.101734532516677,0.0908523223572335,0.11239863193405,0.0520656769317393,0.0437835669711193,0.0607226424595548,0.0547510968392867,0.0490636306677566,0.0607695482252767,0.0302592001183766,0.0249254422599291,0.0358415670598347,0.0566510186265698,0.0507562067486254,0.0624417314313749,0.0362423236540363,0.0329585708076588,0.0394639694147721,0.0307537611676015,0.0235748093921981,0.038148794806035,0.0520588571102582,0.044357903174596,0.0596962636107863,0.0254351935090862,0.0234214000930092,0.0275690672480031,0.0234537117949451,0.0194816615461767,0.0276372866320915,0.00684081825018785,0.00452070176446041,0.00900339072437415,0.0898014970306186,0.0731979735428922,0.106358571067049,0.00980142279506761,0.00800520099901497,0.0117238047545874,0,0,0,0,0,0
"474","2022-07-03",0.169967185788036,0.158369957861256,0.181532293386182,0.0951242936270792,0.0845056209296525,0.105632091082992,0.139532441771416,0.128961073705673,0.149500894517249,0.101919668310923,0.0908218563436324,0.112718255022181,0.0518266971217588,0.0436765077623538,0.0602411951907609,0.0547326360524842,0.0489970476277285,0.0606130955734271,0.0301910293702373,0.0248239175149069,0.0357524175069279,0.0567252032965164,0.0508720779485179,0.0625578618380611,0.0362065326585476,0.0329536911237862,0.0395031454237709,0.0305607548805152,0.0234984535881955,0.0381363101796633,0.0520770944661243,0.0443286555912052,0.0595930281773542,0.0254377294328949,0.0234298647696743,0.0275498821634708,0.0234196470203157,0.0194048161088087,0.0275348291639277,0.00686587807165235,0.00457034019273567,0.00902147914715063,0.0907451019437647,0.0737087448428718,0.107813258877302,0.0098060026184611,0.00796473964205902,0.0117177492086161,0,0,0,0,0,0
"475","2022-07-04",0.16965621277869,0.158011445019779,0.181284994657194,0.0952695543746936,0.0840679184156427,0.105865691649556,0.139379253108942,0.128725625327984,0.149224906185042,0.102072027005692,0.0910219585866431,0.112657717191113,0.0515908874074035,0.0433891319453319,0.0599590478696386,0.054723530144198,0.0489764111862413,0.0605226144343617,0.030094210646113,0.0246087424141095,0.0356070461751551,0.0568211038025736,0.0511436809969547,0.0626033538918983,0.036163288801873,0.0328690259404073,0.0394596621735361,0.0303640934596317,0.023306599735703,0.0378235119431643,0.0521118888950731,0.0441913589542851,0.059481199310862,0.0254406283154716,0.0234462075404861,0.0276063746050823,0.0234100866554415,0.0195010467468542,0.0275882444132633,0.00688698112988978,0.00460457888036026,0.00907393601254705,0.0918431288392771,0.0750160802194549,0.108862709614454,0.00980941793985523,0.00801966614490778,0.0117415539690722,0,0,0,0,0,0
"476","2022-07-05",0.169330916151076,0.157520732372138,0.180540153002758,0.0953611695135574,0.0841315800798477,0.106028855040263,0.139208160618,0.128648426040922,0.148742673297695,0.102248644405071,0.0909014809649899,0.113268796447277,0.0513629466770084,0.0432513650314854,0.0595029095576874,0.054714562256528,0.0489453045334249,0.0606684041757709,0.0300277197971442,0.0245992942109707,0.0355270832029838,0.0569123980201022,0.0511618958373048,0.0626647602966869,0.0361265509988555,0.0328235731165253,0.039444934455898,0.0302257630805251,0.0229105699095714,0.0377927973868732,0.0521458098229887,0.0444395427237022,0.0597679221920685,0.0254437870901213,0.0234471413273006,0.0276046447368488,0.023375357841005,0.0194509346008132,0.0274364130633409,0.00691758440249499,0.00461778568135382,0.00911030812111777,0.0927155239166439,0.0757126477466747,0.110303324247019,0.00981112437974289,0.00801060698466728,0.0117324837659472,0,0,0,0,0,0
"477","2022-07-06",0.169019238690365,0.157078347086614,0.180237986870546,0.0954534140276787,0.0843073310259306,0.106055528972636,0.139028536463992,0.128574840805554,0.148720647463567,0.102400234055767,0.0909203286652112,0.113601935722545,0.0511024388630171,0.0428907570934195,0.0595511458704802,0.0547067269219806,0.0487955171382043,0.0608161264480671,0.0299689494180475,0.0245845815629244,0.035644259689268,0.0569894633528104,0.0513159023531677,0.0628156585001175,0.0360884045986324,0.0328189227654903,0.0394705478793036,0.0300167516168204,0.0227885148327886,0.0375511432086998,0.0521849993763133,0.0443792403811943,0.0598660623914229,0.0254422037635841,0.0234413093847557,0.0276115158180207,0.0233637674231653,0.0194434195836945,0.0276104908775557,0.00694786979970083,0.00468605669767225,0.00917448365300425,0.0937750467687256,0.0762620333709641,0.111897298706761,0.00981582537233672,0.00798028442419549,0.0117330256657995,0,0,0,0,0,0
"478","2022-07-07",0.168658581553615,0.156550586542482,0.179654447814562,0.0955461855842341,0.0846029238238102,0.105810421646469,0.138806250288694,0.127901114159798,0.148612019917118,0.102557720963141,0.0912513236095871,0.113716471296429,0.0508892852872682,0.0425977659708107,0.0594010076666696,0.0546863463244427,0.0489735085668519,0.0607698795141996,0.0298909767462293,0.024443331438038,0.0354098846761543,0.0570778725911956,0.0513178699802065,0.0627851445493111,0.0360533059848623,0.0327468893772078,0.039520996147186,0.0298122751678169,0.0226380630856561,0.0372945667932595,0.0522070418839986,0.044606098494794,0.0598570557857751,0.0254385105948327,0.023440531297452,0.0276311825670187,0.0233398814001917,0.019437562426867,0.0273712842500901,0.00696670040506455,0.00465830605477613,0.00924491471272419,0.094842642159724,0.0774903085969534,0.112476967585645,0.00981664270910106,0.00798397152463475,0.0117277379667515,0,0,0,0,0,0
"479","2022-07-08",0.168291402172414,0.156152338297408,0.179457290595086,0.0956614874046119,0.0847061733977451,0.105783833848639,0.138615614656636,0.127784654153104,0.148222320401408,0.102734171200382,0.0915404578616481,0.113855804869506,0.0506693088771535,0.0423937737429256,0.0591749921308006,0.0546860321013929,0.0489685090327727,0.0604922020366482,0.0298389056212851,0.0243790062426158,0.0353254953014268,0.0571406804778285,0.051487727780662,0.0628874738058721,0.036017846436676,0.0326807790823066,0.0394579837446549,0.0296198861079587,0.0224962964520077,0.0367582037837547,0.0522476715032843,0.0444945016487976,0.0599139870901639,0.025434193737941,0.0234204185221652,0.0276384026447271,0.0233042904752861,0.0193187265491273,0.0274324163473421,0.0070049351271448,0.00472491985420121,0.00921184952958539,0.0958736537470938,0.0785539334296214,0.113842684444408,0.00981477763899628,0.00798200406869694,0.0116848495931392,0,0,0,0,0,0
"480","2022-07-09",0.167964084674561,0.15613294021154,0.179319557177728,0.0957700207069358,0.0851956226683337,0.105793104153463,0.138415043403584,0.127789575862133,0.147797939156237,0.102879955670992,0.0915722561105029,0.113770675014579,0.0504107701588504,0.0420210646737056,0.0585714961726898,0.0546830715024051,0.0489033760018767,0.0606141205229091,0.029723359842686,0.0243517190144045,0.0352748454656806,0.0572130809442762,0.0514839116062209,0.063157496893838,0.0359888151063522,0.0326422076602728,0.0394736384107218,0.0294370229962547,0.022373225892402,0.0365872148009776,0.0523050363703722,0.0447721295923991,0.0599038778134733,0.0254408183951014,0.0234281183459213,0.0275839049278622,0.0232907410504057,0.0193039058603704,0.0273914517832105,0.00702439080224407,0.00472325965952492,0.00929788267615708,0.096835038570752,0.079377143029486,0.114014010288393,0.00981389060662873,0.00799672805473394,0.0116792342595669,0,0,0,0,0,0
"481","2022-07-10",0.167626982707779,0.155793007419901,0.178806667242966,0.0959611992207845,0.085533900174993,0.106229836196212,0.138258886324261,0.127907872847771,0.147617516280478,0.103021258696916,0.092219693444466,0.113580232934817,0.0501170496244421,0.042101885408629,0.0579211157430658,0.0546864041560458,0.0488483803994596,0.0605099685760596,0.0296560310162562,0.0241623262389027,0.0348526740036141,0.0572905814581892,0.0516248490390463,0.0631150350534563,0.0359666845755211,0.032600868473896,0.0393702959242187,0.0292774335561251,0.022329454091808,0.036484520304488,0.0523532706160119,0.0447717822415282,0.0599815261394216,0.0254385335986541,0.0234352162669851,0.0276272020236375,0.0232656564139021,0.0192513843731284,0.0273527994069063,0.00704612184545777,0.00472516327446854,0.00926398291904685,0.0978078393314891,0.0810963813348124,0.114701655958132,0.00982393375311561,0.00799909614608087,0.0116797520594884,0,0,0,0,0,0
"482","2022-07-11",0.167252995860242,0.155822646637894,0.178523516433907,0.0960595639997941,0.0859446354680495,0.106393324435468,0.138060455022948,0.127842001536731,0.147354508601249,0.103195146594931,0.0922851374570295,0.113704532689655,0.049913064631722,0.0418671090430891,0.0579464028213478,0.0546706540297937,0.0490322863560505,0.0607991346542944,0.0295663492490148,0.0242195823922543,0.0346879280553546,0.0573631066017314,0.0516844434938885,0.0632929698726135,0.0359531118968742,0.0326772725003234,0.0394489900447123,0.0290418501213528,0.0221153290959904,0.0364275510033639,0.0524038598268438,0.0448889558106464,0.0597962818333978,0.0254383691304052,0.0234577633653447,0.0276616372207282,0.0232773339872634,0.0192371637956736,0.0273472083987752,0.00706785578677273,0.0048202741510647,0.00923356465133825,0.0988318034457402,0.0822025610937245,0.115917934420924,0.00982891049250067,0.00801828993262733,0.0116798415004738,0,0,0,0,0,0
"483","2022-07-12",0.166877053126054,0.155595693397243,0.177994701835958,0.0962095362342054,0.0862264144353035,0.106030224550819,0.137886097738765,0.1276700377277,0.147023010647395,0.103358795595378,0.0925682250776228,0.113832397884289,0.0496771680902755,0.0418684756148667,0.057535646397495,0.0546598541341052,0.0489278187830034,0.0607246376377212,0.0295180662123173,0.0240735428904682,0.0345589876327472,0.0574140411765315,0.0517596478198223,0.0633019906184635,0.0359221465257412,0.0326263710870251,0.0393671169688782,0.0288318911433791,0.0221988933534338,0.0359870343203237,0.0524165103360647,0.0451115083512808,0.0597764341670327,0.0254373198529714,0.0234687859449861,0.0276404087539594,0.0232595653868076,0.019255098136457,0.027308592494598,0.00708369971981195,0.00485019476743687,0.00934322019134413,0.0998988254606746,0.083894107735739,0.11608068062077,0.00983197336320914,0.0080103286882696,0.0116692085892136,0,0,0,0,0,0
"484","2022-07-13",0.166522415459084,0.155431240595171,0.177731146510378,0.0963393349384147,0.0865775215168982,0.106130936924077,0.137673611578501,0.126992422818911,0.146807417293123,0.103573464964327,0.0929253360120803,0.11390981268535,0.0493804687485899,0.0416583950942903,0.0568665680312014,0.054639168357839,0.0489097167869412,0.0604724503310066,0.0294340769275043,0.0240723464081113,0.0344394902118203,0.0574925956771664,0.0518396873695366,0.063276731860642,0.0358811934507718,0.0326492511913326,0.0392217232960504,0.0286305102350938,0.0220344605556583,0.0356282320117686,0.0524682195595328,0.0449996909831787,0.0597532825705256,0.0254343251951973,0.0234250815069398,0.0276022405814992,0.0232453730682087,0.0194040950120207,0.0272454883128904,0.00711246777641779,0.0048616143786494,0.00934455265488741,0.100993097760948,0.0859707263353611,0.116263199157838,0.00983155224534104,0.00803741579915489,0.0116883015687407,0,0,0,0,0,0
"485","2022-07-14",0.166194169460078,0.155254014315769,0.176739431646979,0.0963817484188315,0.086810965446568,0.105792952846205,0.137497684418544,0.127171583838361,0.146745091139966,0.103709963872875,0.0936805709825223,0.113851683291361,0.0491658669527078,0.0417103202797404,0.0564636492181362,0.0546255974856271,0.0488440623587145,0.0604178568163687,0.0293693676729987,0.0241193764257272,0.0342771888968575,0.0575710486445184,0.0519469845859216,0.0632902343141694,0.0358490663434081,0.032494633882377,0.0392401340786508,0.0284369674788527,0.0220605052950951,0.0349777111255339,0.0525118878378627,0.0454092394960579,0.0595988238085967,0.0254308056695572,0.0234215159159006,0.0275460812328161,0.0232289857834064,0.0194345203336391,0.0272250996072467,0.00713088957488897,0.00487044285242543,0.00934585992174601,0.102045215443664,0.0880419784238754,0.117118297603867,0.00983229694026975,0.00799648684081648,0.0117595317620866,0,0,0,0,0,0
"486","2022-07-15",0.165835907632394,0.155095689215187,0.176232704598494,0.0965152209553396,0.0872188995647983,0.106074994521591,0.137298701457006,0.127440623414271,0.14655128554028,0.103883957181085,0.0941163487900442,0.113830460637884,0.048940646408196,0.041729402418792,0.055797040521861,0.0546023452966927,0.0489761514675894,0.0602694198582263,0.0292819168852642,0.0240670867342667,0.0339831282297667,0.0576784313576521,0.0519658409234247,0.0633581847990169,0.0358082790307814,0.0324767122652963,0.0392743730750442,0.0282367443191552,0.0220970458244182,0.0343753306892953,0.0525627105024052,0.0454959771468317,0.0593072898571196,0.0254335397048397,0.0234606558054356,0.0276109095101378,0.0232107597807532,0.0193904616260829,0.0270440063077615,0.00714850280537685,0.00497342211727764,0.00931750189967796,0.103038558381873,0.0893602474571386,0.116590951318089,0.00983344741560611,0.00804855355440022,0.0117404581240758,0,0,0,0,0,0
"487","2022-07-16",0.165490197537199,0.155012009417195,0.175748274406593,0.0965865689178171,0.0875477232525645,0.105919444324597,0.137122123748291,0.127383781987275,0.146354222536786,0.104062774583744,0.0946126741455407,0.113530131431284,0.048707456729177,0.0418721239591743,0.0551852618131597,0.0546017699431863,0.0491271870008771,0.0603362272578064,0.0292229761560407,0.0242017343982707,0.0339728679096151,0.0577583669392824,0.0521615359883966,0.0632293092817922,0.0357850098087156,0.0325380100630868,0.0391123486739453,0.0280818546957478,0.0220014613849897,0.0340159737391832,0.0525787543644163,0.0455535810026259,0.0593214082119898,0.025434905057842,0.0234325421738656,0.0276318224806595,0.0231978329080977,0.0193528901625655,0.0270838544125198,0.00717874662433764,0.00504072080549939,0.00928525086795497,0.103937394721099,0.0914086552509609,0.117090268401025,0.0098415371236921,0.00808142014155621,0.0117713693377736,0,0,0,0,0,0
"488","2022-07-17",0.165135268071053,0.154664927290012,0.175053081394951,0.0966821047244881,0.0881808350928479,0.105484502282744,0.136935866774613,0.127371138973205,0.146004022002192,0.10420999190606,0.0952597469424191,0.113216600367538,0.0484739848153498,0.0419195505666754,0.0548493291634113,0.0545869112346125,0.0491792069152842,0.0602669953790589,0.029148837253908,0.024247073676566,0.033799609680497,0.0578255172511306,0.0522578695356694,0.0635083940998073,0.035753103251111,0.0325406648944529,0.0391387572224794,0.0278729141509545,0.0221424208503775,0.033446557777088,0.0525908830979614,0.0459402293992424,0.0589754442665705,0.0254374879617215,0.0234102332127656,0.027668803836098,0.0231792427908951,0.0193436915211399,0.0270174570905348,0.00719690446585122,0.00503859023476067,0.00936650331076771,0.104933857444364,0.0933874609548712,0.116639698453941,0.00984902629720987,0.00810577069688764,0.0117503914787512,0,0,0,0,0,0
"489","2022-07-18",0.165048207772359,0.154453246781142,0.175158347910982,0.0969163918158139,0.0880401229883296,0.105922320228324,0.136947208778783,0.12722941402688,0.146038006634073,0.104559262410428,0.0951639396729166,0.114048361160265,0.0485402581126966,0.0417436465661209,0.0552531654449083,0.0545278939236628,0.0491217456843076,0.060052949624641,0.029204481452117,0.0240831843041971,0.0338251059783139,0.0578154291079133,0.0521340693340571,0.0635524171748299,0.0357239022948604,0.0324706121295109,0.0389603074216879,0.0277002221747475,0.0219467423009978,0.033332269020095,0.052715831840149,0.0458386538939102,0.0592085807086007,0.0254360896730782,0.0234628025997056,0.0276586351976514,0.0231005652272902,0.0192813484629019,0.0269637090498427,0.00717163318773553,0.00502285282962381,0.00932690458057756,0.104433717922455,0.091784339577583,0.117184837772958,0.00984263013577119,0.00810200380714521,0.0117813032315994,0,0,0,0,0,0
"490","2022-07-19",0.164970694196791,0.154525904905981,0.175039234494061,0.0971464697661357,0.0877675012378626,0.106039449557901,0.136903112141668,0.127079520533095,0.146031789066006,0.104894807440324,0.0953155836125319,0.114342235596881,0.0485762417225298,0.0413131946802661,0.0553893840011274,0.0544859151984239,0.0489385148272981,0.0600113822931749,0.0292349236017351,0.0242730694500205,0.0339966961176125,0.0578029188524343,0.0521418812011465,0.0635703169854217,0.0356935790949393,0.0325436754938206,0.0389476597952436,0.0274958426396358,0.0218738192301313,0.0331743257122931,0.0528281894325968,0.0457778826602476,0.0594511940209887,0.0254360684081555,0.0234143522337859,0.0277153616715454,0.0230404990783972,0.0191385592676068,0.026920521396501,0.00713377388911007,0.00498830141283045,0.00937761997921386,0.104117150999507,0.0911868523898315,0.117165313674748,0.00983813568100868,0.00808262759434164,0.0117477369839416,0,0,0,0,0,0
"491","2022-07-20",0.164858955202812,0.154282392825751,0.175198556832862,0.0972795892483446,0.0878150774826445,0.106428977043445,0.136933789537502,0.127062878115938,0.146215539983275,0.105229125937581,0.0956529867444207,0.115272487440724,0.0486414818830555,0.0412272511212939,0.0555639408232577,0.0544484480522567,0.0488933047763645,0.0600170925089504,0.029312224438184,0.0242126708666711,0.0342115053103133,0.0577691196567499,0.0520598363988261,0.0633107457499226,0.0356531136862943,0.0325109708030016,0.038949137075026,0.0273264778341389,0.0214916091732814,0.0331792282780231,0.0529499349382663,0.0459560998046118,0.0597070149688692,0.0254339789986599,0.0233714174225424,0.0277024244537487,0.0229924144561952,0.0191448960560209,0.0269578388532248,0.00710429530526838,0.00489592246099563,0.00936556642666195,0.103779914737061,0.0901964569131144,0.116863493801307,0.00983119217936204,0.00808282976472966,0.0117646444471332,0,0,0,0,0,0
"492","2022-07-21",0.164738815295347,0.154284397553762,0.17501539007721,0.0975272593235863,0.0879113606886093,0.107002404088797,0.136958630681616,0.126921865324406,0.146358943015743,0.105563085693912,0.0960170669073911,0.11555392953595,0.0486931131828817,0.0415230609073642,0.0557628249924681,0.0543997295822931,0.0486942470735423,0.0599936701967411,0.0293456492830814,0.0243045558163946,0.0342098843168273,0.0577557641182393,0.0520786565645672,0.0634813510420577,0.035634777727781,0.0325094389982573,0.0389253678326796,0.0271608794493828,0.0212367713585011,0.0330787561374128,0.053082909149207,0.0462036733166868,0.0599860838541329,0.025434946757984,0.0233992398160465,0.0277259712236978,0.0229336884487482,0.0190932109159979,0.026762915451174,0.00708089441684795,0.00484162539894461,0.00926055594201745,0.103360516344268,0.0896872106211605,0.116622757324431,0.00982505542204571,0.00805992443567624,0.0117622722125641,0,0,0,0,0,0
"493","2022-07-22",0.164680049974042,0.154044035497904,0.175204189520687,0.0977501012085906,0.087860938716494,0.107641588508085,0.136956750443793,0.126756683980041,0.14620096045188,0.105825876407783,0.0961188790491962,0.115908196542486,0.04877155875547,0.0415543809136207,0.0558980330844884,0.0543558279231564,0.0485694004211118,0.0601090039538428,0.0293801941233731,0.0242278098039937,0.0343609743425168,0.0577480454389874,0.0520969205314055,0.0632898672591625,0.0356197364943409,0.0325678805528325,0.0389059099776058,0.0269505386376994,0.0211183242162603,0.0328282805842871,0.053207652721031,0.0461797111233916,0.0599226294752937,0.0254336362956162,0.0234112715851752,0.0276817711173725,0.0228707143622273,0.0188685732978521,0.0266823835535282,0.00705362429530468,0.00481369247301122,0.00924380793137569,0.103074846779878,0.0896297422634391,0.116719908767795,0.00981455372650092,0.00806870139334591,0.0117230450486984,0,0,0,0,0,0
"494","2022-07-23",0.164628472724093,0.154202142401022,0.175222235320398,0.0979844339683149,0.0876438318821127,0.107508867381584,0.136961841699015,0.126970181166813,0.146430966132893,0.106150183111303,0.0960212196734951,0.115994665462039,0.0488771579133633,0.0417340006578177,0.0560183544766254,0.0542960090789354,0.0485187519148344,0.0600822416971412,0.0294062194846744,0.0244111174630538,0.0342502737537081,0.0577574851415889,0.0521812477263484,0.0635869463491661,0.0355945755763727,0.0324053503714967,0.0389377103062988,0.0267545866474639,0.0208202477960426,0.0326506471023773,0.0533266548282512,0.0463343580299744,0.0600940077271438,0.0254282384793686,0.0234171800837245,0.0276460674944856,0.0228250007755174,0.0189218070879724,0.0266833453783091,0.00703039807111006,0.0047142776138868,0.00926231485843203,0.102667371782821,0.0896329716655514,0.116174714993449,0.00980882160049464,0.00808833828490829,0.0117522112356751,0,0,0,0,0,0
"495","2022-07-24",0.164547778956808,0.154021879588952,0.175116931324787,0.0981680450040905,0.0878701661856058,0.107803944373007,0.136910469565651,0.126294189999457,0.146315348288532,0.106432246887667,0.0959552873358555,0.116506654696619,0.0489208595934712,0.0414716135609328,0.0560814724073005,0.0542450841722569,0.0484971192086569,0.0600040573887163,0.029476838129503,0.024502892713279,0.0342566809063377,0.0577497181748984,0.0519882124091596,0.063776335353729,0.0355750112207131,0.0324636717716747,0.038936504549964,0.0265865420267559,0.020693368629333,0.0321577764697368,0.0534663921633679,0.0465562190209365,0.0601026673643282,0.0254326967900857,0.0233822138057017,0.027669579587541,0.0227803985117267,0.0188505803557661,0.0265793652960107,0.00700849422719361,0.0047207415111891,0.00920209164428707,0.102246706533081,0.0889891016950427,0.115281404742767,0.00980354548067775,0.00808879985615384,0.0117193140208085,0,0,0,0,0,0
"496","2022-07-25",0.164399970693116,0.153497360688216,0.175275338908148,0.0982497506591474,0.0880016835552733,0.10826708655742,0.13697953743793,0.12614090486287,0.14665394821825,0.106611093682554,0.0960017176190053,0.116752909971919,0.0489431831260279,0.0413559216368859,0.0564859116373659,0.0541813547152026,0.0482997534725351,0.0599648543679515,0.0295108542547761,0.0244390691885997,0.0345371384863108,0.0577171296330074,0.0519583228473823,0.0637697351305209,0.0355506286802053,0.0323184364533995,0.0389021899712119,0.0265172056500104,0.0203615215665189,0.0325840236026223,0.0537770140713841,0.046463449291604,0.0605337619593712,0.025427139047213,0.0233987394109722,0.0277064227571799,0.0227084936629079,0.0187676011939144,0.0266575377404701,0.00701822770375596,0.00469628920298689,0.00918155997906338,0.102213644789415,0.0872091406604862,0.116424483694457,0.00980149457199411,0.00808349926376235,0.0117300546448304,0,0,0,0,0,0
"497","2022-07-26",0.16421703273044,0.153298783385827,0.175428442747437,0.0983502868822362,0.087858652211406,0.108574520399295,0.137103983511656,0.126429222628496,0.146754344246931,0.106760170806737,0.0958481750754563,0.117284000406939,0.0489675508281658,0.040942216937464,0.0569001738897741,0.0541433618459508,0.0482887325425909,0.0598184998247561,0.0295421559625731,0.0241755779904306,0.03456644573314,0.0576850213837667,0.0516052713653686,0.0636258192101236,0.0355296587913462,0.032316524718682,0.0388973318776385,0.0264344145435351,0.0199256584195085,0.032612351627424,0.0540129897743642,0.0463239477837628,0.0610867757243283,0.0254236734221387,0.0233265002983444,0.0276410827277018,0.0226213877614428,0.0187108026733412,0.0266658772171504,0.00700986241305671,0.00453081517084185,0.00920243661243956,0.102133236987166,0.0865824205952641,0.117954111121169,0.00979741088258915,0.00802536454638941,0.0117874899075577,0,0,0,0,0,0
"498","2022-07-27",0.164049804845302,0.152962242283377,0.175530069188151,0.0984120124654418,0.0874520409589852,0.108811292435281,0.137254870948439,0.126704367892278,0.146938491645256,0.106874884182633,0.0955552167843378,0.117670361612559,0.0489121760659048,0.0406797264548873,0.0570583448515866,0.0540919742404207,0.0480320061228436,0.0599000160370131,0.0295736306493863,0.0241992921409758,0.0346290911142631,0.057642364650303,0.0516770677176273,0.0637960888888894,0.0354994313436968,0.0321624194519676,0.0388090855504995,0.0263352505958649,0.0197492269219961,0.0328813955612565,0.0542827096051414,0.0466108413637308,0.061777301829546,0.0254228359495847,0.0233248898328466,0.0276757949984279,0.0225441572144725,0.0185504160192018,0.0267135187050874,0.00700657386229606,0.00452211613031054,0.00920789824385592,0.102075763252615,0.0849602175728588,0.119266387863632,0.00979400211635701,0.00802116499597549,0.0117604440708045,0,0,0,0,0,0
"499","2022-07-28",0.163909475858611,0.152043520034686,0.175460590477604,0.0984774552212593,0.0870479679142049,0.109246387471299,0.137353739142613,0.12646520838138,0.147325425712813,0.107033138179772,0.0958782750585736,0.118283672615975,0.0489555118270956,0.0407320947012016,0.0571271173104529,0.0540551013117152,0.047913899408421,0.0598511991110061,0.0296048012806491,0.0240946977607632,0.0349057624608323,0.0575898289682763,0.051584801113539,0.0636659044633986,0.0354777694629821,0.0320876976730127,0.0388561739680259,0.0262111203305616,0.0192624623671305,0.0330319549589638,0.0545585474407603,0.0467167546164922,0.0620050224860276,0.0254209178946118,0.0232821804958853,0.0276380832552063,0.0224635502448189,0.0185615499747638,0.0266769284866994,0.00700376014931707,0.00451576754220696,0.00928629469832462,0.102082689838416,0.084904514006455,0.119809827996869,0.00978479015846024,0.00801078113887331,0.0117188733877759,0,0,0,0,0,0
"500","2022-07-29",0.163746401156462,0.151989306177686,0.175566390530496,0.0985807834967068,0.0874803217451659,0.109307639483383,0.137468645692301,0.126592503722992,0.147286014578516,0.107160959499135,0.0957027781684221,0.11863509752036,0.048944690818892,0.0405053565130315,0.057479326944496,0.0539878187857516,0.0477843495395738,0.059884549159118,0.0296413325685072,0.0238912715093637,0.0349331917232876,0.0575590314477003,0.0513104608057071,0.0636321720262665,0.0354470719119801,0.0320484004672674,0.0388495261638458,0.0261232480455835,0.0188533125250247,0.0334039808693413,0.0548531058839871,0.0471033889805397,0.0624518551012192,0.0254238348312849,0.0233216687820998,0.0275940449034802,0.0223867084457307,0.0183770952643048,0.0265776931648009,0.00700412731206914,0.00446906549873606,0.00927794053838471,0.102029184820849,0.0840190153588143,0.120146242287385,0.00978350263856457,0.00800218238295553,0.0117592502476164,0,0,0,0,0,0
"501","2022-07-30",0.163613165194075,0.151818200907016,0.175822067226875,0.0986862060875521,0.087359360248399,0.109843990872123,0.137557887927352,0.126568099014421,0.147497795466457,0.107237837770283,0.0956179233119866,0.11884424107014,0.0489874692858698,0.0402300746534814,0.0576974449258959,0.0539397116094272,0.0477446235088603,0.0598428787336157,0.0296833725825505,0.0240386462853318,0.0349918901096306,0.0575087374288409,0.0512558965911819,0.0635574403607989,0.035422987879413,0.0320016622372922,0.0387627941531665,0.0260210012789422,0.0183734851759772,0.0331270581310937,0.0551388511693482,0.0473646304017266,0.0629378672267412,0.0254279875219055,0.0233285917153431,0.0276086811729708,0.0223151727963156,0.0181425087603585,0.0265368475721795,0.00701013192805324,0.00447651840823234,0.00942905103117955,0.102065739994272,0.0838451786678013,0.120563045933512,0.00977873995914698,0.00803738458492816,0.0117196990558948,0,0,0,0,0,0
"502","2022-07-31",0.163474365185899,0.151400154072352,0.17564035590119,0.0987678404190079,0.0871575471930349,0.110228851499262,0.137668324296977,0.126432286339667,0.147471285734029,0.107386896157502,0.0955800796814363,0.119310719218297,0.0490362842465012,0.0402413147277331,0.0574629000860774,0.0538866792874653,0.0476780478783464,0.0599212729767926,0.0297108572023804,0.0240245019544315,0.0353124823579035,0.0574870144519144,0.0513134174970747,0.0635363506364812,0.0354017253950416,0.0319126426806102,0.038730686205062,0.02594872248641,0.0183901324439394,0.0332870782578146,0.055415322403777,0.0471962440405099,0.0631651105915268,0.0254298570978369,0.0233211008073286,0.0276502633411782,0.0222356253789615,0.0180099398066182,0.0264468194588695,0.00701224143527264,0.0044389601266734,0.00942924567355986,0.10213201655623,0.0826767805476684,0.121303346086878,0.009779464052728,0.00803527670624157,0.0117596399660977,0,0,0,0,0,0
"503","2022-08-01",0.163337535846978,0.151056699159735,0.175645988611327,0.098841870748581,0.0868456060548046,0.110361325531207,0.13781319738779,0.126499233279755,0.147773838887016,0.10748722688049,0.0949734515934314,0.119424982074589,0.0490058212693946,0.0400793916304032,0.0580902891630901,0.053852459437045,0.0476043860374314,0.0598931430319025,0.0297690710881035,0.0238441831843882,0.0353642096941215,0.0574655862519157,0.0511630788528493,0.0636977990962448,0.0353795166703718,0.0318654922955574,0.0387233588952676,0.025851025187993,0.018367278410375,0.0334372113856848,0.055648812710659,0.0476355952414766,0.063736608043635,0.0254333386722623,0.0233108269082586,0.0276969836608141,0.0221475516559239,0.0178715660153157,0.0264247567382711,0.00701070517072737,0.00444547844622106,0.00942307615368903,0.102147626624636,0.081883182863367,0.121989986086527,0.00977633976354367,0.00802021285330773,0.0118098493529907,0,0,0,0,0,0
"504","2022-08-02",0.163243552546294,0.151227682055682,0.175447429254515,0.0988918097754949,0.0870365794841682,0.110284078801501,0.137957223310897,0.126871722261606,0.148372236514018,0.107590453509382,0.0951840774276065,0.119503809734456,0.0490378848868099,0.0396712874996205,0.0578541112709295,0.0538056136228669,0.0474360896943964,0.0598236051343933,0.0298139103441701,0.0239915602808238,0.0355131250211083,0.0574463247805764,0.0511622671689853,0.063649417474662,0.0353608059330986,0.0318105936636682,0.0386317828795328,0.0257738586752357,0.0181676328016492,0.0334489649388209,0.0559237423963228,0.0477593793788936,0.0640642908887741,0.0254343588840557,0.023359841966707,0.0277444075040755,0.0220659054042005,0.01781309367293,0.0261954270101324,0.00701026575569435,0.00437002079209348,0.00940719261151396,0.102074242122923,0.0826880779900324,0.12251348609466,0.00977623237377218,0.00804322196854171,0.0117939247209478,0,0,0,0,0,0
"505","2022-08-03",0.163146383885084,0.150728852191504,0.175607566965977,0.098906614754677,0.0871283727622778,0.110657269696931,0.13805125895052,0.126428640951614,0.148285087726033,0.107764837306553,0.0952936963169937,0.120029232032648,0.049008756946328,0.039257664689231,0.0580784706791713,0.0537675171387581,0.0473190321104278,0.0598041165257721,0.0298272516823984,0.0238310688250411,0.0355673393638312,0.0574073995387719,0.0509402026816914,0.0635079706556681,0.0353347432042626,0.0317614526699017,0.0386305159191988,0.0256576650526206,0.0177655477791194,0.0332857149101539,0.0561909125948479,0.0480995715152408,0.0643266629400531,0.0254333253230945,0.0233206037420526,0.0277478202418,0.0220130952322368,0.0176548817929152,0.0263489962873454,0.00700416228447037,0.0043680777589708,0.00949796574022564,0.102151655671987,0.0819115879135533,0.122507405390332,0.00976565711498991,0.00800645827589907,0.0117993467136317,0,0,0,0,0,0
"506","2022-08-04",0.163013850319537,0.150691589979439,0.17604904531726,0.0990103832513411,0.0868966194951108,0.110901862880587,0.138213156121401,0.126432195445639,0.148429352971567,0.10792843763012,0.0952611757265336,0.120466812065314,0.0489918639003736,0.0394924790419737,0.0581530575037186,0.053718967867608,0.0472933403639159,0.0598622719504524,0.0298557107660786,0.0239299991478391,0.0355915392797969,0.0573695529122396,0.0509084274544495,0.0636430176868783,0.0353076381638506,0.0316920224050207,0.038588775866223,0.0255472418050809,0.0173792721261048,0.0334978428835044,0.0564697755582991,0.0483045962567668,0.0648942336070341,0.0254348184820185,0.0233826043894162,0.0277390401678106,0.021945911088387,0.0174774105389743,0.0262210760670754,0.0070048431624933,0.00443266677628677,0.00955148341142815,0.102180539122848,0.0819306312333384,0.123378697233899,0.00976246108686917,0.00804780300500045,0.0117980195781782,0,0,0,0,0,0
"507","2022-08-05",0.162920881411529,0.150395185031705,0.176122001393116,0.0990891942831875,0.0874299797905788,0.111294842305103,0.13836565445152,0.126531304828668,0.148343730103714,0.10808103806886,0.095240143876278,0.120635708519157,0.0490181429327524,0.0392331860008598,0.0580995053366869,0.0536822920444165,0.047409304205847,0.0599111951846086,0.0298705097624142,0.0238448153256333,0.0357437639550338,0.0573303296731882,0.0508229000342041,0.0634802275341298,0.0352762742958322,0.0317002119045546,0.0385826500378844,0.0255009574819533,0.017056294847924,0.0334021306325313,0.0567651411886447,0.0485758189634952,0.0653658360600936,0.025434094051271,0.0234533137346483,0.0277403947391564,0.0218642565555914,0.0174290797609026,0.0261825370859051,0.00700163949700637,0.00441086788670249,0.00955308239945936,0.102108839028125,0.0811347014395008,0.123425551628289,0.00975771071665425,0.00802750850873603,0.0118371966671171,0,0,0,0,0,0
"508","2022-08-06",0.162834298150047,0.150061789186345,0.176029802291996,0.0991533321755408,0.087079448928756,0.111259193495818,0.13845005252872,0.126834219459256,0.148471107769908,0.108214477791832,0.0951894825931288,0.120904834935022,0.049027929999942,0.0391136622592149,0.0580771790171764,0.0536185436689227,0.0474865471320608,0.0597714670783896,0.0298821882648579,0.0237939723745102,0.0358982012102108,0.0572886069938484,0.0507529939677785,0.0635341758486071,0.0352489935254919,0.0316474697690232,0.0385224427963858,0.0254182923392015,0.0170265944138119,0.0333584835665469,0.0569624828437691,0.0484684340429551,0.0654960483952078,0.0254344479913347,0.0234026715999346,0.0277857891507394,0.021783072948773,0.0172662795226797,0.0261052126639165,0.00699563709616208,0.00440098738547863,0.00952684456657134,0.102133154475856,0.0809415906995957,0.12352799785422,0.00976152166310622,0.00803680552459685,0.0117979158819652,0,0,0,0,0,0
"509","2022-08-07",0.162658233198372,0.149920697791227,0.175611932353736,0.0992187254569319,0.0870266630532857,0.111624851466629,0.138546882587096,0.12665063101053,0.148638568031546,0.108321152559365,0.0950553754827852,0.120908827877547,0.0490778604898774,0.0392559838524359,0.058128912588229,0.0535758070833432,0.0474321038131876,0.0595627040324129,0.0298862295546745,0.023864790842754,0.0357840326834012,0.0572732671567447,0.0509479387934928,0.0634190630305089,0.0352206520387242,0.0317152993923841,0.0384998887382097,0.0253057265967681,0.0168568175019573,0.0334573073970419,0.0572127313597555,0.0486833187383524,0.0658692026390139,0.0254315003316773,0.0233995645286751,0.0277961450949387,0.021734629808069,0.0172156793813885,0.0261576683814839,0.00699743694754467,0.00439043940096405,0.00952543809772296,0.102206309878158,0.0807520126867611,0.123799768694405,0.00976054915741776,0.00805306126220593,0.0117822904923153,0,0,0,0,0,0
"510","2022-08-08",0.162470723680877,0.149456319766403,0.175891726320997,0.0993355696356072,0.087238376873079,0.111576767909259,0.138628219047697,0.126494860288017,0.148646719017867,0.108446132598842,0.0953618370629913,0.12126071361803,0.0490820420957746,0.0392318955687346,0.0586116839146994,0.053523935517475,0.0472605014536677,0.059769299472973,0.0299549537909101,0.0239197978239345,0.0358071395805452,0.0572460755413717,0.0509554573065736,0.0633768980142217,0.0352034220817731,0.0316868587926268,0.0384927213982409,0.0252366101289458,0.0168575723586798,0.0334132112401434,0.0574909104004048,0.0490074443937964,0.066300663420917,0.0254356932177311,0.0235027305934961,0.0277916085757271,0.021666935152766,0.0171871923420967,0.0260760084661306,0.00699883774485003,0.00437781296831255,0.00953216931734006,0.102129181323385,0.0802097336931817,0.124224439252839,0.00975791030772883,0.008049006101178,0.0117436436783571,0,0,0,0,0,0
"511","2022-08-09",0.162370941299873,0.149701844419511,0.175317347226122,0.0993614032250583,0.0872306920629282,0.111703437981858,0.138737812217793,0.127173586779066,0.148963504032376,0.108580908564604,0.0954909845877963,0.121182661168435,0.0490704358559385,0.0391546892513824,0.0582898857872116,0.0534772206351887,0.0472807458721615,0.0595597708554318,0.029993242025685,0.0239093892746692,0.0357737221757669,0.0571970510507817,0.0508278132786554,0.063307438909571,0.0351750719707915,0.0316047756226034,0.0384441434417156,0.0251659544711647,0.0168960348369614,0.0332805395597474,0.0577246156469717,0.0493054613303803,0.0668156306465572,0.0254311603665008,0.0234558488687661,0.0277918612036656,0.0215928208239085,0.017083523024169,0.0259904219811877,0.00699242205907923,0.00441601147681388,0.00957996851217203,0.102012190012794,0.0801665254741603,0.123824774034918,0.00975644079992041,0.00802343020714384,0.0117650088900067,0,0,0,0,0,0
"512","2022-08-10",0.162240459150582,0.149583190744819,0.175022891983497,0.0994099966576568,0.0870104327858463,0.111722481660747,0.138831170162643,0.127084140059059,0.149065719208098,0.108710144338179,0.0954313099884767,0.121764415883419,0.049069512182587,0.0392977357911663,0.0582992673496704,0.0534415993954298,0.0470285037065689,0.0596069574584575,0.0300373910640174,0.0240124943012479,0.0358713482295085,0.0571471406070847,0.0507817868457566,0.0632956390816373,0.0351381338393041,0.0316684871780366,0.0383807821757557,0.0250678332548221,0.0164974411435287,0.033266112962916,0.057982103358529,0.0495946833166736,0.0668876763170344,0.0254268971831079,0.0233987791907218,0.0278382811768159,0.0215273763182239,0.0170818418679271,0.0258564658240977,0.0069990128846738,0.00441228406990061,0.00960265892932556,0.102023915468551,0.0801179517000759,0.123587758213815,0.00974871893441666,0.00798565595496577,0.0117575031474732,0,0,0,0,0,0
"513","2022-08-11",0.162082285347928,0.149151112272284,0.174989226608677,0.0995097465878716,0.0870770627797942,0.111943132798351,0.138882697619952,0.127179701890197,0.149150925074956,0.108792393115973,0.0955749048546187,0.121855234591492,0.0490721042372301,0.0392154425610872,0.0581907997728505,0.0534067514058677,0.0469406114630672,0.0596484025829955,0.0300562313181571,0.0239194291406126,0.0358916702102248,0.0571255479186673,0.0508141935725247,0.0633315692486461,0.0351100169200918,0.031542592302149,0.0384500376647786,0.0249674491534331,0.0164979186650991,0.0326910962626681,0.0582639710767932,0.0498616707240834,0.0673466325803114,0.0254241192088317,0.0234109760074587,0.0277464914824391,0.0214752434354647,0.017044528881567,0.0256918219491222,0.00700533579130394,0.00437444118169979,0.00961518416525686,0.102007163820038,0.0800410937785766,0.123455955786465,0.00974889801338471,0.00799776114672856,0.0117741103315125,0,0,0,0,0,0
"514","2022-08-12",0.161987697586932,0.148951626474339,0.175090030286074,0.0995550422605385,0.0874141228169499,0.111989249454011,0.138983300655433,0.127820846238594,0.149178731438892,0.10888964131017,0.0958905443690134,0.122036112812792,0.0490513930274722,0.0389610808466817,0.058365935618065,0.0533579831575357,0.0468425149756509,0.0595542713786228,0.0300628446627851,0.0241670286024658,0.0360166764335244,0.057082999656738,0.0507931179022193,0.0633741811444802,0.0350771632165678,0.0315902162769171,0.0384305087808955,0.024866088901745,0.0162511008082238,0.0326862268506883,0.0585256989754229,0.0499154480579459,0.0677222164293563,0.0254198007711102,0.0234050727771706,0.027712205972458,0.0213926012421901,0.0169787390465499,0.0255363690529338,0.00700881790582681,0.00438199633464395,0.00959465371381555,0.102060727480749,0.0799780227522384,0.124192803301728,0.0097453716433362,0.00802770667441706,0.0116650151052351,0,0,0,0,0,0
"515","2022-08-13",0.161843782147061,0.149272952225016,0.174753563953498,0.0995957159943181,0.0874768192660016,0.112092251828548,0.139069854168383,0.12773435524008,0.149116729503225,0.109052342046472,0.0960420511982792,0.122261947218567,0.0490002505179857,0.0392216863842256,0.0584109852525038,0.053317810267084,0.0469892831105305,0.0594243091095286,0.0301031444985159,0.0242912963443581,0.0360258376093312,0.0570443060904652,0.0508071410959058,0.0634929095507124,0.0350703132911602,0.0315577974158058,0.0383653310975867,0.0247981084493125,0.0161955992041119,0.0329279806744163,0.058824135634837,0.05044296589884,0.0677151367465771,0.0254148074835211,0.0233288287109261,0.0276418552942601,0.0213260912273012,0.0168787695072297,0.0256688077538526,0.00700885216877791,0.00437351807887437,0.00952569643960114,0.101991528933739,0.0800537079550137,0.123961882856137,0.00974753387953171,0.00799501973939377,0.011727192721944,0,0,0,0,0,0
"516","2022-08-14",0.161739334997818,0.149317125311196,0.175095219018995,0.0996852610124348,0.0875338091549901,0.11244873107203,0.139172219201473,0.127788517467981,0.149438794579076,0.109233695098353,0.0964245662107915,0.12242175795069,0.0489906087178982,0.0395972308207073,0.0583128125099423,0.0532652298038295,0.046787242745815,0.0593779008265789,0.0301335344793271,0.0245117241653464,0.0360874289426384,0.0570080294798739,0.0509338320765347,0.0635003936068812,0.0350488534113481,0.0315774851889141,0.0383261174979205,0.0247158734857098,0.0161623323252272,0.0326499447379001,0.0590577333150716,0.050653931493412,0.0678528024666269,0.0254167303732999,0.023334947284496,0.0276463975276605,0.021258379659452,0.0167748757955116,0.025590129054078,0.0070039087629527,0.00439101944458364,0.00955472679766994,0.10196468418473,0.0795021291918351,0.123624332272703,0.00973943376725363,0.00800174418417834,0.0117283482892467,0,0,0,0,0,0
"517","2022-08-15",0.16160367303311,0.148982605608854,0.174672461190302,0.0997167441102933,0.0875147557330109,0.112520470047996,0.139264839796012,0.128127850565243,0.149525147089048,0.109337745299876,0.0964728507256977,0.12243247908867,0.0489481304451633,0.0393590715849669,0.0583096236594533,0.0532264948150604,0.0467015577088067,0.0594310441470516,0.0301665428817593,0.0243737531012444,0.0359581262291637,0.056964334008813,0.0508090472244319,0.0633315487677623,0.0350239507883968,0.0315526573875224,0.0383127968563774,0.0246735730883862,0.0164789892835652,0.0325939786110088,0.0593229311880686,0.0508532072712577,0.0681528276519872,0.0254081869245991,0.0233341218999804,0.0276445862410146,0.0211862100917776,0.0166906786728493,0.0254982150583437,0.00700841855274093,0.00440078427886464,0.00960094692455637,0.101844385485665,0.0799318716380835,0.123373771467583,0.0097401100409231,0.00799428124054418,0.0116900615966148,0,0,0,0,0,0
"518","2022-08-16",0.161496493406542,0.148973431451432,0.174398075221058,0.0997547769456216,0.0875916057143181,0.112391668053078,0.13940555256045,0.127992122598348,0.149597452680923,0.109545906140567,0.0965743497777135,0.122521098440224,0.0489330663268602,0.0395657459907121,0.0581590686708916,0.0531598707950836,0.0466188946873639,0.0593258983734228,0.0301834748749272,0.0244558324266624,0.036243997697398,0.0569331921320355,0.0507540265992187,0.0632493121724832,0.0350001360208594,0.0314971586010668,0.0383223387618336,0.0245906710283655,0.0161804931777716,0.0325134223890688,0.0595384625679831,0.0508152449609191,0.0686518018858308,0.0254100916297613,0.0233729246678507,0.0277333299292091,0.0211387124512941,0.016739397201971,0.0255402530684308,0.00700624929444454,0.00440212324863017,0.00963505062975841,0.101747988838156,0.080353169189401,0.123244201485091,0.00973783211321145,0.00802184867417234,0.0116782335037898,0,0,0,0,0,0
"519","2022-08-17",0.161404328329814,0.148786959444791,0.174366751328469,0.0998609410772434,0.0879433221683049,0.112504240720137,0.139503910621841,0.128434127979432,0.149514108262513,0.109743589491169,0.0967277905783935,0.122616977028566,0.0489487600147534,0.0398068732426425,0.0582760245401054,0.0531211201248065,0.0466233084796596,0.0592757708417165,0.03021064878949,0.0244312817394249,0.0361695518673451,0.0568992007852997,0.0506283947798514,0.0631475809774426,0.0349804714547499,0.0314104987378142,0.0383287607958801,0.0245406634273137,0.016505113409053,0.0322489839955996,0.0598111056317581,0.0513727546524757,0.0687013881080564,0.0254076653787411,0.0233681578409789,0.0276439919300664,0.0210709378535386,0.0165818219324927,0.0253475811512803,0.00701028014530491,0.00438199817132111,0.00956889994125728,0.101741650422758,0.0806723898901949,0.12360588861026,0.00973487914921073,0.00803323870414321,0.0116696675051452,0,0,0,0,0,0
"520","2022-08-18",0.161301397372544,0.148620930737845,0.174252048827716,0.0999395052520973,0.0880303977572292,0.112407207108082,0.139611292805662,0.128545532611828,0.149314267524112,0.109858006131619,0.0968428231658546,0.122521440324191,0.048931952154864,0.0396016677088834,0.058179920778174,0.0530863176125308,0.0465697292719958,0.0593009620503969,0.0302406438496202,0.0245795308994288,0.036263436162403,0.0568588225341659,0.0505566002757939,0.0630091422086322,0.0349639408470006,0.0313605669222223,0.0383414760397792,0.0244024586467827,0.0164529060221933,0.0320980579285515,0.0600661652438724,0.0516020761036207,0.0687101181684991,0.0254040128396462,0.023335316514301,0.0275973674758889,0.020988049798278,0.0166438239267327,0.0252221311805183,0.00701541992761172,0.00437700316583243,0.00957357725113682,0.101753863028279,0.0808068672039142,0.123224371052544,0.00973183359493777,0.00804890847487352,0.0116701646844802,0,0,0,0,0,0
"521","2022-08-19",0.161165797044286,0.148669176928668,0.174081296734233,0.100019737244517,0.0882627374095304,0.112609693137004,0.139739441514225,0.128891527526692,0.149547960393901,0.110071848863098,0.0972175242701664,0.122708116274942,0.048928258416461,0.0397206491029452,0.0579280388053517,0.0530215630518102,0.0464985742484448,0.0590200981766884,0.0302786761795865,0.0246938969749722,0.0362404462237714,0.0568064955239269,0.0507110570845003,0.0630602533111383,0.034945161439196,0.0313071261577495,0.038318590544876,0.0242961299635467,0.0165027713929116,0.0320509107586617,0.0603291469720245,0.0520491931202812,0.0694154460608565,0.025403203924395,0.0233426723620589,0.0275983955827536,0.0209048458430207,0.0165546958964609,0.0251451121089575,0.00701062131607548,0.00439744929314034,0.0095830867250061,0.101738040582248,0.0810602398535153,0.123077613530006,0.00972743912852512,0.00802600735964837,0.0116997230506712,0,0,0,0,0,0
"522","2022-08-20",0.16101592730853,0.148675411497367,0.174059921875321,0.100089808026606,0.0885597344324857,0.112955094680198,0.139805635208619,0.129172789594551,0.149882797401463,0.110207312993523,0.0974344274310075,0.122958803279498,0.0489342283414176,0.0397395682985328,0.0581140577538793,0.0530023487264297,0.0466420439962382,0.0590950839261536,0.0302976193125815,0.0247818263176807,0.0362006437527532,0.0567585936268119,0.050706655196593,0.063109281318717,0.0349201354338106,0.0312252794230956,0.0383255425773578,0.0241979057122631,0.0165122423989517,0.0316682114446211,0.0605631444699491,0.0525946968119318,0.0696150730917255,0.0254039200485611,0.0233666730996282,0.0276497200840613,0.0208286472080363,0.0164131881068252,0.0249992297616014,0.00700596945841316,0.004368414752069,0.009506579205932,0.101559424722164,0.0814320583664761,0.122401690524295,0.00972463373784841,0.00800396562808604,0.0117186994203974,0,0,0,0,0,0
"523","2022-08-21",0.160829119288413,0.148620997346022,0.173524053439099,0.100116901399671,0.0885395171319682,0.112539946563399,0.139889492571065,0.129325546314822,0.149906618769905,0.110274643226967,0.0978907591381849,0.122867371563108,0.0489283659959598,0.0400009861115992,0.057743643542088,0.0529492483286826,0.0465597858064815,0.0590449899005324,0.0303413670113478,0.0248307431966774,0.0361845366733021,0.0567235286098545,0.0508030353116985,0.0630107665565708,0.0349114804232733,0.0312531060950295,0.0382563746792691,0.0241279107361906,0.0166406116184651,0.0313358736117926,0.0608514261130275,0.052897339697951,0.0700284892651699,0.0254012417350946,0.0233621419449671,0.0276277553571096,0.0207664659262944,0.016395783057068,0.0249211755993583,0.00701124033060118,0.00439655339105902,0.00954969901823203,0.101635962567595,0.0818186625024472,0.121611214906977,0.00972266806958895,0.00799819657539728,0.0117196699652712,0,0,0,0,0,0
"524","2022-08-22",0.160666074942646,0.148458672547778,0.173075042717227,0.100214489882988,0.0887040745226553,0.112500296874534,0.14000003417462,0.129662603830212,0.149995316548465,0.110436997460286,0.0981546945133521,0.123067057493656,0.0489150725668337,0.0399162478530218,0.0574844677724836,0.0528859910204963,0.0465381777761609,0.0588206532806819,0.0303744879497328,0.024829663597886,0.0362438071586532,0.056621172947228,0.0507602910121732,0.0629380987523801,0.0348836427263249,0.0311937340502172,0.0381949886052396,0.0240510867193372,0.0164426225954102,0.0313072636979087,0.0611183445504062,0.0532989824822772,0.0699207618222712,0.0254000803908065,0.0232940849894732,0.0276313377873599,0.020702534470807,0.0163205578795101,0.0249100367269665,0.00701636696950951,0.00438668252507596,0.00960154959447173,0.101622929073888,0.0835026365344696,0.120924892583187,0.00971703181916423,0.00798148116868777,0.0116840413362455,0,0,0,0,0,0
"525","2022-08-23",0.160568302655365,0.148395813100592,0.172635013376939,0.100271187801721,0.0890451450504631,0.112709196490059,0.140130187997443,0.129459044803037,0.150294609317936,0.110593660192658,0.0981888640997358,0.122675579466486,0.0488875012292889,0.0400569105547254,0.0574295303281857,0.0528142769433646,0.0464750649516247,0.0586923539416402,0.0303930618454076,0.0249383208692475,0.0363710651566926,0.056554657807646,0.0505915921478651,0.062697671916142,0.0348548707770527,0.0311838660828936,0.0381407522103607,0.0239448588832362,0.0166289176707069,0.0310574050897912,0.0613800393956398,0.0537288635739185,0.069997100672016,0.025393138837262,0.0232884602293515,0.0275949141096448,0.0206203996113956,0.0163739018658639,0.0247278346730554,0.00701871192674069,0.00448004078407687,0.00951041672840069,0.10164224423179,0.08379807802908,0.120127534088747,0.0097118307342235,0.0080090402338748,0.0116251811755108,0,0,0,0,0,0
"526","2022-08-24",0.16044992879372,0.148366638089673,0.171997068691317,0.100334724192744,0.0892583032534168,0.112338164388335,0.140185154031527,0.129935736329174,0.149893326875755,0.110743869546809,0.0984647606039751,0.122519175212392,0.0488873202325528,0.0402762447102359,0.0571088369916311,0.0527592573651954,0.0462915192153324,0.0585023983546733,0.0304059370684449,0.0251752641405666,0.0363258807090198,0.0564960615147714,0.0505858025178906,0.0625500335380094,0.0348377430796377,0.0311841877414296,0.0380412145998563,0.0238260737707302,0.0166438283888644,0.0307175659409681,0.0616438815397242,0.0540841829232384,0.0702776732561112,0.0253941308261704,0.0233147765566337,0.027569561917656,0.0205410701996325,0.0163108871942516,0.0247214801940935,0.00701588544667566,0.00443877019794016,0.00950973083089704,0.101522422683987,0.0838335093072894,0.119246826560747,0.00970889139611964,0.00802985752285519,0.011627995504498,0,0,0,0,0,0
"527","2022-08-25",0.160303064098419,0.148585394573906,0.172113415956377,0.100416566172024,0.089172568703405,0.112041275462372,0.140266346441193,0.13031361928711,0.149817131041982,0.110840897789875,0.0990311785061805,0.12234215649852,0.0489109099323824,0.0406228105774672,0.056815919775486,0.0527169023257577,0.0463824456138095,0.058399982404334,0.0304218983143018,0.025315389746441,0.0361299088758079,0.0564524297836025,0.0504917358053525,0.0624446983143685,0.0348102637747893,0.031162270475824,0.0381173575842227,0.0237090714763988,0.0168286573752672,0.0302330423867375,0.0618801522262315,0.0543005352527628,0.0703214090722271,0.025391736642803,0.023286624591991,0.0275583770208675,0.0204731763823839,0.0161995926200094,0.0243876406630066,0.00700798018260395,0.00452823187508504,0.00947673227165773,0.101461909108356,0.0845730370488378,0.118494137395761,0.00970419945489133,0.00804431931778685,0.0115653467086045,0,0,0,0,0,0
"528","2022-08-26",0.160199620026596,0.148712474516447,0.171742729832047,0.100480176135907,0.0899293613145401,0.111936039137174,0.140301280763638,0.130059867298335,0.149807634676361,0.110974832917615,0.0996405890136719,0.12237095010024,0.0489420868113428,0.0405271313440925,0.0565999920639141,0.0526824178881613,0.0464078619605368,0.0583242036898737,0.0304335011497032,0.0252745865032414,0.0358488605168739,0.0564091110057723,0.0505812812116885,0.0622363406236413,0.03478657705659,0.0312596810073567,0.03809469290072,0.023577906317922,0.0169999516481169,0.029850122672468,0.0621252643576447,0.0543861129791799,0.0705877973905504,0.0253907575962521,0.0233239043374759,0.0275093824682926,0.0204166320538077,0.0161917128920097,0.0243700726214163,0.00700362694688821,0.00453246317537468,0.00950756171494831,0.101425496930922,0.0853586661089776,0.117988955260224,0.0097002254256257,0.00803748782294378,0.0115296899244709,0,0,0,0,0,0
"529","2022-08-27",0.160052780259077,0.148704684843989,0.171303254681347,0.100535389343465,0.0898689886357728,0.112020586012079,0.140413547126886,0.130264809888041,0.149777685569578,0.111174171787066,0.1001819378728,0.122359971136531,0.048986885165863,0.0406922163064087,0.0565480176220602,0.0526312184083359,0.0463961607464447,0.0582800673523451,0.0304481196317375,0.0255023575965009,0.0359056939550434,0.0563662400877066,0.0504678951910953,0.0620989602703085,0.0347598942225142,0.0312181608744005,0.0380685706730575,0.0235115969963463,0.0171078527999004,0.0294469346670787,0.0623743066754927,0.0548675847287178,0.0705402182160331,0.0253885377992705,0.0233171807370611,0.027521545196839,0.0203400978371308,0.0161914619104666,0.0242047176599273,0.00700048820843022,0.00456425972091214,0.00938572541875618,0.101365465631657,0.0859969445554227,0.116665311424455,0.00969849181216093,0.00803564922734308,0.0115241121130666,0,0,0,0,0,0
"530","2022-08-28",0.159845147220542,0.148460869454403,0.170848018095272,0.100623788949805,0.0899854015874662,0.112020943668404,0.140519748805277,0.130529866767094,0.149610872333739,0.111348482644811,0.10028909282317,0.122275355084143,0.0489771108848207,0.041234515606498,0.0563963666448851,0.0525766695186142,0.046501784720341,0.0582317398081223,0.0304722491510553,0.0254335890646927,0.0360199555258107,0.0563125943281119,0.0503794627702807,0.0618321011823394,0.0347356800346924,0.0311836210160777,0.0379651417750239,0.0233983789448942,0.0175125406919903,0.0291524654291763,0.0626216726553046,0.0552070425251123,0.0706839423373299,0.0253889623894575,0.0233360145490379,0.0274528824784837,0.0202965599259332,0.0163255711169586,0.0241799480725174,0.00699437774094467,0.00461882856100102,0.00931077527223513,0.101288484341161,0.0866210465528818,0.115673145455401,0.00969736738323514,0.00806996343107761,0.0114950182218892,0,0,0,0,0,0
"531","2022-08-29",0.159892008799441,0.1483986860257,0.171156380066036,0.100580777714694,0.0901233541392256,0.112097411139511,0.14072342319124,0.130708056703848,0.149847833284836,0.111441738030239,0.100590132246295,0.122321110038082,0.0489250584162662,0.0412351141461379,0.0566370178129264,0.0525779484426617,0.0466393712926191,0.0580830597849607,0.0305233816139987,0.0256345561786939,0.0359957680463822,0.0562854787612408,0.0502818869681198,0.0618626316579788,0.0347063402326691,0.0311438290472719,0.0380322502899119,0.0237467636998215,0.0176453627753099,0.0296169191857902,0.0627145251854379,0.055237019862854,0.0707901538707643,0.0253832360222104,0.0233135207737646,0.0274688673030152,0.0202382729690752,0.0161548500460837,0.0240695352970464,0.00699758626745902,0.0046047376312766,0.00930134828212762,0.100967951012951,0.0860972820523672,0.115340689986004,0.00969978292677974,0.00804935660410992,0.0115292618583637,0,0,0,0,0,0
"532","2022-08-30",0.159899576265099,0.148574559294595,0.171441759578709,0.100528513818251,0.0901437300700092,0.111658417321468,0.140952016964955,0.131073183946566,0.150183143931973,0.111602045675795,0.100524467427355,0.122397208221996,0.0488937834079394,0.0412820259254564,0.0568224650164567,0.0525480958247239,0.0462898059474359,0.0580568034560961,0.0305954564041095,0.0255356071059661,0.0361521968954234,0.056211059090273,0.0504060303125759,0.061772924485452,0.0346840359149962,0.0311453834309103,0.0379047057622321,0.0241124150844203,0.0180056874637556,0.0302357215947605,0.0628517607466189,0.0554339405211973,0.0710267128431777,0.0253813057981002,0.0232858292833997,0.0274551584623335,0.0201801050958511,0.016134502389964,0.0240638304015616,0.00700919405529229,0.00463517119261315,0.00933708222448761,0.100689266593489,0.0852775465569489,0.115611447661105,0.00970197446008568,0.00803872587069245,0.0115536242456138,0,0,0,0,0,0
"533","2022-08-31",0.159852954921931,0.14824757202142,0.171192629838893,0.100460388159746,0.0898658989192617,0.111677375882929,0.141137747835138,0.131161755049832,0.15063842744401,0.111702959648757,0.100680925028315,0.122371392883196,0.0487884560393288,0.0412171745662175,0.0566425584768734,0.0525206498462793,0.0465394725718572,0.0581396422461079,0.0306660822640388,0.0257254835217017,0.0361301276618045,0.0561349685939923,0.0502325379047007,0.0617217100101863,0.0346512746801289,0.0311840439217278,0.0379153472562082,0.02440548286049,0.0181002330443893,0.0306722862556418,0.062975540468601,0.0554422928342578,0.0708606687478134,0.0253800692449932,0.0233003687396237,0.027474856322249,0.020147153401088,0.0160809454214943,0.0239820422877427,0.00701064291933824,0.00471944113736572,0.00930336719481418,0.100353656456758,0.0850245240924553,0.115462536589917,0.00971152787214914,0.00805354609687017,0.0115537449771455,0,0,0,0,0,0
"534","2022-09-01",0.159867886304206,0.148562786025395,0.171191684711784,0.100453176058226,0.0897136019160278,0.111778326434345,0.141313536900215,0.131459252798163,0.150579127643357,0.111768921523433,0.100639171587466,0.122533073742317,0.0487398095474113,0.0410858159720852,0.0564871728331903,0.0524823220237658,0.0465607706229288,0.0579964871404378,0.0307275142190261,0.0257473616418879,0.0360982254128279,0.0560984509822773,0.0501663306713085,0.0618842433802529,0.0346215955260925,0.0311556655921908,0.0378264396395516,0.0246897147100093,0.0183296470243919,0.03087172497618,0.0631385251582565,0.0558264195237653,0.0710613644308845,0.0253784898732335,0.0233245685160517,0.0275041783201464,0.0200944681266878,0.0161510504092426,0.0238733623730989,0.00702685184965625,0.00472185552913808,0.00932287498543433,0.100095634049353,0.0846434945648706,0.115658616682474,0.00971627186787608,0.008075286360815,0.0115649694359353,0,0,0,0,0,0
"535","2022-09-02",0.159861088096494,0.148665251115498,0.170627894585988,0.100449877845534,0.0898255885545184,0.111564808597465,0.141496918917138,0.131592072242797,0.15094234769178,0.111807942418401,0.100504527460686,0.122189023187022,0.0486472198173705,0.0411565187963848,0.0563061463888498,0.0524818884662278,0.0465515267654073,0.0580932404420705,0.0307735560992197,0.0257345768502329,0.0360518647446201,0.0560420859953357,0.0501126105512915,0.0618220228768914,0.0345899184004057,0.031115239017225,0.0378148760161093,0.025011362988678,0.0187483174177414,0.0311599313750544,0.0632739898795597,0.0558269517545617,0.071224296250365,0.0253812775496862,0.0233100543374059,0.0274728623107917,0.0200643830122446,0.0161117872603986,0.0238970245789765,0.00703139376219024,0.00477239706277155,0.00930454344422743,0.0997470487616093,0.0844663813460258,0.115568658897019,0.00972514324585891,0.00805219275549598,0.0115873301158486,0,0,0,0,0,0
"536","2022-09-03",0.159839845779281,0.14876659096362,0.17088202122916,0.100383317286818,0.0900952591014558,0.111421166914808,0.141691845676634,0.132223038470562,0.150665704740974,0.11193199493438,0.100730395526333,0.122369390641729,0.0485666095842762,0.04126631475501,0.0561815846302915,0.05247411707788,0.0466379009015253,0.0580451787612134,0.0308510423377854,0.0259535537252579,0.0360979899729998,0.0559800008234494,0.0501585190284683,0.061628135274325,0.0345619100050857,0.0310954912903038,0.037794888895518,0.0253535037522156,0.0188430036711484,0.0314025484520454,0.0634123613815044,0.0559747286686961,0.0714600301049087,0.025379686923479,0.0233519276479188,0.027469953239176,0.0200268592488649,0.0161457125000753,0.0239406950485034,0.00703675562067115,0.00467353570513279,0.00934689955866144,0.0993183673490135,0.0841033391667013,0.115072079986111,0.00973282429219014,0.00808158901168781,0.0115847634967465,0,0,0,0,0,0
"537","2022-09-04",0.15983742482961,0.149070452666811,0.17112735564746,0.100417554957598,0.0903941354409896,0.111077223546645,0.141852413394861,0.132012073268313,0.15078653958095,0.112044117880044,0.101313792269776,0.122422947215842,0.0485132804905961,0.0412967793567618,0.0560223887241212,0.0524551778662033,0.0468184467373198,0.0581641387186981,0.0308954702219854,0.0258747051720406,0.0362603191870519,0.0559004820856583,0.0501438718973702,0.0616053115875995,0.0345361009915937,0.0311414291702193,0.037765267730016,0.0256545903323516,0.0192963529097542,0.0320460446639615,0.0635654263578394,0.0562191636375612,0.0712391521098051,0.0253827836284685,0.0233806171007372,0.027495990307271,0.0199795062102286,0.0161391838535848,0.0237370426665954,0.00704790299049435,0.00472634308216745,0.00938897467015123,0.0990299706133754,0.0840582538887598,0.114842460114135,0.00974344752367456,0.00811912316164712,0.011622045993518,0,0,0,0,0,0
"538","2022-09-05",0.159880596252668,0.149115274360415,0.170855781495653,0.100353867323388,0.0901954162056282,0.111157983111017,0.142054812365015,0.132674630243745,0.150872550784554,0.112127827531127,0.101617577215183,0.122536154958507,0.0484790841014596,0.0414916898085861,0.0557043506108046,0.0524321297418028,0.0467310637428966,0.0578901423056223,0.0309486176451691,0.0259182962179968,0.0363183413511195,0.0558361803268527,0.0500796733751789,0.0615750688735627,0.0345039395037502,0.0310791357844532,0.0377282242895583,0.026000315477409,0.019931080766029,0.0322865425267865,0.0637583447548159,0.0564353893616787,0.0715869808460345,0.0253858629486465,0.023360915071548,0.0275561648778404,0.0199255672182742,0.0162040354193663,0.0236830566468327,0.00705797904736021,0.00474559573889133,0.00936637339508904,0.0986556756179227,0.0835850016899188,0.114249700140755,0.00974557080616757,0.0081476166790999,0.0116190338247905,0,0,0,0,0,0
"539","2022-09-06",0.159904874446978,0.149174503589919,0.170408347513685,0.100305794350002,0.0902226018968946,0.110805353396846,0.142225309336532,0.133021095065588,0.151138252606468,0.112205476909387,0.101895140663938,0.122280644382219,0.0484236157332409,0.0414075575874556,0.0552907506357394,0.0524139941569308,0.0466007471656421,0.0578828545364196,0.0310038288788989,0.0261355468411476,0.0360646002270247,0.0557655567538327,0.0501533490679747,0.0614569140937157,0.0344818849101767,0.0311482551975632,0.0376352761392632,0.0262941962824008,0.0204792614759073,0.0323974334297347,0.0639130727616573,0.0568810588658871,0.0715454634546865,0.0253865749994291,0.0233706259933187,0.0274834396880457,0.0198667717126781,0.0160911375007171,0.023558588284595,0.007063876284038,0.0047820157646319,0.00936485548940154,0.0983888086044678,0.0840805052590412,0.113718804456842,0.00974905582733996,0.00808946502303381,0.0116372230195481,0,0,0,0,0,0
"540","2022-09-07",0.159872140892497,0.149574423546761,0.170543186723207,0.100229640328175,0.0903142948201826,0.110501679412243,0.142398052987707,0.133248497097637,0.151203893531333,0.112291174909781,0.102405956363992,0.122471168558633,0.0482992359288996,0.0411968867517439,0.0550322503948633,0.0524003922161024,0.0468318740939868,0.0577966881503294,0.0310545461409622,0.0262274709715802,0.0361822582991557,0.05569589444164,0.0500918798252169,0.0613380959918102,0.0344504252493218,0.0310620676392454,0.037643531191645,0.026615423192715,0.0207771256254579,0.0328132480543099,0.0640445816999623,0.0568107081382924,0.0715412989081467,0.025387570022994,0.0233601385406316,0.0274624028997326,0.019823501059564,0.016102206135108,0.0234307060997922,0.00707718749224094,0.00484099388324194,0.00937307790800356,0.0979280570552984,0.0842406005607205,0.11186904961203,0.00975780355810607,0.00812882866358956,0.0116207340247444,0,0,0,0,0,0
"541","2022-09-08",0.159846728585509,0.149774724433191,0.17059418073335,0.100211832336428,0.0906181732987696,0.110160289588939,0.14261801844109,0.133695081293872,0.151346162083467,0.112391013099914,0.102440868486219,0.121999162292466,0.0482757969192276,0.0415197397162861,0.0550186509332636,0.0524129301744519,0.0468096293031455,0.0578809915398272,0.0311016200421169,0.0263530784082464,0.0360912367464551,0.0556428190667035,0.0500572168692032,0.0613228528870013,0.034424671543152,0.0311947837811126,0.0375564198432656,0.0269556801766824,0.0211607401727438,0.0329432980126129,0.0641866338921133,0.0573160373372196,0.0717479947019991,0.0253873550576145,0.0233688089812384,0.027448984350227,0.0197809016439234,0.0160755170387577,0.023210814637615,0.00707563745506225,0.00488437451171999,0.00924509360242695,0.0975696730327435,0.0847609290097505,0.111246646324732,0.00976669127904369,0.00815114425644714,0.0116776845077661,0,0,0,0,0,0
"542","2022-09-09",0.159827687831037,0.149740810818516,0.170185396563812,0.100209774071222,0.0907817845127475,0.109841405297849,0.142800234244404,0.133914045740381,0.151670783100416,0.11247334760972,0.103057575734689,0.121816041764845,0.0482020060428555,0.0416696026484895,0.0546364998395398,0.0523940614504783,0.0470716694689679,0.0575387568860538,0.0311735798888147,0.0265653716260303,0.0362722472222029,0.0555612322527072,0.0497658431992647,0.0611559645128742,0.0343970022358871,0.0312272774015623,0.037514069939623,0.0272688441321111,0.0216818463445269,0.0331035749559378,0.0643615671736628,0.0575963067430762,0.0715164495908629,0.0253862215610927,0.0233421199652044,0.0274445412622066,0.0197512679779162,0.0161545281577973,0.0231867572457648,0.0070880838470712,0.00493315641459269,0.00921063781874383,0.0971523360763295,0.0848776306931188,0.109642270895072,0.00977344536107229,0.00817068547292829,0.0116003044042049,0,0,0,0,0,0
"543","2022-09-10",0.159793768274706,0.149976586148733,0.169870614592915,0.100135321727026,0.0910289236560771,0.109435452842146,0.143021239513173,0.134334329906529,0.15154536940186,0.112507199403939,0.103265317042741,0.122029597673713,0.0481088985629445,0.0420662135560874,0.0545984294748505,0.0523809645615683,0.0470481268491841,0.0576721363587946,0.0312205085863054,0.0267213244950567,0.0362427044772934,0.0554819609575042,0.0498277484874847,0.0606280238991345,0.0343759104500628,0.0311959953669211,0.0374727821886925,0.0275620058866595,0.0222211898187531,0.0331425813325473,0.0644829368206022,0.0576769172660771,0.0714818688901315,0.025383369007066,0.0233564677183975,0.0274183919469017,0.0197083796430601,0.0161901473375593,0.0230908276128549,0.00710003945850055,0.00499069517913025,0.00924191397894643,0.0968281960900069,0.0853771342527702,0.107789412821322,0.00977869384662508,0.0081812063108304,0.0116142209081465,0,0,0,0,0,0
"544","2022-09-11",0.159759301400575,0.15029015879667,0.169254092543435,0.100104203440603,0.0913996796521284,0.109055675082299,0.143187902369242,0.134633285092282,0.151600064684789,0.112597299209541,0.103775731322827,0.121461433531465,0.0480120716699304,0.0421401017709979,0.0539922469683748,0.0523793667084311,0.0472285666252078,0.0576193498111423,0.0312970457192933,0.0267081055649793,0.036234336604916,0.055421941382924,0.0500057169313923,0.0604554869872292,0.0343499221593634,0.0311977486987668,0.0373851829992976,0.0278985053308326,0.0226508451275591,0.0332108517710456,0.0646018299334928,0.0579604897751293,0.0712512405337658,0.0253782281281375,0.0233514728782014,0.0274186047468606,0.0196604384244,0.0162176292591301,0.0229277158289235,0.00709865400825329,0.00503308763037381,0.00916262978814221,0.0965233356780475,0.0862742382571245,0.106573500050858,0.00978481138544031,0.00820097416475311,0.0115356848107326,0,0,0,0,0,0
"545","2022-09-12",0.159460357195429,0.150009028582318,0.169415720467672,0.0997458402396321,0.0906945304322324,0.108644052771706,0.143305024508428,0.134361191700522,0.151859132733113,0.112959766688926,0.103664780071907,0.121872737293887,0.0480855155428681,0.0420522505679232,0.0542980727560166,0.0524200898093506,0.0470216051399533,0.0576534297120695,0.0311571329728705,0.0265986546223354,0.0361170131964957,0.0555516591417663,0.0499283093229004,0.0607055112478138,0.0343547710235289,0.0311653130391122,0.0373583948993395,0.0278337300390704,0.0224364407163063,0.0334777769065984,0.0644687715425329,0.0576260592708487,0.0712308738489139,0.0253837289314869,0.0233334757535669,0.0274279959665698,0.019629687088637,0.0161744710516599,0.0230013119393607,0.00708077564266391,0.0049412016354214,0.00915298024338192,0.0963525975714918,0.0847333549093437,0.107759164568853,0.00978274973093207,0.00822318335945903,0.0115525703050754,0,0,0,0,0,0
"546","2022-09-13",0.159186660060367,0.149697379852997,0.169468231184834,0.0994387194409287,0.0902098791973165,0.108729553736497,0.143439865616149,0.134564323676323,0.152190458690859,0.113341134259462,0.103681338022446,0.122829684376822,0.0481103221504578,0.0416552058681763,0.0543660050057112,0.0524916674208401,0.047161053076318,0.0578428663522656,0.0310273898392437,0.0262773888074398,0.0359715035915037,0.0556754209163375,0.049976964319676,0.0608149248797131,0.0343415400525842,0.0311682388790551,0.0374220621988598,0.0277378980525093,0.0221273167973398,0.0335254425332415,0.0643180948022618,0.0574162374625788,0.0713203199889835,0.0253874873369481,0.0233336335180122,0.0274340247063493,0.0196107713816875,0.01604487164659,0.0229386237345259,0.00706141415415768,0.00494802981939086,0.0091441523631766,0.0961492712886255,0.0835759991601566,0.108521865821133,0.00978729017673015,0.0082199327526788,0.0115747410289973,0,0,0,0,0,0
"547","2022-09-14",0.158918927391361,0.149127298987063,0.16869513048785,0.0991096949833607,0.0895155688508589,0.108407922285363,0.143591382942915,0.134722177220866,0.152532898338432,0.113758301197101,0.10399039870264,0.123494833667349,0.0481956616987666,0.0415881842367506,0.054716185588409,0.0525362086234702,0.047156320829245,0.0578899888382682,0.0308840734056026,0.0260795450031329,0.0360092662164544,0.0557936204093164,0.0500376248616615,0.0611209757122404,0.0343201244570966,0.03113392066882,0.0374215256827027,0.0276673043730757,0.0218272764150894,0.0336247580476122,0.0642069231585329,0.0570069438093139,0.07128230140345,0.0253897835265947,0.0233110305348409,0.0274383238174458,0.0195931465472752,0.0159312850829292,0.0229674587083775,0.00704610753546998,0.00494209590117893,0.00921430458523573,0.0959249102602263,0.0826619341516845,0.10900304761169,0.00978472868873449,0.00818568538479055,0.0116257089400884,0,0,0,0,0,0
"548","2022-09-15",0.158541374069847,0.148471168462603,0.168380074639298,0.0988446568357155,0.0891068910967983,0.108593692732721,0.143715649844947,0.134469286528193,0.152729193921321,0.114158102087999,0.104124529105051,0.124128403008384,0.0482741220047188,0.041441983542856,0.0551145265957249,0.0526032760603439,0.0474504306120867,0.0579326721959008,0.0307465474489385,0.0259559305130477,0.0358858205706584,0.0559029633818615,0.0501142893964659,0.0611795873986353,0.0343130428545056,0.031034576408785,0.037362872916248,0.0275543917242077,0.0216743511643241,0.033552182744424,0.0640615607062289,0.0568651422131023,0.0711431363995373,0.0254015667421087,0.0233393687696201,0.0274910227606156,0.0196073202703351,0.016042860301165,0.022968750885551,0.00703827910087372,0.00488900462936398,0.00923562198619305,0.0958795719351545,0.08125838020101,0.109393312265961,0.0097912259034297,0.00819927749786732,0.0116457120432695,0,0,0,0,0,0
"549","2022-09-16",0.158251133855198,0.147931416633827,0.168271659533276,0.0985272651983235,0.0887172182764641,0.108344338183417,0.143836507858561,0.134677192324493,0.153118598953333,0.114500175385286,0.104289702202069,0.125030278391197,0.0483656229608463,0.0413851493086725,0.0554181173341814,0.0526738114316832,0.0473113995135598,0.0581242873352359,0.0305993287261384,0.0258636421439889,0.0358624009429924,0.0560539443559758,0.0501676508263942,0.0615435261117929,0.0342935072049264,0.0310972501739016,0.0373729181337839,0.0274449327155882,0.0212768773369088,0.0336245085985465,0.0639691191487985,0.0565278997744409,0.0711115166646357,0.0254055288601368,0.0233081258787595,0.0274649751866045,0.0196057020963893,0.0158619956907478,0.0230524017753038,0.00702686815498872,0.00490869024070073,0.00916923625798047,0.0957415918796151,0.0804540673597234,0.109881307853011,0.00979053507330939,0.00817306872091397,0.0116202582157437,0,0,0,0,0,0
"550","2022-09-17",0.157932275162694,0.147510216114184,0.167900450158982,0.0982046184748163,0.0885187502796685,0.108494969200316,0.143985323108401,0.134867990040708,0.153394148989519,0.114818715166989,0.10451739047755,0.125421540734864,0.0484354083413643,0.0413086713462918,0.055517415663709,0.0527408300892585,0.0472441485681929,0.058164587117406,0.0304579537322601,0.0256624433317964,0.0356587355475723,0.0561862012257404,0.0504454207348129,0.0614949319986695,0.0342796776534014,0.031007792100539,0.0372736048207357,0.0273570671602607,0.0211638415689803,0.0336113833833809,0.06387646556526,0.056308736167151,0.0710877860248404,0.0254135506798298,0.0233094901325194,0.0274393007560322,0.0196024771607269,0.0158886179224625,0.0231847530789618,0.00702739823035315,0.00487706757732915,0.00923394425280953,0.0956379033045707,0.080503034726556,0.109741101450862,0.00978998688422764,0.00821990881997005,0.0115850743199667,0,0,0,0,0,0
"551","2022-09-18",0.157622932519282,0.146981404641973,0.167754801094736,0.0978770804083208,0.0879817381139324,0.10817827588291,0.14408778610673,0.13503342212449,0.153631771867944,0.115180848074681,0.105048009571059,0.125721596337813,0.0484997302234413,0.0415569050491214,0.0556587232225445,0.0528213395368662,0.0474338833118562,0.0581780177761041,0.0302999233397998,0.0255917976366416,0.0356239930629966,0.0563087347029648,0.0504028677605787,0.0616816906686112,0.0342763342581192,0.0310031783497402,0.0373594272980522,0.0272545076760809,0.0209171602292555,0.0337291446620542,0.063749884529186,0.056294894665658,0.0711287778774786,0.0254141197994504,0.0233235711723798,0.0274350717587204,0.0195869914282882,0.0158843191330447,0.0231113122657081,0.0070241580495476,0.00482683691307216,0.00928817103356341,0.0956200245318387,0.0803322274506045,0.10987263705506,0.00978864286233861,0.0081756039166763,0.011616230097479,0,0,0,0,0,0
"552","2022-09-19",0.157313167852436,0.146559985493663,0.16762938693214,0.0975508805908695,0.0876477949630458,0.107821727816846,0.144199275996148,0.135172643112091,0.153676581816716,0.115543010413208,0.105337141341203,0.126020119507734,0.0485720061728837,0.0414042969014405,0.0558582395361672,0.0528978859236868,0.0475922367324471,0.0580836070369702,0.0301400530814176,0.0254503779055247,0.0354917568536191,0.056427116431619,0.0504625127411504,0.0618773440259897,0.0342710156286062,0.0310349327648594,0.0373257259234922,0.0271363457582785,0.020971517909809,0.0333989536738909,0.0636250286253605,0.0562200290148943,0.0709860978543955,0.0254236261005044,0.0233889115421594,0.0274983559321928,0.0195449299011529,0.0157302861332196,0.0231848707219233,0.00701443793483452,0.00487536742811683,0.00933599197823205,0.0955235966685361,0.0801306217597623,0.110473523856345,0.00978740718242464,0.00810853487050195,0.0116389380016421,0,0,0,0,0,0
"553","2022-09-20",0.157001423563301,0.146558048154005,0.167200341779263,0.0971682885328655,0.0867526853117418,0.107607136603089,0.144360419272808,0.135312649510389,0.153816181435095,0.11581759815942,0.105663427860405,0.126165336726139,0.0486531796947044,0.0415340622566575,0.0560118637353473,0.0529448283110541,0.0474927376683507,0.0581042540638347,0.0299921871846512,0.0252508230004518,0.0353281175723504,0.056557843273061,0.0506036752018082,0.0620319168663779,0.0342645949299929,0.0310456945756006,0.0373947027621841,0.0270229104775305,0.0207771404681299,0.0332176911982924,0.0635225967263538,0.0560844823302762,0.070973840614208,0.0254284752486091,0.0233453910395931,0.0274595449718559,0.0195292741876037,0.0157120628559597,0.023238343679325,0.00701005469173102,0.0048055823960375,0.0092822634738892,0.095445421340353,0.0798509130384851,0.110771564156308,0.00979008846323011,0.00810784000436978,0.0116326016894865,0,0,0,0,0,0
"554","2022-09-21",0.15666304920453,0.145589383185133,0.166878891035308,0.0967757337333021,0.0863871433408032,0.107192190041446,0.144528654614355,0.135580952170999,0.154002193960751,0.116204873133937,0.106038812870911,0.126675711507604,0.048750725973989,0.0416147912268366,0.0562408318190058,0.0529823545518857,0.0476532202006616,0.0580594827765103,0.0298367426757016,0.0249085161734113,0.0349593779185591,0.056658277604851,0.0506359549762066,0.0622875238125183,0.0342538043212525,0.0311129136752789,0.0373722591767486,0.0269794580704697,0.0207425965063596,0.0332448171321244,0.063428962495801,0.0562451236888097,0.0706236520327054,0.0254365502871995,0.0233291129884274,0.0274376240381146,0.0195185516362659,0.0157068009852804,0.0230993073666838,0.00699487506069085,0.00475808223693335,0.00922785822629602,0.095340123160064,0.0801496999498358,0.110503358872818,0.00978842239363097,0.00814331404551504,0.0116763976773068,0,0,0,0,0,0
"555","2022-09-22",0.156361636844915,0.145606401137958,0.166792765270257,0.0964161498150078,0.0858715350661998,0.106722045447271,0.144670960354119,0.135656521298569,0.153994160976456,0.116583115972011,0.106127474442565,0.127516138163911,0.0487915002638037,0.0415680908289969,0.0562231239189939,0.0530620295120404,0.0477121451828243,0.0582650409717905,0.0296803680946356,0.0247309599905731,0.0346466578016721,0.0567844918389488,0.0506654038337003,0.0624078229730888,0.0342388537578024,0.031018577361065,0.0373794106848077,0.0268795020074199,0.0207811827276075,0.0329061468987801,0.0633167243149337,0.0559903078329535,0.0704509500691003,0.0254432653263215,0.0234185334237851,0.0274540243759286,0.0194816668322206,0.0156358432472553,0.0230959386022864,0.00698733783798908,0.0047958595893535,0.00926094641203053,0.0952508510784577,0.0804461928118666,0.109944189362151,0.00979158230178912,0.00813109144972646,0.0117165576193811,0,0,0,0,0,0
"556","2022-09-23",0.156005087502409,0.145001863483736,0.166258068802209,0.0960946864878268,0.0859027479520926,0.106446915948912,0.144776797054664,0.135787330220251,0.154114182644549,0.116985219711196,0.106619751778254,0.127990526595136,0.0488885937522207,0.0419053618672775,0.0562336025349311,0.053118590782922,0.047755600369318,0.0582112316565569,0.0295250678580297,0.0245890493664131,0.0346226607721139,0.0569220635846105,0.0510168990679031,0.0624043003430621,0.0342285812191018,0.0310451894682532,0.037316900267064,0.026813650557906,0.020709962585804,0.0329561051857351,0.063205296881484,0.0560108456203487,0.0705337100187058,0.0254494012272206,0.0234214136172467,0.0274511777339456,0.0194585183462753,0.0156975856952102,0.0230976374781495,0.00698461896249842,0.00481175158455136,0.00921795195940538,0.0951111012145883,0.0805795158398315,0.109549068720347,0.0097926491203695,0.00815177486771445,0.0117166750960708,0,0,0,0,0,0
"557","2022-09-24",0.155631476266075,0.144819308427075,0.165700104067034,0.0956676586852961,0.0854249240396606,0.105796024570352,0.144877889474478,0.13606130795856,0.154472033060121,0.117354659328642,0.107298666322918,0.128375877130359,0.0489327915277857,0.0417951404834847,0.0563159597220915,0.0532064688079917,0.0478643862535355,0.0583653261484877,0.0293704933071757,0.0244312967751234,0.0342125759643144,0.057036622246781,0.0510824183735231,0.0624526303323771,0.0342214857175775,0.0310770949872104,0.0373587560035794,0.0267601979208406,0.020895781814957,0.0327168694799663,0.0631036389029172,0.0557894215300796,0.0702112331254209,0.0254533568923455,0.0233993819401904,0.0274987009510328,0.0194544409145475,0.0156025622210904,0.0230240182863436,0.00697188035571137,0.00487259847226602,0.00916501233817561,0.0950754655749416,0.0816285758007182,0.109317430374352,0.00979596548060844,0.00814486935897322,0.0117153238859537,0,0,0,0,0,0
"558","2022-09-25",0.155305786298926,0.144453608462982,0.165483093471286,0.0953257692527518,0.0851619638364977,0.105176017353948,0.145023895509218,0.136488356710918,0.15424220016957,0.117704402642051,0.107930163562443,0.128728506811228,0.0490184575743651,0.0417622077962815,0.0562083915094311,0.053259085668771,0.0480440148719382,0.0584745573251397,0.0292282968239868,0.0242620414498995,0.0341128809706533,0.0571345226205205,0.0513592057302678,0.0625287468812666,0.0342172193583213,0.0310713346000291,0.0373382212768771,0.0266977287616058,0.0208165539092693,0.0322894398455935,0.0629736877501841,0.0557633271666969,0.0700531369633083,0.0254556559984175,0.023413135914905,0.0274664188929601,0.0194372241539814,0.0156684902406739,0.023174275665621,0.00696218260754857,0.00481481478181806,0.00914979392093019,0.0949153993485106,0.081704222505155,0.109058487140576,0.00980132921019179,0.00814429709671503,0.011671934559221,0,0,0,0,0,0
"559","2022-09-26",0.155255255504339,0.144482074949045,0.165776653527411,0.0951123623158982,0.0849551084287396,0.10514889615398,0.144982030075068,0.136401333035166,0.154286851661826,0.117889365799041,0.108021770953401,0.12900402357473,0.0490166721628114,0.0414633313998964,0.0562422400248408,0.0533617037857514,0.0480845434794804,0.0586549992885729,0.0291721450469503,0.0242409339552835,0.0342863872026591,0.0571905684949221,0.0514287873207059,0.0625898144487514,0.034210762322925,0.0310402084309035,0.0373320337871629,0.0267920780398662,0.0210063707784511,0.032560251311922,0.062948415297033,0.0555769568743649,0.0703184134337147,0.0254551133879081,0.0234016797472653,0.0275302326634309,0.0194181977763555,0.01551381386048,0.0231634919888814,0.00695789183772947,0.00474692425355181,0.0091625212089663,0.0944767700065363,0.0805695244901969,0.109348234405537,0.00980618035760589,0.00813015040099365,0.0117705450752414,0,0,0,0,0,0
"560","2022-09-27",0.155214135872202,0.144221444070789,0.165371215452011,0.0948584273303059,0.0846254490977537,0.104762326336289,0.144959036322268,0.136132547413106,0.154421319118235,0.118159954859657,0.108059827624195,0.129501129608069,0.0490188251874895,0.0413305885442418,0.0564991673290159,0.0534418405049887,0.0481725188928819,0.0588406149683516,0.0291098684164882,0.0240640385034691,0.0341682175991224,0.0572521139638639,0.0514361546973718,0.0628041446540019,0.034209022841722,0.0310301557113465,0.0373688359094098,0.0268643801065743,0.0205621149889521,0.0328972109558228,0.0629299554019738,0.0555833289521258,0.0702274544526874,0.025461927974398,0.0234131046431057,0.0275017779358294,0.0193938713874617,0.0154521402309384,0.0231962709177841,0.00695302866694812,0.00478030351950979,0.00912063903135241,0.0941692486221767,0.0790800095823025,0.110082385990045,0.00980629641485845,0.00808647553503531,0.0117556163585703,0,0,0,0,0,0
"561","2022-09-28",0.155190583095302,0.144146366641048,0.16562884763838,0.094599799733819,0.0841740691873437,0.104566300631697,0.144918790163598,0.135978578435025,0.154337742175006,0.118460967236423,0.107962149228526,0.129885756321189,0.0490220487726608,0.0414454032178642,0.0567625831696023,0.0535374084144017,0.0480676150964971,0.0588605469298648,0.0290694637526209,0.023923281575559,0.0342410925526438,0.057335098134138,0.051424875572891,0.0628474476806934,0.0341943725327297,0.0309646810247564,0.0374462346857437,0.0269644404756702,0.0205075660796721,0.0332519376134814,0.0628748204648161,0.0555016694290854,0.0702656559325829,0.0254629509008451,0.0233833074660546,0.0275369417093172,0.0193937222701645,0.0154617559614794,0.0232473698112056,0.00696335492086051,0.00478381949331681,0.00917263296036059,0.0938495434774471,0.0780153434618075,0.11048882194557,0.00981011423583314,0.00807414631142187,0.0117618846825471,0,0,0,0,0,0
"562","2022-09-29",0.155099188414375,0.144158297469849,0.165233323028863,0.0943191607386387,0.0838676947243548,0.104591665884904,0.144934730213809,0.136162636424216,0.154882775484896,0.118698663706219,0.10811445375389,0.130067175483389,0.0490160366521688,0.0413656500067983,0.0566745506308969,0.0536278717599022,0.0482412373122076,0.0590068881693731,0.0289964090546258,0.0238997765704233,0.0342723022837574,0.0573834107496441,0.0514613082863385,0.0628441215810302,0.0341965414145329,0.0309860973616947,0.0374052072841758,0.0270604856515304,0.0205554509086199,0.0331992265864887,0.0628513465585442,0.0553732919007621,0.0704233888357655,0.0254611960845537,0.0233784694863119,0.0275143752206231,0.0193823671801731,0.0153286245798658,0.0232349306869525,0.00696398963053913,0.00482997474086156,0.00913313959690754,0.0934333447045888,0.0774292314303672,0.109887659355098,0.00981296906531639,0.00810035980474188,0.0117489726464764,0,0,0,0,0,0
"563","2022-09-30",0.154963744815084,0.143731876674165,0.165137287165454,0.0940629529875321,0.0835405211763683,0.104573398201132,0.14488204786176,0.136017187932361,0.154465425247598,0.118928286181346,0.108111770684024,0.13015570320539,0.0490313619505065,0.0413047343137771,0.0568511072116749,0.0537399732033381,0.0483848518009826,0.0592026466808647,0.0289210790156029,0.0236998883610746,0.0340074054750096,0.057467973075506,0.0517968040731774,0.0629645078355619,0.0341913951422656,0.0310561443677986,0.0373890995109821,0.0271916538074368,0.0203333652472236,0.0335570948289934,0.0628291980402305,0.0553864190746277,0.0704637222125171,0.0254629489531474,0.0234062645211855,0.0275219196657147,0.0193785160580881,0.0152439634571629,0.0232971814653307,0.00696072685089144,0.00477776779728396,0.00918219947584967,0.0930094860144213,0.0763663426610853,0.109746061226275,0.00981925984579783,0.00812460654386482,0.0117432795161819,0,0,0,0,0,0
"564","2022-10-01",0.154862878927288,0.143477143023842,0.164980809572911,0.0938560708111344,0.0835183832708496,0.104347772507532,0.144839551736767,0.135902199295519,0.154472174515685,0.119204774608243,0.108457957059048,0.130700265256084,0.0489882207352485,0.0411915683188623,0.0568224193955491,0.0538362417404603,0.0485102705596756,0.059330602976257,0.0288341454144885,0.0235825899104242,0.0340614759908269,0.0575200563764835,0.0518508314931473,0.0632149738905991,0.0341836611406354,0.0310137275225947,0.0373557597324382,0.0273464777346945,0.0206689129668827,0.0337128872600784,0.0627999334214576,0.0553981266528521,0.0705187000738918,0.0254645244598393,0.0234078873422725,0.0275909645062386,0.0193683202713745,0.0152179670633465,0.0232753734094437,0.00695534044465392,0.00475920796585037,0.00915112346628097,0.0926834733230765,0.0751604225721561,0.109443683706761,0.00982078668470615,0.00813676053744517,0.0117933227404855,0,0,0,0,0,0
"565","2022-10-02",0.154761992039152,0.14332808353227,0.165199702597294,0.0935995243966394,0.0832351127867629,0.103964001425525,0.144838117547894,0.135876093786971,0.154293036146648,0.119427197038722,0.108446982277966,0.130726121137794,0.0490027699077869,0.0409560933669196,0.0567648558765634,0.0539521039367013,0.0486229044500416,0.0594605901947085,0.0287858014796894,0.0235173852712616,0.0340771047942974,0.0576117537423916,0.0519411562046187,0.0633509114371399,0.0341848125534614,0.031052021207253,0.0373546501091682,0.0274558812425467,0.0207853755582245,0.0340342526257237,0.0628115749678291,0.055373836496273,0.070251202488023,0.0254659064467088,0.0234349073611725,0.0275852594641862,0.019352612109504,0.0150984587135028,0.0233274092094469,0.00694818397804339,0.00475235704531121,0.00915150353870362,0.0922830258844208,0.0752420450412783,0.109097114498331,0.00982551037701864,0.00814194052600803,0.0117789711606362,0,0,0,0,0,0
"566","2022-10-03",0.154623265704595,0.14286322461073,0.16537022456114,0.0932780692187235,0.0828976467967277,0.103551285330343,0.144771014948605,0.135996799498155,0.15392484778785,0.119711051046699,0.10889846608674,0.131153988724228,0.0490137049414154,0.0409480043296729,0.0567569681019828,0.0540532137665936,0.0486149881285481,0.0596984557417914,0.0287034958030124,0.0234551990306248,0.03404735426562,0.0576875955728976,0.0521038220953552,0.0632728061952623,0.0341867884914677,0.0310120825340292,0.0374781433076331,0.0275746655077153,0.0206347139219421,0.0342018382004718,0.0628016436399933,0.0552411211553469,0.0702968885376993,0.0254699798665852,0.0234446267371134,0.0275889119254283,0.0193319352903535,0.0151092792494338,0.0233661314544173,0.00693966780928832,0.00473001890328761,0.00916303446419686,0.092003393340787,0.0748554810972797,0.109441639319202,0.00982448404727543,0.00813483423618641,0.0117770663839913,0,0,0,0,0,0
"567","2022-10-04",0.154559384572106,0.143306360359842,0.164973379318848,0.0930792162008327,0.0827563068401785,0.103076682212495,0.144733881825567,0.135899651924758,0.154014235651624,0.119909653617744,0.109065025355539,0.131859048856905,0.0489960250879267,0.0413199228937813,0.0568033526425326,0.05413927916724,0.048701254942698,0.0597347970924015,0.0286581260701518,0.0232783945490984,0.0339574889726734,0.0577432180338473,0.0521056372716949,0.0633930500369636,0.0341910158036359,0.0308702139647696,0.0374787384825186,0.0276986546965008,0.0207040705383452,0.0343759726581297,0.0627753266732441,0.0552053259662316,0.0702729799095163,0.0254782367472129,0.0234929271655725,0.0275485324722596,0.0193203351347154,0.0152632627611031,0.0232297088452064,0.00693203052585075,0.0047489644165651,0.00920308776103723,0.0917411309363247,0.0740280352402331,0.109056667528087,0.00982889076911433,0.00817643469597141,0.0118068209304853,0,0,0,0,0,0
"568","2022-10-05",0.154529411530263,0.142885688823041,0.164998816817861,0.0929379723556554,0.0825015955496758,0.103037103657093,0.144704756128223,0.135884298258914,0.153929542883129,0.120137140733509,0.10948480084462,0.131971838347955,0.0490017098858505,0.0414010635811389,0.0566835530012449,0.0542136161115303,0.048820787212835,0.0599416425928178,0.0286020916221378,0.0233482832881846,0.0338551912053014,0.0578002094305813,0.0521539564548152,0.0634565771698154,0.0341996352826037,0.0310129109128405,0.0374865552886928,0.0278071190515063,0.0211021388648747,0.034556428076682,0.0627358536761221,0.0552846628681317,0.0703614183116701,0.0254852736685666,0.0234668766697178,0.0276321981858256,0.0192929074591651,0.0152471556139061,0.0233251650241063,0.00693848330282874,0.00475593244492194,0.00924349481888659,0.0913260540697858,0.0743210369080951,0.109062256115775,0.00983481709421816,0.00813230408555486,0.0118313534026,0,0,0,0,0,0
"569","2022-10-06",0.154449423790763,0.143251511689651,0.165328575517343,0.0926524244426263,0.0824101858870614,0.102456296206582,0.144658830193791,0.13583313278047,0.154085442608463,0.120412344682558,0.109618169895136,0.132385073407356,0.0489861371995341,0.0412877567459306,0.056539619713693,0.0543140369056442,0.0489271442812662,0.0599902826073831,0.0285273687991354,0.023405549442166,0.0337819548782977,0.057860538576503,0.0523406780296708,0.0634889787229819,0.0341942357553134,0.0310577716985317,0.0374249675141225,0.0278801488435262,0.0212409761838719,0.0346984718450918,0.0626742576431304,0.0550854445494828,0.0702294769452145,0.0254917946369924,0.0234594714501254,0.0276723381332537,0.0192864601599946,0.0151858892703906,0.0232127717054971,0.00694471455192254,0.00473609795902085,0.00917922540614841,0.0908756758819023,0.0740431155438661,0.107930001939278,0.0098384536792614,0.00815649405059357,0.0118441836803732,0,0,0,0,0,0
"570","2022-10-07",0.154319577319944,0.143069502544618,0.164754504925149,0.0924052833719945,0.0823296950917359,0.102276950871573,0.144661696003972,0.135757143824944,0.153990295708199,0.120630688780444,0.109984818437737,0.132682139853766,0.0489841113016968,0.041234751880067,0.0565707596750997,0.0544004679381149,0.0488669150152003,0.0600102728355011,0.0284593443512392,0.023306729575916,0.0336042506350896,0.0579414315262766,0.0522366347156745,0.0637197246447777,0.0341884578121314,0.0310031779155098,0.03742929836435,0.028009524511721,0.0214981701242188,0.0347562880924001,0.0626730301618562,0.055142015668041,0.0702326394884692,0.0254976477461311,0.0234990398769525,0.0277542880520597,0.0192780191662556,0.0152949068522802,0.0231777046662205,0.00693531417231287,0.00474132688612805,0.00913971961604984,0.0905163295783718,0.0739525754602361,0.107867901759904,0.00984252068109444,0.00814987199730717,0.0117857259643997,0,0,0,0,0,0
"571","2022-10-08",0.154204644297696,0.143071213975175,0.164417833451431,0.0921367752018228,0.0821953346640857,0.101759869811618,0.144591748349324,0.135474386432478,0.153664388894772,0.120838760948504,0.110279318115743,0.132676386305853,0.048981280204519,0.0415398212555985,0.0564031375931537,0.054501658126117,0.0491020928077175,0.0599693344011126,0.0283746139377448,0.0232081039607771,0.0335368224231558,0.058009698743346,0.0525274605046486,0.0637952013563379,0.0341851627361325,0.0310381114358405,0.0374286682227861,0.0281372674003495,0.0217136892541755,0.0349148911334339,0.0626954564586114,0.0551643605203467,0.0701058304539638,0.0255052783872077,0.0235402711818682,0.0277175178116076,0.0192549768794786,0.0153476573643758,0.0232120923023742,0.00694681423628748,0.00477165948741079,0.00917133254402374,0.0902337232595592,0.0735670547495594,0.106898845366397,0.0098498795009007,0.00816418622972936,0.0118057049727967,0,0,0,0,0,0
"572","2022-10-09",0.154066572758245,0.143208095271034,0.164479855228321,0.0919240124508664,0.0820694379526759,0.101423206263121,0.144515757649044,0.135523125290352,0.153587206889087,0.121132255655585,0.110606673192442,0.133002721128241,0.0489846853938411,0.0415959890037189,0.0563309881624069,0.054613362532354,0.0490942393670921,0.0601945803036917,0.0283148612050596,0.023320992613566,0.0335752655366988,0.0580810299081157,0.0524639983882313,0.0638347905436614,0.0341826493448393,0.0309738236068257,0.0374358322401652,0.0282450495192549,0.021655695338438,0.0352617021859865,0.0626775346161756,0.0551839661855554,0.0702542840312247,0.0255112254764043,0.0235167081960136,0.0277258131719617,0.0192555489497076,0.0154669395125219,0.0231847439948729,0.00695460509621731,0.0047943403961832,0.00921099650429091,0.0898581077317678,0.0740165788157818,0.106227906669661,0.00985952998398717,0.00813171288578442,0.0118229612659683,0,0,0,0,0,0
"573","2022-10-10",0.153986751742331,0.14307383587194,0.16417602249683,0.0917021778823245,0.0820521379105061,0.100829242805508,0.144494857349791,0.135468612703771,0.153325345603033,0.121370846404556,0.111352516100655,0.132400569000576,0.0489278994243891,0.0416434104643574,0.0562932506299627,0.0547444439363297,0.0494470792757223,0.0602522956572308,0.0282366919785218,0.0232062987325346,0.0334659988129543,0.0581639714909092,0.0526423503175495,0.0639079193060978,0.0341800154567181,0.0309497534021949,0.0374584109017156,0.0284068388196351,0.0219252341053623,0.0352007946633573,0.0626713377147677,0.0553049805687059,0.0702026860069262,0.0255183418572015,0.0235588267143128,0.0277163234220655,0.0192473057370395,0.0154155971791247,0.0229768058178794,0.00695219092018877,0.0048188012170885,0.00916191990647632,0.0894534947290614,0.0735961624024087,0.105171954390343,0.00986283439818208,0.00812315578725401,0.0118326756961477,0,0,0,0,0,0
"574","2022-10-11",0.153852655281456,0.143041162978458,0.16389848943818,0.0915286480574146,0.0821308605932614,0.10099536793988,0.144536174061215,0.135729925682972,0.153166332330037,0.121589611951835,0.111389190620826,0.132395067946027,0.0489592056068695,0.0416368870478394,0.0561080205576097,0.0548339892553613,0.0494726516314109,0.060251087271377,0.0281834197897524,0.023270038613971,0.033283222590323,0.0582206994083866,0.0528306840578612,0.0639828487547482,0.0341860369098969,0.0309636737195957,0.0374535138381555,0.0285198128350172,0.022176731656824,0.0352167752024632,0.0626552306318389,0.0552632554553733,0.0700302766142432,0.0255244447066549,0.0235698942787324,0.0277163501478767,0.0192535771086648,0.0154297547072197,0.0230778933375857,0.00694936805667904,0.00482192352919216,0.009176176082314,0.0890553629943204,0.0740322450662254,0.104315668359886,0.00986116533214828,0.00812273033455523,0.0117934478021342,0,0,0,0,0,0
"575","2022-10-12",0.153753633165278,0.143178169756582,0.163860884868937,0.0912187207375181,0.0818608172505578,0.100606742001648,0.144497415514508,0.135629900417956,0.15286002096362,0.121825458547544,0.111919136924809,0.132514248240251,0.0489336046637947,0.0420164892217289,0.055717161796052,0.0549503033348971,0.049656883432126,0.0604255874075271,0.0281138697907904,0.0232877814658245,0.0330655893623151,0.058278002428159,0.0528345588734652,0.0639359157948146,0.034188232713902,0.0310119715139561,0.0373520113545255,0.0286116658631288,0.0222683382338579,0.0348806633622861,0.0626120673416058,0.0553735981609957,0.0698563977724394,0.0255279449287502,0.023547142922802,0.0277191914689697,0.0192424469847296,0.0155395198795837,0.023087748145131,0.00695050921023541,0.00476699577718819,0.00910100432918395,0.0887106460133333,0.0748857299592885,0.102955492281845,0.00985956553588513,0.00814417262946948,0.0117868041791148,0,0,0,0,0,0
"576","2022-10-13",0.153758977671558,0.143564536065605,0.163552612168911,0.0910048773285107,0.0822949212502743,0.0997545963789206,0.144485794059977,0.135960029286108,0.152607887141301,0.12212498781441,0.112253558706716,0.132739742811723,0.0489432846627763,0.0423455944875274,0.05573590823589,0.0550479552606214,0.0497392235080167,0.0606076419254093,0.028028592324651,0.0233306315353536,0.0330559012961307,0.0583464200869781,0.0529990891590292,0.0638903551056872,0.0341745746794338,0.0310083361157945,0.0373294022847014,0.0287500982180962,0.0227603354032969,0.0350561555641604,0.0626050104070769,0.0554135861936119,0.0697064520017225,0.0255292153755749,0.0235647566844273,0.0276706862676932,0.019220225013233,0.0155286355102492,0.0229579012294882,0.00695511672802299,0.00478990616151546,0.0091026516234074,0.0883105149899788,0.074780843610628,0.101778648161492,0.0098632202056771,0.00812910670324464,0.0118356737485258,0,0,0,0,0,0
"577","2022-10-14",0.153659029973683,0.143342317472659,0.163025953723223,0.0907559900327772,0.0822939329869016,0.0992581751479085,0.144466539766713,0.135846244867883,0.152444439459795,0.122370836461979,0.113145226276918,0.132428866987765,0.0489912869611789,0.0427403217535548,0.055636392595608,0.0551476715910328,0.0499302313808435,0.060590897472921,0.0279857759413315,0.0233863857125007,0.0327294974608658,0.0584055247574083,0.0530076285441963,0.0640395091405387,0.034168112210878,0.0310494435045067,0.0373684509610598,0.0288362989328228,0.0230927329175473,0.0346483570916029,0.0625364984450968,0.0553937305530735,0.0693340787890756,0.0255320128921095,0.0235673131757037,0.0276905597778216,0.0192063412069907,0.0157324509359965,0.0229033075564405,0.00694878859291866,0.00479889301775102,0.00906961474889194,0.0879117929223894,0.0756739740686061,0.0999913825027797,0.00987487666822245,0.00818814758235332,0.0118234106977032,0,0,0,0,0,0
"578","2022-10-15",0.153588466851452,0.143770188522867,0.162668692767402,0.090535785177389,0.0823710224424961,0.0987908187618661,0.14442502063289,0.136092254147391,0.152522139413447,0.122666296186377,0.113647803788762,0.132189407956884,0.0489927522167038,0.0426936690454088,0.0553785895693991,0.0552262249820779,0.0498888033854028,0.0606149562945944,0.0279323535919392,0.0233839759627247,0.032644508711484,0.0584682226816589,0.0530489258911176,0.0640641721763576,0.0341547941266063,0.0309517484377261,0.0373585007054039,0.0289672895294647,0.0234459459179978,0.0345334392967021,0.0625327798116153,0.0554171880708922,0.0692737880822099,0.0255376870849067,0.023557158433656,0.0277121386989666,0.0191830348787667,0.0156945879181487,0.0226904224016417,0.00694633659968636,0.00484110889021623,0.00902254636189308,0.0874665217143793,0.0768352680640879,0.0988131021769154,0.00988259695172012,0.00819631455107193,0.0118242264630937,0,0,0,0,0,0
"579","2022-10-16",0.15350028870237,0.144042432495643,0.162548380901981,0.0903364910072585,0.0823791132651251,0.0983250717007976,0.144406153517481,0.136341219744869,0.152195108711663,0.1229337599962,0.113865964076267,0.132383072199388,0.0489732502885928,0.0428876660834356,0.0550095941495333,0.0553279273131197,0.0501582997691733,0.0605263866664603,0.0278776423198312,0.0235618789676525,0.0324781721319602,0.0585160269595231,0.0531981999719029,0.0640723735901365,0.0341537951433897,0.0310671996623112,0.037324131520238,0.0290533740804368,0.0238448015059783,0.0342456627349367,0.0625108824830933,0.0557452852626183,0.0689223292155086,0.0255409086836153,0.0235699995529639,0.0277782767518228,0.019175617786052,0.0158335491768928,0.022553386045839,0.00693699545417869,0.0048859154186493,0.00893158335636837,0.0870043200287382,0.0775139650848353,0.0966130582964605,0.00988526592367934,0.00819912388061042,0.0118131107109289,0,0,0,0,0,0
"580","2022-10-17",0.15354265566704,0.144064957495719,0.16252305311585,0.0902819882476668,0.0819052625848906,0.0981959183764904,0.144437466376078,0.13608732206282,0.152579808287326,0.122929113530939,0.114094248241063,0.1325244838109,0.04891447737641,0.0425630606452757,0.0550221818965271,0.0553280249908087,0.0501959117621106,0.0605288856826526,0.0276685897894132,0.0232387235771723,0.03221267523794,0.0584625662020562,0.0530988684208964,0.0639798599318524,0.0341515945607847,0.0310253046255642,0.0372849605521152,0.0291114805490919,0.0237854531482031,0.0348791012221605,0.0626624726051969,0.0557199215456261,0.0691124780640341,0.0255328135623588,0.0235745549704974,0.0277187364327397,0.0191216376165418,0.0157837915952599,0.0226705575250005,0.00695506112575708,0.00494478865839228,0.00893186967579575,0.0863807281727283,0.075481349181071,0.0967227875130607,0.00988236838921705,0.00818051157015166,0.0118373863448977,0,0,0,0,0,0
"581","2022-10-18",0.153638022175418,0.143992749564292,0.162900410202256,0.0902558116441392,0.0821724358075823,0.0984022751636234,0.144424640118334,0.136152947967524,0.152656153661035,0.122931546576967,0.113738139765826,0.133012231378782,0.0488319085032485,0.0423026831999513,0.0550636088846888,0.0553433381727415,0.050215183793365,0.0606307123504354,0.0274640041475847,0.0229456264773429,0.0320386028628766,0.0584148812551351,0.0530833773273669,0.0637739324989968,0.0341488869080398,0.0309118046202678,0.0372185134590399,0.0291439883613219,0.0236763232380189,0.0349122136833093,0.062795551188255,0.055961313450324,0.0693708177138773,0.0255347570107543,0.0235816814435348,0.0278232000032072,0.0190659859333318,0.015664517397497,0.0225654668308877,0.00696032419754459,0.00493832053537007,0.00896859329087666,0.0858053903370334,0.0743367814609868,0.0964765909424435,0.00987552102053175,0.00820516578488871,0.0117985318747536,0,0,0,0,0,0
"582","2022-10-19",0.153628531375934,0.143831893947841,0.162931320735222,0.0902679026905807,0.0816538516865463,0.0987028251049063,0.14444198897195,0.136331487650659,0.152865215577244,0.122950460876473,0.113528840837311,0.132913142020922,0.0487802855585301,0.0421512610738161,0.0549239017253037,0.0553580901221772,0.0503327803520025,0.0606773531212881,0.027254811991546,0.0227691875188857,0.0317526641814991,0.0583654767437114,0.0529839053235401,0.0637267212562883,0.0341656862291414,0.0310005342846422,0.0372943013690078,0.0292232818487548,0.02372690583539,0.0350993596518714,0.0629574053472988,0.0561269301294266,0.0696558348571872,0.0255309298376592,0.0235741817121521,0.0278468195083435,0.0190130076187307,0.0156211162650592,0.0225823773023342,0.00695603809042408,0.00490944149907903,0.00896423731271739,0.0852510171126888,0.0735402075210381,0.0962338259473608,0.00987153298824613,0.00818545995062027,0.0117733919155664,0,0,0,0,0,0
"583","2022-10-20",0.153658283255173,0.143744194438664,0.163244078145922,0.0902615705367226,0.0817863451573289,0.0989424791458006,0.144434319687058,0.136384368612427,0.15329388917984,0.122962600462373,0.113151917200738,0.13341778647483,0.0487000482273977,0.0420984799340352,0.0552148684607082,0.0553593593382961,0.0502700542722977,0.0605780097475492,0.0270532427441553,0.0223843649938504,0.0316823676986537,0.0583403602687653,0.0529568794309626,0.0637431002688796,0.0341634881111418,0.0310025677130678,0.0373483379339803,0.0292859837077469,0.0235642504492387,0.0353034727318121,0.0631145372430906,0.0560410530152264,0.0698209755970344,0.0255271292636644,0.0235926633891077,0.0278124806258063,0.0189493183818014,0.0154963350029643,0.0224413223917054,0.00696512303162691,0.00491453679125341,0.00902573497594965,0.0845668082672799,0.0729911115368422,0.095961838345923,0.00986740965264579,0.00822218875249159,0.0117561769910278,0,0,0,0,0,0
"584","2022-10-21",0.153670106795811,0.144093169673165,0.163293711893821,0.0902417240121271,0.0817632319005268,0.0988769116401882,0.144439578188255,0.136255577152427,0.153235757062909,0.122990094593693,0.113396757274787,0.133346905683945,0.04866845967803,0.0419163244200534,0.0554428442448581,0.0553636733818968,0.0502106435089576,0.0606588691287043,0.0268398672157795,0.021968521209295,0.0312631783846828,0.0582919813759071,0.0528112464042853,0.0637348549519179,0.0341685406050783,0.0309569539299977,0.0373487110055989,0.0293450628679694,0.0236937349786434,0.0352649495882907,0.0632570613304718,0.0562803367173803,0.0700707895609937,0.0255278153697247,0.0235713220028081,0.0278754803678219,0.0188888414446197,0.0154523252649478,0.0224952774541346,0.00697597376178581,0.00495801757934686,0.00902107091528646,0.0839716187696077,0.0720419648663284,0.0957103283436616,0.00985925329218621,0.00824719931631537,0.011788747528698,0,0,0,0,0,0
"585","2022-10-22",0.153742250357754,0.143849717594289,0.163449620213157,0.0902366191169432,0.082036637033501,0.0989091726432272,0.144448486927953,0.136183216293981,0.153174538914961,0.123003561539234,0.113199364624186,0.133430024347623,0.0486062330315736,0.0416768115167498,0.0553071307669241,0.0553969260320665,0.0502594823485564,0.0606725984853033,0.0266396746524098,0.0218116421674198,0.0311219798709435,0.0582419213192562,0.0527000005443909,0.0638185248891254,0.0341635262837365,0.030946545473998,0.0373099840541374,0.0294105239785868,0.023618778483766,0.0352013267379042,0.0634241197946624,0.0562232996758835,0.0704598759014278,0.0255326574238279,0.0235915637023122,0.0279216840150177,0.0188508287629558,0.0153321692774675,0.022450731866626,0.00698868194539214,0.00497490914005646,0.00905485890667335,0.083333096643477,0.071666809552131,0.0949791248215808,0.00985571229647448,0.00819633326461126,0.0118099413851263,0,0,0,0,0,0
"586","2022-10-23",0.153820000370211,0.144383552508286,0.163537311046019,0.0902248827241132,0.0820125036989556,0.0988730886384395,0.144439666035699,0.136258777273906,0.152912832714111,0.12309100810757,0.113275859246407,0.133424226510615,0.0485498343082262,0.0417583124758214,0.0551767879506533,0.0554155038588241,0.0503525200098786,0.0607223004551322,0.0264535756094941,0.0217164840977008,0.0308151161025995,0.0581846798390957,0.0527110940241647,0.0634697795086036,0.0341666230277625,0.0309431334016625,0.0372913663377666,0.0294276893975506,0.0237305263267523,0.0353723547539819,0.0635491566500713,0.0566137210790756,0.0705740257818308,0.0255266143190718,0.0236059055303222,0.0278922590116821,0.0188055506851312,0.0152659934032633,0.0224184747325754,0.00699013504284565,0.00502298931152922,0.00904094825890877,0.0827252131191994,0.0714620764269364,0.0940344199780434,0.00985639326407883,0.00821045412341265,0.011719712619122,0,0,0,0,0,0
"587","2022-10-24",0.153816556048287,0.143778631025007,0.163643649953677,0.0900926232628611,0.0813520968663676,0.0990686663546627,0.144566239139601,0.136224424931315,0.153359110295244,0.122859496447952,0.112622797529492,0.133639732563183,0.0486541501896691,0.0415448796927009,0.055391516425697,0.0553944198420404,0.0503065345831148,0.0608371513025077,0.0264426588240931,0.0215812012435899,0.0308499611352803,0.0580964866502631,0.0524728950900412,0.0634751297336229,0.0341908810517913,0.0309993906247558,0.0374074635690122,0.0292341776514441,0.0231783112047712,0.0351741147141704,0.0636652349380078,0.0566960796165861,0.071054821817852,0.0255253243899069,0.0235821546822252,0.0278668669474027,0.0187606115221791,0.0151431311835128,0.0222497093608529,0.00702339701584256,0.0049844732021669,0.00911045153910965,0.0826517888968378,0.0703075180612914,0.0952428418806982,0.00985127102654172,0.00820491031846658,0.0117629406648476,0,0,0,0,0,0
"588","2022-10-25",0.153820462269172,0.143367527618723,0.16398837704646,0.0899658779459201,0.0808684410676088,0.0993618166255762,0.144658213953958,0.136219904469515,0.153533824281482,0.122652743034414,0.112452714113427,0.133493541107784,0.0487200636765992,0.0416671666889298,0.0556681139160647,0.0553915394181021,0.0502826553379831,0.0607689092278665,0.0264440123827359,0.0215259659812983,0.0310086801386158,0.0580116966903072,0.0524310974620804,0.06340625059604,0.0341981114071854,0.0309775978814488,0.0374203881635114,0.0290550065215468,0.02266550916667,0.0353341444074842,0.0638042897174196,0.0567714590271066,0.0712004322993926,0.0255242170544723,0.0236216002357538,0.0278753315320588,0.0187334529958384,0.0150450607915362,0.0225126721250581,0.00706224403076785,0.00498115207809831,0.00912700999627224,0.0825789617832812,0.0691052434028316,0.0959990235765625,0.00984645772207138,0.00821873252753553,0.0117654577721191,0,0,0,0,0,0
"589","2022-10-26",0.153859927928275,0.143831902053765,0.164096099456832,0.0898233684640277,0.0802658996904737,0.099209536719764,0.144785391521543,0.136241701279949,0.153890385866808,0.122464118180397,0.112601811008745,0.133574524678439,0.0488025140883518,0.0413243118794491,0.0560147906697834,0.0554031502696547,0.0501804625958736,0.0606261870351713,0.0264295801180797,0.0214540268120639,0.0310249082699468,0.0579155228269427,0.0523975442749094,0.063279508343642,0.0342217131358568,0.0309867219057931,0.0375268244085018,0.0288709762379877,0.0222171913119112,0.0351791791491375,0.0638997241524537,0.0564924432575677,0.0712870247036696,0.0255217141737209,0.0235975516694526,0.0278847787801017,0.0186952464404073,0.01498282415893,0.0223743432798325,0.00709636289513982,0.00498204996762204,0.00918891337340949,0.0825666980602265,0.0679688532247772,0.0966036613747151,0.00983690135422089,0.00819268610672347,0.0117738381695981,0,0,0,0,0,0
"590","2022-10-27",0.153884212540658,0.143684652363886,0.164246682054457,0.0896582816379831,0.0799615113754145,0.0995744271169442,0.144870467353522,0.13592514938263,0.154139086673252,0.122253319691512,0.112142117277699,0.133413916736255,0.048844133862066,0.0412626299607745,0.0562940412405478,0.0553935150872348,0.0502012499379019,0.0606357137584878,0.0263959778182964,0.0214139844187166,0.0311631967488301,0.0578206735568703,0.0523211383119218,0.0631005727076958,0.0342365435710075,0.0310581548637705,0.0375163747824142,0.0286611465039025,0.0221328876601322,0.0352287683662735,0.0640297256666694,0.0564445905358912,0.0717605175205366,0.0255166765695147,0.0236229360703746,0.0278373100780521,0.0186349470950581,0.0147885040761945,0.0223522227332973,0.00713469040249722,0.0050316002556766,0.00922020220935512,0.0824788708312662,0.0674894261781276,0.0978572807453707,0.00982758017544779,0.00818603317363044,0.0117382981819037,0,0,0,0,0,0
"591","2022-10-28",0.153947448869103,0.143769854304455,0.163988218445521,0.0894690362646886,0.0794566671399691,0.0991551259620996,0.144976275435648,0.135880449823101,0.154279554110114,0.122068511172188,0.111717623077316,0.133046004481321,0.0489478306280181,0.0414913214935295,0.0565450345456521,0.055417022256878,0.0501863615088568,0.0608575175714335,0.026357587848657,0.0214030857080283,0.0313704762314339,0.0577361272356237,0.0521609875390986,0.0630796673704174,0.0342439466561586,0.0310321235409566,0.0375780106234892,0.0284737473211858,0.0218545772821512,0.0350744263365451,0.0641849411777099,0.0568844940322218,0.0718770640225447,0.0255154837729363,0.0236213673519571,0.0278741434474663,0.018596418298165,0.0148127029673251,0.022336822326165,0.00717122094311589,0.00505836215951028,0.00929083666300867,0.0823891795565338,0.0664963985812544,0.0983965414608145,0.00982443564339019,0.0081440059030028,0.0117936236697492,0,0,0,0,0,0
"592","2022-10-29",0.153945414139381,0.143363153707542,0.163957897419028,0.0893493022470881,0.079576631690463,0.0994252900632286,0.145111968655843,0.135885505567814,0.154296848404611,0.121891472383937,0.111523054267332,0.132810335825682,0.0489938659758733,0.0413088571463859,0.0567759272548904,0.0554067520683632,0.0502303779424355,0.0609050356457836,0.0263548149681533,0.0212443839948159,0.0312659266100314,0.0576471518969623,0.0520149581305406,0.0631158852274631,0.0342703176994322,0.0311186390871494,0.0376727375474187,0.028263149107411,0.0216635949680475,0.0351389392134272,0.0643138740066529,0.0568050124136706,0.0720366480584607,0.0255159129355577,0.023625228125338,0.027892705427286,0.0185590555561881,0.0146597801567901,0.0222397765655085,0.00719457177073681,0.00510034708585715,0.00934103671776607,0.0823541833152622,0.0666134005102037,0.098293593371751,0.00982268347832888,0.00817419779232325,0.0117840439803089,0,0,0,0,0,0
"593","2022-10-30",0.153931921612408,0.143186612023684,0.164107602415005,0.0892634892077507,0.0794497906499267,0.0994004610239917,0.14520823432087,0.136195450294613,0.154784668346356,0.121687930035105,0.111212281441929,0.132840568627689,0.0490565844694712,0.0414025253548752,0.0570260667484792,0.055417678540078,0.0500568670166572,0.0609118341224345,0.0263651487945771,0.0212404567764647,0.0313539531650035,0.0575402694342431,0.051832111488707,0.0629667954733605,0.0342879261500895,0.0311147477212589,0.0376343282059546,0.0280851061245859,0.0214393027697988,0.0350400201727719,0.064437370292788,0.0567107959186511,0.0720733053765721,0.0255162950739629,0.0236290446742472,0.0279321536111504,0.0185121042841837,0.0145314122714198,0.0221809420795931,0.00723007672422404,0.00504669726132436,0.00940940752729142,0.082223072644684,0.0660352972416337,0.0987053237446872,0.00982105852290598,0.00815750027806511,0.0118139747290862,0,0,0,0,0,0
"594","2022-10-31",0.153984345273886,0.143557291619059,0.164654154741729,0.0891887171243226,0.0797341027615133,0.0992140584806256,0.145340875331802,0.136250552261004,0.155096115584221,0.121549032656889,0.111338367911587,0.132873209808626,0.049140176599764,0.0414680885722996,0.0569728015756956,0.0554252314517259,0.0500437990484214,0.0608102132121868,0.0263490026419854,0.0212596042604935,0.0312286288019121,0.0574652750128059,0.0515559414465509,0.062896872865521,0.0342943096490737,0.0310521494575946,0.0375881452564681,0.0279132471744685,0.0210629979151589,0.0346788963747126,0.0645092865709606,0.0567153043038911,0.0721429547945673,0.0255196346113037,0.0236355249869857,0.0278462688322083,0.0184617106486088,0.0144996062405473,0.0221513844212202,0.0072725562785663,0.00509220680414154,0.00953054411761317,0.0822194236512407,0.0658162361240753,0.0986719952339108,0.00982421181600838,0.00815770043193702,0.0117697832185409,0,0,0,0,0,0
"595","2022-11-01",0.154000963335096,0.143538711594177,0.164673329060845,0.0890007039674994,0.0792919158924062,0.098836027211287,0.145463421225557,0.136003429870401,0.155200556195628,0.121348793796049,0.110991073457026,0.132318740518014,0.0492603608214687,0.0415483424877317,0.0568960391865061,0.0554273320785208,0.0500908330836935,0.0608627798666052,0.0263551048667056,0.0212667881067721,0.031233671283267,0.0573620300151406,0.0514885680201405,0.0629309615689239,0.0343161085816121,0.031028603881003,0.037697501656702,0.0276877765379878,0.0208292929019885,0.0345023532142963,0.0646219840636161,0.0567687024377457,0.0722372582512329,0.0255216867649145,0.0236077981497909,0.0278895602269481,0.0184052874317852,0.0144992793797799,0.0221121703566834,0.00731823833592171,0.00514301201036276,0.0095580454026525,0.0821758109093901,0.0654406461514462,0.0986293134076403,0.00981923381713638,0.00818354997796379,0.0117853071041351,0,0,0,0,0,0
"596","2022-11-02",0.154025018971075,0.143482700134083,0.164064946010991,0.088862909154598,0.0788209780870804,0.0986755522043634,0.14554108794671,0.136245062134055,0.155268612566447,0.121222594843309,0.110488857397829,0.132774120588289,0.0492828222093437,0.0413554616051547,0.0569787413102806,0.0554313715471712,0.0501210811389289,0.0608906000969886,0.0263425676410505,0.0211356388516185,0.0311756214364317,0.0572536262527839,0.0515659094933905,0.0626776241085253,0.03432967144596,0.031154423583123,0.037735125993373,0.02752069185666,0.020633637895767,0.0344953404136977,0.0647852836639939,0.0571558519400608,0.0722442125394256,0.0255197261164215,0.0236350442016181,0.0278901214020847,0.0183671597701254,0.0145103455691136,0.0221550058353716,0.00735361559907816,0.00522046878664757,0.00958213093231736,0.0821232171854252,0.065613251227655,0.0991802091867818,0.00981107985831746,0.0081512069138105,0.0117708416900693,0,0,0,0,0,0
"597","2022-11-03",0.154071846695681,0.143298498386156,0.164272138617149,0.0887530768380628,0.0787287556459818,0.0984873920670272,0.145659759535488,0.136143084339104,0.155215501615285,0.121048011163602,0.110403708794661,0.13199045942036,0.0493705139094846,0.0417393441064012,0.0573157708693146,0.0554050788634744,0.0501794571348246,0.0610063156827444,0.0263453232905104,0.021182459682465,0.0311715464942352,0.0571509181903044,0.0513234744425573,0.0625177047282473,0.0343466738259553,0.0311193977677474,0.0377440939739155,0.0273438630077424,0.020327007752229,0.0342078827180454,0.064913945689712,0.0570418667542409,0.0725884673137948,0.0255190265335463,0.0236024754520194,0.0278904210801687,0.0183309219495751,0.0143567078297262,0.0220860797836524,0.00739162795910798,0.00526373130676456,0.00964474544639531,0.0820883483819342,0.0648697963612163,0.0983624345944651,0.00980738714054055,0.00818215533673118,0.0118037195076199,0,0,0,0,0,0
"598","2022-11-04",0.15418237973195,0.14325943616492,0.164388688102902,0.0886626841686261,0.0788277595967493,0.0982805799266878,0.145726302603797,0.136488933942581,0.155438944785758,0.120813611099778,0.110515526174207,0.131826333559633,0.0494070848684035,0.0414136825626641,0.0570138382947226,0.0554165538217494,0.0502826561631949,0.0609462658549654,0.0263469550601497,0.0211394421911392,0.0311795344194234,0.0570583668992175,0.05136254395846,0.0624207254158541,0.0343597683243007,0.0311348364409861,0.0377915759607704,0.0271561433616808,0.020069294388894,0.0341998725575182,0.0650376795691996,0.0573501032685729,0.0726638955767356,0.0255234756345199,0.0236437159709019,0.0279302670989926,0.018280701385584,0.0144921538140863,0.0220879077701796,0.00743803010695693,0.00530258710385016,0.00968357758337462,0.0820561435954191,0.0650427273765357,0.0989254410329589,0.00980753630752721,0.00819629019998829,0.0117984282708709,0,0,0,0,0,0
"599","2022-11-05",0.154182248199329,0.143346306130665,0.164241070779088,0.0885418499260849,0.0786810742404676,0.0982753713100248,0.145842612969096,0.136670156597374,0.155643653774221,0.120646788460439,0.110490317965262,0.130943140314131,0.0494848999193087,0.0418998163663858,0.0569484533051068,0.0554072891716422,0.0501652956730002,0.0609295967432113,0.0263032657784572,0.021101021928374,0.03116675885359,0.0569670624376548,0.0513812432267107,0.0622325394014534,0.0343817094887905,0.0311610079273289,0.0378062294332359,0.0269764302539524,0.0201601809203614,0.0337686226877713,0.0651342526430214,0.0574256207553834,0.0727784212416336,0.0255204524590961,0.0236207534761697,0.0278709280365918,0.0182278599444338,0.0145078408980111,0.0220657966294025,0.00747941036027047,0.00538207418574246,0.00973493665876526,0.0819859802954101,0.0647040315381947,0.0983704359818255,0.00981065669650079,0.00820782472719861,0.0117950610642564,0,0,0,0,0,0
"600","2022-11-06",0.154181746110331,0.143277472164223,0.164241711921148,0.0884525506119301,0.079005950658943,0.0981017573353772,0.145963571647983,0.136827591871031,0.155388740750565,0.120378606206957,0.110015283633671,0.130714376366563,0.0495839432087114,0.0420828370637038,0.0568172707284586,0.0554074220870349,0.050348571828438,0.0607474953572142,0.0263071964630119,0.0212656840886679,0.0312025920587189,0.0568703192774645,0.0512481617084082,0.0621528642220064,0.0343974958656267,0.031047690177516,0.0378911964499362,0.0268452276606826,0.0198921122193815,0.0336703717927431,0.065268057275309,0.0577030879116485,0.0729208337328074,0.0255213841349497,0.0236521727430274,0.0279124613650951,0.0181921485186681,0.0145332295126722,0.0218384734547343,0.00752007187790564,0.00543378327358149,0.00977874141780689,0.0818789144399409,0.0649905345115531,0.098249196516742,0.00980425005719375,0.00819744272279767,0.0117225888228333,0,0,0,0,0,0
"601","2022-11-07",0.154197559821115,0.143381378076988,0.164444956912936,0.0883702789032385,0.0786645994945422,0.0980860622127807,0.146040418706165,0.136966267507679,0.155646196099465,0.120167538792392,0.109920044804374,0.130594369071889,0.0496875527585102,0.0420643548513667,0.0566779395183089,0.0554336340791811,0.0502095534102984,0.0608794260205197,0.0262624217803685,0.0213026338167997,0.0311108410032426,0.0567919225185401,0.0512803069007639,0.0619884763522793,0.0344134065942701,0.0311356067317001,0.0378155698017333,0.0266835947165036,0.0199329979813839,0.0331415326949792,0.0653854827040102,0.057818224904251,0.0729890122424924,0.0255210038337673,0.023646842562882,0.0278485226526673,0.018148149773939,0.0144926752914004,0.0217461322270702,0.00754676153023013,0.00542938499107479,0.00981237388403945,0.0818062214425891,0.0659866262014302,0.0973818857433644,0.0097967038824753,0.00822825470556419,0.0117158591002592,0,0,0,0,0,0
"602","2022-11-08",0.154215605329647,0.143537862343203,0.164393620507181,0.08820066711215,0.0786091060590677,0.0977180052002958,0.146162610819988,0.137180444373025,0.155292794432797,0.120032898467673,0.109669755052143,0.130375484822384,0.0497614116881875,0.0421997935058518,0.0568642827353407,0.0554489945619588,0.0502488779715611,0.0610029463154276,0.0262397952486381,0.0213660899689045,0.0309519885245242,0.0566972089857335,0.0510907205706151,0.0619541915027445,0.0344241734163799,0.0311347372522074,0.0377694889080976,0.0264990347501208,0.0197343383900216,0.0330490154779646,0.0655201285961766,0.0581920055232677,0.0730782669620309,0.025517373909086,0.0235657529993756,0.0279249472861231,0.0181147457784914,0.0143677065260294,0.0217582783710937,0.0075873443157679,0.00543329951991528,0.0098250507531923,0.0818144904300685,0.0665470412764705,0.0969841479904294,0.00979145330609255,0.00817849427965956,0.0117158243297891,0,0,0,0,0,0
"603","2022-11-09",0.154164895604746,0.143711541724356,0.16428857882108,0.0880789970004762,0.0785564190200615,0.0972771583554208,0.146263639539483,0.1374650686966,0.155627020188915,0.119901811855312,0.109980165753729,0.129808517233023,0.0498189789278717,0.042555810654787,0.0566581345687671,0.0554667444547167,0.050288376149655,0.0606755661919296,0.0262179679060612,0.0214189223595402,0.0309383514510683,0.0566124100313405,0.0509544603341622,0.0617424956692471,0.034440611183465,0.0311909719388457,0.0378857789968399,0.026306069712372,0.0197023972990723,0.0322500459061117,0.0656091306187074,0.0583253509390602,0.0729318195663639,0.0255159980632003,0.0236252204746332,0.0279659130412368,0.0180461800318478,0.0143369071151294,0.0216257595861799,0.00762216672483158,0.00550180711711204,0.00980631182478212,0.0818113404647753,0.0673638790262189,0.0958163374711289,0.00978924577189116,0.00820323862015857,0.0117310663056229,0,0,0,0,0,0
"604","2022-11-10",0.15416167545381,0.14422960268956,0.164038489490947,0.0879264089026134,0.0787673075075268,0.0969809389536813,0.146317023586715,0.13763329060555,0.155397047284181,0.119696438620479,0.109888100796135,0.129592605914845,0.0498890536702362,0.0428250651650166,0.0567191430649084,0.0554670701653912,0.0501361715578289,0.0607245856795837,0.0262246296487583,0.021429127719457,0.0310434737769835,0.0564911523887146,0.0510677562080133,0.0615748279605218,0.03447028962042,0.031285444775903,0.0378722708304276,0.0260686299272193,0.0196589246241233,0.0322236070956805,0.0656754307895963,0.0584295385275331,0.0729601455954759,0.0255156319367022,0.023645437677488,0.0279723875771441,0.0180026541975917,0.0142633921202876,0.0215223384843193,0.00766000987535096,0.00549431390988423,0.00990414493433199,0.0816976144327928,0.0680896447103688,0.0952497436982328,0.00977755189638903,0.0081847618674291,0.0116918958439593,0,0,0,0,0,0
"605","2022-11-11",0.154226273878266,0.144166542315811,0.163669663100018,0.0878175197286671,0.0792839022221175,0.0967896357525656,0.146412648849163,0.137625388075014,0.1554886898415,0.119531093066402,0.10987277777123,0.129369578563272,0.0499965560857046,0.0431827111481475,0.0566532887371472,0.0554556030950139,0.0502611655884769,0.0606641252823962,0.026201997221849,0.0216137007423893,0.0308104723809746,0.0563836205003789,0.0509128579133432,0.061292946660454,0.0344833182209091,0.0312866097194072,0.0379233349287372,0.0258550421232285,0.0199050481581329,0.03164012865981,0.0657962702257096,0.0587817231138893,0.073105928647703,0.0255141395265045,0.023591264095834,0.0278973365827556,0.0179730065467705,0.0144395504406139,0.0214036021374925,0.00769858384143152,0.00556289713833744,0.00997449458911031,0.0816873925678045,0.0688940867570412,0.0947934380601639,0.00977715751501131,0.00820177462770359,0.0116916980800187,0,0,0,0,0,0
"606","2022-11-12",0.15420054136257,0.144621793768158,0.163852493867534,0.0877173085724587,0.079363222919311,0.0959943632607674,0.146482744841752,0.138151903087306,0.155706931432982,0.119301055613058,0.109896506858372,0.128246984671626,0.050107552556265,0.0434292694007121,0.0565223729539815,0.0554831335552732,0.0504373412604165,0.0606685247015706,0.0262156679130366,0.0217423340865485,0.0306108375933361,0.0562986400969015,0.0508665854871991,0.0611320090551584,0.0344887521338937,0.0313120026326312,0.0378423613794536,0.0256758851142571,0.0201759850475543,0.0309479597270587,0.0659342797156839,0.0590658172474151,0.0726970115338437,0.0255123223728951,0.0235945123965444,0.0278569132392886,0.0179307223686739,0.0143313321194596,0.0214043344011402,0.00773247744458158,0.00563863237192808,0.0100100200367603,0.0815484062499856,0.0702463003952572,0.0931914133020499,0.00976674765643675,0.0081927577658525,0.0116709003632952,0,0,0,0,0,0
"607","2022-11-13",0.154250818158115,0.145061999488405,0.163334714313479,0.087656814771919,0.0798225981164814,0.0955171177437261,0.146532812337401,0.138140889211861,0.155656271930023,0.119148169252184,0.110092007288604,0.12781121151628,0.0501788584920167,0.0439844459936781,0.0564738836968668,0.0554737329621742,0.050431874648421,0.0605536653567966,0.0261714262715721,0.0217344938668525,0.030374625387852,0.0562095183544645,0.0508551537997583,0.0610619129011719,0.0345125922679422,0.0313254258452205,0.0379170433496784,0.0254834394682931,0.0202537913059261,0.0303268966682468,0.0660219665449926,0.0593119656718279,0.0727592731033645,0.0255130597202474,0.0235984571506754,0.0278198448124037,0.0178621608533638,0.0144642870782565,0.0211286167038775,0.0077683167012364,0.00566286199371267,0.00999888955917488,0.0813438765652289,0.0718252477432847,0.0909540485072551,0.00975680330305494,0.00820441517469598,0.0117037347741771,0,0,0,0,0,0
"608","2022-11-14",0.15419497942561,0.144882295828291,0.163507314700827,0.0876784790528366,0.0792617314728434,0.096005302130968,0.146541569229042,0.137807329337659,0.155776744478781,0.118987223323015,0.109710351961408,0.128086980212244,0.0501054141593224,0.0439908096780125,0.0563316661191898,0.0554801800525197,0.0504310337589314,0.0608096444715188,0.025923188151131,0.0214198520137944,0.0303075164383929,0.0562511131628049,0.0510084346884501,0.061141856819106,0.0344920384356796,0.0313406142822437,0.0377793572252716,0.0258289576230907,0.0202807806311141,0.0308095696892453,0.0660778053985811,0.0590567655319963,0.0730858153150799,0.0255141534114054,0.0236123370793131,0.0278075143086951,0.0178132726297267,0.0142312471504521,0.021139733981451,0.007726565178328,0.00561805306946307,0.00994548419595725,0.0813905033848223,0.0706376226674404,0.0926740964295521,0.00974930865471184,0.00817457571491779,0.0116596076374141,0,0,0,0,0,0
"609","2022-11-15",0.154154623724079,0.144675038672487,0.163687677790747,0.0877463550895978,0.0794689575564391,0.0963804905824987,0.14653993601183,0.137651360076155,0.15613334274626,0.118929625775661,0.109459551569227,0.128491961448547,0.0500648770418131,0.0435408413473989,0.0564607254007428,0.055501728222173,0.0504376053706241,0.060883523858032,0.0256730305095733,0.0212319856001785,0.0300606727157815,0.056284494721166,0.0507497738855506,0.0613218815020161,0.034478163693835,0.0313059931172996,0.0377890797995797,0.0261436137227151,0.020403930271754,0.0315923054839478,0.0661690778853597,0.059213798288742,0.0731500002629037,0.0255179074155932,0.0236306614809253,0.0279017116683748,0.017742456047405,0.0141893806158513,0.0211772398355081,0.00768689903398075,0.00559238376453481,0.0100410038375339,0.0814805319823992,0.069693000065046,0.0933485802758298,0.00974863708900963,0.00817955671568057,0.0116464071971966,0,0,0,0,0,0
"610","2022-11-16",0.154096745875043,0.144455861140228,0.16349412492087,0.0877874368402181,0.078988039998824,0.0968394639474071,0.14648946832302,0.137347971236901,0.156302899399903,0.118850765265666,0.109036598855534,0.128601748583593,0.0500049481241379,0.0432289798622155,0.0566069295660176,0.0555142491171479,0.0503723683645203,0.0609605255592585,0.0254242330666674,0.0208206022744569,0.0298015629149626,0.0563174326328185,0.0507005974574164,0.061397955060025,0.0344574829475951,0.0312341986721024,0.0377476687189798,0.0265077000565976,0.0206765371031393,0.0319510280335792,0.0662759961761018,0.0593517702340878,0.0732541787952658,0.0255255780120308,0.0236749221213635,0.0279483705460792,0.0176907596590576,0.013963086135817,0.021232886232122,0.0076546492845671,0.00555783861827305,0.0100864783626696,0.0815507808978415,0.0687445617797183,0.0943366358479639,0.00974939399298505,0.00821768954169184,0.0116898942932107,0,0,0,0,0,0
"611","2022-11-17",0.154087826526216,0.144386535701042,0.16381035661524,0.0878422667779696,0.0786401920873026,0.0971930688495974,0.146482702338263,0.137473362719916,0.156402701367182,0.118790028578604,0.109146305958557,0.128274780033432,0.0499717838970359,0.0429913016205941,0.0568828890534396,0.0555460601688329,0.0503119529577196,0.0609227959607607,0.02521519814612,0.020551587092225,0.0297014343973053,0.0563645396411119,0.0507161761775618,0.0615846628860249,0.0344437527241763,0.0312332994616225,0.0378285806304342,0.0268383697048605,0.0208477113098448,0.032699256464742,0.0663727285631301,0.0592786336717052,0.0732871579899336,0.0255246717752771,0.0237228634438626,0.0280103578699377,0.0176441529770264,0.0139204831316016,0.0212036678240842,0.00760470729331021,0.00546353588738478,0.00992178224325858,0.0816989735967273,0.068125606858379,0.0952480842515449,0.00974399115459934,0.00821745227072282,0.0116802666554759,0,0,0,0,0,0
"612","2022-11-18",0.154059274964291,0.143837900969251,0.163894717651926,0.0879416798328862,0.0787016739812136,0.0973761286926152,0.146487347149417,0.137028435075772,0.156577566827366,0.118697027238798,0.108838029498457,0.129023888680079,0.0499476138734808,0.0431862009677857,0.0569096405910485,0.0555686639543161,0.0504783830177159,0.0610114278829349,0.0249945903946817,0.0202144974604109,0.0294674935719869,0.0563702488827395,0.050910130445933,0.0616416632287831,0.0344275244271304,0.0311796224541757,0.0377325939065464,0.0271336571849838,0.0211857802348415,0.0330864309274668,0.0664981310830302,0.0594804294463451,0.0736579337504916,0.0255295025143492,0.0237133190275677,0.0280664952100449,0.0175894524974169,0.0136777884738525,0.0211723171486418,0.00756215928093022,0.00542880029815195,0.00989632905977179,0.0816836086301514,0.067638146202826,0.0954042775388345,0.00974351247475077,0.00816794840673884,0.0116627159598945,0,0,0,0,0,0
"613","2022-11-19",0.154014071258829,0.143365385217886,0.163875437388142,0.0879816899493088,0.0788052589009701,0.0973579985161501,0.146424480353143,0.137076723313895,0.156346390825863,0.118712230145464,0.108824281567698,0.1290662637402,0.0498297042724625,0.0428128691290042,0.0569152980664737,0.0556067548183625,0.0503093312056569,0.0610381769623133,0.0247852379606674,0.0200595335457108,0.0293176228903786,0.0564030064932335,0.0509269400868668,0.0616133585020023,0.0344019333676038,0.0311670341554246,0.0376641831115274,0.0274370540233821,0.0210990992852605,0.0333200898130068,0.0666044031254661,0.0595860129113539,0.0738274725559837,0.0255350919760571,0.0237347193478006,0.0280987154934456,0.01754248385402,0.0136228152938474,0.0212576913037987,0.00753548113189603,0.00541896588853691,0.00978660057936303,0.0817283697004497,0.0674562560600074,0.0960207874068066,0.00973550578983899,0.00817512108181126,0.0117121763335899,0,0,0,0,0,0
"614","2022-11-20",0.153983487363581,0.143130315009482,0.163799503341964,0.088062393763798,0.0788228150610111,0.097573626799818,0.146404737190273,0.137073959394379,0.156073065668534,0.118633348349217,0.108582567283647,0.129065853852773,0.0497352861245441,0.042526027986198,0.0569904770690306,0.0556096394738423,0.0503833492807437,0.0609610382941299,0.0245418181579576,0.0197439602902939,0.0290869064491524,0.0564408968887991,0.0509935667368291,0.0616077749886727,0.0343901239984465,0.0312109435604354,0.0376654810291294,0.0277249358108209,0.0214849131609751,0.0339556467915074,0.0666863796293956,0.0595448978677978,0.0738828148833365,0.025531780222848,0.0237567792649301,0.0280600021338025,0.0174947312545688,0.0135544462187168,0.021139945924165,0.00749250329426059,0.00537087023234303,0.0097962549468792,0.0817040988968481,0.0671273986445704,0.0959760283807907,0.00973207903735998,0.00818352210977809,0.0117598568905967,0,0,0,0,0,0
"615","2022-11-21",0.153948785351605,0.143537888220864,0.163825963132111,0.0881484140715469,0.0787138505273467,0.0975120164902265,0.146324508002722,0.136962489023246,0.15603565970158,0.118547543477767,0.108304145544973,0.128893755635183,0.0496438011933821,0.0424375936649258,0.056962463463027,0.0556246054846668,0.0503871722074621,0.0608706013432428,0.0243269009873651,0.0194816186289713,0.0288202632680563,0.0564882848931951,0.0510054318828428,0.0617181375553834,0.034366972819177,0.0313026469762235,0.0376296879703639,0.0280737163505866,0.0218374607152975,0.0343644239420919,0.066788287168772,0.0597223346966358,0.0739438258260574,0.0255352727943999,0.0237370862891382,0.0280316682152439,0.0174318986993688,0.0135426139049211,0.0211188076662761,0.00745315863654543,0.00535803943107738,0.00976489139325389,0.0816790935933164,0.0668860399277749,0.0963031977483543,0.00972960316137468,0.00815868091567593,0.0117867065759814,0,0,0,0,0,0
"616","2022-11-22",0.153947841603252,0.143542008151178,0.164224101300441,0.0882109641536088,0.0789353892994657,0.0974096528867189,0.146242188960138,0.136905583928097,0.155683961133212,0.118464822616137,0.108089576141979,0.12909908019225,0.0496152406311481,0.0420824778901634,0.056790622052964,0.0556457392831031,0.0505078012790958,0.0608584045887751,0.0241170237353608,0.0191537169590626,0.0285323528046831,0.0565199961465557,0.0508576891082919,0.061731141497663,0.0343483967426634,0.0312658810520646,0.0376387663886933,0.0283514516369031,0.0218996204195107,0.0345659055651539,0.0668771145922668,0.0598465972256192,0.0740665530425686,0.0255416176243914,0.0237287674558279,0.0279850645728341,0.0173664191672659,0.0135557810850147,0.021054648976505,0.00742137367697496,0.00531369174063408,0.00969686815363439,0.0816270023402135,0.0666415661198051,0.0964313425678207,0.00973170690871949,0.00813409375376217,0.01182777637949,0,0,0,0,0,0
"617","2022-11-23",0.153880896672194,0.143477902211802,0.164026475259663,0.0882632125492312,0.078530947030708,0.0976336909676318,0.146237667399025,0.137277145776971,0.155877884632612,0.118368342160202,0.108136637734192,0.128658710516437,0.0495337581468833,0.0420828150523925,0.0568070742400529,0.0556489222599182,0.0504070991862162,0.0607919290384744,0.0238786010954476,0.0191047570278798,0.0283628917628206,0.0565705134664997,0.0508208632570666,0.0616952481177306,0.0343236401706502,0.0313158068757918,0.037599796156382,0.0286926544316183,0.0225205399508068,0.0349677735312978,0.0669568399757356,0.0600105074445004,0.0738385211757911,0.0255444017595721,0.0237302441643411,0.0280423175264312,0.0173087554725823,0.0134719932700752,0.0210044207152983,0.0073846014575656,0.00529628332869905,0.00963350831693265,0.081758668962234,0.067517738353785,0.0967752384053367,0.00973077265385434,0.0081347317934593,0.0118086748666502,0,0,0,0,0,0
"618","2022-11-24",0.153770767971037,0.143601699340683,0.164043736477354,0.088311232203215,0.0786949998032729,0.0980043391949026,0.146176730698103,0.136728585327023,0.155874693550365,0.11822794092076,0.10785659264014,0.128629401556429,0.0494968060573561,0.0419792367304903,0.0568169687608987,0.0556561878912037,0.0503943964419334,0.0607575267982118,0.0236679168855855,0.0188806334150336,0.0281192627212988,0.0566194506453805,0.0511074256023176,0.0618651224311529,0.03431014802795,0.0313149538950157,0.0376019419389432,0.0290546616243608,0.0227811718023839,0.0353834569453452,0.0670279491939113,0.0599261053208953,0.0739124235447162,0.0255423367232741,0.0237289963933506,0.02800087037909,0.0172516797948092,0.0134045624639117,0.0209484086175548,0.00734499375482141,0.00522994645332315,0.00961572119506,0.0817103402614037,0.0674301480545446,0.0956065931116047,0.00972060391214678,0.00812601176205252,0.0117909267755412,0,0,0,0,0,0
"619","2022-11-25",0.153690270088586,0.143215838888927,0.163685227794087,0.088355069689366,0.0788939702975712,0.0979506932086905,0.146167639061444,0.136710781118709,0.155790600159399,0.118159137749741,0.107918260969853,0.128218666133902,0.0495232011193215,0.0422043647437974,0.0568458888818932,0.0556451342006449,0.0502708891719218,0.0606061177848252,0.0234305928879101,0.0184595774909604,0.0278438285188176,0.0566571368648213,0.0512691360584764,0.0618303578907621,0.0342820923017466,0.0312137073579704,0.0376019844158106,0.0293527566780451,0.0229498779066582,0.0357369776233866,0.0671119097159859,0.0600456551174473,0.0741584146777307,0.0255490990647086,0.0237396421176818,0.0280698190780018,0.0171743107253616,0.0132807876373653,0.0207799238492509,0.00730811507466952,0.00525223464762952,0.00948107574890579,0.0818722111284788,0.0676499309578418,0.0956968816376169,0.00971585860109615,0.00813458021783031,0.0117652957564619,0,0,0,0,0,0
"620","2022-11-26",0.153607647789763,0.143203356364374,0.163438028547796,0.0884031352486739,0.0790098258654256,0.0977368996534206,0.146146774531911,0.136852739222174,0.155380368815866,0.118084437489933,0.108015195933989,0.127996842145755,0.0494873234055385,0.0420692867514521,0.0567580724596516,0.0556433331439819,0.0503722935682958,0.0608467482283335,0.0231821392510873,0.0184753205059951,0.0275219194362984,0.0566921267760166,0.0513009139467985,0.0618175146400178,0.0342657896133109,0.0312538734566454,0.0375821218227376,0.0297131065096163,0.0236471758358003,0.0360575211046829,0.0672079859800055,0.0602764373429513,0.0742504295238484,0.0255486000725092,0.0237276500560445,0.0280382599557315,0.0171292621677591,0.0132578618088626,0.020716289179516,0.00727253668817155,0.0052416080365203,0.00944400469562951,0.0818447053309677,0.0684660287797951,0.0947448396732866,0.00971303295406833,0.00812325112084183,0.0117902460521886,0,0,0,0,0,0
"621","2022-11-27",0.15355892698923,0.143485375426193,0.163436872175346,0.0884398224568469,0.0791157689434731,0.0976324677924908,0.1460949400014,0.137013494001387,0.155496898121479,0.117891717703613,0.107898345061293,0.127703805171754,0.0494471978602029,0.0425671979215996,0.0565982812319022,0.0556515699077367,0.05052920358913,0.0607187043939738,0.0229671948719317,0.0183269663348385,0.0271873451687085,0.0567184073985881,0.051226879759452,0.0617914968947134,0.0342469233986928,0.0313000049960696,0.0374850727930035,0.030040429500128,0.0241941145104451,0.0363930959456874,0.0673167718019038,0.0603599655708669,0.074231446036123,0.0255537117296636,0.0237321823236171,0.028090264910436,0.0170698368711038,0.0132330846938282,0.0206244358151596,0.00723734768332553,0.00524116265561776,0.00933453122583378,0.0818367974925575,0.0691722558235696,0.0942324214914072,0.00970724789543573,0.00815681963191585,0.011792938749819,0,0,0,0,0,0
"622","2022-11-28",0.153549123499279,0.143502158029311,0.163277241876009,0.0880989103493856,0.0787890690171918,0.097576452538831,0.146046077811673,0.136747774552903,0.15542622644725,0.117807638831957,0.107802281247371,0.12771428859534,0.049459276403996,0.0423582966961318,0.0565842778631571,0.0556470805829199,0.0503282386813233,0.0608146813073678,0.0230608529399066,0.0183722951080311,0.0275351340947465,0.0567355021100184,0.0513297446010374,0.0618233557911014,0.0342323735931515,0.0312644522420288,0.0374756354443514,0.0301513288412386,0.0238992429225907,0.0364707929961367,0.067417632072775,0.0603340453269995,0.0744490810561659,0.0255653352437741,0.0237454576563036,0.0280644976221042,0.0170086848013103,0.013085474588877,0.0206325510145052,0.00721860431970543,0.00518553612647867,0.0093792059486176,0.0819501721725099,0.0684301154994061,0.0951960731639909,0.00969912678818588,0.00809482980322198,0.0117271688281093,0,0,0,0,0,0
"623","2022-11-29",0.153559286698146,0.143321167269354,0.163376789516614,0.0877975445977139,0.0780862184173458,0.097266588729343,0.146012202771966,0.136852740774758,0.155554994442373,0.117745915809223,0.107810840677935,0.127878063435553,0.0494228994225448,0.0421485354986765,0.0565472925223966,0.0556458598285108,0.0502561794389246,0.0606800253409596,0.0231526727005721,0.0182323337067286,0.027529527223979,0.0567651518553543,0.0513348601479038,0.0619954959065955,0.0342329161692432,0.0312759425599536,0.0375152538852868,0.0301907157418665,0.0240133489981416,0.0367799582604598,0.0675371507300292,0.0604234430110444,0.0750293521846666,0.0255741420447222,0.0237142045557771,0.0280602031263139,0.0169623835463729,0.0130781631319126,0.0205353067041695,0.00719172465832112,0.00518750400602048,0.00933949706846449,0.0819983821445582,0.0678174393375162,0.0957729510241756,0.00968768209237468,0.00812043241723977,0.0117139364516518,0,0,0,0,0,0
"624","2022-11-30",0.153527827720176,0.143072622188145,0.163489754542828,0.0874411989319913,0.0779547647714263,0.097061307674601,0.145935808301047,0.1367444224461,0.155289176194015,0.117702118182145,0.107400052893361,0.127614400762622,0.0494066415860458,0.0420124839825332,0.0564720814743783,0.0556428612702249,0.0502827951155346,0.060649456469131,0.0232226354378704,0.0185115779738045,0.0277035590272461,0.0567909302276131,0.0512145004250837,0.0619827917255775,0.0342240105798312,0.0312822247274216,0.0375468121630372,0.0302881807226493,0.0238858389127082,0.0368064596198733,0.0676933954336702,0.0604665440015805,0.0753916488865564,0.0255812881945842,0.023730884554165,0.0280345960847636,0.0168885762670504,0.0128754420254258,0.0204794486087131,0.00717309072648434,0.00517786661303724,0.00934308947826719,0.082009533987159,0.0677309728362759,0.0964610726439672,0.00968041546517913,0.00809123338613772,0.0116921379761816,0,0,0,0,0,0
"625","2022-12-01",0.153485759829097,0.143130818097354,0.163371318583343,0.087178565534338,0.0776754000616418,0.0965199104774093,0.145865595318468,0.136485267245145,0.155127831762101,0.117608211193501,0.107098280633512,0.128014210284619,0.0493978037218194,0.0421279334710401,0.0566442493675961,0.0556184807583441,0.0502306517398249,0.060556125109042,0.023333148430108,0.0185563813302583,0.0277700046692866,0.0567945985368519,0.0512281865390042,0.0619283456257444,0.0342090122603257,0.031254563372469,0.037512884436797,0.0303551763814173,0.0238092120491558,0.0368152522265745,0.0678490978765078,0.0605559674684995,0.0753969467612658,0.025591890478794,0.0237248615142488,0.0281251704215036,0.016826098591863,0.0129148952858942,0.0203887248918435,0.00715222922712568,0.00513997043278927,0.00928838694355668,0.0819878699908463,0.0676936871950223,0.0965071945855409,0.00966579143822424,0.00809525346360452,0.0117331649787944,0,0,0,0,0,0
"626","2022-12-02",0.153423995995215,0.14274251158161,0.163138661185672,0.0868376562652352,0.0770811553287093,0.0959839333558464,0.145820423193595,0.136639040615678,0.155372706529035,0.117500004147784,0.107194251506917,0.127563741730554,0.0494197369587081,0.0420899112385418,0.0568307218016411,0.0556133900982725,0.0502669292488516,0.0606032350600725,0.02340249388103,0.0185769550607778,0.0278219644398059,0.0568071662960197,0.0512831042065233,0.0620604554006125,0.0341965464935296,0.0313153800566878,0.0375226564904612,0.0304490031829491,0.0238879806624058,0.0371620628373712,0.0679785591063699,0.0604971264417858,0.0754083073631001,0.0255953891402027,0.023726814679216,0.0280623010880719,0.016770240531686,0.012890767453765,0.0204131479361676,0.00713430327545283,0.00505745648201335,0.00940409156049617,0.0819556991155416,0.066823410951348,0.0972185837138226,0.00965462928815274,0.00807311436736155,0.0117013454298255,0,0,0,0,0,0
"627","2022-12-03",0.153386690694388,0.142655383390403,0.163308558391155,0.0865424553614243,0.0767936078900348,0.0955355246783947,0.145805910739504,0.136751190979847,0.155211713194682,0.117417498499247,0.106943895266349,0.127456180659654,0.0494239662836717,0.0421208815788655,0.0566865438956645,0.0556006077884585,0.0502576319763876,0.0606476900304982,0.02349538469776,0.0187792840015275,0.02793959972851,0.0568145107914079,0.0513326365054363,0.0621212660704276,0.0341762314849233,0.0312358339841155,0.0373876813081169,0.0305119891156992,0.0238184199596042,0.0370995962280237,0.0681187774156974,0.0606015391382339,0.0755055463195777,0.0256037181795624,0.0237455459354453,0.0280925558176055,0.0167016474048557,0.0128286821348835,0.020309875633071,0.00711566462964736,0.00504512147180655,0.00926335225401772,0.0820079034163467,0.0667521532572637,0.0974223875732342,0.00964384397445943,0.00808549955316012,0.0116680147480331,0,0,0,0,0,0
"628","2022-12-04",0.153349260345919,0.142833493164924,0.163046212493946,0.086201855183294,0.0764856393588929,0.0950771535949734,0.145733990534112,0.136466322242464,0.155149226935807,0.117348752254031,0.106733568416715,0.127529086368215,0.0494117465528605,0.0420973497113854,0.0568536609964657,0.05559574404955,0.0502205772103557,0.0607720171323836,0.0235675197827512,0.018996633130981,0.0281041923351558,0.0568463592056374,0.0512855668961325,0.0619291575841262,0.034160802026785,0.0311806800616221,0.0373909878580353,0.0306249279828328,0.0241667070368906,0.0371644685102382,0.0682776046253185,0.0610779264348282,0.0755948031925047,0.0256126306236736,0.0237166092652293,0.0280591100633416,0.0166449041528434,0.0128006153362704,0.0202900555372112,0.00710009992738882,0.00502362141248907,0.00919092198346294,0.0821326836440712,0.0672168305321301,0.097202197741201,0.00963205461439205,0.00804291767930311,0.0115898994538041,0,0,0,0,0,0
"629","2022-12-05",0.153347780829132,0.142831589251404,0.163129855088729,0.0858952998499814,0.0763566517337399,0.0944832557237839,0.145677822635503,0.136237643567214,0.154875873270723,0.117240254399924,0.106480301396341,0.127633879532412,0.0493787472482493,0.0422007830405321,0.0565542613124094,0.0555850633171853,0.0500768170335513,0.060636931556955,0.023653199260435,0.0191290116365852,0.0281447648014838,0.0568821874496377,0.0514821828990124,0.0619816355932397,0.0341507585657659,0.0311588287636501,0.0373856276261137,0.0306778808656892,0.0240756717346838,0.0371599441450326,0.0684288100254905,0.0613030470903439,0.0757280304773512,0.0256181578319197,0.0237400811114502,0.0281506517888529,0.0165924718045828,0.0127723111201019,0.0202030244369467,0.00707967943397108,0.00501276035143133,0.00917541224530354,0.0822138149760794,0.0674369441046425,0.0973989335960473,0.00962085587034739,0.00803255618500493,0.0116088320474581,0,0,0,0,0,0
"630","2022-12-06",0.153326585998172,0.143087519293388,0.163485786173764,0.0855315274546394,0.0761006511000385,0.0940834568768619,0.145564691070015,0.136179519062512,0.15476411966544,0.117178804587879,0.106986676503012,0.127458878734083,0.049389645188047,0.042355896536085,0.056738901902625,0.0555725242063311,0.0502608560381194,0.0606385169083007,0.023752667115175,0.0190226979890822,0.0281967539177514,0.0569236071421744,0.0514854577053646,0.0619143933604946,0.034151076772672,0.0311299415869877,0.0373777336118347,0.0307505943548664,0.0244440571837536,0.0374506612027146,0.0685376515458397,0.0614142803639083,0.0759011733288145,0.025624541366548,0.0237038265745123,0.0281548525934262,0.0165494665174951,0.0127739135488529,0.0200630498235703,0.00706261983337337,0.00501711268909746,0.0091721463413585,0.0822649546677726,0.0678358722000367,0.0966211277178936,0.00960786268176468,0.0080166107910279,0.0116407892061745,0,0,0,0,0,0
"631","2022-12-07",0.153324835356147,0.143021360529732,0.162986269110051,0.0852475729135433,0.0762689268646141,0.0938992397481532,0.145559265948439,0.136333678525598,0.154588491614879,0.117176577832273,0.107192698275155,0.127412741146138,0.0493924143345762,0.0424937237522542,0.0565416956728539,0.0555570746643909,0.0503267896710981,0.0606698839364919,0.0238250478291781,0.0191365886365926,0.0282875248301597,0.0569409233391551,0.0514290166437574,0.0620566651042878,0.0341411134653564,0.0311184517598603,0.0374198292382208,0.0308165879550223,0.0244167742867728,0.037058632852199,0.0686879806721748,0.0615104661867274,0.0760895467124353,0.0256359194678043,0.0237309977217642,0.028184585749904,0.0164766548341867,0.0128095691036685,0.0199309009715818,0.00703224828506483,0.00496122952302797,0.00915340138633246,0.0823546975015669,0.0684186005210228,0.0960554953985321,0.00959439220604552,0.00802253927562095,0.0116151235573258,0,0,0,0,0,0
"632","2022-12-08",0.153282402822881,0.143436492700252,0.163084338014874,0.0849423360616316,0.0759197270294188,0.0932902027460917,0.145533667629672,0.136264137673721,0.154544291691382,0.117064995851838,0.107277460793424,0.126723330717006,0.0493653445076199,0.042644642664562,0.0562230880994308,0.055549923804156,0.0503644529809715,0.0605598084099172,0.0238894094508755,0.01925870841833,0.0283206350712949,0.0569480966857704,0.0514821126331679,0.0620687873840345,0.0341301282905194,0.0312039143070616,0.037361679980718,0.0309067225435304,0.0247692392843659,0.0370135417854715,0.0688449485117406,0.061634664595513,0.0762629950313407,0.0256412707548018,0.0237404564049272,0.0282182271728797,0.0164108519675665,0.0127523609013639,0.0198055900522274,0.0070189357160915,0.00499863341920619,0.00912579587398727,0.0823129330061149,0.068706501372736,0.0956806829507014,0.00958107772047405,0.00801595726136122,0.0116209995614994,0,0,0,0,0,0
"633","2022-12-09",0.153253841883638,0.142993374887156,0.162902429184387,0.0846246925574411,0.0757170144124113,0.0928465984568795,0.145463695114307,0.136542933650795,0.15471751868217,0.116922153746393,0.107150870120314,0.126280449603543,0.0493849696528199,0.0427528550725318,0.0563108333960788,0.0555386464585283,0.0504169334798679,0.0604649237953842,0.0239692774159473,0.0194322167822694,0.0283281107405015,0.0569654362993822,0.051453723230428,0.0620441492131985,0.0341195422036623,0.0311428193099607,0.0373651420537481,0.0309918614177992,0.0248663656096022,0.0369949979488299,0.0689897430805684,0.061986331524876,0.0762925465801853,0.0256502637351542,0.0237457213209018,0.0281812521176154,0.0163657331608908,0.0127104535506968,0.0197008247916632,0.0070090075072172,0.00498452351957609,0.00912043290522178,0.082344994488448,0.0692900089262817,0.0949478344503788,0.00957240661731518,0.00801026782704397,0.0116099252836536,0,0,0,0,0,0
"634","2022-12-10",0.153215535796412,0.143101603661943,0.16299798434809,0.0843075404310902,0.0759896631149725,0.0921278597655082,0.145438590691796,0.136521717587304,0.15447669341011,0.11685546130722,0.107575696784529,0.12617408052188,0.0494203618706504,0.0430102707911549,0.0561619542804276,0.055542045458783,0.0504463932522768,0.0603823082109803,0.0240280895200103,0.0195263767629098,0.028272701161965,0.0569746181606073,0.0514467612321935,0.0620201256222339,0.0341153145318689,0.0311640763254997,0.0373905361960089,0.0310548682835555,0.025396910925745,0.0368210265193086,0.069165122956695,0.0620174238571891,0.0764101999676068,0.0256566407642593,0.0237401660789661,0.0282045776813678,0.0163047409454432,0.0126870650395139,0.0195422742478835,0.00698415380207236,0.00498154945300394,0.00906197053282738,0.0824213608543053,0.0701996623786871,0.0939489264936538,0.00956515786368972,0.0080297264210865,0.0115736844605021,0,0,0,0,0,0
"635","2022-12-11",0.153168825521044,0.14355992777234,0.162783640564457,0.0840365743339564,0.0760840238706437,0.0917089266802948,0.145391507395063,0.136318251350591,0.154432345580273,0.116754792255793,0.107684235548912,0.125742885869218,0.0493903400232558,0.043157936862443,0.0555835137388137,0.0555316885883975,0.0505422986467212,0.0603675806491345,0.0240907247354473,0.0198311641870159,0.0282851693812114,0.0570057341633938,0.0515970658089315,0.0619520250311597,0.0340992017577572,0.0311681936666586,0.037293214897139,0.0311652981535013,0.0257423195377685,0.0368252853843251,0.0693032798569805,0.062215446826344,0.0763200770681426,0.0256621256748797,0.0237741384992856,0.0282185701488415,0.0162294011920349,0.0128061884511716,0.0193700916737938,0.00696740656052391,0.00493367723258752,0.00904626964862756,0.0823943157329535,0.0720500441175548,0.092619074199615,0.00955326621839359,0.00801044702611073,0.0115343151875334,0,0,0,0,0,0
"636","2022-12-12",0.153410285509159,0.143653627036053,0.163181135413095,0.0839693012164085,0.0756709078861772,0.0918524336625378,0.145401055634547,0.136668782422333,0.154292140498767,0.116724475977271,0.107542149918302,0.12578281882346,0.0494791660648279,0.0430865803142286,0.0557754201961418,0.0555593792581908,0.0505647928429996,0.0603678792890301,0.0241899400606535,0.0197689028661148,0.028527973281456,0.0569341888827679,0.0515234536081082,0.0619327813615108,0.0340796772927235,0.0310737347443439,0.0372131601495959,0.0313144966484791,0.0255385297161278,0.0371551129271346,0.0692048037104868,0.0621528249373652,0.0764446995880969,0.0256657539303812,0.0237925940482586,0.0282220650962429,0.0163418990603164,0.0127474138704965,0.0196269454882229,0.00689765791280031,0.00487436728990749,0.00895650383073881,0.082508398065234,0.0713150569928796,0.0930198249951509,0.00953564609821345,0.00800149441009737,0.0115512569891623,0,0,0,0,0,0
"637","2022-12-13",0.153547454109862,0.14319979881039,0.163736587363347,0.0839722522447616,0.0752865965094708,0.0920698828799952,0.145398840936261,0.136710884390303,0.154093519912254,0.116629813749532,0.107292765095853,0.125980280276892,0.0495679223524051,0.0429820973035178,0.0560787267854477,0.0555903775374761,0.0505230824213574,0.0604975995655742,0.0242918838137069,0.019841185916618,0.0287404692812524,0.0568799788152933,0.0515060603671822,0.0619242189986759,0.034072295536632,0.0311212181314863,0.0372321578098643,0.0314778068191962,0.0255429222252667,0.0376757235724469,0.0691367518438776,0.0620651261178453,0.0764362321831802,0.0256662520481816,0.0237964738537078,0.0282593371833465,0.0164902672007422,0.0128150130837448,0.019831714557059,0.0068226896156854,0.00481118039208093,0.00886632783449579,0.0826193435607373,0.0708709144451074,0.0943672885297585,0.00950721189968337,0.00795742161582804,0.0115120506931813,0,0,0,0,0,0
"638","2022-12-14",0.153729164414871,0.143236603689634,0.163874679828797,0.0839411181283572,0.0750451383490605,0.0920180140886269,0.145389999251518,0.136889844358052,0.154301542740953,0.116613889242159,0.107119708406212,0.126277032679068,0.0496192527774574,0.042776248900219,0.0562351878717207,0.0556308937380558,0.0504752372430261,0.0604312411628643,0.0243973578137283,0.0197789151946289,0.0290041340908997,0.0568298639456454,0.0513244894321346,0.0618168650653702,0.0340616727081945,0.0310934892048037,0.0372607484503401,0.0316013560734877,0.0257273994419159,0.0379171559815837,0.0691066279720998,0.0622255648509776,0.0763081487390148,0.025666024462869,0.023779450623539,0.0282017116504462,0.0166396766596448,0.0129760677028909,0.0200939580405401,0.00676083433747322,0.00475568771444639,0.00881833645978862,0.0827740970552404,0.0709168964101758,0.0950290267891544,0.00948431805788346,0.00794400806601408,0.0115177605226364,0,0,0,0,0,0
"639","2022-12-15",0.153914284836743,0.143945631901709,0.164064103840332,0.0839061342826502,0.0749963093136602,0.0921357159492036,0.145372098716769,0.136742742983595,0.15443425792437,0.116549180651832,0.106608496420551,0.126083988607395,0.0496819527990928,0.0427900339131554,0.0566686844579786,0.0556608944956625,0.0506347989344543,0.0604499032936129,0.0244871830597238,0.0199136727518217,0.0290473025013032,0.0567764080408276,0.0512374128310791,0.0618505601950994,0.0340448458866707,0.031091268653647,0.0373544152344956,0.0317185080870804,0.025644995914706,0.0378948887979379,0.0690234464917795,0.0618790478946861,0.07614595664222,0.0256617974714761,0.0237170797844782,0.0282272242383168,0.0167560397405573,0.0130596583893695,0.0201387533870665,0.00669130893232591,0.0046695585136312,0.00876551801316034,0.0828342211283594,0.0705763811496683,0.0953838029953381,0.00946148207496401,0.00791956213854286,0.0114812733715262,0,0,0,0,0,0
"640","2022-12-16",0.154170244656552,0.143945419076438,0.164380616798242,0.083856420090904,0.0749039610897794,0.0924026481814507,0.145344070753511,0.136796135014355,0.154489858427066,0.11650409422185,0.106639495468955,0.126062776382525,0.0497687850842927,0.0427196383084156,0.0569234747844475,0.0556961806243016,0.0506149394361644,0.0604726878455571,0.0245838079076095,0.0200832972293199,0.0292985383784646,0.056723845827326,0.0512278149767584,0.0618290889814612,0.0340347767315308,0.0310603876875758,0.0372091991170523,0.031867966563729,0.02572331661512,0.0382153361216918,0.0689724481477732,0.0617701275400409,0.0763075357729881,0.0256601234062645,0.0237484557245508,0.028267700317426,0.0168826369350876,0.013109514752652,0.0203106229484739,0.00661516513044089,0.0045741632886314,0.00867330034127966,0.0829848023279809,0.0708617543732259,0.096146402024736,0.00943475750034678,0.00791156286307556,0.0114346440271964,0,0,0,0,0,0
"641","2022-12-17",0.154406687767358,0.143910069918516,0.164342808673001,0.083830714453988,0.0745380753842778,0.0921920183809261,0.145261359148417,0.1364505629902,0.154017843486033,0.116450655072423,0.106586527544173,0.126084915405336,0.0498526293433528,0.0427966183204347,0.0568705892344317,0.0557058332240428,0.050544860294978,0.0605528356150157,0.0246751852394635,0.0200086284495771,0.0294138476740601,0.0566686121203485,0.0512629115511615,0.0619591175223488,0.0340176702047599,0.0309749103091723,0.0372228420162706,0.031984538708372,0.0258752732153845,0.0382437002035695,0.0688794017384414,0.0615010743326744,0.0761925614509954,0.0256611333687949,0.0237619783261037,0.028295853768565,0.0170232683933133,0.0133568241003285,0.0204435541431811,0.0065290831226557,0.00454920167046658,0.00856289176028134,0.0831268710006105,0.0714440492806425,0.0959469866033118,0.00940970351634268,0.00790036202429102,0.011381815226426,0,0,0,0,0,0
"642","2022-12-18",0.154618999193048,0.14405308693191,0.16464003168507,0.0837502765399558,0.0745608333415674,0.0924165276806441,0.145204504190906,0.136416677643059,0.154120516071879,0.116369188541721,0.106613300996479,0.126027103821522,0.0499346369196116,0.0429777891109134,0.0570392608838379,0.0557469432503281,0.0506235385796075,0.0606378428329259,0.0247752743485064,0.0201985192716255,0.0295733201172531,0.0566107571254093,0.0511590031424021,0.0617861426551369,0.0339884592590942,0.0309516879924625,0.037168180080329,0.0321189722955933,0.0262074532721927,0.0384023442814325,0.0687674067366625,0.0612171836759106,0.0760250311664051,0.0256583654740297,0.0237410331498626,0.0283182897202746,0.0171338109052085,0.0134454419493077,0.0206218177893542,0.0064686490672693,0.00444072193370833,0.00849345208943817,0.0834060355856663,0.0720414602120973,0.0955484753056597,0.00938894097960544,0.00786310868485114,0.0113579041666391,0,0,0,0,0,0
"643","2022-12-19",0.154881539974829,0.143876822186315,0.165334565030991,0.0838779555774786,0.0744485210105987,0.0930337080569652,0.14503759493765,0.136173673537994,0.153871106161663,0.116390995514848,0.106561079063421,0.126261354279452,0.0498928484182889,0.0424500115059738,0.057319633620289,0.0558066828144682,0.0506094984324869,0.0608774004406445,0.0249036225906657,0.0201100351549088,0.0297525244212035,0.0565971812736184,0.0511561153827523,0.0618414436992041,0.0339768966566205,0.0308757743034974,0.0371581408436659,0.0319953640552035,0.0257861351795933,0.038827006258082,0.0687159444302854,0.0612108414899585,0.0759728912866672,0.0256565047045775,0.0237055252413025,0.0282971183637392,0.0172898240491067,0.013444987150868,0.0208859078154173,0.00640053634224126,0.00430966473278748,0.00852049601760636,0.0830978300701937,0.0702257686041953,0.0965490385948164,0.00936950592714569,0.00785428624205229,0.0113567080356704,0,0,0,0,0,0
"644","2022-12-20",0.155204570532904,0.144201239150504,0.165883746916219,0.084008497221368,0.0742712558182724,0.0937435744944188,0.144886962263009,0.135849335945932,0.154110836965726,0.116316442828914,0.105949159923656,0.126835385425764,0.0498422180672939,0.0421626323039719,0.0572487611411025,0.0558384494831682,0.050631519685869,0.060955465128652,0.0250089743176583,0.020252480286202,0.0300360490928307,0.0565884348445228,0.0511795167699243,0.0618573096486373,0.033967356146445,0.0308659385507237,0.0371385883827775,0.0318862489863645,0.0254707493611541,0.0388966796329821,0.0686615487885532,0.0611440521229762,0.0759983288978707,0.0256532707971099,0.0237171428672949,0.0282786214675307,0.0174297693535265,0.0135519182562836,0.0210360335724839,0.00633746056801604,0.00424314267398448,0.00844666111838122,0.0828033551786338,0.0693505037963061,0.0970103829903776,0.00934667169593633,0.00779568988629357,0.011346900344417,0,0,0,0,0,0
"645","2022-12-21",0.155497570598215,0.144308177762714,0.166451150615234,0.0841147960926136,0.0740399178774471,0.0943287316495263,0.144665953483732,0.13561442829347,0.153918511208343,0.116293853913623,0.105586562947372,0.126845512886705,0.0497763591800414,0.0421937312280838,0.057303570639401,0.0558474904130733,0.0506473179265312,0.0609820775245613,0.0251058422968663,0.0202058533740551,0.0301255874105791,0.0565800100083101,0.0510305478119142,0.0619258316273338,0.0339429203325424,0.0308399311363156,0.0372689401012547,0.0317930086790346,0.0249950225454561,0.0390287464054359,0.0686163544316771,0.0610072325725467,0.0762858448750818,0.0256463314624548,0.0236923450379984,0.0282827970629915,0.0175721328237037,0.0137844133044627,0.0212013613577178,0.00626932631378189,0.00417025742753712,0.0084041897745844,0.0825448705962148,0.0677218319479034,0.0977403852076242,0.00932549656267292,0.00777705865266423,0.0113184060740315,0,0,0,0,0,0
"646","2022-12-22",0.155796040651448,0.144600614286939,0.167068834674748,0.0842049462004436,0.0740059556666319,0.0944488983733057,0.14446498280606,0.135352387925974,0.153843163044344,0.116270778971763,0.105625195952929,0.12717337399724,0.0497292994179704,0.0419469333271235,0.0574204834858908,0.0558560028969125,0.0505998803221509,0.0610345893506478,0.0252144084789715,0.0203306452808043,0.0306035949298159,0.0565640430199168,0.0510301230054339,0.0618805636729587,0.0339198278309719,0.0308104469681617,0.0370992735810369,0.0316786819864296,0.0247171132868069,0.0391955373059639,0.068557645437626,0.0609174898083416,0.0764169965895076,0.0256415663147571,0.0237141058016137,0.0282903915955372,0.0177104418174051,0.0138956540637571,0.0214348068067456,0.00620696047345379,0.0040143938016112,0.00836129059107765,0.0821592782973028,0.0666467585638609,0.0985106342854186,0.00930164071599019,0.0077312848242047,0.0113162860814052,0,0,0,0,0,0
"647","2022-12-23",0.156072953287209,0.144423301885783,0.167308133649589,0.084367428285592,0.0742537550120574,0.0948226792687546,0.144280081306972,0.134773203638494,0.153940428537299,0.116221797718965,0.105414328312914,0.127592108335947,0.0497035141166582,0.0420693634301639,0.0576690652884628,0.0558834370888092,0.0506168832685888,0.0612465608842093,0.0252943346443432,0.0203046114960357,0.0306188875147851,0.0565706755989764,0.0511355021822398,0.0620867136993496,0.0339002344602231,0.0307704479146075,0.0371347249019597,0.0315778699404266,0.0245708193132674,0.0389221918114453,0.0684772097848629,0.0607424889546437,0.0767202137406099,0.0256363946542125,0.0236793148414848,0.0282197969603724,0.0178460702511116,0.0138777744326793,0.0216462283299329,0.00614266251369347,0.00397829196858629,0.00836611571062767,0.0818220842416643,0.0651485321811132,0.0983494994161145,0.00927950005554007,0.00767982772292006,0.0112935204077045,0,0,0,0,0,0
"648","2022-12-24",0.156427112480908,0.144518053096988,0.167926870541879,0.0844891105426655,0.0738452567983313,0.0950828626981184,0.144076945850538,0.134596128550468,0.153758024675326,0.116178171714973,0.105087724958671,0.127609719654517,0.0496535978560848,0.0416929174523187,0.0577002838346309,0.0559335384480736,0.0506188333212994,0.0614285199610918,0.0254144616723923,0.0203716848837962,0.0307138117707692,0.0565725705668728,0.0509717049729265,0.062113417863304,0.0338948617131773,0.030798703351563,0.0371462957464982,0.0314662097218175,0.0239767224639328,0.039050788464775,0.0684492928935881,0.0607119230241854,0.0766460295491473,0.0256360914029598,0.0237129533589888,0.028272082761954,0.0179843693215369,0.0140899675107688,0.0218001671018351,0.00607131146919584,0.00380262182613701,0.00825357021185863,0.0814500757093535,0.0645973716034704,0.0988188965080554,0.00925708474277111,0.0076714962884564,0.0113112011369507,0,0,0,0,0,0
"649","2022-12-25",0.156662191057377,0.144248949465135,0.168113854173849,0.0845167695744693,0.0738331600738678,0.0955795448599543,0.143838503769069,0.134212124528484,0.153488002443739,0.116096343676794,0.104784574342893,0.127928614991289,0.0496105612776695,0.0414190047048579,0.0578387436340445,0.0559609108600645,0.0505950038925576,0.0614186026786991,0.0255607132340338,0.02053750895201,0.0309464450929495,0.0566035007600878,0.050833941808058,0.0620949902834252,0.0338678814790524,0.0306813446721737,0.0369986999809063,0.0313643271654702,0.02382271348103,0.0391819214295154,0.0683718525489958,0.0604209708908526,0.0763458950020769,0.0256230724505186,0.0236951696175043,0.0282577278940613,0.0181066077458742,0.0141240875157197,0.0218897079527075,0.00600274918999982,0.00380799040222021,0.00825358704160164,0.0811170034331661,0.0638865694482421,0.0989397682734595,0.00923162253628597,0.00762529648830928,0.0112042777926061,0,0,0,0,0,0
"650","2022-12-26",0.156941167185794,0.145060418955057,0.168474061682284,0.0846429635745974,0.073873259273891,0.095584648828302,0.143599983613115,0.133861694861503,0.153021451270203,0.116022528066284,0.104521678213573,0.128176875149126,0.0495310345364669,0.0413831657963118,0.0576621857204256,0.0559731417335871,0.0506564302200545,0.0614198681606506,0.0256866114312686,0.0205446288434373,0.0311979597136317,0.0565846730476472,0.0507299863076817,0.0619254723441196,0.0338523789589842,0.0307774578220841,0.0370269910600164,0.0312452422912226,0.0236380401887522,0.0390045324211496,0.0683379090347107,0.0603396837731146,0.0760916438099171,0.0256171966053701,0.0237355391812807,0.0281852463337621,0.0182466294922032,0.0142827465765272,0.0221114341119928,0.005937778170668,0.0037592820618598,0.00816981472083851,0.0807360261196306,0.0625936967705142,0.0992468790645941,0.00921141626749078,0.00763737240958664,0.0112053364272738,0,0,0,0,0,0
"651","2022-12-27",0.157265688009993,0.145253010259445,0.169180234202031,0.0847988182529531,0.074126116650726,0.0958081458568318,0.143413048560391,0.133490956677591,0.153024221106267,0.116014489937433,0.104344682128555,0.128085715004433,0.0494615346727,0.0413678472880008,0.0575219361153976,0.0560008583503229,0.0505038690873756,0.0616375820113056,0.0257947667954704,0.0203239875880763,0.0313940489986378,0.0565749012037295,0.0508050709272261,0.0620224807669415,0.0338356953825523,0.030650536261673,0.0370422710717214,0.0311333627937165,0.0235674686490328,0.0389775973360913,0.0682931296324268,0.0601253279202418,0.0762943811326784,0.0256183241328717,0.0237219583418135,0.0281520091369463,0.0183965948792032,0.0144826492418531,0.0223034462099451,0.00586704529274221,0.00368589674348453,0.0081228925313692,0.0802846508824871,0.0617994562413513,0.0996391477661341,0.00919282800286956,0.00762040214987863,0.0111686387748212,0,0,0,0,0,0
"652","2022-12-28",0.157563181946011,0.145369128694173,0.169712310696117,0.0848870180806647,0.074064155145216,0.0957092835934693,0.143239832203851,0.133224414636937,0.152734106329398,0.11600533680562,0.104086390147868,0.12845561143199,0.0494387307910235,0.0413282805315553,0.0576432857957817,0.0560395642459363,0.0505353662164487,0.0616483636658455,0.0258982998538171,0.0204381646235989,0.0315991299548354,0.0565861208383429,0.0508353918294453,0.0621841686132245,0.0338264009246741,0.030564580937228,0.0371112915718145,0.0310309525665515,0.0230824596696573,0.0392478766780743,0.0682830380028511,0.0602087703604744,0.0766825417476981,0.0256143935654546,0.023775387338911,0.0282411642543031,0.018542316186397,0.0145426066953753,0.0224120665679584,0.00579468559600301,0.0036247411526352,0.00804801739927594,0.0798901536596928,0.0609902011258099,0.09869321387092,0.00917229471409699,0.00759617044591754,0.0111088706829177,0,0,0,0,0,0
"653","2022-12-29",0.157827065415037,0.145652296922129,0.170073587457977,0.0850019589466025,0.0741047642925435,0.0960285135473699,0.143067296045978,0.13302069338015,0.152587634807138,0.115923528461008,0.104007108583582,0.128229242427292,0.049323358052466,0.0409306519138036,0.0572346296270971,0.0560643710747692,0.0506709290132883,0.0615920692074822,0.0260010615054692,0.0206985293384193,0.031754515502507,0.0565939880039832,0.0509597204963699,0.0622743250635612,0.0337926397060502,0.030657140853478,0.037108004438903,0.0309047554213188,0.0231861577973354,0.038961394324942,0.0682059599945948,0.0600366041066825,0.0765206443969698,0.0256061881500172,0.0237560957398463,0.0282249142486528,0.0186927857994388,0.0146946473616953,0.022543314602445,0.0057235005772176,0.00347819373564723,0.00790345483915671,0.079566326014956,0.0605676969926209,0.0991149994774668,0.00915299692354803,0.00761311174572142,0.0110630007297155,0,0,0,0,0,0
"654","2022-12-30",0.15815437610659,0.146059181295104,0.170714377714303,0.0851795829870168,0.0742909345613012,0.0959434825058105,0.142903532097737,0.132770416643959,0.152300785971692,0.115832232005404,0.103812683843548,0.12829549688086,0.0492365822144803,0.0407999434519112,0.0574544274285352,0.0561055552444223,0.050708768275264,0.061741739880728,0.026122389245457,0.0207466623320527,0.0319783705847625,0.056578230491227,0.050737952966484,0.0620807032726687,0.0337696903049035,0.0305700111020532,0.0369858362659882,0.0308010243229324,0.0231908420749621,0.0389208422452099,0.0681726174250518,0.0598323975375253,0.0763906964323401,0.0256016504921477,0.0237224518613467,0.0282271105645698,0.0188411361569103,0.0148202481168317,0.0228203042524078,0.005649328250094,0.00341647647556952,0.00786858488409522,0.0790791226100254,0.0596199886202528,0.0983840305845182,0.00912820707286757,0.007580916282662,0.011055406616586,0,0,0,0,0,0
"655","2022-12-31",0.158415774929178,0.146427203078633,0.171358482329914,0.0853415899556041,0.0744892434253801,0.0960883936567809,0.142726012987739,0.132723214321837,0.152459019971032,0.1158201785803,0.103631821144574,0.128313460461846,0.0491741990515382,0.040912003245469,0.0572779658604021,0.0561158121341832,0.0506708018515981,0.0617198488222359,0.0262491549675697,0.0209073339585327,0.0322673724867669,0.056589837564107,0.050949545685796,0.0621864152326175,0.0337598334798066,0.0304440185402512,0.0370664352753624,0.0306912565464398,0.0230992617453874,0.0386965658240567,0.0681078549838412,0.0600117848490377,0.0765595665757967,0.0255971784544682,0.0237068036911885,0.0281856430365591,0.0189768908469956,0.0148355904832989,0.0229940416218221,0.0055800285979603,0.00330558148598349,0.00775168522499242,0.0786754043449411,0.0596308780099581,0.0980702343668874,0.00910408323943889,0.00755006608517406,0.0109938162710663,0,0,0,0,0,0
"656","2023-01-01",0.158772284918343,0.146564911962764,0.17108534385847,0.0854451101946173,0.0743444768199563,0.096487417645388,0.142502971609793,0.132337928457232,0.151778084041583,0.115800655578936,0.104043342454718,0.128025743381022,0.0491433398846255,0.0409654900990524,0.0575220319599336,0.0561594609865676,0.0507736071543702,0.061977926291648,0.0263404344094536,0.020806588872615,0.032154888271315,0.0566028436398035,0.0509428574101463,0.0620369903479277,0.0337399514836401,0.0304279146850316,0.0370698060341255,0.0305988031873552,0.0230182069702323,0.0386919273620674,0.0680527427121535,0.0600574575185166,0.0767756053474987,0.0255903597508264,0.0237240615895636,0.0282380487853488,0.0191237969216242,0.0151178925364533,0.0230450264965178,0.00551178624310685,0.00316162865497823,0.00762979562920899,0.0782437843954684,0.0591847073009348,0.0976016132005841,0.00907928102826053,0.00751653044068565,0.0109974360249399,0,0,0,0,0,0
"657","2023-01-02",0.159107967790478,0.147219297365524,0.171169356165679,0.0855514549992317,0.0747179048699456,0.0966626884351179,0.142331872536501,0.132178328278308,0.152046866039946,0.115736342275701,0.103885149981914,0.128199671610283,0.0490899260096656,0.0409813746234867,0.0575585230955223,0.0561643861833773,0.0507400400744144,0.0617856732446564,0.0264426707424914,0.0207861156392347,0.0321912675518846,0.0566292102490032,0.0510433898176987,0.0620667530445212,0.0337227588680829,0.0303410166525283,0.0369993861645841,0.0305096241506697,0.0230089205525207,0.0385028079194713,0.0680037558291835,0.0598586146081732,0.0767215185393703,0.0255826516379764,0.0237096145234788,0.0281920824280074,0.0192543757972446,0.0152552887840683,0.0231908180532002,0.00544670787073218,0.00319600723876175,0.00758451992650854,0.0778089731747311,0.0586392510536277,0.0970661001404896,0.0090577765524184,0.00750633819070494,0.0109300156625797,0,0,0,0,0,0
"658","2023-01-03",0.159422105192523,0.148178392456561,0.171684560444408,0.0856552878353315,0.0746769276142429,0.0964681490256101,0.14213073470855,0.131882004414074,0.15201782838365,0.115665596851239,0.103873051378895,0.128026449926669,0.0490499679831866,0.0411858993848464,0.0573095891003354,0.0561877493460314,0.0508480324008995,0.0617164795419361,0.0265491322357731,0.0210983912285224,0.0321803992456425,0.0566370085861636,0.0509928689302536,0.06208625719534,0.0337075669196083,0.0302748473512314,0.0369967099954919,0.0304161215980797,0.02305109969191,0.0383736743084294,0.0679587968761041,0.0598898435691206,0.0763472697900738,0.0255745856874836,0.0236644453534194,0.0281951038689066,0.0194044223737357,0.0154435557681366,0.023375742498923,0.00537488374890407,0.00302918101797486,0.00747261319151582,0.0774211410348582,0.0586047372697748,0.096913699931878,0.00903573984976916,0.00747868027354214,0.0109332461804808,0,0,0,0,0,0
"659","2023-01-04",0.159743406116518,0.148394813433702,0.171680971540217,0.0857858463692502,0.0751191533391301,0.0966232379632849,0.141912844125155,0.131643424530846,0.151768370538708,0.115580539108316,0.103895838932147,0.127831508634026,0.0489624974949779,0.0408990665235916,0.0570189140412872,0.0562142111390519,0.0508375463821476,0.061803905623045,0.0266568362393505,0.0212068663353354,0.0320505505293306,0.0566469411676394,0.0510909646811112,0.0621736109634567,0.0336835197015679,0.030257903844095,0.0369076168133839,0.0303000487703622,0.0230336833648238,0.0381023902684407,0.0679232066023356,0.0600214582019293,0.0764050979087392,0.0255712015922927,0.0236974570531858,0.028197039369061,0.0195260017419278,0.0156633518549176,0.0236430182349672,0.00529802213236003,0.00299925667249697,0.00737634371637366,0.0769797149248561,0.0580966380338651,0.0956632442493355,0.00901526236629316,0.00748595727609688,0.010911136640948,0,0,0,0,0,0
"660","2023-01-05",0.160070733782109,0.148870576503004,0.171786035728484,0.0858737548562917,0.0750008560502717,0.0963959946828294,0.141726868711948,0.131654885226678,0.151331710408474,0.115547573087428,0.104230681491059,0.127653604950671,0.0489193198041182,0.0409183886577288,0.0569510018382327,0.0562221595205735,0.0509962863747044,0.0619039775738818,0.026777243657536,0.0212463518258674,0.0322495122267049,0.0566536206833186,0.0510568241233626,0.062000460370061,0.0336660885985941,0.0303340238458952,0.0368587740824444,0.0301899352297442,0.0227469446066395,0.0380054532094156,0.0679094369463509,0.0601157896611858,0.076280943813525,0.0255657575883544,0.0236765620030802,0.0281269812363219,0.0196744380931844,0.0158344007985928,0.0236796063827932,0.00522529764364274,0.00297665534236868,0.00730812570396997,0.0765763258685007,0.0577330451077809,0.0947042642393937,0.00898827695230302,0.00745454702720476,0.0108663561235031,0,0,0,0,0,0
"661","2023-01-06",0.160459970561375,0.149482718367327,0.172356024323674,0.0860700433821737,0.0755055736830917,0.0964960123762424,0.141569167735671,0.131535295493675,0.151292371543915,0.115530616119424,0.10442593959502,0.127739430544185,0.0488291787003372,0.0409561619768949,0.056613366251194,0.0562448864848944,0.0510702614075141,0.0619829674184687,0.0268835109475488,0.0213855405997982,0.0324975380983882,0.056674936378366,0.0511537267715335,0.0620306228258682,0.0336480757222788,0.0303448294715553,0.036736370864527,0.0301389900286602,0.0227745263772137,0.0378519538572809,0.0678374884756571,0.0600433377127311,0.0761088924830352,0.0255538109957632,0.0236807890974482,0.0281447683991297,0.0198206584002316,0.0159121413382566,0.0239363194352007,0.0051532061743358,0.00275777055817456,0.00717281821609223,0.0762872122260113,0.0583992645144255,0.0943108861440149,0.00896682600053138,0.00745000648591021,0.0108313518276193,0,0,0,0,0,0
"662","2023-01-07",0.160786752429347,0.149821423597592,0.172663146373705,0.0861582044405784,0.0756369282756023,0.0963996362050934,0.14142866509361,0.131457199095882,0.150999893095903,0.115519144508369,0.1046475994372,0.127055140546182,0.0488158308752082,0.0412056520815035,0.0567573123477694,0.0562412124025679,0.0510948315908048,0.0617310781192937,0.0270009327969726,0.0216121056334017,0.0325019832525106,0.0566700992449784,0.0511483463389086,0.0620006121401883,0.0336294029658094,0.0303671078500137,0.0367418372039598,0.0300273737158754,0.0229624563715377,0.0374010257299166,0.0677786352337039,0.0598600890792788,0.075868977543038,0.025548852571827,0.0236996660234172,0.0281273106774076,0.019962690103606,0.0160752154659384,0.0241509742323626,0.00508393560445501,0.00277365723795656,0.00707407869603131,0.0759854570831616,0.0580814263480163,0.0932177240905013,0.00894318395923718,0.00741959609899882,0.0108037366542311,0,0,0,0,0,0
"663","2023-01-08",0.161084361227552,0.150161585680586,0.172618082524424,0.0862936661939216,0.0761583690200507,0.0963185103042191,0.141297918521592,0.131259247300336,0.150878958719526,0.11549590465443,0.104762785739514,0.126781148748699,0.0487955285898357,0.041426044637042,0.0568146266585962,0.0562749357511989,0.0511536173354375,0.0618306477134841,0.0271101803017945,0.0217796759985473,0.0324995021182882,0.0566730680040709,0.0511668590577984,0.0620875837386248,0.0336047162146088,0.0304339907242621,0.0366789007673164,0.0298830705931702,0.0230582242995796,0.0369078001481288,0.0676977686472199,0.0599931457644283,0.0755184043917479,0.0255373940472359,0.0236836286552437,0.028114495705165,0.0201023366395656,0.0162615653013195,0.0241656845630874,0.00501968683676336,0.00272917727824145,0.00705483531893819,0.0757285936060151,0.0583410759835972,0.0923493824509522,0.00892370395136104,0.00742040002593915,0.0107803396736828,0,0,0,0,0,0
"664","2023-01-09",0.161383674131559,0.150945361538282,0.172519914107631,0.086456535532019,0.07648478991195,0.0965228927050631,0.141146721002477,0.131096358807914,0.150785251987196,0.115398487540451,0.104585079516212,0.126542302187887,0.0487638600424203,0.0413443993512885,0.0565698891762875,0.0562918475928258,0.0511534626627427,0.0618421368413911,0.0272207286731934,0.021955059962846,0.0325235568078637,0.0566733996866571,0.0512175611414196,0.0620992643528447,0.0335889012437524,0.0304170496865529,0.0365228990845223,0.0297288946066944,0.0230553455246504,0.0366561782826279,0.0676224618240101,0.0600444704079735,0.0755421578568701,0.0255253669880937,0.0236897736321231,0.0280273231869441,0.0202486546072432,0.016322998710307,0.0243342012912963,0.00494879585631478,0.00273384506227383,0.00692259292510647,0.0753606428887546,0.0589507773198934,0.0914131509668907,0.00890261180283796,0.00737714894641654,0.0107802863278628,0,0,0,0,0,0
"665","2023-01-10",0.161766662983105,0.151164205875744,0.172855210593308,0.0865764024886905,0.076927993530705,0.0963065311327875,0.140959397486907,0.130712793506102,0.150281033813197,0.115332058519146,0.104642070896175,0.126309022914268,0.0487170400600912,0.0413575090040164,0.0560932255012234,0.0563200080839394,0.0510653900788278,0.0619798131115164,0.0273139503179259,0.022095764972207,0.0324982467608723,0.0566801595682873,0.0513162807865152,0.0620159177896871,0.0335642858582218,0.0304130140508895,0.0366461478217887,0.0296474625157786,0.0230235259631091,0.0364609584445692,0.0675493440523747,0.0598813346863904,0.0754013314651416,0.0255230313640336,0.0237029750007485,0.0280333192756367,0.0204100261729744,0.0166196390617891,0.0245487136890381,0.004892149452601,0.00271930557498317,0.00683349928415987,0.0750482744925844,0.0593091566383011,0.0899925283550294,0.00888042060173381,0.00736969897077772,0.0106924213838191,0,0,0,0,0,0
"666","2023-01-11",0.16210480311099,0.151532447538448,0.173262892954105,0.086721302618288,0.077253463145932,0.0962379401005625,0.140780273998242,0.130728713496233,0.149819243039618,0.115255067455784,0.104916350771833,0.12576265754021,0.0486823996904802,0.0416480253506106,0.0557622739458431,0.0563376117520136,0.0511996688695801,0.0619326726085503,0.0274085521365437,0.0222698897793122,0.0325054976536561,0.0566856674005241,0.0514718647056601,0.0620010069035369,0.0335452517708423,0.0303709755743511,0.0366373519429313,0.0295497807731145,0.0229371013849099,0.0359719340805285,0.0675315767471183,0.0602085863535401,0.0752219855135786,0.02551337910443,0.023689755795026,0.0279354757740629,0.0205564136463663,0.0168922080708809,0.024615275189058,0.00481430783581028,0.0026394536400121,0.00671460568615438,0.0747630256236666,0.0599646362076158,0.0890530429086966,0.00885780857811897,0.00732849307425655,0.0106443067872801,0,0,0,0,0,0
"667","2023-01-12",0.162462206433287,0.152033164956808,0.173354618751449,0.0868287316775009,0.0776663943088744,0.0958826374346177,0.14057389582465,0.130406216213955,0.149273734879449,0.11512279430624,0.105017842745875,0.125412540608195,0.0486018397015171,0.041631281335167,0.0556641411815475,0.0563550711370583,0.0512732973815467,0.0617571752149326,0.0275347432694528,0.0225197004282103,0.0324947195772142,0.0566727596612865,0.0514310966844656,0.0620025323194582,0.033536265729653,0.0303221843140786,0.0366716677806073,0.029441653988226,0.0230446490104139,0.0356714600459354,0.0675048932528987,0.0603886871921879,0.0749924923007569,0.0255053383353514,0.0236921740410387,0.027974058398213,0.0206837501016284,0.0170530924165661,0.0246537747957802,0.00473565380874222,0.00261620781470313,0.00669531131864477,0.0743530474518004,0.0603432745606319,0.0879030456472182,0.00883447323509299,0.00727932465884787,0.0105836558555198,0,0,0,0,0,0
"668","2023-01-13",0.162834200173551,0.152787321825159,0.173580391978309,0.0869649206246736,0.0782763143945967,0.0956906236525164,0.140427424201052,0.130588259788091,0.149025927257911,0.115064320068096,0.105152753208756,0.125363805907513,0.0485032412475298,0.0416985616500073,0.0553176298423958,0.0563742590238386,0.0513609664575239,0.0616116625239604,0.0276069985733807,0.0227603257208472,0.0323793167299479,0.0566899571496691,0.0514788057306098,0.0619411185326846,0.0335086327650288,0.0303296311066131,0.0365491759644068,0.0293200623960083,0.023112649128983,0.0352768803113767,0.0674892567278473,0.0605287534609826,0.0750219150596101,0.0254989739058823,0.0237228987000037,0.0278733500012609,0.0208176503044188,0.0172467737062255,0.0248350294974127,0.00467085022577838,0.00260811087869892,0.00649898501235601,0.0739634029468166,0.0610580214025211,0.086244286206881,0.00881355426705592,0.00726009079630975,0.0105795757434516,0,0,0,0,0,0
"669","2023-01-14",0.163145959714482,0.153392991546755,0.173446835663241,0.0870812889745453,0.078689274222686,0.0955068512926853,0.140250693160482,0.130454060380346,0.148700500809849,0.114987897353542,0.105746196571041,0.125124700351483,0.0484214098013419,0.0419394735684691,0.0548897419880426,0.0564179644358855,0.0515349341017172,0.0616967205271076,0.027729278442642,0.0229001281251363,0.0324915935323106,0.0567079783603328,0.0515023552170993,0.0619140423279441,0.0334807338919186,0.0302648440526299,0.0365878285640702,0.0292206584725276,0.0230944561269909,0.0349909152838031,0.0674644240376487,0.0606819813991012,0.0747158454097202,0.0254898961698687,0.0237088174811168,0.0278996305901897,0.020955806041346,0.0174433858567201,0.024856477732855,0.00459884290403384,0.00258437179780061,0.00638545715112409,0.073528364425711,0.0616541128364065,0.0847615822592109,0.00879288586611562,0.00724420681852584,0.0105474783916191,0,0,0,0,0,0
"670","2023-01-15",0.163448784877457,0.153594695374937,0.173678477612166,0.0871157855035628,0.0791900408330859,0.0952839906285869,0.140051919017042,0.130600994018205,0.148363374135499,0.114957885602231,0.10602851783929,0.124645284200184,0.0483548109152291,0.0421929699685544,0.0545312844870908,0.0564468051503091,0.0516502585650916,0.0617244076854403,0.0278305100384865,0.0230666759607745,0.0324922881901764,0.056710043227678,0.0517094235536725,0.0617876435261384,0.0334627308313221,0.0302498701752969,0.0365480797633329,0.0290743293931801,0.0235636971942572,0.0344802351691204,0.0674032155267496,0.0608474452531544,0.0744044819449034,0.0254786792334583,0.0236645754090815,0.0278973319856143,0.0211114855811866,0.0176372868421187,0.0248644805451347,0.00452447610908984,0.00254476905487587,0.00629454311842016,0.0730961053134175,0.063289385541566,0.0824535878754316,0.00877473801372707,0.00725195498010521,0.0104899091972264,0,0,0,0,0,0
"671","2023-01-16",0.163474645021176,0.153349822821322,0.173964472719509,0.0871184114906067,0.0784739087974913,0.0954326133218234,0.140134084944254,0.13053549255091,0.148573876458353,0.11475410671541,0.10541471028915,0.124472199461285,0.0486797988494575,0.0423360698169073,0.0552694836477433,0.0563807900268065,0.051557744307984,0.0617679184120753,0.0279740423702217,0.0232307736025648,0.0326416695237431,0.0567732700077565,0.0519244764194989,0.0619143932897082,0.0334401069662728,0.0301948620256264,0.0365872327030231,0.0290021339955511,0.0233105786737126,0.0346346267583879,0.0673335338994639,0.0605461449848895,0.0744909285938023,0.0254652460900818,0.0236849641829634,0.027857040616609,0.0210739793936701,0.0175200025942945,0.0249656614541912,0.0045870287193426,0.00259544024359236,0.00634047391149292,0.0732286143744963,0.0622668511615407,0.0844689910710014,0.0087497805230921,0.00723213148016793,0.0104666949493426,0,0,0,0,0,0
"672","2023-01-17",0.163530450741319,0.153129241231508,0.173775831182011,0.0870504840635121,0.0785173483295419,0.0959423377820699,0.14021155748182,0.130388707480196,0.148813098970318,0.114521591902017,0.104976702554467,0.12395637188895,0.048990008290645,0.0423443751377766,0.0557667824146773,0.0563424016039289,0.0513424999560088,0.0618710460882198,0.0281084978223917,0.0232972735357474,0.0328976975199969,0.0568723972771698,0.0519422484984734,0.0620670563128157,0.0334104190015177,0.030212394952454,0.0365276348593398,0.0288661782758135,0.0227989470141519,0.034824312682501,0.0672567452648349,0.0603810182055587,0.0746960468249823,0.0254519755101688,0.0236710181511511,0.0278548080382775,0.0210245736643956,0.0174771701487884,0.024959998804993,0.00464056289927324,0.00258286311652671,0.0064925556336625,0.0731430186512728,0.061351335724113,0.0851610269532422,0.00871685880267828,0.00720581153138082,0.0104401333793805,0,0,0,0,0,0
"673","2023-01-18",0.163609538139058,0.153057235059811,0.17432370556124,0.0869740507681516,0.07831871984708,0.0962084706525822,0.140236396191378,0.130370298439018,0.149102811340684,0.114334111703423,0.104642285306031,0.123892128816803,0.0493073014921017,0.0427097588894575,0.0562807727619968,0.0562652640139526,0.0512361789477392,0.0617502891171348,0.0282508453895348,0.0233543293044139,0.0330339786390615,0.056948492427175,0.0519596582581591,0.0622982679504161,0.0333780694779055,0.0301535903627925,0.0364870587778134,0.0287881928727928,0.022695738818734,0.0350763767008619,0.0671659181367802,0.0601124990476686,0.0747161733949611,0.0254449346422193,0.0236880592817068,0.0278301835858429,0.0209865518379469,0.0174784784286204,0.0247681144687803,0.00468911226523902,0.00263313094161757,0.00651710754513342,0.0730641604373535,0.0603818841244144,0.0859947990360685,0.00869702954150959,0.00720108190209697,0.0104351697612787,0,0,0,0,0,0
"674","2023-01-19",0.16366052009047,0.153592809492182,0.17444486681221,0.0869252970402957,0.0778419445783925,0.0963208570457008,0.140293136279744,0.130551431688736,0.149287696396005,0.114129125977174,0.104078856172392,0.124258166981212,0.0495566361289339,0.0427041389929341,0.0562921646362177,0.0561859467798646,0.0512231630431399,0.0616496239923751,0.0283876209699778,0.0232386139186509,0.033371132971494,0.057040364149229,0.0520446643000697,0.0623833556007916,0.0333462977177153,0.0301295087169466,0.0363364516076951,0.0287346606801523,0.0226006316923705,0.0352645915731152,0.0671132397206782,0.0599545080100222,0.0744562987174857,0.0254309599999109,0.0236607624770439,0.0277707254276871,0.020952422011153,0.0174345964676309,0.024802411076731,0.00475171686468377,0.00265501937579963,0.00662032076974265,0.073054652896259,0.0595268012620502,0.0863229346735551,0.00866705349390027,0.00715968625622032,0.0103579460837636,0,0,0,0,0,0
"675","2023-01-20",0.163721061056385,0.153256935755747,0.174389701089492,0.086895507601174,0.0776429639022486,0.096641489156776,0.140360208031697,0.130362675383587,0.149564397256987,0.113909895365715,0.103950889701891,0.12431430391116,0.0498340816995338,0.0429549730393344,0.0568407708491573,0.0561068737202483,0.0509641441468752,0.0616512942667943,0.0284909804576311,0.023486385022179,0.0334632233846282,0.0571078800941213,0.0521258012458406,0.0624750568250366,0.0333241877539292,0.0300964612372697,0.03637946448748,0.0286713180308185,0.0225793908593796,0.0351129504360719,0.0670281117318743,0.0599223106941611,0.0743249637862762,0.0254228694136691,0.0236573567727239,0.0277832365169305,0.0209453344275678,0.017304087894572,0.024884506303571,0.00480810897743434,0.00263775188433009,0.00665621981256345,0.0731664360682433,0.0590168471364741,0.0869968512018154,0.00864019690828644,0.00712303662746994,0.0103575991572088,0,0,0,0,0,0
"676","2023-01-21",0.163762124714608,0.153285589363485,0.174209357636207,0.0868783129926257,0.0772609304421248,0.0966828055058238,0.140486445830073,0.130913138046008,0.14976027508935,0.113667613947961,0.103692719146497,0.124450722118119,0.0501379504683808,0.043199959061324,0.057578374615716,0.0560337564958261,0.0508754630260735,0.0613914864202353,0.028612872135104,0.0236430736923856,0.0336982511734509,0.0571791800561219,0.0521491231789742,0.0623214344673631,0.0333160978978881,0.0299753749334959,0.0364489640032762,0.0285940649671075,0.0224213056982071,0.0352038664779659,0.0669604563977688,0.059886247709033,0.0743875995491098,0.0254136098295973,0.0236947471663532,0.0277970641037575,0.0209201890442918,0.0172932740149231,0.0247758943517095,0.00486861064471279,0.00267469553857214,0.00675911407064319,0.0731494569428592,0.058289603649553,0.0872085651438309,0.00861347566454572,0.00711233018222777,0.0103170258303696,0,0,0,0,0,0
"677","2023-01-22",0.163810073534745,0.153387053081972,0.174514473748569,0.0868398845035441,0.0771844193920975,0.0964002289892002,0.140556483915869,0.131133894324346,0.149506806346289,0.113401083603351,0.103634366226084,0.124319427692989,0.050460637209805,0.0432930377410345,0.0579123755671141,0.0559488218213978,0.0507333545033938,0.061297419697151,0.028745640511967,0.0236364904470645,0.033894782663121,0.0572589164319478,0.0522019008849544,0.062595976952318,0.0332808884078305,0.0300533075565412,0.0363335056589691,0.0285003828105738,0.02218512047722,0.0350567942120922,0.0668892559840788,0.0599727488979913,0.0743146047628084,0.0253992216094318,0.0236972647503453,0.0277855189917976,0.0208784708254395,0.0173427998923384,0.0246802684469493,0.00492421440006111,0.00279527260524808,0.0068117826744411,0.0732024413745568,0.0580727560332006,0.0873629627336272,0.00858777779261517,0.0071020480553941,0.0103027969238652,0,0,0,0,0,0
"678","2023-01-23",0.163869286080455,0.153193942396166,0.174378585901624,0.0868025115112393,0.0771195958952608,0.0963375319855009,0.140665876431125,0.130719151200781,0.14967282708818,0.113227045489577,0.10347731301906,0.124063128561507,0.0507973849364826,0.0435305615055768,0.0582391723495519,0.0558935934497909,0.0507170746281213,0.0614004153848354,0.0288811331986728,0.0238216747439225,0.0340554639826668,0.0573498206227019,0.0522160252044635,0.062594128519673,0.0332614284171476,0.0300646361381145,0.036283591589475,0.0284354393611535,0.0220466313621966,0.0351375135102898,0.0668217582523183,0.0596944184924681,0.0740296929964627,0.0253853058066766,0.0236561274617874,0.0277154125980752,0.0208456686172381,0.0171905185075267,0.0246771008497912,0.00497229547499345,0.002861959946024,0.0068545313923115,0.0731897532335713,0.0577027957245183,0.0873888903018558,0.00856747430981313,0.00712589128625172,0.0102313807065313,0,0,0,0,0,0
"679","2023-01-24",0.163972647460094,0.15369593894986,0.174565761363382,0.086736717540133,0.0771200965509038,0.0965248585429676,0.140756347538151,0.130976522332507,0.149599194856546,0.113036880822239,0.103392887442248,0.123383750090971,0.0511410325840524,0.0438345909205316,0.0585317525518025,0.0558228459393096,0.0507023271498651,0.0610800671147716,0.0290397197839879,0.0239138807553619,0.0341688825647527,0.0574332998733645,0.0523100775168685,0.0626549023244157,0.0332290204625257,0.0300015597828714,0.0362926649864914,0.0283457944700146,0.0220407447940094,0.0350659583151564,0.0667719241504419,0.0597063373623115,0.0740531764166512,0.0253731960035926,0.0236586577053671,0.0277215573862477,0.0208168269815656,0.01730841194179,0.0247300803107455,0.00502593428044754,0.00295710128041095,0.00694048020251334,0.0731854040668909,0.057945587884174,0.0875270852159518,0.00853700841774405,0.00705390436873715,0.0101965007075352,0,0,0,0,0,0
"680","2023-01-25",0.164043833054778,0.153718929734558,0.174823907952371,0.0867363066245165,0.077280661551088,0.0965154188805203,0.140835215784641,0.13116911171226,0.149765449735902,0.112785568365857,0.103202367768701,0.123422483380551,0.0514604309285896,0.0441561781735863,0.0588957380554113,0.0557637332747195,0.0506746334788531,0.0609600016827495,0.029169311370919,0.0240964106389728,0.0344639094386749,0.0575175350818126,0.0524734011353619,0.0626732341512069,0.0331945307176097,0.0299502962923087,0.036270103526987,0.02826122533153,0.0220691366709434,0.0349511168782713,0.0666940886415183,0.0595422249526431,0.0738701272942142,0.0253627658757987,0.0236281941987543,0.0276509001018188,0.020787568535756,0.0173096433411546,0.0246818632733166,0.00508557262206702,0.00305900507128832,0.00702343871214404,0.0731915460028295,0.0586782888582154,0.0873989412898277,0.00851314084522954,0.00706647865461035,0.010148063556589,0,0,0,0,0,0
"681","2023-01-26",0.164054156760236,0.153280077205163,0.174617560655321,0.0866897068078115,0.0771329810139279,0.0966364911662597,0.140932009305434,0.131606826426639,0.149613528755068,0.112520198328757,0.102832012107695,0.122191257024286,0.0517267585633558,0.044485067174139,0.0595567536083669,0.0557018905869297,0.0507497624762302,0.0607845435174768,0.0292870924913775,0.0242815662628183,0.0344962618417159,0.0576167671199234,0.0525410110930967,0.0627908762969898,0.0331483787417626,0.0298101697501184,0.0361277064281286,0.0281760246259971,0.022021387533688,0.0346068329841466,0.066642345934554,0.0597962031699045,0.0738923905441531,0.0253554564713723,0.0236207515360391,0.0276525225848176,0.0207500794673552,0.0172002016743514,0.0246299981950327,0.00513433348353256,0.00306915326297664,0.00709475823232449,0.0732647358282903,0.0592552349864865,0.0871737984740469,0.00849000889869815,0.00706544107384137,0.0101547016222622,0,0,0,0,0,0
"682","2023-01-27",0.164132459973025,0.153654176337234,0.175032509472793,0.0866640889296881,0.077261571411448,0.0962811546410148,0.140974836543022,0.131872440597311,0.149747351298975,0.112326630957232,0.102843038411989,0.1220724321644,0.0520147065576674,0.0446972512789627,0.0594419014284238,0.0556321750105196,0.0504990620254704,0.0608377228727945,0.0294444401673471,0.0244783055784909,0.0346925447600588,0.0577056999356925,0.0525219114117006,0.0627980872868022,0.0331237689595749,0.0298127336681552,0.0361579183135811,0.0280831845510714,0.0219226225889342,0.0344943157684447,0.0665757927041753,0.0596077434362543,0.0738285619745111,0.0253417715844761,0.0236116921383738,0.0275766367330996,0.0207096849928295,0.0171259835815381,0.0247657217176087,0.00519795403055584,0.00316310181153992,0.00716442526067343,0.073287108561717,0.0595759695206854,0.0864024719137541,0.0084714083328211,0.00705677859996546,0.0101408782065956,0,0,0,0,0,0
"683","2023-01-28",0.1642014641984,0.153920282824758,0.174436697563849,0.0866567154568668,0.0770961298875203,0.0961781606823684,0.141061067803492,0.131744318133509,0.149705756109692,0.112054535731917,0.102604136341992,0.122001557291006,0.052360201682182,0.045338394779849,0.0598374571705077,0.0555361562167823,0.0505410466372691,0.0606708327375303,0.0295753165214663,0.0245755537853521,0.034618601010063,0.0577857688553517,0.0526599652713644,0.0629653949854587,0.0330894208794609,0.0298808399637339,0.0360943722655543,0.0280060657547331,0.0219168103526497,0.0342473351133051,0.0664757031457056,0.0594922277093502,0.0736238200693352,0.0253281478147126,0.0235894130288758,0.0275782578133452,0.0206701573846194,0.0170903086825231,0.0245822278951172,0.00526771816166432,0.00321724847778137,0.00725403588221922,0.0734153035814322,0.060640460186329,0.0862920571235297,0.00844145771182651,0.00698929800288414,0.0100753730699301,0,0,0,0,0,0
"684","2023-01-29",0.164244686876293,0.15348766291135,0.174516550086129,0.0866310193564142,0.0771805518499243,0.0961497342753028,0.141170104874844,0.132352091763347,0.149803960206297,0.1118329641255,0.102429836306804,0.121825294754694,0.0526322762602992,0.0459410191313274,0.0599331924093914,0.0554704340333357,0.0503772326163977,0.0605981127375251,0.0296883420476797,0.0248241281822419,0.0347000476528564,0.0578685209161733,0.0527546214456407,0.0629046270321047,0.0330638376054363,0.0298179300027544,0.036014187474658,0.027926582683502,0.0219690020844787,0.0338357360277085,0.0663889303421189,0.0595363658726715,0.0736616585652903,0.02531441548973,0.0235896985309832,0.0275020177241476,0.020659137564893,0.0171598691935922,0.024398017204391,0.00532931264950833,0.0033112802760476,0.00725954060523578,0.0734759017143092,0.0615109978418708,0.0852445866646593,0.00841948163060247,0.00700121134702247,0.0100678617817033,0,0,0,0,0,0
"685","2023-01-30",0.164297997873567,0.153725696332246,0.174571670143631,0.0865236538594371,0.0771256247854824,0.0955745601448723,0.141326995731636,0.132591297703737,0.149895150625691,0.111666762312684,0.102272260572317,0.121447713757735,0.0526626304889994,0.0459188879654793,0.0602600429863826,0.0553779180166092,0.0504118006887511,0.0605300309206198,0.0296822153302172,0.0246486707861414,0.0346419536933872,0.0579179136073275,0.0526700977518373,0.0630287345092251,0.0330347649302174,0.0297450544074059,0.0359661032487425,0.0277146687383308,0.0216413237064452,0.0339467225999456,0.0661208635991289,0.059149660240068,0.073303825343843,0.0253001067271584,0.0235695427337319,0.0274711857041656,0.0206823534643459,0.0172319884709178,0.0245371116939145,0.00537611229345293,0.00335429818364533,0.00733924042951482,0.0745290065179369,0.0616264692319461,0.0871821335252947,0.00839779190551076,0.00695409731454792,0.0100379227287714,0,0,0,0,0,0
"686","2023-01-31",0.164379643423196,0.153840469384537,0.17494120270986,0.0863624157515624,0.0770038738483746,0.0955648350282068,0.141476051552337,0.132626429252845,0.149919646889701,0.111552624095338,0.101817060120006,0.121544851620828,0.0526810065587757,0.0456708116166488,0.0600530805613325,0.0553421472724281,0.0501964126740872,0.0605149338809336,0.0297183447775377,0.0247337553160693,0.0346733223925297,0.0579460678313188,0.0527669837453097,0.063127976065561,0.0329948853018257,0.0297003247702035,0.0359449101435696,0.0274991812351427,0.0214561371059613,0.0337523218955749,0.0658602547841064,0.0590130792663023,0.0731266876083297,0.0252874850412595,0.0235595087994925,0.0274510926792177,0.0207145198693245,0.0172458793189439,0.0245264665180667,0.00541417158643084,0.00334169490615815,0.00729045217158649,0.0754184997056582,0.0617554494987035,0.0888999713399925,0.00837917990329756,0.00692210366518555,0.00998731859424177,0,0,0,0,0,0
"687","2023-02-01",0.164390623347813,0.153982954173252,0.175110585303923,0.0861930061931755,0.0768256818862262,0.0951179523415352,0.141626845890205,0.132859828803637,0.150204870662575,0.111366292383327,0.101746641308241,0.121141660554551,0.0527288028396727,0.0457562872852566,0.0602009384231938,0.0552893756842209,0.0500861436464849,0.060532422564407,0.0297182483020798,0.0247290030904441,0.03457732581589,0.0580155534656425,0.0528521493653656,0.0633962052885945,0.0329865845365528,0.0297657984637519,0.0359585459972443,0.0272738874886808,0.0211272698531704,0.033575929521202,0.065593674138298,0.0587289080314624,0.0728821555097841,0.0252772782105334,0.0235460195381108,0.027462043598718,0.0207409384341598,0.0172345161512622,0.0246742876510238,0.0054519624025846,0.00339841240418195,0.00741199209596868,0.0763401628693872,0.0622440807115023,0.0899108840720902,0.00835634561544648,0.00691687927009234,0.00997316287100307,0,0,0,0,0,0
"688","2023-02-02",0.164398822402406,0.153977115711128,0.175090903112268,0.0860699261046015,0.0766092875471176,0.0952104397833281,0.141760525174904,0.133128397537039,0.150404152924293,0.111263613272062,0.101765695574364,0.121370117729102,0.0527267207598329,0.0456919646798573,0.0600147200246911,0.0552373100651641,0.0502905129995459,0.0603596666323773,0.0297431441094466,0.0248190803528891,0.0346017682781823,0.0580768222430536,0.0529335934758126,0.0633077189906349,0.0329663241645925,0.0297609423455137,0.0358872937845508,0.0270574409351056,0.020772528979495,0.0334712165824278,0.0653316324840474,0.0584029550603069,0.0727227217058321,0.0252616698693824,0.0235334771702149,0.027433804789279,0.0207608839745135,0.0172592289509869,0.0246226724807298,0.00548515564934703,0.00347122047369501,0.00745840588983323,0.0773850182511977,0.0631216421740099,0.0916624661524115,0.00833764051170362,0.00686345793671398,0.00993172364895025,0,0,0,0,0,0
"689","2023-02-03",0.164434798006595,0.154539368501043,0.174919942209902,0.0859314280360743,0.0765710878470706,0.0954027881770574,0.141914752803472,0.132705810959726,0.150593853346798,0.111041098528336,0.101535504356663,0.120972714212099,0.0527746601454704,0.0455061053060074,0.0600423961806298,0.0551911516874867,0.0501522251400211,0.0603228676352058,0.029773019543342,0.0247245627665632,0.0346356960495438,0.0581212987947054,0.0530398199878925,0.0631206294404516,0.0329351138123725,0.0296473444507806,0.0358955609380219,0.0268345147821414,0.0205205291272771,0.0331990808418336,0.06509748039855,0.0582697203029765,0.0724187112387716,0.0252487177524774,0.023522187671616,0.0274149086254693,0.0207762937164794,0.0172090326818139,0.0245382902230912,0.0055249654912696,0.00346038739399836,0.00745131030773039,0.0784072052541613,0.0639261001557501,0.0927342802896338,0.00831280444635644,0.00683034224350317,0.0099180900516121,0,0,0,0,0,0
"690","2023-02-04",0.164474924609216,0.154252083483705,0.175061340569823,0.0858391740529588,0.076517409283327,0.0953538743360579,0.142007104826248,0.133437116393979,0.150673221052341,0.110915879537441,0.101267364564665,0.120876505597464,0.052830697890617,0.0456123354583974,0.059892133948673,0.0551246970863364,0.0500764986473246,0.0602624955830852,0.029776034051397,0.024982193648396,0.0347389184192619,0.0581851488455939,0.0532221138550757,0.0632031841956181,0.0329052784077552,0.0296340787616735,0.0358485654239231,0.0266193459412554,0.0202924006452249,0.0330136388124714,0.0648668399616312,0.0581916596091336,0.0722445172890841,0.0252353561482453,0.0235126625518504,0.0273186671954736,0.0208064598812618,0.0172475218414874,0.0244798440868438,0.00556025324857734,0.00351884626078623,0.00751373547512311,0.0793549770476108,0.064871684523845,0.093709696267281,0.00828917051184435,0.00682763197775891,0.00985250639635636,0,0,0,0,0,0
"691","2023-02-05",0.164513347549824,0.154907434754391,0.175109413836934,0.0857411863725284,0.0761336155108155,0.0952495948353122,0.142139025183829,0.133563301103026,0.150508563949121,0.110772771354722,0.101057304124764,0.120756712750767,0.0528439784502141,0.0459265885554833,0.0598176784155375,0.055073533335767,0.0501507053020737,0.0600948597555593,0.0297991771645438,0.0250203900331987,0.0344987676193701,0.0582399716978947,0.0531970511410318,0.0633213427870211,0.0328797465966591,0.029659426262269,0.0358226107848842,0.0263879298242825,0.0200149198655548,0.0324076635906993,0.0645967052633882,0.0581672795555855,0.0716582419907213,0.0252223122503268,0.0234922188327299,0.0273658806853442,0.0208475460673775,0.0173522473593047,0.0245714713802044,0.00560565518800532,0.00360785399643468,0.0075595262549654,0.0803879616862434,0.0654562118522523,0.094478475102767,0.00826757771633867,0.00682339975458303,0.00984708894009376,0,0,0,0,0,0
"692","2023-02-06",0.164573165814577,0.155341462775854,0.174723023135747,0.0855969313131623,0.0763451668456372,0.0947836346291279,0.142271431912027,0.134166337009929,0.150870175211665,0.110637196206087,0.100919206146959,0.120617524717816,0.0528438991761167,0.0462102333033556,0.0597560093733758,0.0550158570759949,0.0501635578015587,0.0601568683452233,0.0298235542044428,0.0250476609482909,0.0347105369421647,0.0582931335966893,0.0534236643064918,0.0632627090018816,0.0328501162332424,0.0295638193275918,0.0356735006716478,0.0261662241844539,0.0196188313481055,0.0319291850135391,0.064316121242186,0.0577957015670338,0.0712195913693617,0.0252131924415111,0.0234830189864844,0.0273310643540059,0.0208722777558499,0.0174447216788967,0.0245898315935268,0.00565720669397375,0.00366611837625197,0.00756931499335386,0.0814273274338874,0.0668763742875644,0.0951991419978504,0.00824835361266119,0.00679896743003935,0.00979524099060169,0,0,0,0,0,0
"693","2023-02-07",0.164615112762318,0.155510851121101,0.1747196155616,0.0854874371623562,0.0764494877969156,0.0943675534092552,0.142408889050864,0.134343750485002,0.151012520729003,0.110526872231813,0.101124760090959,0.120320085095899,0.0528864266176921,0.0463781100486556,0.0598579430908191,0.0549517056476494,0.0499595710842115,0.0599810741539948,0.0298266600046051,0.025035379640644,0.0345094850378045,0.0583311299636598,0.0536363256437727,0.0632401220929168,0.0328135177163923,0.0296296597780489,0.0356400994827863,0.0259445855523911,0.0197168343308364,0.0316071286301751,0.0640216050321338,0.0576746590783428,0.0708851083800266,0.025197162053957,0.0234658448112158,0.0273166765979046,0.0208974314529005,0.0175118907268786,0.0244223576974007,0.0057007666212382,0.00372735941525213,0.0075403255897231,0.0824200140804569,0.0683995695296778,0.0955588063350958,0.00822733745752184,0.0067928254857778,0.0097406816755357,0,0,0,0,0,0
"694","2023-02-08",0.164591630442916,0.155381002058757,0.174443058193605,0.0852852468417639,0.0763560818000819,0.0938858205120507,0.142539778882291,0.134444832104782,0.150866828649522,0.110414058922862,0.101007569900201,0.120156325156126,0.0529173128719646,0.0464084690243997,0.0595949221516597,0.0548918280792464,0.0500152551289202,0.060034144168989,0.0298295169496028,0.0252682314797687,0.0346472994098299,0.0583774497794242,0.0536067165138753,0.0633119677516035,0.0327956940193171,0.0296244256880032,0.0356610130125541,0.0257104499180354,0.0195981668011218,0.0314664124827869,0.0637440402267437,0.0574329591539786,0.070388525902913,0.0251768816691374,0.023444343991773,0.0272264019548391,0.0209410221049103,0.0176414693587221,0.0244826626286481,0.00574270864082719,0.00388282732610615,0.00760928842471447,0.083436491412496,0.0698087696052346,0.0964812116142695,0.00820715133140306,0.00677143767657051,0.00973329242090502,0,0,0,0,0,0
"695","2023-02-09",0.16461697700999,0.155562465235876,0.174092793381575,0.0850999151911924,0.0765046385188864,0.0934945896170593,0.142687657559546,0.134587167819085,0.151062030240465,0.110268937923981,0.101403202841979,0.119502109070179,0.0529242886464994,0.046715580649909,0.0594756955960808,0.054842434619979,0.0500527499624801,0.0598875525569539,0.029822442794854,0.0254007360724959,0.0346209599411762,0.0584034281820793,0.0535486986676239,0.0632096890031593,0.0327615037788593,0.0296343982143845,0.0356421902560294,0.0255135568929819,0.0195589747038321,0.0310628842170271,0.0635456393672481,0.0573662907736492,0.0699915269173824,0.0251680411700613,0.0234688215785929,0.0272505531870889,0.0209594748488141,0.0176740535646457,0.024443707969673,0.0057759479922308,0.00397797738630351,0.00758386118932222,0.0843900320309565,0.0717294615898129,0.0970747379663921,0.00818854182308177,0.00676178244398793,0.00969781354209846,0,0,0,0,0,0
"696","2023-02-10",0.164638835734557,0.155798640525299,0.173825953819714,0.0849975825264214,0.0768777085947747,0.0931319559604854,0.142871694104428,0.134732157387643,0.151117411621593,0.110149273645426,0.101278038303601,0.119215593272986,0.0529587215214448,0.0471185113693926,0.0592560049564609,0.0547890548914238,0.0499994116640495,0.0596776358439481,0.0298369518760109,0.0252568400406462,0.034512713922867,0.0584640131608678,0.0538217756806743,0.0631272728147354,0.0327261393985279,0.0296015590945333,0.0355288551537968,0.025324727913584,0.0199348093752037,0.0304864733605069,0.0632591678384868,0.0571644637590806,0.0696362695941806,0.0251614313852566,0.0234806868346214,0.0272432585577257,0.020974936491639,0.0178003436275698,0.0242620260370421,0.00581875004213489,0.00404760919271168,0.00759296115787297,0.0853892584520826,0.0734122975603241,0.0971326972344677,0.00816612954661139,0.00672622454420455,0.00966339039907332,0,0,0,0,0,0
"697","2023-02-11",0.164650161287176,0.156286453469526,0.173688615759124,0.0848710274886939,0.07736831332255,0.0924238740432771,0.143017184308597,0.135229345403515,0.150813450060086,0.109940575059174,0.101366948384428,0.118733948807835,0.0530123216085644,0.0473492698741051,0.0590086011922619,0.054719903459878,0.0498524998726302,0.0595071495454261,0.029829684853207,0.0254952727977078,0.0343749701296672,0.0585043311457029,0.0540295160764237,0.06310349437884,0.0327020895491272,0.0295376150488172,0.0355165493386679,0.0251027401161267,0.0199625117335795,0.0299500851993594,0.0629631091488006,0.057175874452642,0.0690747321970689,0.0251459358066229,0.0234686870989246,0.0272240023172506,0.0210085100432851,0.0178381414041133,0.0242615327215341,0.00585587775184702,0.00407257223387821,0.00756214248722111,0.0863590850528302,0.0756648607659991,0.0968708608924738,0.00815121695864551,0.00671941261769838,0.00963551841403327,0,0,0,0,0,0
"698","2023-02-12",0.164666503010809,0.156152199467207,0.173258230648212,0.084724691240328,0.0776427949162053,0.0919133894053797,0.14313585559591,0.13538202368684,0.150873267426247,0.109747327246215,0.101698556718242,0.118058301327978,0.0530482784104527,0.0476697424097319,0.0586226273133659,0.0546578336149127,0.0500219757799921,0.0592474435599019,0.0298287415604924,0.025618542897162,0.0340904662357309,0.058556520877545,0.0540957204685145,0.0631476443036725,0.0326717921027315,0.0296535761847264,0.0354195167267296,0.0249098122675391,0.0202068480439395,0.029313872995672,0.0626836022710167,0.0569960754272846,0.0686684355067662,0.0251460874145325,0.0234835658505127,0.0272843679625571,0.0210091400293243,0.0177972735109804,0.0240793105385735,0.00589362014381208,0.00418112547508508,0.00758073523969234,0.0873451827241654,0.0780654521197058,0.0964347086716422,0.00813075110752971,0.00673525630341824,0.00959304050087416,0,0,0,0,0,0
"699","2023-02-13",0.164570450230401,0.156026975655149,0.173396615342606,0.0846706568341502,0.0772598907804645,0.0918773061777659,0.142910103585418,0.13526215421626,0.150648013455503,0.1090779323541,0.101123142189587,0.117315589360897,0.0530647651436438,0.047516164293104,0.0590454605581398,0.0546324227754557,0.0500273179060562,0.0593551668452042,0.0298615079465352,0.0254979114810125,0.0342716811375607,0.0585183349835145,0.0541016867447759,0.0629912198414342,0.0326419975196416,0.029632776331966,0.0353990017395973,0.0254580057190744,0.0203958697711712,0.0301004985634644,0.0626473840722982,0.0566519301327318,0.0684960060717279,0.0251337529963551,0.0234486770411613,0.0272424783459104,0.0209853884282696,0.0179283571155251,0.0241401743524745,0.00599600549204536,0.00428305999672824,0.00765953363196617,0.0885185303057385,0.0778806378002693,0.0988862970331875,0.00812562522032306,0.00672455368238929,0.00960258330175905,0,0,0,0,0,0
"700","2023-02-14",0.164538840739346,0.156168018598334,0.173109801994814,0.0846155041805672,0.077201644178923,0.0919627518629501,0.142666920533203,0.134727245096608,0.150381025962905,0.108419238615762,0.10030233730411,0.116516733593214,0.0530413962070344,0.047351528136052,0.0589630851607347,0.0545810450895173,0.0498962082929384,0.0592433321814256,0.0298960694466195,0.0256342556783747,0.0342277009203771,0.0585197378089809,0.0542081035218181,0.0630562374589733,0.0326154075390101,0.0296077214814396,0.0354365866441272,0.0259927609823547,0.0207671983088251,0.0308071469878923,0.0626448422283063,0.0565522362673965,0.0683335161549712,0.0251260304415272,0.0234913449613161,0.0271531994650838,0.020977713919516,0.0179853657216955,0.0241006133741122,0.00609811044031093,0.00439593041668246,0.00775768252653113,0.08959746661313,0.0781809064431272,0.100944295843309,0.00812314334847062,0.00672601746336999,0.00963747250030525,0,0,0,0,0,0
"701","2023-02-15",0.164457754767774,0.155844850683298,0.173419933143308,0.0845646287335051,0.0767874069497197,0.092032538800358,0.142393050842346,0.134604424226397,0.150039727437761,0.107762522370769,0.0994225535712723,0.115783108606319,0.0530256877389846,0.0472406851858882,0.0592443182303464,0.0545377127941434,0.0499116676559993,0.0591210651039863,0.029928191888721,0.0256579436211712,0.0343796704877882,0.0585210431186725,0.054036849684002,0.0629219011043625,0.0325894605173455,0.0295631753927569,0.0353671597316678,0.0265552347520998,0.0213653358675269,0.0314591473932544,0.0626169540038536,0.0566726110264191,0.0684722741717459,0.0251156462384166,0.0234605979564211,0.0271696612441079,0.0209452357544553,0.0179971789797319,0.0241625231978986,0.0061939253872846,0.00452773533990842,0.00790908468837131,0.0907065040368265,0.0787469244480871,0.102254751345289,0.00812505968104837,0.00672202853356377,0.00961184037856091,0,0,0,0,0,0
"702","2023-02-16",0.164396258882895,0.155671371488008,0.173190260265888,0.0844929937138425,0.0767107028622932,0.0925336853051376,0.142175817641693,0.134560853857288,0.149964095275819,0.107109517868847,0.0990034498693477,0.115584545861941,0.0530161761574408,0.0470490705775113,0.0590730976211683,0.0545029611687377,0.049970533138119,0.0592813749722374,0.0299773931819703,0.025788420635889,0.0342955487305503,0.0585107839126766,0.0539371670480982,0.0629529785363919,0.0325691467909246,0.0295729222503461,0.0352675493210169,0.0271310973717219,0.0217936633769484,0.0320754303589946,0.0626000328405021,0.0568330753469343,0.0685612264215679,0.0251034781755406,0.0234623859606338,0.0271764003390095,0.0209218841733839,0.0178444219913872,0.0242223716965255,0.00629229985148523,0.004633993019671,0.0080081621681135,0.0917512906851793,0.0796143869753896,0.103323737236112,0.00812484073404896,0.00675173306068725,0.00961022327179113,0,0,0,0,0,0
"703","2023-02-17",0.164339161966763,0.15553031129474,0.173334167424036,0.0844216332014893,0.0769359804061613,0.0923404562085117,0.141899040803984,0.134353358610268,0.149445876128228,0.106519138078966,0.0984356985630689,0.11468776967039,0.052987907792683,0.0469163594020023,0.0589818021645397,0.0544894050591007,0.0498985721885224,0.0592696294862492,0.0300136106925804,0.0258933327276271,0.0343513793095159,0.0584901837948156,0.0540543503733058,0.0629184823937474,0.0325500979994367,0.0295009987203689,0.0353308219558147,0.0276761913312215,0.0225160739778776,0.0325375134792241,0.0625457629623275,0.0564863405941469,0.0683935027479249,0.0250905248906256,0.0234546965374635,0.0271713505661291,0.0208817126735244,0.0177380963162884,0.0240263748189519,0.00638829428496277,0.00474024172764526,0.00811970637673778,0.0928840748625141,0.081004093250115,0.104625515160401,0.00811904287471165,0.00675946048860957,0.00961779271495097,0,0,0,0,0,0
"704","2023-02-18",0.16425773893774,0.155495716262277,0.172844397458632,0.0843814201923402,0.0768340788957505,0.0920180318172646,0.141673486594856,0.134036513597089,0.148939254289407,0.105928664581862,0.0979770853860138,0.113594936091029,0.0529647003321943,0.0472153739734986,0.058840442143438,0.0544419628661728,0.0499503671791958,0.0591139624350177,0.0300465932311674,0.0259892070639572,0.0343039080003936,0.0584916933575495,0.0540479754161199,0.0629695714922556,0.0325203011974112,0.0295057559313229,0.0352948150627476,0.0282363296497126,0.0233479702718528,0.0331395848996335,0.0625037192605337,0.056708898758028,0.0683587346962972,0.0250806080173325,0.0234338317142735,0.0272257856562331,0.0208650966035696,0.0177113061303639,0.0238707225711646,0.00648046765958755,0.00486903625066462,0.00822847118307228,0.0939948172931369,0.0825211873641919,0.106000369258752,0.00811365145062001,0.00673787728974544,0.00958810327049007,0,0,0,0,0,0
"705","2023-02-19",0.16422270154511,0.155584559975948,0.172836484665002,0.0842893474761631,0.0769727170509204,0.0918903234577794,0.141428581940722,0.133902605426439,0.148713619222974,0.105244633355873,0.097238472114612,0.112998063445394,0.0529728622425917,0.047186738501867,0.0590004161167215,0.0544049404658689,0.0499641362121722,0.0590014742201769,0.0300959848557459,0.0261255750721659,0.0343849250546089,0.0584853116159233,0.0540047731673401,0.062852657093757,0.0325063486821807,0.0294113078632646,0.0352246992292086,0.0287948035441581,0.0241405767093816,0.0336577462950612,0.0624544830556365,0.0570384334224804,0.0682922476379701,0.0250718662609814,0.0234138987860261,0.0272750623127592,0.0208412483300468,0.017720021105888,0.0238729492407308,0.0065734907733161,0.00496292821530024,0.0083704865982864,0.0950817984317232,0.0843133746730398,0.106195882052867,0.00811192739548559,0.00672599650951094,0.00959206962121887,0,0,0,0,0,0
"706","2023-02-20",0.164174910007967,0.155871879395518,0.172680902702127,0.0842592004359822,0.0768867882885378,0.0915271868033923,0.141206187265302,0.133798292844195,0.148403791228278,0.104607072600816,0.0970992256290141,0.11185426384029,0.0529787152951738,0.0472843240755226,0.0588047066373371,0.0543669510804873,0.0498848564852141,0.0589923702878484,0.0301320679542963,0.0261176184915361,0.0344984514309921,0.0584734077166558,0.0540205028661072,0.062702885802639,0.0324783732087733,0.0293542651944101,0.0352233242776337,0.0293728784070894,0.0248564042358251,0.0339743583995105,0.0624127436450695,0.0567695906171145,0.0680728232544013,0.0250598335364493,0.0234041966972155,0.027226435993212,0.0208220809629868,0.017768120225913,0.0238539883855335,0.00667696824911351,0.00507522654875454,0.00840455811350243,0.0962745399829704,0.0859157288053475,0.10653636218034,0.00810837738496514,0.00674003017333266,0.00957425554689156,0,0,0,0,0,0
"707","2023-02-21",0.164151039051817,0.155857591284838,0.172887208747358,0.084209687969268,0.0772271128233224,0.0913257622866117,0.141008273835641,0.133809163189562,0.148158060295155,0.103943026588273,0.0965489238042243,0.111027941879987,0.0530549811823147,0.0475170396320326,0.058561732230891,0.0542884693861657,0.0499099460872421,0.0587744723540562,0.0301633634099622,0.0263763773814381,0.0343716176191452,0.0584635342227924,0.0541409343198176,0.0626367850339131,0.0324563034901108,0.0293871315565187,0.0352182419787068,0.0299834890865334,0.025753589671638,0.0343733405988371,0.0623556860647241,0.0570070499247599,0.0676196365526197,0.0250500785932325,0.0234251121335471,0.0271686985047648,0.0208180081070637,0.0178230189777876,0.0238181874229472,0.00677561279351832,0.00512656366294081,0.0084581916367966,0.0974244158252782,0.0879250713140859,0.106913525210495,0.00809973796927713,0.0067419301896409,0.00957809815944875,0,0,0,0,0,0
"708","2023-02-22",0.164113410107089,0.156253009733985,0.172794642565521,0.0842351581366443,0.0777620729074143,0.0908781707443572,0.140808123923868,0.133909238031229,0.147718823096787,0.103270767925737,0.0963001952265777,0.110245515799916,0.0530465099304313,0.0478848433562627,0.0582325620089613,0.054240981114489,0.0499133428031436,0.0586496995025051,0.0302022204453333,0.0264882025318424,0.0340172679813931,0.0584468165824578,0.0540997610878081,0.0626981156385056,0.0324359164878647,0.0293594209193813,0.035216021954918,0.0305453703490037,0.0267431993488477,0.0345363652193886,0.0623432926861389,0.0572808529025657,0.0676147576211519,0.0250416942835138,0.0233704751467068,0.0271412515748557,0.0208010887610351,0.0178902585841054,0.023770919152415,0.00687998267622623,0.00518532790030883,0.00858433538931762,0.0986090917096659,0.0905013441633146,0.106518194165812,0.00809912373250217,0.00673789532844654,0.00954494828907619,0,0,0,0,0,0
"709","2023-02-23",0.16380001747017,0.155261851121673,0.172847672282385,0.0838782917008758,0.0767796588946345,0.0912287693524042,0.140936510502687,0.133356529284771,0.148241351041519,0.102711137898152,0.0950338263787777,0.110192383551523,0.0528347960716438,0.0473961855797609,0.0584652847014119,0.0541300810898127,0.0498022249114359,0.0586891629647097,0.030116405258003,0.0261686250242412,0.0341947862418356,0.058465326485676,0.0539970381940249,0.0629393672334291,0.0324068515489132,0.0293079888540952,0.0351868760042058,0.0306273845184393,0.0261879603644802,0.0351272987804988,0.0620101521768372,0.0567359890267667,0.0676862780414314,0.02502170286623,0.0233702522974247,0.0271416625781105,0.0207757493234342,0.0177684740354655,0.0238689135001245,0.00689831566222913,0.00514280118991974,0.00874254028142425,0.100749009956911,0.0906792889897884,0.110848655513766,0.00807724014239575,0.00673862219212422,0.00955955943796162,0,0,0,0,0,0
"710","2023-02-24",0.163559287805516,0.154793945375461,0.173043563975217,0.0835456840479964,0.0760345929748342,0.091441059741483,0.141076157563206,0.133274080525346,0.148928497945206,0.102214670185399,0.0940533983439702,0.110085532598457,0.0526112392336715,0.0466952402153361,0.0588191134752072,0.0540019840435335,0.0496199186769346,0.0587229367742821,0.0300650927578803,0.0257469996322285,0.0344379983578303,0.0584703622897595,0.0539314376096393,0.0630383470722695,0.0323778852418096,0.0291850602474887,0.0352250753098529,0.0307578564693476,0.0257586740652661,0.035783563839991,0.0616868619195694,0.0562224045593579,0.0676065782772756,0.0250078980403707,0.0233812829172632,0.0271312405562683,0.0207610559438836,0.0176573740378071,0.0239660254546008,0.006908899534199,0.00510405242491267,0.00881116054847268,0.102875396425096,0.0911881740055877,0.114504078289086,0.00806076931831218,0.00668137942185511,0.0095384976513289,0,0,0,0,0,0
"711","2023-02-25",0.163267849484379,0.154058070658608,0.17303716705309,0.0832008003986511,0.0755071659445157,0.0917740149126907,0.141192137147253,0.132911649669848,0.149382868672994,0.101725351708098,0.0931374518164795,0.109908316259094,0.0524261760053754,0.0461531103257337,0.0589785880461696,0.0538873380822226,0.0493684798785515,0.0586989326852705,0.0299964160548829,0.0256552232034065,0.0346908163461609,0.0585081515542631,0.053814818100926,0.0632171112580678,0.0323467604002404,0.0290700321321297,0.0352250632127284,0.0308841603908472,0.0255243880853533,0.0363334527068931,0.0613847583424815,0.0555525262120827,0.0675977053626333,0.0249957028003469,0.0233584451025073,0.0271258079370766,0.0207314353528219,0.0175461223742828,0.0240725442198518,0.00692021528586799,0.00511230728121234,0.00892849342037087,0.104920901720889,0.0918313060082213,0.118065569837357,0.0080428699364609,0.0066543403885326,0.0095461838700603,0,0,0,0,0,0
"712","2023-02-26",0.162980423519903,0.153774294891204,0.172801419955394,0.0829348533216958,0.0745009610116131,0.0918966465314633,0.141345632280484,0.132898915184081,0.149744798095261,0.101170929238766,0.0919675257687347,0.109775369491996,0.0522351764778388,0.0456079141168627,0.0589898331501325,0.0537660503615862,0.0491370636920511,0.0586791641459029,0.0299251407331927,0.0254135370713314,0.034742739194083,0.0585143249960831,0.0535683987803822,0.0634646728416759,0.0323258866739196,0.0290212512484555,0.0352071920213666,0.0309825240346471,0.0251741155984321,0.036809936716439,0.0610794272523808,0.0549318483915205,0.0674415073313124,0.0249863361882405,0.0233644838958561,0.0271266359829497,0.0207064387023066,0.0174773412317264,0.024192207034148,0.00692580391300783,0.00508334441231167,0.00891354315457592,0.106981606287957,0.0927931093152607,0.120971331376453,0.00802027232029644,0.0066281123693232,0.00960496110379235,0,0,0,0,0,0
"713","2023-02-27",0.162663544050075,0.153252574121368,0.173150793377094,0.0825437639933832,0.0736333692120108,0.0916553562715318,0.141479253688999,0.132287571588654,0.150434376238019,0.100582593775359,0.0910393888981874,0.109665795363752,0.052046023567732,0.0451451840262704,0.0590067874944552,0.0536559257934698,0.0489995325126957,0.0586715058434298,0.0298386477350347,0.0251557814077882,0.0348442125343395,0.0585231337601726,0.0535105173588428,0.0633890400089026,0.0323029440261155,0.0288800538419975,0.0351952767065927,0.0310803577856626,0.0249000877005112,0.0371070726491871,0.0607961386671996,0.0543383371306913,0.0675083460241521,0.0249724138172371,0.0233401104018862,0.0271433432514714,0.0206932877763915,0.0174142512623823,0.0243732494432592,0.00694090131123412,0.00504798093065798,0.00900544011122612,0.109110655306362,0.0938746635274404,0.123925629291484,0.00799851960518293,0.00661091664018975,0.00951890652243349,0,0,0,0,0,0
"714","2023-02-28",0.162339538574572,0.152290369603588,0.172993487637879,0.0822276785984882,0.0731812011764132,0.0915811797934995,0.141677556356247,0.132552296770279,0.150997046497365,0.100046190361796,0.0903013812430753,0.109610371790252,0.0518102709533781,0.0449125301486575,0.0591581010220723,0.0535144421912776,0.0486049688320303,0.0585689773965861,0.0297727526412969,0.0250194429448392,0.0349097847475866,0.0585313443240276,0.0534565735238102,0.0636337407948534,0.0322797558925455,0.0288469748647956,0.0351810581140358,0.0311822506155705,0.0245719318008001,0.0374894866103133,0.0605038857182841,0.0540626779880774,0.0675978558736607,0.0249615621410108,0.0233236567883285,0.0271895152318568,0.020648990555248,0.0171723790154857,0.0243492732493282,0.00696147952260474,0.00500026620762231,0.00912258578414153,0.111089221428949,0.0948432074973561,0.12633690794814,0.00798018838050033,0.00656155613439869,0.00953346684077006,0,0,0,0,0,0
"715","2023-03-01",0.162036673786086,0.152012920784959,0.172908759985236,0.0818891737404907,0.0723614352945407,0.0915135343836783,0.141819615397326,0.132402591400397,0.151165827867656,0.0994479585502084,0.0892026871985666,0.109081718199247,0.0516103347705736,0.0444910314604552,0.0591332085529714,0.0534047609882622,0.0484452062970034,0.0587535540494422,0.0296935270231924,0.0247679283577975,0.035077632725201,0.0585333720839759,0.0533309156538329,0.0637028228754851,0.0322565011810233,0.0287659593484851,0.0352085537540605,0.0313144767996321,0.024429123983139,0.0379075425765766,0.0602013119491164,0.0534559469841488,0.0674156512675646,0.0249443069877756,0.0233115675263864,0.0272068815041358,0.0206213072382434,0.0170670138415717,0.0245039816570219,0.00698013808324879,0.00503971821858844,0.0090995463262381,0.113114194071735,0.0957609675970948,0.129641773929205,0.00795837402857366,0.00650197516819099,0.00950471905587933,0,0,0,0,0,0
"716","2023-03-02",0.161744823221748,0.151190913410124,0.172806337082861,0.0815464278359299,0.0717219372697671,0.0914502159467329,0.141972623200998,0.132595551959832,0.151715420649291,0.0988976542370334,0.0883470564211697,0.108834154309117,0.0513702449214939,0.044388930065076,0.0586591986685581,0.0532980810124993,0.0482540040635349,0.0587913113502472,0.0296078215708481,0.0244044979448566,0.035012129035814,0.058576175427244,0.0531521176869074,0.0638103386961182,0.032219167495437,0.028782456325522,0.0351350660203833,0.0314477110255204,0.0243703918711357,0.0382877384402967,0.0598779790643427,0.0528404205410592,0.0674009888259253,0.0249277837941908,0.0232638718344829,0.0271967321149546,0.0206007370525403,0.0169404653478472,0.0244461576214783,0.00700176061090248,0.00500736995645504,0.00918771423490349,0.115181960365801,0.0965695846582132,0.132255742038403,0.00793911704504158,0.00646187504048198,0.00949629377379673,0,0,0,0,0,0
"717","2023-03-03",0.161480329118116,0.150561481903246,0.172108786356635,0.0811818550024903,0.0709354914083392,0.0913687276824098,0.142110526734205,0.132450361412679,0.151974131101839,0.0983355482665599,0.0875581574688076,0.108457372061873,0.0511844319871926,0.0438273153481465,0.0587423772432783,0.053179031472549,0.0480462839305245,0.0587308798872627,0.0295031553056758,0.0243175739423724,0.035096271033432,0.0585877394542399,0.0531787157135071,0.0637706001059208,0.0321897946036803,0.0286150402417702,0.0351674068111541,0.0315623409638061,0.0242802189083275,0.0385896005120108,0.0595262891634513,0.0522403630758669,0.0671350112804697,0.024918390696024,0.0232507717427452,0.0271889011969797,0.0205703242016523,0.0169943321107605,0.024547760614805,0.00702532263969571,0.00498519751789432,0.00920324630794867,0.117234554301147,0.098605769224124,0.135436555952962,0.0079216867286424,0.00646751784907481,0.00954417022916693,0,0,0,0,0,0
"718","2023-03-04",0.161210495604825,0.150494993859656,0.171989135620288,0.0808543617080085,0.0701373191518081,0.0914134069858419,0.142279149149968,0.13245433602115,0.152539524360709,0.0977851845994055,0.0864650421072304,0.108128627573128,0.0509711204061589,0.043362897655715,0.0585804492810766,0.0530435702833846,0.0477401552583323,0.0585599730299248,0.0294375833382752,0.0240465842073848,0.0352119284945048,0.0586090116299946,0.0530506777715334,0.0638252550781846,0.0321725967606606,0.0286862421358271,0.035131395065823,0.0317054462583979,0.0243001608241869,0.0392285671130336,0.0592670013401665,0.0518900992742859,0.0668620191907241,0.0249033083848985,0.0232216791183514,0.027150454930072,0.0205339079708374,0.0168481630739443,0.0246197333735365,0.00704807419647293,0.0050005285477228,0.00927007904164983,0.119318516272177,0.100133114894089,0.137588070612165,0.00790495177047145,0.00645532936165026,0.00952763795968615,0,0,0,0,0,0
"719","2023-03-05",0.160899377255175,0.149616013454407,0.171807454279019,0.0804128987508518,0.0692806437251373,0.0909964185313556,0.142422136059842,0.132484639577586,0.152592261042251,0.0972533631841695,0.0859273051609902,0.107739640098454,0.050759631531192,0.0428258999532986,0.0586529512758512,0.0529394463922317,0.0476509770824903,0.0587372734562017,0.0293903734466714,0.0238616988951174,0.0353127245494189,0.0586002286859976,0.0531571577371013,0.0638862781833907,0.0321471445897256,0.0286224743371255,0.0351865036630057,0.031779677765065,0.0242433512336047,0.0393421731028225,0.0589184780490781,0.0512249158828498,0.0668459416622822,0.0248949343952909,0.0231830116522733,0.0271710293270979,0.0204936352151613,0.0166207377661222,0.0246677425011085,0.00706906698472207,0.0049311370516818,0.00937168998847477,0.121433896418651,0.101899154750901,0.140195775936827,0.00788242020277176,0.00638706952211743,0.00946825676697454,0,0,0,0,0,0
"720","2023-03-06",0.160646213858276,0.148975974037117,0.171972278479799,0.0800639686558943,0.0688577563513563,0.0910536174101944,0.142588273286356,0.1322839436835,0.15313937329002,0.0966268674859672,0.0849878016569439,0.10729705321325,0.0505552693712214,0.0424690193619598,0.0582738381337497,0.0528492194884992,0.047639897821444,0.0584968882584914,0.0292837056892359,0.0238313330859829,0.0353445148151549,0.0586276716683431,0.053111870821126,0.0639713811078006,0.0321297035344086,0.0284885197788531,0.0351511148377706,0.0319177090914692,0.0239667417229177,0.0396807370034639,0.0586110319729,0.0508841490988415,0.0661635797675265,0.0248792838545568,0.0231780727944336,0.0271545886566854,0.0204775227764987,0.0166116417145743,0.0248382262249327,0.00708570747414404,0.00483837295230699,0.00941880087001419,0.123487715270524,0.103126342474542,0.142794383293584,0.0078582797786665,0.00635362128371674,0.00945851601884842,0,0,0,0,0,0
"721","2023-03-07",0.160326446349222,0.14848232233125,0.171844091158514,0.0796870637512278,0.0685164043917429,0.0905877349145769,0.142733834207655,0.13264208923329,0.153548159375656,0.0960827741668833,0.0846454698751254,0.10695315219269,0.0503290805848674,0.0420384897427835,0.0580210304317098,0.0527369985315054,0.0475177697524157,0.0583623868635323,0.0291825193248557,0.0235489667447968,0.0352587594378672,0.0586346350995127,0.053043941617404,0.0639046431711494,0.0320980264867645,0.0285100857617444,0.0350773737273166,0.0320289936238152,0.0242276776160704,0.0398442834635684,0.0582714416210145,0.0506413707414659,0.0656640233846685,0.0248645451003102,0.0231530143209754,0.0271166605389692,0.0204546846724385,0.0165700303434938,0.024866658033467,0.0071094855533184,0.00491628800210294,0.00947110721421058,0.125495634995498,0.104946477504563,0.14508653083878,0.00783429197346036,0.00630648115006508,0.00942020630729336,0,0,0,0,0,0
"722","2023-03-08",0.160042917351376,0.14836420019265,0.171931473513383,0.079345737578926,0.0681752135927646,0.0905781117152851,0.142851966157969,0.13272919585542,0.153556405947482,0.095467882155073,0.0835466605058863,0.106571461843507,0.0501763214603949,0.0419378992547973,0.0581727526018998,0.0526240547629327,0.0474108335958356,0.0584279096235906,0.0290755503142856,0.0234429621502864,0.0352239958744537,0.0586584653846625,0.0532190758892132,0.0639850967379733,0.0320554889924349,0.0283274318241683,0.035102044817757,0.0321067090974439,0.0243397409220929,0.0403961210951658,0.0579739210484888,0.0503955181041428,0.0657595501876591,0.024852011229988,0.0231597905529279,0.0270446937549731,0.0204306828387671,0.0165334649685941,0.0247783167894315,0.00711594532191333,0.0049218813351059,0.00950705289494076,0.127468265271947,0.106157015158901,0.147610220583578,0.00781310129187001,0.00629097528818749,0.00940828638044871,0,0,0,0,0,0
"723","2023-03-09",0.159766220644577,0.147822334120006,0.171445132611755,0.0790789191285913,0.067655154568602,0.090375795218684,0.143022022818049,0.132886100644336,0.153988035128921,0.0949955029361847,0.0829561797780675,0.106432970080266,0.0499125036402827,0.0415215646146477,0.0580062839739292,0.0525012358630743,0.0472014471035215,0.0582196989695716,0.0289799399720165,0.0232689439126065,0.0350346055497374,0.0586552377460238,0.053035022227405,0.0640729652920359,0.0320321274704369,0.028375067729162,0.0349734595549999,0.0322119722514577,0.0241502755090115,0.040383288270063,0.057662996318854,0.0498206747962934,0.065451366314055,0.0248371184198567,0.0231373388825203,0.0271014327442009,0.0204151665694758,0.0165441795613516,0.0247338372519518,0.00713632952789994,0.00491838592110959,0.0095610837773519,0.129490712849102,0.109163032591041,0.150393628888755,0.00779202347633646,0.00626394256210015,0.00942417450121255,0,0,0,0,0,0
"724","2023-03-10",0.159438129664146,0.147593089974769,0.171278774163596,0.0787902796179338,0.0671318033991654,0.0900329285533671,0.143176169499507,0.133208493384556,0.154159279443785,0.094484891255491,0.081794005099572,0.105890067211061,0.0497539654506351,0.040991029549995,0.0577838815666486,0.0524042002684853,0.0470114305133794,0.0581035523398726,0.0288995008280765,0.02316383727486,0.0348532880008884,0.0586579759256345,0.053066280607368,0.0640640145147725,0.032007141445847,0.0282338590614513,0.0349848583406778,0.0323738065754571,0.0242939163960726,0.0408013997420619,0.0573499874362132,0.0493294847897361,0.0650878914218457,0.0248218467966997,0.0231035280497497,0.0270826735701578,0.0203794268835643,0.016443936557236,0.0247927551317711,0.00714823180109483,0.00497747633692379,0.00957954277058612,0.131618660094939,0.111143396831755,0.15279803093863,0.00777296618779414,0.00617932707304014,0.00939833040123462,0,0,0,0,0,0
"725","2023-03-11",0.159132906390656,0.147193842087562,0.171027435268253,0.0784387253797697,0.0665478812807095,0.0898570772783062,0.143345016833249,0.132884568619311,0.154689732202652,0.0939058495711506,0.0814373584028976,0.105815088203272,0.0495698404540481,0.0408956200147292,0.0580397649701877,0.0522600737559563,0.0469986292388664,0.0580957505377201,0.028819378712253,0.0231244678903383,0.0350321612923224,0.0586444459047578,0.0529719872631233,0.0642631962528959,0.0319853515687341,0.0281899190094018,0.0349456005732083,0.0324486317986698,0.024383821648994,0.0407598723132005,0.0570281301563357,0.049063733309534,0.0647840357449315,0.024811709914143,0.0231051167462327,0.0270763270793402,0.0203533700480372,0.016269093669122,0.0247592642132724,0.00716938703365841,0.00499240285803611,0.00957662150807278,0.133820926043945,0.113644268775175,0.154983641623646,0.00774897943121552,0.00613512947617026,0.00938289249671959,0,0,0,0,0,0
"726","2023-03-12",0.158804979357217,0.146678503356336,0.170653299346117,0.0781570366784686,0.066256246543738,0.0893078565149292,0.143458922295048,0.132983073319208,0.155103612088896,0.0933812814282075,0.0808302239971953,0.105360706812311,0.0493733958239712,0.0405384115551029,0.0577306111597284,0.0521469870996837,0.0467011498795388,0.0579002919999576,0.0287172951350005,0.0230271626588306,0.0349122412436141,0.0586602598476278,0.0529285210369102,0.0642133576075133,0.0319589036851866,0.0282603408334867,0.0349892116095179,0.0325690456678044,0.0244340483321135,0.0409057906285043,0.0566953442161643,0.0485589642225987,0.0648708613809577,0.0248000294368176,0.0230954488880971,0.0270486404560221,0.0203194775793607,0.0162940544627473,0.0247248667222371,0.00718487272714827,0.00504609955278809,0.00964305512787014,0.135847270903927,0.115462683657506,0.156682629087219,0.00773250956500811,0.00618052997681545,0.00934573832472664,0,0,0,0,0,0
"727","2023-03-13",0.158484586021382,0.146431441251665,0.170757447362601,0.0778116465868785,0.0660609283204281,0.089212963722175,0.143656020362373,0.13284285776414,0.154842000254061,0.0928592320890446,0.080115143888445,0.104275579202468,0.049152400676323,0.040547553015881,0.0577867036433188,0.052029673511078,0.0464786654959861,0.0577740649264418,0.0286155751375981,0.0228355107720205,0.0346965451576476,0.0586701068222048,0.0530171853510666,0.0642679301613773,0.0319310946641305,0.0282182807639178,0.0349950997825714,0.0327040079905047,0.0244941689644068,0.0408602347202232,0.0563680388713752,0.0481358975094979,0.0644338360017254,0.0247888271971658,0.0230337084898529,0.0270709441759656,0.0203111468048246,0.016240427590174,0.024745043848324,0.00719553165359989,0.00500737612063583,0.00958728370713179,0.137852874130534,0.117564367006073,0.158506823295349,0.00771228258553228,0.00616542240139919,0.0093203098858683,0,0,0,0,0,0
"728","2023-03-14",0.158204186636655,0.14608138702152,0.169950955253631,0.07743947588461,0.0659544282093078,0.0887849084342207,0.143742827140357,0.13269484877048,0.155033168399623,0.0922872749634937,0.0791821288225461,0.104012476183502,0.0489001875545199,0.0404014924116423,0.0574447319569644,0.0519160500275098,0.0463356918149767,0.0574646118923189,0.0285098362231425,0.0227618009401103,0.0348835822283859,0.0586753004087235,0.0528970429846223,0.0643413167630807,0.0319063351140728,0.0281885683705696,0.0349397701877046,0.0328296224572465,0.0244423115115225,0.0411121932631069,0.0560596913193602,0.0475194818992613,0.0640565620199854,0.0247726552290298,0.0230353821819392,0.0270005187037482,0.0202926930039838,0.0161950553890267,0.0245158203001839,0.00719854857016106,0.00492684008317649,0.00965737769788252,0.139850895301581,0.119819616587932,0.160156685023465,0.00768701988731346,0.00612462288974384,0.00932803344094511,0,0,0,0,0,0
"729","2023-03-15",0.157919997460209,0.145561794884775,0.16986483066917,0.0770690449532867,0.065602847585572,0.0884173198265933,0.14390895156757,0.133129203169774,0.155387988475027,0.0917123419247583,0.0792792097639455,0.104122857782363,0.0486343795637418,0.0400335802863101,0.0570015536518305,0.0518124308417067,0.0462424493179383,0.0574998839176469,0.0284129171431069,0.0224964210885341,0.034692869848956,0.0586994661360157,0.0529635325482873,0.0644492286500492,0.0318857612858859,0.0281001894598451,0.0349687390002482,0.0329515994646003,0.0247015599819558,0.0413155901472123,0.0557550884610505,0.0474286412957932,0.063774983624305,0.0247596269690198,0.0230443424395917,0.0269919175146937,0.020248136834843,0.0162701872812873,0.0245532144832759,0.00721265875278399,0.00495739822535234,0.00971006692998048,0.141875606079279,0.121798365161703,0.162509787234948,0.00766315894458049,0.0061017313606784,0.00930922945011027,0,0,0,0,0,0
"730","2023-03-16",0.157616275751944,0.145368101337204,0.169804763579544,0.0767653987500867,0.0648934506935804,0.0878804270864748,0.144082357073573,0.133238577541136,0.155154237282186,0.0911849997093827,0.0791061149679761,0.102997987757995,0.0484548075434638,0.0398781160862549,0.057199592682389,0.0516831641633903,0.0461070924491559,0.0574019143961118,0.0283525506282006,0.0225894710306698,0.0347288569437761,0.0587346472821894,0.0530341599097812,0.06449666290049,0.0318758599612949,0.028136331018453,0.0349622944495272,0.0330140473909174,0.0249850076928405,0.0414157004608421,0.0554398668172235,0.0473058030546778,0.0634248403154149,0.0247430377189971,0.0230369619592178,0.0269389080148639,0.0202040434439823,0.0161726852012879,0.0246058624868021,0.00721610503546444,0.0048948448503182,0.00973127741838349,0.143889024818048,0.123192416279119,0.165157248128667,0.00764302506212063,0.00607415230077299,0.0092748042165593,0,0,0,0,0,0
"731","2023-03-17",0.157250470883211,0.144740091379548,0.169121250575945,0.076398602338733,0.0641945278883161,0.0875686818145077,0.144267210950582,0.133382128423129,0.155564067316088,0.090662351871275,0.0783891799426163,0.102535340156948,0.0482460567624852,0.039868828466015,0.0567454169629255,0.0515447771199593,0.0459893804543153,0.0573412488193436,0.0282537376404958,0.0224922811738442,0.0345237838376085,0.0587533256839328,0.0528227815922318,0.0646011232305138,0.0318576507542546,0.028133244704188,0.0349413853702354,0.0331737838879006,0.0252576239641497,0.041544901305807,0.0551131194232301,0.0470609535586966,0.0629289453124859,0.0247276442792481,0.0230180795934061,0.0269473355530629,0.0201761316230304,0.0161331122572933,0.02465171331794,0.00723437835999402,0.00491920500933985,0.00980388888673925,0.146006017268845,0.126032438025454,0.16710099574305,0.00762169917690618,0.00603494370774781,0.0092696111941561,0,0,0,0,0,0
"732","2023-03-18",0.156956536086296,0.144855829858828,0.168908090114852,0.0759871857681999,0.0643943595041246,0.087029260760589,0.144386273552481,0.133780114960116,0.155589792004234,0.0900356299519069,0.0781258284064421,0.102159675715937,0.0480517106397361,0.0394524381417278,0.0567712185230995,0.0514120072341863,0.0458920374652512,0.0572183746857608,0.0281588707739082,0.0223909652342546,0.0343495310251585,0.0587768830574713,0.0528313927853774,0.064514569002527,0.0318412681792527,0.027936149891087,0.0348779117702163,0.0332971525451166,0.0253971307795318,0.0415271088228319,0.0548262053935496,0.0467805267290651,0.0624293745323861,0.0247133154521398,0.0229849546778626,0.0269086369484053,0.0201322257886693,0.016112713342139,0.02448873025719,0.00724690175522436,0.00485341311449982,0.00972462820444153,0.148090640734362,0.12832177534606,0.169183648938154,0.00760152029694656,0.00597764752742024,0.00925350785409516,0,0,0,0,0,0
"733","2023-03-19",0.156684169173229,0.144163749648574,0.168552720679507,0.075674830056971,0.0640342802031948,0.0867007956089803,0.144527213019075,0.134110109979188,0.155594733971433,0.089504261283362,0.0771790681336334,0.101055681648084,0.04782357746316,0.0395534158785867,0.0565662222383096,0.0512910470931214,0.0457438261393509,0.0573222685464711,0.0280759280262243,0.0224221891861264,0.0342021219771458,0.0587990482712225,0.0529881360614648,0.064501770861488,0.0318197996850666,0.0279692738633967,0.0349094700408539,0.0334016474603673,0.025342827290374,0.0416254263290922,0.0544522686835506,0.0466036703762725,0.0620590431676804,0.0246952857782334,0.0229821931587158,0.0269201637704172,0.0201159461773614,0.0160334085986727,0.0243940472859002,0.0072501934615296,0.0048786701341893,0.00977043669140945,0.150261308306698,0.130870501506528,0.172339999350559,0.00758751056524866,0.00597229601504688,0.00930261191969408,0,0,0,0,0,0
"734","2023-03-20",0.156379151003715,0.14422085390736,0.168165893108939,0.0753158274736471,0.0639581031194474,0.0862623670590457,0.144655406432027,0.134109263544196,0.155724862366463,0.0888896804382368,0.0769460622823987,0.100481049995551,0.0475995776582968,0.0390310350449106,0.0561235066478553,0.0511742393461387,0.0457763280221811,0.0568980218500167,0.0279856661838817,0.0224524950237996,0.034096011630113,0.0588388504465861,0.0530563050626479,0.064513633752918,0.0317940187677468,0.0279776610436176,0.0349018620302993,0.0335339555290921,0.0256915485535598,0.0417674286692751,0.0541629578144745,0.0463010547060508,0.0617812655978796,0.0246835292866507,0.0229459732613689,0.0269218275417289,0.0200817645998296,0.0159065918916801,0.0244026711700772,0.00725524682241207,0.00497647387428534,0.00980511075368511,0.152233286678238,0.132676610190475,0.172898192396533,0.00756608368412122,0.00593869819918875,0.00926262762013215,0,0,0,0,0,0
"735","2023-03-21",0.156075962957013,0.144100554544435,0.167949249162304,0.0749702626001131,0.0639430907730809,0.0858453348532292,0.144825263860228,0.134539797882815,0.155993620764011,0.0883276817514057,0.0764331241012989,0.100048187631129,0.0474475541940336,0.0387664192756817,0.0557121368591618,0.0510487507205863,0.0455775640272046,0.0569402204463952,0.0279029114520545,0.0225011762595269,0.0339410062782987,0.0588451063218718,0.0530261518731789,0.064492166584635,0.0317702523986913,0.0280144996772042,0.0348338951645152,0.0336454678454518,0.0257582398509989,0.0417855627324413,0.053838698377589,0.0461095726665064,0.06142399739801,0.0246711095814365,0.0229184468385312,0.0268775752928485,0.0200578456365792,0.0159622871517925,0.024416280204114,0.00727259218327795,0.00497858768481884,0.00975491524679915,0.154261332572854,0.134616675675198,0.174852039969601,0.00754757527830793,0.00588417335575678,0.00921194258728678,0,0,0,0,0,0
"736","2023-03-22",0.155738286201876,0.14387786647483,0.167530134150768,0.0746308724554245,0.0634963883108785,0.0854880894224115,0.144978501488873,0.134560375602643,0.1561683083066,0.0877672076065883,0.0760952532480803,0.0990679824560189,0.0472294100686125,0.0390392214356549,0.055713768384958,0.0509118941342839,0.0454192397411992,0.0565432126801319,0.0278084398106353,0.0224958868128145,0.0339483032756737,0.0588319951654654,0.0529650180838689,0.0644252894167412,0.0317421397412612,0.0279774835006647,0.0347905959290412,0.0337522690996369,0.0259873198325264,0.0417078613985033,0.0535394304706704,0.0458227805050361,0.061211920530547,0.0246578626352181,0.0229196738643187,0.0268400029358778,0.0200223541783501,0.0158098500552572,0.0243188025395565,0.00727916443735215,0.00495842337580733,0.00979305639728796,0.156371322371217,0.137427481246028,0.176116035487774,0.00752170176179451,0.00589268607345358,0.00920606675791005,0,0,0,0,0,0
"737","2023-03-23",0.155486039951426,0.143521179423478,0.167240301103697,0.0743538689040729,0.0632124231709759,0.0851938803788077,0.145149197680057,0.134965713412789,0.156191376971095,0.0871989355441138,0.075237399784493,0.0985486140393831,0.0470588093029435,0.0390778744740331,0.0555903096408965,0.0507966339270319,0.045477219874049,0.0564138675939081,0.0277262827586065,0.0225537295871142,0.0337548803381326,0.0588620096301205,0.0531430476554243,0.0644173254714961,0.0317037910920657,0.027918588535797,0.0347076721490011,0.0338502016820361,0.0262437104463101,0.0415944181646243,0.0532267067062472,0.0454116213276469,0.0605362544792504,0.0246463763416807,0.0228863429255047,0.0268718808027044,0.019971344733735,0.0158007375884529,0.0242082110044847,0.00729145359547998,0.00498154246062836,0.00975518826709659,0.158507472740173,0.139568150145224,0.177918553434084,0.00750062584276213,0.00586870184562991,0.00917102682319347,0,0,0,0,0,0
"738","2023-03-24",0.15519150578436,0.143106161329104,0.166814447198034,0.0740248728520871,0.0632824871183498,0.084700700872961,0.145295607080763,0.135121281389185,0.15622935811351,0.0866407459095325,0.0751810549027447,0.0980880812799012,0.0468474439721637,0.0386896725057836,0.0551241350572345,0.0506696618982845,0.0452407958126837,0.0562972959095132,0.0276246554174685,0.0224790981742364,0.033496192902273,0.058882586438347,0.0531017589526619,0.0643439518730997,0.0316779074020906,0.0279454675531552,0.0346641795492553,0.0339756872767155,0.0261612840915977,0.0414475816772017,0.0528906955681872,0.0450716739664878,0.0603225960895105,0.0246362733982014,0.0228743611955059,0.0268173170909821,0.0199728770644029,0.0158940807717513,0.0240721229315943,0.00731297687425704,0.00499692774265485,0.00981404056077338,0.16061990271137,0.142664646821802,0.180028478451468,0.00748519108706475,0.00583055438878375,0.00917502346851024,0,0,0,0,0,0
"739","2023-03-25",0.154955646258861,0.143216448024566,0.166264472425324,0.0736857946134551,0.06310409340499,0.0839069486186767,0.145505652284064,0.135546862737707,0.156060346504971,0.0860313971697455,0.0746429016206853,0.0970356737264467,0.0466241300260813,0.0385199360429792,0.0547502315742479,0.0505663264620478,0.0452374415968166,0.0560303375327038,0.0275304384261793,0.0224223134538844,0.0329938599011891,0.0588852942855031,0.053178678377786,0.0644215712364835,0.0316537959250818,0.0280075686593962,0.0346679198228245,0.0341022355981736,0.0267398560155839,0.0413530036244768,0.0525437137180103,0.044841228039373,0.059874434367398,0.0246237929659061,0.0228004234752263,0.0267691691050324,0.0199455131800095,0.0160434892315357,0.0241271483377088,0.00732474218196774,0.00503055543954747,0.00986232864101034,0.162627734373847,0.145445844431389,0.18105245128019,0.00745979301629972,0.00582481461862801,0.00916365566775068,0,0,0,0,0,0
"740","2023-03-26",0.154720739888895,0.142594789970595,0.165792786899554,0.0733377497841392,0.0627199255976471,0.0837170304204191,0.145645936285011,0.135648320315138,0.156007760508651,0.0855077529293666,0.0741840845553014,0.0964262495709811,0.046386939550483,0.0383662040140811,0.0544341027847515,0.0504617599086567,0.0450452771629435,0.0558250405197238,0.0274369884490965,0.0222757548978813,0.0329705451398111,0.0588993734016672,0.0533462300426964,0.0644348622565647,0.0316270120575477,0.0279885749975035,0.0346010971782365,0.0342321864589446,0.0271053781337198,0.0412953534043052,0.0522351022382697,0.0448645002581585,0.0594752177050165,0.0246096470075313,0.0227889311520194,0.0267518499882585,0.0199113002931124,0.0158987096546251,0.0240729007212189,0.00734302102437189,0.00501728753158788,0.00978872469682617,0.164594246484902,0.147746755672893,0.182687883742628,0.00743936693491456,0.00575568293972244,0.00912585260526578,0,0,0,0,0,0
"741","2023-03-27",0.154376191989584,0.142608524715296,0.165652914878089,0.0730947071470884,0.0623066579814163,0.0833297602751171,0.145716117234091,0.135843910077216,0.156373537757293,0.0853447822728881,0.0739261909011279,0.0966837840311409,0.0464416801484257,0.0384168241647269,0.0542637841563034,0.0503352663445849,0.0448207788066469,0.0557313783110508,0.0272510334023863,0.0219830261857867,0.0328886088889753,0.0590038226848357,0.0534027949521955,0.064624146273621,0.0316257852125444,0.0279595242333291,0.0345634253346219,0.0343934576351259,0.027136799071267,0.0415185126427839,0.0519202371804398,0.0444513295612889,0.0591247025599765,0.0245882726823612,0.0227152646179962,0.0268003554545009,0.019886967503201,0.0160522099222159,0.0240860666439861,0.0073251189368675,0.00506977660627135,0.00980613066747591,0.165433452039562,0.148126786723966,0.183512350639379,0.00741017688811189,0.00574774102298921,0.00909532063120947,0,0,0,0,0,0
"742","2023-03-28",0.154074881531514,0.142434728739821,0.165551975686824,0.0728819230772429,0.0619752621773873,0.0834580693591184,0.14579532231932,0.135861132671014,0.156564412077586,0.0851036531589789,0.0733489335788221,0.0960976953552425,0.0463776567443683,0.0382534476434788,0.0541247163156979,0.0502098421917327,0.0447384483422586,0.0556970706427006,0.0270713632752806,0.0219149526795119,0.0326326425560838,0.0590834892339723,0.0533213871785995,0.0647227001224921,0.0316212750737895,0.0279620719306246,0.0345708478090449,0.0345407140475647,0.0270959204793139,0.0416972542400944,0.0516389118048821,0.0440039961592983,0.0589618790380655,0.024570996284329,0.0227455755937481,0.0267569401900543,0.0198348134689212,0.0158872229953544,0.0242172846399871,0.00732092388470156,0.00502331079653551,0.0098687670531785,0.16644299221752,0.148506589401717,0.18511866494714,0.00739241270523198,0.00573450211221444,0.00905536958431459,0,0,0,0,0,0
"743","2023-03-29",0.153825017457719,0.141705104641316,0.165344432056935,0.0726862872625667,0.0621003728142555,0.0830047528498456,0.145877861133995,0.135872010797359,0.15668083118313,0.0849613969343884,0.0734539973762814,0.0958562209302232,0.0463923555847369,0.0378283853540093,0.0546137800373328,0.0500937032724992,0.0446725038718732,0.0555379250310963,0.0269066251529408,0.021740621938203,0.0324205667497624,0.0591835547682524,0.0535233841570294,0.0649736134952117,0.0316140625081404,0.0280061309131771,0.0345708736551056,0.0346812678434542,0.0274240660111688,0.0419139495157497,0.051346754924539,0.0437892188706169,0.0586354804629759,0.0245543444496943,0.0227420789390825,0.0266706733133679,0.0197974755852074,0.015808172482683,0.0241061102610214,0.00731941390472973,0.00500026445765631,0.00981280489633587,0.16732746818195,0.149186373310194,0.186074804141707,0.00737477680116964,0.00576325180545788,0.00907612528043744,0,0,0,0,0,0
"744","2023-03-30",0.153593600143277,0.141436576678954,0.16520862170792,0.0724855963697608,0.0620194929322382,0.0830879985402305,0.14593609650683,0.135843034854149,0.156800300575314,0.0847887338805849,0.0733182571038289,0.096089859384193,0.0464093290533672,0.0379198599457751,0.0546235423731225,0.0499672775758361,0.0445346798460405,0.0552349684894252,0.0267408933106985,0.0213644745551474,0.0321678541710348,0.0592771761150203,0.053494151957731,0.0651417705952509,0.0316205229685643,0.0280811776176624,0.0347076259105568,0.0348603439102502,0.0273862173010655,0.0422432606142351,0.0510431307890927,0.0433224202553944,0.0582871658795885,0.0245424877010537,0.0227252828935052,0.026690093261549,0.0197702813325043,0.0157703535047782,0.0241721496299015,0.00731434637396232,0.0049820499830772,0.00983308209111798,0.168208565507568,0.149201070870332,0.187062503564814,0.00734751445375399,0.00575003757559908,0.00906230549137843,0,0,0,0,0,0
"745","2023-03-31",0.153315442803653,0.14098254945,0.164755362845198,0.0722932190039922,0.0616667874453824,0.0829579296303787,0.145995940234421,0.135674571769887,0.156804382037247,0.0845918373123878,0.0736436460745832,0.0955859096793873,0.0463945329081402,0.0380606599899596,0.0545317755224546,0.0498398711268056,0.0444265849988965,0.0551776151079564,0.0265562539120744,0.0211994510600656,0.0320684722656303,0.0593585782878034,0.0536251810314528,0.0650519890607193,0.031612542586935,0.0280427436498984,0.0346233687254542,0.0350423538066849,0.0276132709862236,0.042500226354298,0.0507392706153876,0.0428905447419652,0.0582099316412218,0.0245271887710259,0.0227222237747088,0.0266560459426467,0.0197246228803288,0.0158085279799071,0.0241614114279469,0.00730924436769819,0.00495259733016497,0.00983340154072413,0.169066871955329,0.149955239323527,0.188207442990768,0.00732559849166678,0.00571190236047366,0.00905896511125581,0,0,0,0,0,0
"746","2023-04-01",0.153082950921144,0.140693201356636,0.164376332061299,0.0720740169958704,0.0615531718961464,0.0826274771127784,0.146008377167363,0.135622238028903,0.156895304696889,0.084478933337767,0.0734819670675042,0.0953102449090099,0.0463674534652838,0.0377678803354094,0.0545582459766791,0.0497046336920362,0.0443865763011162,0.0549711351521847,0.026370286746346,0.0208809198394063,0.0317680820168161,0.0594332985619267,0.0536389140576721,0.0651171739342572,0.0316087911701361,0.0281216285958012,0.0345868074168224,0.0352309062316128,0.0276638364047206,0.0427537856067994,0.0504268002330574,0.0423723012004375,0.0581190169463516,0.0245136876196826,0.0226603435916775,0.0266548080487688,0.0196952558645461,0.0158000234561439,0.0240696779722189,0.00729575696066594,0.00490662976007586,0.00975162533293214,0.170094253853746,0.150425044244993,0.189143384873716,0.00730454552918422,0.00572276915467795,0.00902529030170905,0,0,0,0,0,0
"747","2023-04-02",0.15284813977027,0.140293030069912,0.164062099162912,0.0718733535646238,0.0609911882746995,0.0823139056825761,0.146030806256691,0.135602962061846,0.156738781489722,0.0843490821644851,0.073067917542669,0.095562245168016,0.0463832096968385,0.0379945297327479,0.0544574724658016,0.0495841980666359,0.044054842750829,0.0548571358073024,0.0261819147018695,0.0209423478048128,0.0315148541894575,0.059522920843822,0.0537992897947017,0.0651640318865403,0.0315967771354585,0.0280427237395255,0.0345922625134624,0.0353994773766556,0.0279150822313247,0.0430657424126741,0.0501096234005805,0.0421069749267162,0.0577864771947408,0.0245040609497248,0.0226696377057767,0.0266445017105344,0.0196577945800955,0.0156407150208198,0.0240037715082061,0.00728881448259298,0.00489984294933229,0.00975019228942187,0.170930183637217,0.151194596821581,0.19019094367766,0.00728380086882159,0.00566887102286746,0.0090104606608883,0,0,0,0,0,0
"748","2023-04-03",0.152573894690117,0.140253267592029,0.163740823859783,0.0717354588346795,0.0608787566775614,0.0820518775261969,0.146091079138874,0.135872266553069,0.156633564489326,0.0841674594528567,0.0730578456633418,0.0954777568496505,0.0463716677136264,0.0379738021407112,0.0549247932924279,0.0494568345704614,0.0439401909030693,0.0547095449047459,0.0260427255296522,0.0209001924521325,0.0313502844540551,0.0596001146747117,0.0538785423416439,0.0651646573284424,0.0315874074709055,0.0280087782781301,0.0345703040443847,0.0355902934215302,0.0279250468754662,0.0434668933064151,0.0498655242911781,0.0419427242656155,0.0576223208294071,0.0244916481518536,0.0226004327949564,0.0265764099897801,0.0196167252177956,0.0157454353427176,0.0239917252462063,0.00727148645641431,0.00493950861570052,0.00970171835833628,0.171726239692766,0.151590231625852,0.191098869115992,0.00726236435006112,0.00563596094244605,0.00896179071306152,0,0,0,0,0,0
"749","2023-04-04",0.152314810923791,0.140011672478999,0.16352947125199,0.0715520599900351,0.0615031737680656,0.0815840135023728,0.146188003775437,0.135909708049297,0.156608153761903,0.0839772570827256,0.0728848240232839,0.0950657927503111,0.0463291753427105,0.0379488933146996,0.054684087557655,0.0493102555934061,0.0437350509527994,0.054594298631266,0.0258883095660884,0.0206934192041222,0.0312229826985017,0.0596878613536779,0.0540548441709427,0.0655098425144245,0.0315790408632289,0.028119009461124,0.034615517894896,0.0357707191394891,0.0282534635161107,0.0435497020556479,0.0496192877085685,0.0416684571067487,0.0573551052129399,0.0244782609274967,0.022654256782113,0.0265936618455785,0.0195890366103718,0.0157381497203926,0.0238044335163004,0.00727000885888777,0.00492707045392719,0.00968346654979393,0.172612253284895,0.152433729107454,0.191636067116278,0.00724289940080413,0.00562109203368401,0.00891684896335333,0,0,0,0,0,0
"750","2023-04-05",0.152069602103545,0.139466710499438,0.163139820170029,0.0713222886062833,0.0612180420936695,0.0818097102422108,0.146237643880873,0.136172858407308,0.156698724394184,0.0838447267741678,0.0726426279566321,0.0946173957527548,0.0462904408730678,0.0380922743851382,0.0548368552875209,0.0491732672099867,0.0437277228352793,0.0544399979733719,0.0257161434159143,0.020332300825967,0.0309752903964326,0.0597907596130561,0.0540609218177806,0.0653760626937673,0.0315799606093572,0.0281730619746696,0.0345753374628969,0.0359674817657314,0.0284821531706751,0.0437694404365111,0.0493673257159727,0.041438024168066,0.0567993776786371,0.0244643319376331,0.0225647554542408,0.0265548837526259,0.0195519060298255,0.0156568503853802,0.023709981066544,0.00726836371962303,0.00493454518069503,0.00965850614512962,0.173708948603929,0.15451818581004,0.192979402729702,0.00721671002912942,0.00559115131209879,0.00891507024027946,0,0,0,0,0,0
"751","2023-04-06",0.151792940374643,0.139513418042975,0.163300886493891,0.0711425481204804,0.0612859269341892,0.081085751104561,0.146309971052622,0.136298771679982,0.156581318584054,0.0836421927658202,0.0725426663227445,0.0944539720197115,0.0462780277974964,0.0383005539196962,0.0546619059327061,0.0490460406651268,0.0436770265306118,0.0543946847319396,0.0255520551577623,0.0201702056032639,0.0310053593414419,0.0598817719135342,0.0540302415874202,0.0655272538040827,0.0315737340941946,0.0281592046835037,0.0345548878577505,0.0361141753692947,0.028516489505958,0.0438476428452768,0.0490729455370867,0.0410452026011168,0.0565855356541276,0.0244433081795413,0.0225678558748898,0.0265680322152212,0.0195180473545118,0.0155928740888019,0.0237034703109064,0.00726021598202498,0.00491990252944163,0.00957997747849161,0.174641528265707,0.155843258782001,0.193488360113057,0.00719213465293336,0.00549990548923603,0.00886199283612471,0,0,0,0,0,0
"752","2023-04-07",0.151545245770831,0.138985997349362,0.162742742351199,0.0709084126771648,0.0610642604587292,0.0810792365066224,0.146390316034217,0.136499470032708,0.1565425454325,0.0833873081021598,0.0725642634330818,0.0939623876818825,0.0462598225671769,0.0383510766025746,0.0544942272776167,0.048940968032802,0.0434593106200595,0.0541885878119801,0.0254221075274146,0.0202127862568322,0.0306818850651481,0.0599860424117775,0.054107229795611,0.0657826510205997,0.0315721581130298,0.0281878406896782,0.0345466002475081,0.0362984008131583,0.028799876415614,0.043669197313825,0.0488099170500387,0.040915886315061,0.056348492911126,0.0244306133150928,0.0225480258784026,0.02657587389017,0.0194865226834674,0.0155385919048853,0.023509025735114,0.00726464810926497,0.00500884099567766,0.0096207543660503,0.175568318489441,0.156648644790579,0.194260493107008,0.00717249104437775,0.00551876717042859,0.00881341536868739,0,0,0,0,0,0
"753","2023-04-08",0.151234416840582,0.1389161607075,0.162399635483719,0.0706745814661566,0.0610877415226382,0.0806112385676005,0.14645578425544,0.136661529994744,0.156520912541149,0.083168803394819,0.0724588323272791,0.0936659971789066,0.0462725140659249,0.0386637252516985,0.0544943678105902,0.0487938782336055,0.0434944831404653,0.053830127604888,0.0252688417866197,0.0202362276363843,0.0302020598310961,0.060063325290553,0.0543965072860173,0.0659075998668917,0.031566411036247,0.0281070722289359,0.0345306106693025,0.0364692042748076,0.029364307573643,0.0437419145671305,0.04850859647164,0.0408466276562922,0.0559160677309472,0.0244144953876036,0.022494041823878,0.0265945351822507,0.0194578492397649,0.0155536041914167,0.0234242587616669,0.00726046283803907,0.00500587670401989,0.00951441655803661,0.176418517246636,0.157788799468134,0.195272599950095,0.00714480926054066,0.00550486077529137,0.00878043328218825,0,0,0,0,0,0
"754","2023-04-09",0.150952612831263,0.138555825621405,0.161754963404414,0.0704591670547003,0.0610362514189602,0.0802202363724606,0.146503299250081,0.137027585575303,0.1564585308941,0.0829395204557592,0.072255702569071,0.0929927632045228,0.0462817694204043,0.0387196458067892,0.0546129112879194,0.0486704320639112,0.0432295129982097,0.0535321090639166,0.0250844008773487,0.020041299745911,0.0299825514867039,0.0601286975423773,0.0546152025158266,0.0659398402414018,0.0315596914884076,0.0282223156465053,0.0345542575334785,0.036668306944673,0.0294623158348389,0.0438120714601957,0.0482300752572336,0.0407444841754207,0.0555085084592527,0.0243960199678618,0.0224542917697526,0.0265598925527991,0.0194171577382959,0.0154905839818972,0.0233014798189572,0.00725547597380726,0.00501087610468056,0.00956053896419553,0.177366720012074,0.159779193341096,0.195279985919969,0.00712048258208853,0.00543580185867855,0.00878813386670719,0,0,0,0,0,0
"755","2023-04-10",0.150669142089965,0.138809492241664,0.161427485952637,0.0702267694729917,0.0609831933553008,0.0797214180514485,0.146603313726638,0.137065603242186,0.156478703168003,0.0828282103005754,0.0725875860416096,0.0928938746554886,0.0463033819805888,0.0388465161306358,0.0543882318108441,0.0485646457005867,0.0432469594910554,0.0534469977303229,0.0249150003575498,0.0200348113916572,0.029599181534539,0.0602221894882571,0.0547321226776797,0.0661128589959903,0.0315608169432121,0.0281389567529509,0.0344426323459899,0.0368576076874701,0.0298017212714315,0.0441722730444256,0.0479366311072225,0.0404958373457646,0.0552856117884837,0.0243790669381049,0.0224698394548914,0.0265617447967927,0.0194141260967636,0.0154802990221619,0.0231592225328964,0.00724028940955033,0.00498159421040058,0.00944494998662941,0.17842126713501,0.161017192238167,0.196187456590825,0.00709081680947302,0.00542343096362493,0.00871717313034397,0,0,0,0,0,0
"756","2023-04-11",0.15042599877064,0.13874688656685,0.16093799225984,0.0700268259957087,0.0610115682493489,0.0792780593054855,0.146644556026032,0.137137179737705,0.156310967010452,0.0826715942474801,0.0727734737262973,0.0924527741871586,0.0463117545262122,0.0389993599839777,0.0539814496854411,0.048442357252236,0.0431581520891496,0.0533657730398548,0.024732979430203,0.0197724418288774,0.0293314577816945,0.060312336296936,0.0547673613662879,0.0661131992712874,0.0315572688909381,0.028135515979406,0.0345326692305007,0.0370242541576057,0.0302370978409544,0.0440001857546822,0.0476976906271491,0.040106888356817,0.0547995688372919,0.0243646076218154,0.0224715083035895,0.0265933908921298,0.0193879253400992,0.0156171775193102,0.0231335287196592,0.00723562206358983,0.00502501388034474,0.00948934692103394,0.179352686109853,0.162146448907109,0.196554953986011,0.00706866406607638,0.00542525076610491,0.00869487643926554,0,0,0,0,0,0
"757","2023-04-12",0.150090420612796,0.138572771615745,0.160302095393318,0.0698137883492237,0.0608675480776119,0.078764510977278,0.146734033581722,0.13746255132555,0.156286890230497,0.0824907242776076,0.0723890616589741,0.0917531565747728,0.0462832458312531,0.0391942544189502,0.053935718101578,0.0483475527399783,0.0431563770678713,0.0535302260319285,0.02458301584707,0.0199327067714664,0.0292446545350641,0.060373126098407,0.0548879442151839,0.0661151176847224,0.0315498991106304,0.0282383577931356,0.0345681068275262,0.0371936445950063,0.0306144957542346,0.0443018240146782,0.0473816767091433,0.0400963062487781,0.0540967670929701,0.0243510346247378,0.0224672982478914,0.0265893170530573,0.0193601906862694,0.0156359043228789,0.0230335571492637,0.00723222805006671,0.0049611171086049,0.00944648974506172,0.180162912386739,0.163377113153034,0.197028457947101,0.00704731137075486,0.00545015537611029,0.00866569010134477,0,0,0,0,0,0
"758","2023-04-13",0.149863787021547,0.138555699836976,0.160318561181017,0.0696164979279975,0.0611191677600873,0.0788744399062356,0.14683659683677,0.137926002253181,0.156319006864505,0.0822987719291825,0.0729054302452213,0.0914657621645897,0.0462767754529809,0.0391223552909428,0.0536901529341948,0.0482154503086488,0.0431231950270066,0.0531867693469729,0.0244134526450071,0.0196277968023993,0.0289641898095517,0.0604501015523602,0.0551283356130466,0.0660846226859055,0.0315492664822024,0.0282068871964941,0.0345243166790013,0.0373328827872833,0.0309863782440295,0.0440562710048361,0.0471002963396745,0.0401405326952251,0.0536304315495869,0.0243383983110559,0.0224615340557302,0.026507969189432,0.0193287171734125,0.0157097955813608,0.0229902990503797,0.00722345569783721,0.00505739056976031,0.00942901891217416,0.180952112517425,0.164590218508237,0.196951440839987,0.00702152721732905,0.00542648015381577,0.00861594852750207,0,0,0,0,0,0
"759","2023-04-14",0.149614415918797,0.138266562822301,0.160133141233566,0.0693870532168927,0.0613532416107367,0.0779566404557158,0.146865746233324,0.137756412460064,0.156612198000557,0.0820734027869896,0.0728772698688664,0.0906390959172586,0.0462691639820728,0.0394190292856253,0.0536232385535974,0.048075580418798,0.0429665133982019,0.0529266201401691,0.0242681106501849,0.0197987625249612,0.0287724972111893,0.060548403911368,0.0551237110216456,0.0660932465196907,0.0315440425882446,0.0283039203388019,0.0345468750635774,0.0374890857328915,0.0312491049965113,0.0442153527237502,0.0468389563760603,0.0399652748927848,0.0531309028532549,0.0243177162792057,0.0224130000526094,0.0265005542518879,0.0192838929722232,0.0158447801525426,0.0228312527492083,0.00721626757554874,0.00505056823670356,0.0094124769365454,0.181964695903258,0.166689935336427,0.197084058091204,0.00699714039229766,0.00538579552167814,0.00856650012504598,0,0,0,0,0,0
"760","2023-04-15",0.149429568878623,0.138464871776213,0.159720847022776,0.0691703501970809,0.0612901721020339,0.0774973404226546,0.146956473531818,0.137763929057471,0.156397562286283,0.0819186254004707,0.0731799793288661,0.0899417147829567,0.0462361380507594,0.0392731735424026,0.052939245175918,0.0479540261161128,0.0429023083734668,0.0528860292796356,0.0240791534771682,0.0197991296965888,0.028397510421171,0.0606277250129908,0.0553996031807252,0.066303295506876,0.031548374452895,0.0282698799247318,0.0345695001854926,0.0376524415703495,0.0316990454520898,0.0439958700979988,0.0465629848848306,0.0398605752224714,0.0526854778508331,0.024300762248534,0.0224078069314654,0.0264716652623019,0.0192456860314344,0.0156801228149727,0.0227703920344579,0.00720611625432344,0.00514300563587873,0.00935949384486132,0.182899019203373,0.168471310698298,0.197483563787193,0.00697355137397162,0.00540871037492614,0.00854608514777699,0,0,0,0,0,0
"761","2023-04-16",0.149145467634263,0.138422063597373,0.15913524985351,0.0689825266441079,0.0614883764162151,0.0769808143652251,0.147010334880814,0.138258733109963,0.156367344661423,0.0817469772283875,0.073256721306221,0.0895536797176841,0.0462157997785906,0.0396494888164762,0.0526449448111478,0.0478523873749035,0.0428498880559664,0.0525243988791673,0.0238976763051823,0.0196679271897112,0.0280542088200231,0.0607214626076582,0.0555266985110362,0.0663210880232468,0.0315460848956967,0.0283155805307489,0.0346096080967417,0.0378082035906335,0.0320662148273855,0.0440888545740696,0.0462671489276491,0.0398459689146704,0.0520064374475338,0.0242805487529352,0.0223555364826747,0.0264165851455908,0.0192100384563424,0.0157964569702934,0.0225246745102287,0.0071980585307084,0.00510000481360307,0.0093175457424954,0.183761709709576,0.169985537978079,0.196938911815844,0.00695329227676812,0.00540570486613781,0.00853414356904009,0,0,0,0,0,0
"762","2023-04-17",0.14948810950734,0.138602266786556,0.159376984448613,0.0686925857617782,0.060860932115115,0.0769380531364584,0.147010798435105,0.137929443026771,0.156221346849632,0.0813985211174552,0.0728461204136043,0.0893533753345786,0.0457883626450283,0.0392274021856809,0.0521770496740588,0.0478031698154759,0.0427941334834842,0.052653384174365,0.0238740235912345,0.0195135709800686,0.028112654561889,0.0608483376987704,0.0556157769770643,0.0666479366057768,0.0315775187529207,0.0283528620714444,0.034672351291849,0.0377774028034875,0.0317558587461094,0.0441989505856629,0.0460135060140762,0.039655404355863,0.0518602116327987,0.0242728476423777,0.0223796849801792,0.0264137298255694,0.0191831963068597,0.0157065745999998,0.0225444688277814,0.0071737562658309,0.00502611958745218,0.00927573212135309,0.183684284038685,0.170103048215766,0.197796398086418,0.00692592399659658,0.00536522599964449,0.00853681875414487,0,0,0,0,0,0
"763","2023-04-18",0.149867637014404,0.138519775885377,0.159997019751354,0.0683773791980422,0.0604053613100218,0.0770241057109054,0.147046430608374,0.138070716849027,0.156269863567383,0.081115696400178,0.0721263680848188,0.0891353975965254,0.0453517986902015,0.0389947436007134,0.0520679170616994,0.0477678830022379,0.0427425321512103,0.0527268872598949,0.0238298971875404,0.0192651795343329,0.0282130447256809,0.0609670211901231,0.055732736249705,0.0667721734300388,0.031604246048171,0.0284685855885955,0.0347590102605373,0.0377280287809383,0.0316779673032967,0.0440878426844135,0.0457622351390621,0.0393964252082696,0.0519064738165401,0.0242663292139288,0.0223531267629782,0.0264451971426627,0.0191689235580795,0.0155055243687844,0.0226282844824919,0.00715640204230954,0.0050315307460754,0.00933378029482805,0.183697044467165,0.169175751612348,0.199194950770483,0.00690010394925477,0.00536124520889619,0.00850743354678189,0,0,0,0,0,0
"764","2023-04-19",0.150232797921879,0.139127256352617,0.160234170121252,0.0681306928773433,0.0595803101300633,0.0768212513015869,0.14708042517641,0.137866099985385,0.15643953772058,0.0808478639233199,0.0718365761674169,0.0891480276415418,0.0449074890712157,0.0382806153105574,0.0516513175526208,0.0477192750494592,0.0426655010465414,0.0528227125971197,0.0238005986980569,0.0193094517259766,0.0281640396493688,0.0610823224070825,0.055635747053208,0.0666769948150776,0.0316373363617813,0.0285801904479076,0.0347832712695549,0.0377235223051553,0.0315300190332739,0.0442013586374854,0.0455168003093661,0.0390872940119419,0.051641748213278,0.0242630052941899,0.0223548229613748,0.0263559527393551,0.0191310678057447,0.0155044420598132,0.022616012609823,0.0071335020614063,0.00501953849091685,0.00928257851332965,0.183837248028528,0.168432629851714,0.198510909652497,0.00687210129046825,0.00531829020418535,0.00846323401148305,0,0,0,0,0,0
"765","2023-04-20",0.150559736982469,0.140017189503962,0.160461044155957,0.067855137430653,0.0591223246065358,0.0764600616653696,0.147047230907123,0.137602729275983,0.15615917148344,0.0805499551118076,0.0715462316289287,0.0888473059509059,0.044490863773821,0.0378941895838932,0.0514773295573595,0.0476743524137603,0.0425432662038698,0.0526364394607611,0.0237419087129693,0.0190423457175072,0.0282099448823522,0.0612130125171624,0.0557560540797911,0.0668492172720312,0.0316761755476745,0.0286145945293168,0.0348848255407133,0.0377424693365933,0.0315394023182667,0.0441752024105417,0.0452445906973336,0.0388529219452377,0.0514238905458754,0.0242490183080805,0.0223203831424254,0.0264378623089992,0.0191105418853863,0.0154003918524631,0.0225234376452644,0.007112556381319,0.00497393169356194,0.00923350782698203,0.183785275973021,0.168679758212163,0.199299913425124,0.00684080402972837,0.00527341936944295,0.00844446365081372,0,0,0,0,0,0
"766","2023-04-21",0.15092036407096,0.14010794175597,0.161009685622653,0.0676007918806978,0.0589022285734809,0.0762767562991009,0.147039877857341,0.137934266425276,0.156257534564162,0.0802753438685054,0.0713177745215014,0.0885823840524667,0.0440676444320928,0.037368238631393,0.0507660748463943,0.0476367526588534,0.0426182721711872,0.052609795835063,0.0237088080128661,0.019057135603769,0.0281803366924702,0.0613240143909948,0.0558021752150842,0.0671843835619796,0.0317164371849653,0.0286940188808519,0.034976578847759,0.0376717166034101,0.0313458437744761,0.0440651703997471,0.0450189009545695,0.0386263815249738,0.0511489332706775,0.024243103453384,0.0223177279445509,0.0263631526676599,0.0190911636326553,0.0153655226731252,0.022636568135262,0.00708348644371009,0.00492648887757169,0.00924682858193205,0.183713077752964,0.168707022796478,0.199535499403815,0.00680423974867381,0.00522558354863715,0.0083686644480729,0,0,0,0,0,0
"767","2023-04-22",0.151295962099908,0.140440936318788,0.161440264669909,0.0673351724249645,0.0583699241121698,0.0760242582254153,0.146989271423849,0.137642439542516,0.156162490137479,0.0799854001413601,0.0708465692137575,0.0885206502743439,0.0436555435850994,0.0367684318319572,0.0503721007287499,0.0475968485339847,0.0423557501923016,0.0527414277133353,0.0236899492174465,0.0190457124195482,0.0280720797927464,0.0614462228006379,0.0558610578136089,0.0672137176274951,0.0317468912176493,0.0285366750276951,0.0349923972852497,0.037633053863201,0.0311511620231457,0.044023725461249,0.0447953765047939,0.0383941246460174,0.0507506574944856,0.0242383066282459,0.0223372608201364,0.0263750733636416,0.019082724788086,0.0152945260665014,0.0225690446709803,0.00706647047622177,0.00488869052597537,0.00917421737816637,0.183778803466111,0.169020067809513,0.199330694258194,0.00676994634976054,0.0051769394456248,0.00830035468018561,0,0,0,0,0,0
"768","2023-04-23",0.151665230691602,0.140635222899272,0.161995066815056,0.0670207842112258,0.0582376111870271,0.0757721754425917,0.147028648885755,0.137835306554304,0.156435145961801,0.0797644959027721,0.0706204080344219,0.0884175635298069,0.0432629709210568,0.0364698247884572,0.0498878144282211,0.0475773924476683,0.0423814403283864,0.0526187322051746,0.0236500945850467,0.0188682854626743,0.028082634460627,0.0615418421368785,0.0558885514089726,0.067366542226049,0.031780542140252,0.0286444499276072,0.0350718658919199,0.0375989170426132,0.0311199162829596,0.0438968264956252,0.0445477582019189,0.0379378446283854,0.0507403043350561,0.0242354402044122,0.0223047373685512,0.0264003611291272,0.019057422269203,0.0153717568223422,0.022563381355042,0.00705432039197556,0.00492479485237278,0.0091552510157503,0.183754161676692,0.169288112892524,0.199340139692247,0.00673777499180189,0.00515884924317538,0.00829138835260316,0,0,0,0,0,0
"769","2023-04-24",0.152067628407424,0.141018428853893,0.162396456151445,0.0669926192812473,0.0581528650608796,0.0759285590777221,0.146977711316385,0.137617364573813,0.15640505715625,0.0800621979282776,0.0704000072053172,0.0892029740797935,0.0431081894171867,0.0362257195867366,0.0500570756306339,0.0474614031124172,0.042089652024494,0.0526882238615927,0.0235517859480231,0.018744600955196,0.0279769835959119,0.0616071075744652,0.056014655952443,0.0675240392705627,0.031799916392217,0.0286926369307637,0.0351815559107002,0.0376015069564327,0.0310629137473999,0.0439858872355044,0.0444871570196399,0.0379473980050151,0.0507497652271534,0.0242257246563687,0.0222611824290656,0.0263708292307969,0.0190364728587321,0.0151846720264689,0.0225839802051063,0.00709023115791593,0.00492002562998479,0.0091595093496864,0.183036308189409,0.167672158835115,0.19885414172675,0.00670496223966172,0.00507062743137934,0.00824423109258209,0,0,0,0,0,0
"770","2023-04-25",0.152434718856741,0.141188161493838,0.162713738578121,0.0670199052994371,0.0580384470987256,0.0763868635017321,0.146895234656665,0.137720246578668,0.156136905050278,0.0802765620865969,0.0702444283525747,0.0896746614725197,0.0429309381629016,0.0359271720769764,0.0498908523863528,0.0473665433239126,0.042060001753205,0.0526361853354107,0.0234230948040479,0.0185137836810495,0.0280361177595995,0.061644055767934,0.0558605534804547,0.0676704905376572,0.0318161457352074,0.0286847203408252,0.0352044834271725,0.0375841148431209,0.03070863258907,0.044217513688277,0.0444465407675953,0.0379233498274344,0.0508615493457118,0.0242177046742349,0.0222610776791428,0.0264029737370146,0.0190146901791265,0.0151606149220952,0.0226748184411636,0.0071300567625587,0.00491671447252825,0.00924669397234789,0.182389971220445,0.166619510714292,0.199331031782681,0.00666943486798882,0.00503327585137433,0.00823512148119072,0,0,0,0,0,0
"771","2023-04-26",0.152778576316394,0.141693027992842,0.163715564956737,0.0670540360518019,0.0581856392623478,0.0764640274571132,0.146860973594895,0.137431822486679,0.156684958907303,0.0805372799865402,0.0708981710286404,0.0902122915864566,0.0427855324520491,0.0356107927022608,0.0502391642448113,0.0473001254499538,0.041846175013887,0.0525217271869603,0.0233236391694329,0.0183877660690898,0.0281478507266911,0.0616975496641781,0.0558296556116626,0.0679659716348522,0.0318510824707772,0.0288196244323169,0.0352639003624041,0.0375855521941459,0.0308079546074123,0.044387455247599,0.0444150271821877,0.0374540131625509,0.0511630109601666,0.0242124213365886,0.0222156884190396,0.0263983320206602,0.0190012096753246,0.0149996291991018,0.0226805680064635,0.00716582570314725,0.00489728620183894,0.00930075607799667,0.181597323579545,0.165347517379788,0.199094000340255,0.00663648250044725,0.00497903115117991,0.00817899577954146,0,0,0,0,0,0
"772","2023-04-27",0.153170783297361,0.141770285924562,0.164110077785781,0.067076205464405,0.0575366479153746,0.0766803086431409,0.146759139172993,0.137314078433319,0.156870139904149,0.0807630658403096,0.0705697130614485,0.0902845964155723,0.0425809141048602,0.0351577042584904,0.0499281772833332,0.0472055910605998,0.0417865825588279,0.0524830115955032,0.0232195678706915,0.0183987042649869,0.0281451067470209,0.061761441740842,0.0560292863041773,0.0680192272578954,0.0318673177706612,0.0287508694283106,0.0351954368951749,0.0375122774483074,0.0304547042093673,0.0446649323572757,0.0443642612789351,0.0373714493484469,0.0510325931777282,0.0241990976218703,0.0222379095242759,0.0263943755055832,0.0189948642189802,0.0151033693040235,0.0226903424240579,0.00721197405745126,0.00495442289146623,0.00939014661053705,0.180850624424046,0.164061382473242,0.198665874198796,0.00660408256193709,0.00489704469438972,0.00812491269300844,0,0,0,0,0,0
"773","2023-04-28",0.153591821020452,0.142379315069156,0.164688839360255,0.0670822241284156,0.0574207900740293,0.0767361782294456,0.14665636170501,0.137318724799299,0.156852481726501,0.0810052711303959,0.0708535097546941,0.0907836332430066,0.0424092776362842,0.0349107423349752,0.0498376293400855,0.0471127714900217,0.0415524721158502,0.0525463292508086,0.0231393854518272,0.0181493511610097,0.0280227503639997,0.0617938199415122,0.0560191986423196,0.0679892241017173,0.031889607856229,0.0288220755557233,0.0351196554351095,0.0374931390575985,0.0302477518612029,0.0448190178631057,0.0443402289905851,0.0373570984446039,0.0510642009655884,0.0241898400911526,0.0222348014360565,0.0263990750551,0.0189695559471768,0.0150597978429484,0.0226691061422823,0.00725877622691728,0.00486380556417094,0.00943208382996537,0.180267156000263,0.162714270304609,0.198845697334861,0.00657418068394676,0.0048513060488152,0.00812019813030532,0,0,0,0,0,0
"774","2023-04-29",0.154020197147407,0.142553117073475,0.165080412128731,0.067094040797312,0.0572235073079126,0.0769450209850887,0.146542548904321,0.136887721270652,0.156775299210198,0.0812744993017104,0.0709736043897485,0.0913500171446749,0.0422438060429135,0.0345187229553513,0.0497598916614328,0.0469901853173508,0.0413097228442747,0.0523773906716434,0.0230575394115923,0.0180389186438492,0.0279093898790987,0.0618596216051208,0.056133964379823,0.0680789714568276,0.0319044140025406,0.0288202470511739,0.0352230732938569,0.0374694984230543,0.0301731922921304,0.0448046565213785,0.0442633500961424,0.0369334140741507,0.0510585973555006,0.0241765047479288,0.0222099838539966,0.0263851686682061,0.0189467955933271,0.014969320391429,0.0226087317394187,0.00728758853209044,0.00488128289814061,0.00955400857517164,0.179554900942586,0.161948795376906,0.197831878854166,0.00654264083579438,0.00484128770954774,0.0080728660884038,0,0,0,0,0,0
"775","2023-04-30",0.154408394425267,0.142639175461275,0.165075786772715,0.0671104055389305,0.0570346944581529,0.076942079259802,0.146437229593039,0.136766269551595,0.156777115236018,0.0815252841470647,0.0712098742738087,0.0915194831791618,0.0420571516180986,0.0343564686040419,0.0496718894396141,0.0468937905154879,0.0411390288577658,0.0523740179594611,0.0229364891654628,0.017822223013112,0.0278988702781831,0.061929653363776,0.0562545312561137,0.0684053662023188,0.0319255072650352,0.0288634370290789,0.0352174468067231,0.0374913957204166,0.0302888932302539,0.0451562016211316,0.0442235379742682,0.0370778869124553,0.0511913216837015,0.0241687863009109,0.0221963653550557,0.0264111923355017,0.0189218188309711,0.0148853071092856,0.022660931987426,0.00732954155794249,0.00498221992744803,0.00967488433440365,0.178875222688264,0.160548807414502,0.197021106218693,0.00650822758869972,0.00479845795251285,0.00802575441439864,0,0,0,0,0,0
"776","2023-05-01",0.154793323424325,0.143049237660818,0.165558804742037,0.0671020888385844,0.057008731713577,0.076894589917905,0.146356095187655,0.136565732500404,0.156838039522162,0.0818397279046652,0.0717333527841758,0.0921935278038295,0.0419179692885673,0.0341889142215434,0.0497448192810923,0.0468027373112911,0.0411539963619568,0.0522240501818994,0.0228526268513533,0.0177015635146102,0.0278726495408699,0.0619784594032417,0.0562917228915495,0.0686169765378155,0.0319473586352231,0.0287513732310693,0.0352943526726416,0.0374442965407346,0.0298621519929682,0.0450192629944182,0.0441678109037008,0.0367948155790438,0.0510894878009292,0.0241606222552799,0.0222154912974846,0.0263867022962182,0.01891457008164,0.0147364212646775,0.0225723337583827,0.0073677898708412,0.0050471172285102,0.00978350657235881,0.178240268508682,0.160250550867354,0.196311148193001,0.00647858977898402,0.00477799755301581,0.00800250663974281,0,0,0,0,0,0
"777","2023-05-02",0.155149326590529,0.143357430532142,0.166304492691051,0.0670997776044507,0.0573436109284116,0.0769915607648754,0.146271642730749,0.136250516001602,0.156417729335956,0.0820616687429058,0.0716894775829437,0.0922869201968508,0.0417393169464563,0.0342965269824971,0.0494871986591266,0.0467203290605161,0.0410333179962785,0.0522137355139056,0.0227704883596815,0.0175592197343473,0.0278708307158645,0.0620492941286087,0.0561415268185457,0.0688158830485877,0.0319666515574387,0.0287641048231374,0.0353166983622558,0.0374210631066477,0.029777417746306,0.0447349904075491,0.0440775499687292,0.0368498151635758,0.0510213597830653,0.0241485813189312,0.0221808279503445,0.0263398440213923,0.0188933767416694,0.0147645429655559,0.0226503242106872,0.00741523520204708,0.00504974175869977,0.00986849667596626,0.17756748370915,0.159695728039329,0.195906331060613,0.00644196796326751,0.00474343941889743,0.00795780035361272,0,0,0,0,0,0
"778","2023-05-03",0.155579421614266,0.14378099090345,0.166837135811004,0.0670777808187953,0.0568581133871277,0.0770624220571686,0.146212974808163,0.136305485933348,0.156467453172422,0.0823174294832769,0.0718263405237642,0.0925378924964722,0.0415560149832229,0.0340037944602327,0.0493525006383731,0.0466244647021396,0.0408723375265785,0.052197670660921,0.0227137461315802,0.0172886513354626,0.0278608101187124,0.062101466107869,0.0563445853314859,0.0686382407869483,0.0319816914783951,0.0288183935967586,0.0353253167849173,0.037463415073604,0.029739796633775,0.0447156353419998,0.044062736957505,0.0368913492836513,0.0510642841154719,0.0241426761423231,0.0221892153879578,0.0263682908533248,0.0188762501761227,0.0146760967543257,0.0227505742718432,0.00744737469604602,0.00510023965102675,0.00980896218304939,0.1767953269832,0.15892702253179,0.194995878658527,0.00640563451251828,0.00469058581877494,0.00788765004540172,0,0,0,0,0,0
"779","2023-05-04",0.155906281873938,0.144225552338849,0.167151922081667,0.0670948967718648,0.0571114594379866,0.0768893096482745,0.146145453865763,0.136430841869297,0.156105121108573,0.0826224988571347,0.0719210433326729,0.0930905508290571,0.0413923939737706,0.033532451386051,0.0490261969772734,0.0465493085477649,0.0408648745932876,0.0520714307069678,0.0226120343241895,0.017361653033759,0.027737766838189,0.0621816545649238,0.0564398162324351,0.0687901036891929,0.0320138141798806,0.0288681674356026,0.0354051458683511,0.0374237752410545,0.0298448522162471,0.0445068352477001,0.0440527812764325,0.036779167468665,0.0509909736292642,0.024138263351205,0.0222234661572348,0.0264022663307208,0.0188468590429312,0.014820597432058,0.0225763187145119,0.00748686748445963,0.00513191799986884,0.00991778484734269,0.17588895608904,0.157972097860761,0.1943035485535,0.00637646276602539,0.00468825635845812,0.00789255179724518,0,0,0,0,0,0
"780","2023-05-05",0.15628429543198,0.144401095870974,0.167698531196545,0.0671173837398608,0.0572895919176502,0.0768414188676002,0.146036659982132,0.136170786007145,0.155860243994727,0.0829120595585975,0.0723680386390559,0.0928606753506312,0.0412140770985165,0.0336169498633648,0.048929315826431,0.0464754631707686,0.0407536677761627,0.051817015776704,0.0225488723499439,0.0172877062553962,0.0276449652198324,0.0622425637315458,0.0564067366709698,0.0685588131995107,0.0320304277158781,0.0288706161635753,0.035428197990353,0.0374388175559521,0.0299518010053918,0.0449593225430142,0.0440278618029727,0.0368366331546553,0.0509094709567557,0.0241303639557695,0.0221795819916742,0.0263619400083209,0.0188318790538441,0.0147119866210336,0.0225823951888138,0.00752181819249076,0.00516212132736577,0.00996309733705323,0.175184494479476,0.156688046170917,0.193761443305397,0.00634351282162584,0.00467121729407477,0.0078356400576437,0,0,0,0,0,0
"781","2023-05-06",0.156640913308946,0.145070085776815,0.167820893924472,0.0671522847777291,0.0573169357680138,0.0768261810246043,0.145929279513333,0.13600119808154,0.156228641405603,0.0832100824759031,0.0727359602848425,0.0935497519236517,0.0410356683265201,0.0334174152227687,0.0487998789633139,0.0463626922953932,0.0405830796851726,0.0516663684710312,0.0224530439512509,0.0171256595803126,0.0274726786895225,0.0622995440020924,0.0563387742752267,0.0689182523456404,0.032049884709568,0.0289168608104036,0.0355163378194355,0.0373986394087029,0.0298513444221376,0.044915478963237,0.0439799834942903,0.0367507174388362,0.050923433402945,0.024122263312092,0.0221076206895397,0.0263606455215554,0.0188044089585494,0.0147442410697988,0.0225615968125189,0.00756138977237434,0.00526909301768367,0.0099933376327947,0.174605760025688,0.156919847242259,0.192512600270114,0.00631442901365125,0.00461545140378735,0.00783162245636193,0,0,0,0,0,0
"782","2023-05-07",0.157002162552762,0.145314761393134,0.168256429572308,0.0672260759001929,0.0574340351418058,0.0768336005511946,0.145850185417647,0.135909918156859,0.155811725420351,0.0835455813146317,0.0728547460465413,0.0938786083026936,0.0409038036731081,0.0331376755990657,0.0486809743760148,0.046286311150672,0.0405464568630914,0.0517167481154338,0.0223748004391819,0.0170772889666221,0.0272633029080494,0.0623614029682908,0.0563416953427431,0.0689921265863385,0.0320735370878861,0.028892623731662,0.0355059179834618,0.0373959763174767,0.0299948456607679,0.0448334734002212,0.0439004937127793,0.0364280799600957,0.0509689577995558,0.0241122071775427,0.0221097824097176,0.0263636888260164,0.0187722447838166,0.0147323924058654,0.0225142597730468,0.00760362158659742,0.00524693005478854,0.0100149123073875,0.173924163257436,0.156820339383726,0.192104423921084,0.00627952253760424,0.00465791846035151,0.00777913343817746,0,0,0,0,0,0
"783","2023-05-08",0.157415268846439,0.146091069549262,0.168729899217476,0.0672530736681116,0.0575097825060939,0.0768428186671495,0.145744747934976,0.135918819725088,0.155666415127842,0.0838159447490283,0.0733767141984915,0.0938021496149438,0.0407602090077921,0.0329958472615749,0.0484640880162186,0.046205175381367,0.0405035941965425,0.0517394478948894,0.0222596773531108,0.0170664740018893,0.0271581636572871,0.0624080153715385,0.0563636368670271,0.0688930199010046,0.032085417763024,0.0288815826214559,0.0355081485627769,0.0373639671633992,0.0299003470060063,0.044672100340294,0.0438313151035085,0.0365226237456839,0.0508409397291021,0.0241026948107998,0.0221045196329137,0.0263582481791284,0.0187366272141947,0.014789074353883,0.0223759218443201,0.00765032366645928,0.00529592128715235,0.0101340449473082,0.173235254479238,0.155452740983074,0.191055110593831,0.00625310136663506,0.00461448404295399,0.00776944086164444,0,0,0,0,0,0
"784","2023-05-09",0.15783451217743,0.146562028787293,0.16898189044263,0.0672971392371828,0.0579548850314137,0.0765849657426768,0.145663710051523,0.135712542405905,0.15556242721143,0.0840948346334502,0.0738066972918224,0.094010557982593,0.0406157076842043,0.0328928759626232,0.0482020181050123,0.046126349977502,0.0403954116477344,0.0516594913495183,0.0221695731868551,0.0170302771562675,0.0270366751668017,0.0624521848995504,0.056477228412593,0.0690538621508746,0.0320943491792592,0.0289987498400679,0.0355546699458328,0.0373825529650632,0.0302500456649851,0.0446192842569714,0.0437416966327852,0.0365760934728842,0.0506182091655287,0.0240916986238443,0.0221260772051448,0.0263129485249125,0.0187118664746155,0.0147500832049602,0.0224636820509954,0.00768559003530757,0.00537375026004747,0.0102198053143494,0.172551670089826,0.155692484206796,0.190206412971425,0.0062145819125032,0.00448614308475971,0.0077334207564667,0,0,0,0,0,0
"785","2023-05-10",0.158177550504235,0.147027228913491,0.169321967028437,0.0673130581990621,0.0582626822666912,0.0764412776359922,0.145650880709545,0.135946957117589,0.155275462403384,0.0843423859957838,0.0744246474366313,0.0942878262018255,0.0404345260686964,0.0330292545020911,0.0477457650120639,0.0460457859870876,0.0404125173558326,0.0514016168838492,0.0220864218779645,0.0169258006973515,0.026791572877525,0.0624977608891597,0.0566673121406541,0.0691482093169259,0.0320944248451613,0.0290230049932634,0.0356865286190429,0.0373640688237239,0.0301577731773387,0.0446453000583055,0.043689614097518,0.0367609646265969,0.0505832668676866,0.024084462890629,0.0221344742592077,0.0262796629634862,0.018695418939284,0.0147293372378231,0.022334649924802,0.00773529969003737,0.00541549954242945,0.0102046106753208,0.171820387684965,0.15566942949798,0.18825377381685,0.00618362082605371,0.0044483008532268,0.0077069326862201,0,0,0,0,0,0
"786","2023-05-11",0.158597845944151,0.147973927926876,0.169544122169458,0.067325937017595,0.058142684577868,0.076045368110823,0.145545737162336,0.135497081085884,0.15466795159308,0.0846354855740817,0.0749076561432993,0.0943877092907076,0.0402936078738604,0.0331583142079853,0.0472956380445704,0.045968014317872,0.0405826226051841,0.0512817455670783,0.0219971243666164,0.0169839141866075,0.0267652587560206,0.0625725764986921,0.0565576419810506,0.0691618063562402,0.0321014600015443,0.0289918385186711,0.0356731321327466,0.0373292607446333,0.0303263643112396,0.0445013058847556,0.0436416511791364,0.036914064178325,0.0505189729624166,0.0240807740843548,0.0220688847726311,0.026312594545537,0.0186491489299587,0.0147209352653924,0.0223553441878701,0.00778022213872064,0.00537939444562092,0.0102643923964711,0.171149310284092,0.155265531286347,0.186878103463357,0.00614213808312109,0.00435884798605879,0.00765519008568303,0,0,0,0,0,0
"787","2023-05-12",0.159003631480058,0.148456338169342,0.170194116361884,0.0673759000127656,0.0587415534650786,0.0759452202509852,0.145456882810115,0.135800600944112,0.154494684927659,0.0849178125121901,0.0754406034224834,0.0943467653066802,0.0401550123345915,0.0332132635522737,0.0469131527748582,0.0458784951545994,0.0404936767618249,0.0512650868966441,0.0219140105050601,0.016871811094458,0.0265501730129985,0.0626353138902849,0.0567834123195917,0.0692389156454326,0.032128067985979,0.02904060901063,0.0356015886974457,0.0372864342441202,0.0304802551384437,0.0441639623654226,0.0435674475471796,0.0367202871842273,0.0501856706167971,0.0240744061583964,0.0220694315289363,0.0263304268563318,0.0186439615657477,0.0148133573857633,0.0222832536175907,0.00781589827921442,0.00541915199582033,0.010264177693029,0.170392964288462,0.155483168643863,0.186008873084576,0.00611307131707601,0.0043640913414479,0.00761799318860752,0,0,0,0,0,0
"788","2023-05-13",0.159390017249859,0.14919957964338,0.170053525224161,0.067404040190559,0.058834186825321,0.0759400190500372,0.145322331031218,0.135652654466491,0.154330576988791,0.0851697111373538,0.0761437056043989,0.0947496064664709,0.0400418215108875,0.0335761589556457,0.0464564637697315,0.0458009251606381,0.0405725645854796,0.0508919083396029,0.0218257084385397,0.0168078948052567,0.0263275502558531,0.0626619410993242,0.0567414892678466,0.0692439001117016,0.0321477427338147,0.0290398455664661,0.0356145157116214,0.0372698149509418,0.0308347142848736,0.0437918991742143,0.0435352045997186,0.0370308483100633,0.0501140596651274,0.0240706795831474,0.0220890720497361,0.0261876232617478,0.0186356074656176,0.014808910777293,0.0221648031838197,0.00785743824211368,0.00546715679352456,0.0102877452220098,0.169683755019327,0.155674527081306,0.184646044468599,0.00608276513592524,0.00438766734885604,0.00755986729238475,0,0,0,0,0,0
"789","2023-05-14",0.159752537992434,0.1498876812317,0.17029748268373,0.0674117274539937,0.0592430886150382,0.0755150655228981,0.145281200206956,0.135749216913101,0.154121190027312,0.0854481438389396,0.0764770981806093,0.094440005679832,0.0398971639929318,0.0338303194726807,0.0462777102840689,0.045721907206494,0.0404989823815434,0.0508051228491564,0.0217248709988942,0.0168961671963864,0.026086861987039,0.062740124340386,0.0568479863598442,0.0691278556945576,0.0321708258878796,0.0290225930642832,0.0355609113876982,0.0372977462057192,0.0310338502828823,0.0433734440575075,0.0434741083581656,0.0370687882960709,0.0498173493827745,0.0240598906217853,0.0220471273629756,0.0262216544295815,0.0186236460615162,0.0149697531578205,0.0221317874711988,0.00790432227863183,0.00551726555330709,0.0103876686032042,0.168911870034173,0.155458170754177,0.1824465202944,0.00605254021041521,0.00434644060614517,0.00752254808766941,0,0,0,0,0,0
"790","2023-05-15",0.159795619293178,0.149521924240542,0.17030167942869,0.0675327882551345,0.0591020302842633,0.0759483650357867,0.14533449658988,0.136077991120882,0.154042983302512,0.0855563932367131,0.0765538830615841,0.0950369037796619,0.0399071570384476,0.0333547052119015,0.0463267025432175,0.045695347739985,0.0403257484607508,0.0508369842247247,0.0218849527394367,0.0172209934402691,0.0262886355885444,0.0625942859351058,0.056685859125297,0.0690422479103147,0.0321830810285351,0.0290369995339514,0.0356179642768205,0.0372152029205048,0.0309309931672119,0.0435811645103967,0.0435346143192343,0.0371863371978086,0.0500092369000043,0.0240574282651948,0.021997781189915,0.0261573539234681,0.0185919855761146,0.0148520184038804,0.0221627246393665,0.00787062678196927,0.00551456006046379,0.0104246284978684,0.168768040320193,0.154241172471617,0.182694642114334,0.00606738816449488,0.00435233896197483,0.00754628940920934,0,0,0,0,0,0
"791","2023-05-16",0.159869671502832,0.149617534841118,0.170322493831422,0.0675637433518139,0.0587355845970759,0.0762557316723991,0.145395015060007,0.135917024623438,0.154274858961305,0.0856384640737958,0.0760868062655483,0.0952451432700065,0.039926272514787,0.0332192733859129,0.0466159737442825,0.0456615623543933,0.0402627644268731,0.0508221782856589,0.0220472147183452,0.0171444706198595,0.026581805242528,0.0624497383164,0.0565338685185613,0.068946470144469,0.0321959867036354,0.0290759927903812,0.0356166019222448,0.037149146160309,0.0305742702121621,0.0436539212183726,0.043632722031827,0.037273720952044,0.0502131693268289,0.0240610265794435,0.0220075791799808,0.0261734665708719,0.0185717715243053,0.0149035406816493,0.0223038448600484,0.00783719089699007,0.00548538855205311,0.0103666490242159,0.168617950174709,0.152777854468619,0.183207306182295,0.00608285551001117,0.00436923737851811,0.00759130155130494,0,0,0,0,0,0
"792","2023-05-17",0.159942666774455,0.149584501645945,0.170618686654466,0.0676497994413615,0.0587425450701335,0.0765717823765024,0.145404007171136,0.135995419860449,0.154250921509242,0.0857735968126979,0.0762652328507764,0.0954499552882911,0.0399826284666009,0.033132642399274,0.0467410650905988,0.0456165116594658,0.0401764886726044,0.0508084040870779,0.0222075258010884,0.0171909677349276,0.0268696290223949,0.0623246014845607,0.0563436777802468,0.0689024788892487,0.0322020665751804,0.0290645373399082,0.0356808656465351,0.0370610145302021,0.0302016839013128,0.0435183519849898,0.0437116578348546,0.0371979269133489,0.0503716301912546,0.024053822852506,0.0219827851884679,0.0261486618177752,0.0185386953520436,0.0148302769188581,0.022094324119131,0.00778855240721031,0.00544346642543693,0.0103016599429939,0.168527618100982,0.152404899094091,0.183721460418942,0.0061048364763742,0.00439023561414991,0.00757933509096715,0,0,0,0,0,0
"793","2023-05-18",0.160027547121596,0.149580146919609,0.171082659770259,0.0677692158926419,0.05897321241215,0.076802183486277,0.145476035586945,0.136039391293716,0.15429095570912,0.0858430252636625,0.0762392757415229,0.0957042323635117,0.0400608033599551,0.0330001707229888,0.0468073950316401,0.0456030909165887,0.0402965867736303,0.0506472410383803,0.0223690578075967,0.017452107198234,0.0271432294033846,0.0622027353578309,0.0559818325073745,0.0687988197713103,0.0322080970356493,0.029114503043996,0.0355575082211653,0.036951093207162,0.030120359413568,0.0433873868920559,0.0437901727167907,0.0370656476351279,0.0506748939697949,0.0240448570647342,0.0219540556679432,0.0261869852796248,0.0185339034255543,0.0148355565216169,0.0221408593158458,0.00775733160688159,0.00538680404615084,0.0102469872878473,0.16843794426493,0.15165768519495,0.184187594900173,0.0061193428058361,0.00443084066261833,0.00757505275843136,0,0,0,0,0,0
"794","2023-05-19",0.16014040788011,0.149254133881608,0.171023437963349,0.0677840705846253,0.0586246192929346,0.0767108601536038,0.145522847889924,0.13561475117308,0.154535634621084,0.0858852878861781,0.0756847005009548,0.0958329230323328,0.0400970011285942,0.0330099853719319,0.0470238049491424,0.0455678169513859,0.0403301782321133,0.0507433958181704,0.0225022223763326,0.0175177039697009,0.0273038227236707,0.0620566447646205,0.0559633479874307,0.0686388436011057,0.0322147643069459,0.0291363538957963,0.0356568381100128,0.0368425156177989,0.0301674002522188,0.0433389784558887,0.0438432867327276,0.0372308366374322,0.0506192100062071,0.0240376089414216,0.0219511278436673,0.0261843319953765,0.0184979454457264,0.0147589098511143,0.0220619692225733,0.00772310816352203,0.00537606604085711,0.0101874015536038,0.168262347541837,0.151645349469021,0.184303223147109,0.00614317437054998,0.00444304079935443,0.00758891280099568,0,0,0,0,0,0
"795","2023-05-20",0.16022818861853,0.149548889154477,0.171135198961655,0.0678312148311402,0.0584488557775087,0.0770107885441642,0.145541000540785,0.135852234562824,0.15467036746029,0.0859241452425549,0.0760282133863784,0.0957093305535506,0.0401559318173035,0.0331178439581516,0.047244977121119,0.0455480264898192,0.040081124727667,0.0509386133054417,0.0226735854246641,0.017524195505249,0.0273944269484543,0.0619368129992319,0.055807017834673,0.0685604741179759,0.0322210064352901,0.0292381393999076,0.0356465478895836,0.036740968362344,0.0300425183875503,0.0433825078174344,0.0439038898455455,0.037144775985205,0.0506639513057824,0.0240316758950835,0.0219303075495502,0.0262015845809407,0.0184554322450309,0.014607442202833,0.0218560986037422,0.00769711343365275,0.00529507154611405,0.0101776678589789,0.16800706180825,0.151344300498656,0.184281231114382,0.00615819321432239,0.00450995780114722,0.00762930011916025,0,0,0,0,0,0
"796","2023-05-21",0.160265075458747,0.14973267558541,0.171368919196348,0.0679377687786655,0.0585619922169762,0.0770012074756453,0.145611336671597,0.135920575696795,0.154853931241586,0.0860146754379794,0.0760899790288461,0.096161357835175,0.040153491182519,0.0327681790553808,0.0472384192912586,0.0455103496756995,0.0400488767802935,0.050774785614143,0.0228437797088435,0.0178959242855732,0.0274849511849021,0.0617920831787361,0.0556661338779464,0.0683876021519898,0.0322249432015987,0.0291545013862083,0.0356549146024536,0.0366157438264459,0.0298812074034664,0.0432546055769356,0.0439643366343463,0.0372979552111172,0.0508242435815142,0.0240262898090634,0.0219359319486816,0.0261820170393984,0.0184386899245887,0.0145213809030996,0.0219337577955785,0.00767073938326952,0.00532464886161914,0.0101339435106063,0.167856728689074,0.151375201073645,0.184405453987671,0.00617601059559339,0.00450367677382351,0.00763971768323812,0,0,0,0,0,0
"797","2023-05-22",0.160339454913336,0.149844112577021,0.171490361619643,0.0679208781065321,0.058673905297685,0.0771202843397766,0.145671710496266,0.136155418411583,0.154875281548234,0.0860364036492148,0.0763884041272973,0.0959455524350443,0.0402131979604077,0.0329924096948106,0.0473491417895406,0.0454630821713395,0.0398385355935233,0.0507909958299127,0.0230233959908794,0.0180202369499629,0.0277831893394809,0.0616683160355341,0.0556584372688723,0.0683066450595097,0.03223134586754,0.0291354801312658,0.0355660912612831,0.0365327457817027,0.0297296099413159,0.0430355835124314,0.0440127084006213,0.0372184021925551,0.0510184535179034,0.0240187978015587,0.0219654776537276,0.0261900687528562,0.0183971880243113,0.0143415780049306,0.0219067569467612,0.00765352680755169,0.00528961428508197,0.0101354085652872,0.167672998423262,0.151428269351532,0.184330235301446,0.00619689989599364,0.00454126953749971,0.00768239955364718,0,0,0,0,0,0
"798","2023-05-23",0.160426957357845,0.149955664219595,0.171424388888046,0.068012275256863,0.0587673844215085,0.0772096909342651,0.145752766921515,0.136234317922097,0.154940690892738,0.0860644952090471,0.0763625668044613,0.0959250419466855,0.0402564592117347,0.0330566571289659,0.0474756965763036,0.0454214003069575,0.0399427699015029,0.0507172434581109,0.0231632254225854,0.0180515968754257,0.0280812128957188,0.061544315123252,0.0556322986058525,0.0681781817705236,0.0322304612723432,0.0290973738487179,0.0356535810048754,0.0364395538414857,0.0296359063856719,0.0429814176270634,0.0440597173816799,0.0375120150849944,0.0508310506207834,0.0240157483254063,0.0219335236822916,0.0261550450117684,0.0183596766738775,0.0144947155361393,0.0217610416787718,0.00763088467841222,0.00528488655741547,0.0100962158182538,0.167491922118182,0.150919087606424,0.184605785833467,0.00621216580837885,0.00455301593626727,0.00766901546300377,0,0,0,0,0,0
"799","2023-05-24",0.160467129288554,0.149833169734696,0.171395161329343,0.0680542424359235,0.0588054198324105,0.0769640751302133,0.145814000835929,0.136533021473329,0.155199203637095,0.0860910464926155,0.0762510087669872,0.0956673694227349,0.0402887016568502,0.0332482017249457,0.0473198382237929,0.0453889494494711,0.0400596341142175,0.0506317367381311,0.0233164638640457,0.0181774750980605,0.0281476359965792,0.0614436532263923,0.0556551844491627,0.0681259725180985,0.0322445445038878,0.0290725346728093,0.0357327943032403,0.0363373443160822,0.0294724185963625,0.0428781560464597,0.0440945099984161,0.0376187639652197,0.0508710917478636,0.0240118004847968,0.0219476537482143,0.0261493543429922,0.0183390401255228,0.0143312377804378,0.0217395768159848,0.00759348989953804,0.00533645859163603,0.00998623103900219,0.167333596621266,0.15067417492353,0.183762291116127,0.0062313930565804,0.0046299612197787,0.0076780928924949,0,0,0,0,0,0
"800","2023-05-25",0.160544884917385,0.15015018114113,0.171244209259913,0.0680693392843338,0.0591429883245505,0.0773370988637402,0.145929025615544,0.136439156007192,0.155107512659186,0.0861405011925116,0.0766601466266184,0.0959187173224131,0.0403612789473287,0.0334609332432221,0.0474244830129889,0.0453488809073333,0.0401137619876261,0.0505042411633906,0.0234777256356121,0.0185656807857712,0.0282309022665777,0.0613246426290475,0.0555156685453276,0.06781600808254,0.0322417534549094,0.0290755405440719,0.0356992622874902,0.0362682910581644,0.0295198296126138,0.0427345582905153,0.0441510261678899,0.0377812720880469,0.0508296017034178,0.0240048837789975,0.0218846441078252,0.0260833698322299,0.0183232771878166,0.0144696087538616,0.0217836102260287,0.00756858990249678,0.005296764165027,0.00991261608137578,0.167278154702591,0.150948339159827,0.183556754201053,0.00625064745199219,0.00463201221601984,0.00774835057822921,0,0,0,0,0,0
"801","2023-05-26",0.160634765605146,0.150140768491439,0.171103740383844,0.0680860174626545,0.0591692414524029,0.0774893148495744,0.145999664491211,0.136667711098389,0.155152302223318,0.0862596191191684,0.0768593753596999,0.0958552371356194,0.0403943013257622,0.0334194717305578,0.047567308460075,0.0453138116099013,0.040102505844476,0.050419606183836,0.0236598836050937,0.0187900840169106,0.0285159166978265,0.0612159893156218,0.0553566613063145,0.0676338061621993,0.0322472224820256,0.0290843826779004,0.0356948351718045,0.0361741243064383,0.0295193461362717,0.042252563859407,0.0441945312604144,0.0377804304098401,0.050634990143055,0.0239966761874054,0.0219222385449816,0.0261306397253235,0.0183083244548819,0.014474462317355,0.0218051385213832,0.00753346140387125,0.0052363631702462,0.00989165261731761,0.167106892235729,0.151089223526603,0.182860062353014,0.00626692431747713,0.0046771707264496,0.00777594880657602,0,0,0,0,0,0
"802","2023-05-27",0.160769711934219,0.150261565329473,0.171243022212684,0.06809329599227,0.0592306054495679,0.0772422160402394,0.146091165975827,0.136832658549513,0.155039519916071,0.0863312737159977,0.0769841783023299,0.0959502284206915,0.0404830522554905,0.0334886652458926,0.0475803437804106,0.0452902301543666,0.0400403213597914,0.050510183826675,0.0238219196348351,0.0190310479208965,0.0285974408850083,0.0610643757529421,0.0552072177838799,0.0675169877129952,0.0322494516809079,0.0290705133014833,0.035677376396329,0.0361330129860672,0.0295521534315819,0.0422288759552026,0.044244248444764,0.0379308252918776,0.0505765014802084,0.0239972065050619,0.0218691713497677,0.0261012265221184,0.0182719045140553,0.0145209696185361,0.0217173761514597,0.00750916077307852,0.00526009939770281,0.00982598969487268,0.166963648121494,0.150531840902449,0.182863043186799,0.00627983421103511,0.00471301741427488,0.00777172019890337,0,0,0,0,0,0
"803","2023-05-28",0.16084111142024,0.150260355517561,0.171567375468219,0.0681340255779969,0.0593644531031364,0.0769446141296979,0.146137543685174,0.137045341305626,0.154888559960689,0.0864157293547868,0.0769192681656536,0.0958033598335848,0.0405110097429426,0.03365522296631,0.0474998333324691,0.0452600479981293,0.0400600980402771,0.050443998501422,0.0239986867210634,0.0192737308388208,0.0287256173576163,0.0609381844570213,0.055061633900343,0.0673706241501598,0.0322575105075156,0.0291421798116184,0.0357075339617008,0.0360245111497476,0.0299152548416667,0.0419140830219345,0.0443405535764052,0.0380918785493782,0.0504872234700163,0.023997146444859,0.0218914230424719,0.0261356678913181,0.0182609746471738,0.0145810539155804,0.0217668835646348,0.00747821723903128,0.00524373935365513,0.00981034942738277,0.166876627532765,0.151455424464169,0.181964962809064,0.00629141008275329,0.00469201139918227,0.00775850591419865,0,0,0,0,0,0
"804","2023-05-29",0.160761790072986,0.150305076463877,0.17143040985561,0.0683149625454147,0.0592274687834054,0.0773386972116752,0.14614048066722,0.136725627654792,0.154784700728125,0.0864676092884422,0.0768294269316514,0.0959907240501226,0.0407648305101813,0.0339892564514984,0.0476392829444946,0.0452454266761604,0.0401762291795987,0.0504286874905153,0.0240507528219362,0.0192562206397201,0.0288854724117043,0.0607971979312756,0.055050251149528,0.0670263913490273,0.0322506019680004,0.0290564224329234,0.0356760973114223,0.0362453920368655,0.0298887622170627,0.0424360897717002,0.0443755333154961,0.0378685747487526,0.050557664845985,0.0239919883854501,0.0219270003165889,0.0261325794897888,0.0182533635527567,0.014464572087168,0.0217777292841875,0.00744363978258476,0.00514605359389394,0.00972631806265745,0.166772346773545,0.150631258753364,0.182784467636029,0.00629966341658056,0.00467135418735796,0.00775852947950283,0,0,0,0,0,0
"805","2023-05-30",0.160685971048556,0.150882197887591,0.171051394623364,0.0684400733215748,0.059311553372495,0.0778812202302953,0.146150719165147,0.136883433099141,0.155094924606901,0.0864839114996637,0.0767457836263371,0.0961297250730395,0.0409701562483035,0.0339287379854512,0.0481116662871891,0.0452279279010449,0.0398813621647247,0.0504165978906257,0.0241243813303638,0.0192996312085864,0.0290226666064642,0.0606494746571094,0.0548790590276545,0.0667946004069807,0.0322520639378331,0.0291221061548615,0.0356943305305516,0.0365005860386363,0.0302130053026641,0.0428622762850099,0.0443351189885439,0.0377595806960928,0.0506700031964272,0.0239886465806414,0.0219645908341511,0.0260663304879153,0.018241243547798,0.0144257259257764,0.0218131784504086,0.00741623214704241,0.00507888080726257,0.00964847256672765,0.166612491221564,0.149777218406902,0.182740529893171,0.00630200509015936,0.00468575456128905,0.00773551335053376,0,0,0,0,0,0
"806","2023-05-31",0.160679665246567,0.150494405798101,0.171057904136457,0.0686613939454221,0.0595090793247104,0.0779351174878686,0.146162600582596,0.13711842335863,0.155138350217767,0.0865193627073628,0.076641038685319,0.0961497585585896,0.041181610830584,0.0342699625168381,0.0483716595548555,0.0452108139226518,0.0400430390084692,0.0504431564767445,0.0241658273935766,0.019246833018983,0.0290665819713978,0.0605079579930238,0.054870135577173,0.066608927573468,0.0322558197141335,0.0290725249756242,0.0357097242486521,0.0367116945100341,0.0303505306112606,0.042818086894081,0.0443260914497107,0.0377753365323831,0.0507465579288033,0.0239813743705156,0.0219307607553203,0.0260780607787656,0.018206904729419,0.0143241141484274,0.0218813517048794,0.00738640195580508,0.00513458730271453,0.00967198006602331,0.166606643931886,0.150626437751285,0.182393480402447,0.00630473878739654,0.00464926744706794,0.0077598609956413,0,0,0,0,0,0
"807","2023-06-01",0.160567521674053,0.150002343426951,0.171214522323507,0.0688689161768283,0.0595639420851364,0.0782371951283526,0.146166878057646,0.136801581739059,0.155329613424535,0.0865075195040622,0.0765464473561636,0.0963415758374004,0.0414301613021365,0.0342908199268148,0.0486564271398262,0.04521144177291,0.0400447246128143,0.0504137056926674,0.0242067635754751,0.0192782812300967,0.0291867325497131,0.0603452301435117,0.0546923661858938,0.0665749413243399,0.0322540596531753,0.0290609215341965,0.0357144814493203,0.0369494252856217,0.0303735790709165,0.0436066170841679,0.0443506660368856,0.0377134904641083,0.0510568280245696,0.0239759582365106,0.0219436080423213,0.0260926661709553,0.0181718794935827,0.0143879518570843,0.0216815422640957,0.00735562836217159,0.00510305992799278,0.00962716346952862,0.166564617700553,0.151053798532311,0.182775496944895,0.00630575626454903,0.00468489460928802,0.0077859074345061,0,0,0,0,0,0
"808","2023-06-02",0.160605208583516,0.150228945820967,0.171351497851377,0.0690426167080095,0.0596762475313303,0.0783589960382519,0.146144346464632,0.136860520949383,0.155645345832252,0.086464767383249,0.0762709730747407,0.0962116397076753,0.0416691285567469,0.0347671494028659,0.048764195814672,0.0452268148893566,0.0399048909949094,0.0505711873620529,0.0242346198535289,0.0193056485955288,0.0291401396108705,0.0602077890124667,0.0545076627323537,0.0661524551601249,0.0322558933463909,0.0290981832716897,0.0357269861991662,0.0372004109984605,0.030744970631568,0.0437872391716338,0.0443614973992818,0.037613631626888,0.0512014751081463,0.0239708523315354,0.0218955020738401,0.0260695912327852,0.0181595515270924,0.0142985990817266,0.0216909123349476,0.00732754647803994,0.00508901352074198,0.00952559773399237,0.166442965459995,0.149967299084813,0.183176164212989,0.00630407940113318,0.00466092873134186,0.00779647580313244,0,0,0,0,0,0
"809","2023-06-03",0.160605655814196,0.15023675535955,0.171112216090481,0.0691761611776809,0.0600319527044709,0.0785540484666852,0.146139528176117,0.136719508155029,0.155595508582968,0.0864444906061532,0.0761509739911731,0.0962151942199586,0.0419009427775899,0.0349745753843259,0.0489288727878536,0.0452256033549552,0.040008628997241,0.0506008930757822,0.0242863871926263,0.0194911601894528,0.0292665087747268,0.0600569933552306,0.0543051084741573,0.0659434093514327,0.0322506833601378,0.0291206749804958,0.0357545810426037,0.0374802310711799,0.0309399396710575,0.0441720016020252,0.044372378638873,0.0376041071760264,0.0509718806419806,0.0239638006162021,0.0219289493421947,0.0260718332605044,0.0181224461922069,0.0143710810918999,0.0217598096275564,0.0073056479348231,0.00504874602386621,0.00948527750720246,0.166392414496282,0.150412058089702,0.182762908597927,0.00630597045639068,0.00468382419397028,0.00777018935372997,0,0,0,0,0,0
"810","2023-06-04",0.160504669833411,0.150064391976554,0.170906471680582,0.0693468792117963,0.0604250341130064,0.0783498926799091,0.146144387771786,0.136911039771265,0.155418766443066,0.0864549941796926,0.0767553655125683,0.0959830117743802,0.0421290354122281,0.0348010559257852,0.0493617293135383,0.0452283107692929,0.039955621118739,0.0506128515004633,0.0243348555553025,0.0194267965656586,0.0292089499618251,0.0599077722966946,0.0543033958115454,0.0657061798902518,0.0322387617943171,0.0290656118522111,0.0357493599365286,0.0377093256247982,0.0311239884014009,0.0442786824014817,0.0443658122702442,0.0377923303767612,0.0511176559066787,0.0239544110085467,0.0219272446695836,0.0261062694684755,0.0181068724456753,0.0142996131910275,0.0217164911167914,0.0072751778131066,0.00499484969112117,0.0094468551825914,0.166313039153559,0.1499972591918,0.182468263086379,0.00630854675861938,0.00472311788914934,0.00776987899705464,0,0,0,0,0,0
"811","2023-06-05",0.160388981392512,0.150121404145393,0.170817440472594,0.0694823822782579,0.060773966027574,0.0786201256854475,0.146091410002766,0.136677313775972,0.155003401556504,0.0864010652031562,0.0766344973853573,0.0959193580406296,0.0423997531856035,0.0355844094090102,0.0495564683338228,0.0452144391556114,0.0399009526630849,0.0504600630882279,0.0243655229410433,0.0195197458817407,0.0292159586933617,0.0597683174043593,0.0541448707436108,0.0657771053148842,0.0322328855156992,0.0290655887907214,0.0356817917990684,0.0379314194406611,0.0313101402749724,0.0445103664484864,0.0443801111212131,0.0377817032604009,0.0512649836384575,0.0239552038181606,0.0219455010649818,0.0261368177282198,0.0180747810690429,0.0143286993921208,0.0216120078024982,0.00723989460064546,0.00501137861824279,0.00945072892763975,0.166181241852249,0.150687071397787,0.181363771272139,0.00631786534185346,0.00475279388039164,0.00779279984728167,0,0,0,0,0,0
"812","2023-06-06",0.160390139661307,0.150131512536574,0.170325746243675,0.0696340551074041,0.0607666131534125,0.0784231695110399,0.146079099271744,0.136587176321403,0.155097908498645,0.0864209252546688,0.0769326377533909,0.0955105991337597,0.0425799828934618,0.0358596535371092,0.0495608572308842,0.0452384013246858,0.0399991064656891,0.0504927187564203,0.0243982338614143,0.0197358276107321,0.0291620465267226,0.0596080730464502,0.0539958832368074,0.0653820269456861,0.0322374001357535,0.0291432408870038,0.0357554129648529,0.0381914830400715,0.0318273974440598,0.0446730829804131,0.0443703941603784,0.0379188452257248,0.0512533186286686,0.0239498540929312,0.0219593465060494,0.0261244907680531,0.0180560948206416,0.0142946927612836,0.0215980312403596,0.00721301269905417,0.00486147924928672,0.00947487717714383,0.166253266908664,0.151170974871291,0.181617040703339,0.00632118733807874,0.0047784284037288,0.00778466996724845,0,0,0,0,0,0
"813","2023-06-07",0.16036188020456,0.15010207494166,0.170748144989544,0.0697887436859697,0.0612682888005789,0.0783929733410133,0.146075016356567,0.136633021554654,0.155133194159198,0.0863956226299183,0.0768381000209405,0.0954059452996171,0.0427899574030824,0.0361816516249761,0.04957146730288,0.0452685894536273,0.0399911701966041,0.0505430584498012,0.0244179036949818,0.0197827480876523,0.0291321034291646,0.0594385827418603,0.0539703025673141,0.0651693836762935,0.0322430894875818,0.0291904789833183,0.0357364848853696,0.038477866154104,0.0319968162162014,0.0451052437032572,0.0443816158390095,0.0379764357393994,0.0512920885063894,0.0239471206614637,0.0219502439188008,0.0261179168638462,0.0180381866940518,0.0143755232100907,0.0214843340781794,0.00718495614924916,0.00491763444205414,0.00940869596843976,0.1662221006296,0.151656131881765,0.180514877635859,0.00632503327322697,0.00478860254900558,0.00781965360073182,0,0,0,0,0,0
"814","2023-06-08",0.16032163768531,0.149949583797002,0.170360974701463,0.0698998703745371,0.0616740906183386,0.0784202715597608,0.146065235391396,0.136268760957432,0.154605470489695,0.0864218965407216,0.0772367727864109,0.0948895993137369,0.0429942496660811,0.0364676674340481,0.0497590395391553,0.045279779530609,0.0400432550621059,0.050646549540135,0.0244603522709731,0.0199610477717203,0.0290881962478596,0.0592899251831913,0.0539049428108571,0.065068901524136,0.0322343942892156,0.0291928833232404,0.0357556081092834,0.0386804684565541,0.0323301968955062,0.0451111239685641,0.0443928058607791,0.0378730819482169,0.0508832915083048,0.0239416070598728,0.0219674208506588,0.0261147484580914,0.0179970585161732,0.0143441139359943,0.0214141212959299,0.00715849762499879,0.0048968426193419,0.00938003381261114,0.166175586589848,0.15177078339946,0.180814441474001,0.00632803866515167,0.00479542766051844,0.00781410475791008,0,0,0,0,0,0
"815","2023-06-09",0.160279720270254,0.149990690461894,0.170021031326543,0.0700066286178779,0.0620546124143288,0.0784376627093393,0.146066271858994,0.136475830239853,0.154821022069062,0.0864564905367342,0.0772166856671789,0.0949211012864317,0.043234913408783,0.0367698708323048,0.0496597040637494,0.0452759898076795,0.0401991283337376,0.0507497824440354,0.0245036203157562,0.0199712290429588,0.0290421300330042,0.0591628087621423,0.0536788013123278,0.0647948594077973,0.0322277782156351,0.029221216311272,0.0356544645003515,0.0388857919542252,0.0326954905050481,0.0452348782636093,0.0443862239818917,0.0379167706355223,0.0507592102131609,0.0239349899479196,0.0219355404601299,0.0261057679084023,0.0179645771413958,0.01449992659311,0.021323526339796,0.00712979156939887,0.00492278978847288,0.00931237022261783,0.166243915828656,0.152710936610274,0.180922005731193,0.0063320302171942,0.00479426229217894,0.00782531512961511,0,0,0,0,0,0
"816","2023-06-10",0.160202575010097,0.150472972301313,0.169890385748198,0.0701602497582764,0.0624499373148946,0.0780621646420057,0.146078980682166,0.136756331546593,0.154769929223908,0.0864297305962622,0.0775881231709818,0.0945837958777273,0.0434890206176403,0.0371282261935815,0.0500048707473052,0.0452736690723829,0.0401633892784851,0.050515874075512,0.0245652001381383,0.0201307627579374,0.0291730079237206,0.0590055759896446,0.0534531443749766,0.0645752735435297,0.032232955165136,0.029208834131154,0.035713239966358,0.0391578926641632,0.0330127120759576,0.0451972787400087,0.0444110555344232,0.038037037730574,0.0509050737782718,0.0239242151506621,0.0219281845264819,0.0261019666861555,0.0179347055853968,0.0144306119770232,0.0212577448492858,0.00710366769904523,0.00489490765861389,0.00923766043430633,0.166158812232257,0.153014825036307,0.179276199871791,0.00633732396621513,0.00483242678267294,0.00778500621867883,0,0,0,0,0,0
"817","2023-06-11",0.160152971103972,0.150455388618834,0.169361606415961,0.0703019220356257,0.0627398574018697,0.0776712822586507,0.146107419108003,0.137023031210209,0.154508842537374,0.0864249772739971,0.0780277785822991,0.0945475004277279,0.0437132583338275,0.0376253502532653,0.0499280322041168,0.0452765914008876,0.0403477748674393,0.0505810175969838,0.0246332920338634,0.0203227038626323,0.0291888011548074,0.0588403701142706,0.0534398104323906,0.0643290453322923,0.0322317077953761,0.029190745820136,0.0357512593985101,0.0393784407769711,0.0335821216489934,0.0450372390079795,0.0443690494547612,0.0382309374173019,0.0506929700268846,0.0239165292116626,0.0219631898262773,0.0261107100997404,0.0179204986788548,0.0146027017601703,0.0212271598635243,0.00707318919203964,0.0049134531955275,0.00922111128396778,0.166114595289419,0.15378752162131,0.178399820829678,0.00634070883581442,0.00486689329186356,0.00776520837363342,0,0,0,0,0,0
"818","2023-06-12",0.160287247007161,0.150605944549716,0.16983705275279,0.0701078845697877,0.0623463319849888,0.0778190286769136,0.146262175189709,0.136639476549369,0.154812768137602,0.0867900060301491,0.0782355809834434,0.0953106831358798,0.0436347551865606,0.0373938762130363,0.0501890752645323,0.0451937958800243,0.0400905374070472,0.0504378772981753,0.0246236319056963,0.0200992471612014,0.0293927426523065,0.0587684648571793,0.0532509005815422,0.064525170021858,0.0322303463795886,0.0291973975161189,0.035674996727923,0.0393882443474544,0.033428385538254,0.0454436284742059,0.044196421000536,0.0382312642192131,0.0504953536615586,0.023914280012007,0.0219791717400007,0.0261519660100154,0.0179353674633174,0.0144893483334153,0.0213146034656669,0.00705113136819776,0.00485091803331436,0.00911858174490631,0.164965724952872,0.15197600244001,0.178772886315936,0.00634498258713557,0.00483842655817655,0.00778425312388232,0,0,0,0,0,0
"819","2023-06-13",0.160476367719735,0.150592525256121,0.170081267713925,0.0699410361357863,0.0619098769605334,0.0781270649499266,0.146428249471888,0.136859787276354,0.155192531978257,0.0871818748864465,0.0777002331626357,0.0956588946421985,0.0435004557809554,0.0369685117192374,0.0504552499453279,0.0451068342367078,0.0398565419771512,0.0506418343473416,0.0246277691615492,0.0200091704361591,0.0294382526931487,0.0587296778608941,0.0532528704330261,0.0643672311295424,0.032239787496574,0.0291121640541521,0.0358287525486165,0.0394026625183469,0.0331750768923056,0.0455984386808417,0.0440405500206711,0.0377458342701664,0.0503590145476203,0.0239149612189326,0.0219603226930816,0.026187370071854,0.0179493119921961,0.0143174625473622,0.0213726879593593,0.00702998447791901,0.00482216860628661,0.00914420016971052,0.163790668336522,0.149968765132431,0.17826828716587,0.00634265740431776,0.00484582035899066,0.00781599631199687,0,0,0,0,0,0
"820","2023-06-14",0.160633378496074,0.150760076887771,0.170434116501698,0.0697692608077743,0.0615678450160618,0.0786018011612732,0.146576350502503,0.136744847713874,0.155250815536095,0.0875753955737028,0.0778640152105755,0.096383870212172,0.0433575606904724,0.0366022437550924,0.0503709012758921,0.0450213462174909,0.0397668240934089,0.0502822367169178,0.0246551840608142,0.0199709206109564,0.029523089943052,0.0586824722336027,0.0530747988159152,0.0643078803315056,0.0322508114765851,0.0291713257585989,0.0358163294312004,0.0393675996309391,0.0330086711486028,0.04615820316286,0.0438802131177501,0.03714640407857,0.0505139650361213,0.0239110757180977,0.0219517063234986,0.0261382185110475,0.0179710457843792,0.0142564103802718,0.0214713119823007,0.00702422911228159,0.00483779549210042,0.00910566901076175,0.162656711114273,0.147743054846062,0.177772211593676,0.00634397383530261,0.00482903682895767,0.00783155179676797,0,0,0,0,0,0
"821","2023-06-15",0.160805864341215,0.151004258164916,0.170766789747784,0.069558422669452,0.06078553273931,0.0785090877811422,0.146716392773437,0.136493844311688,0.155707420034554,0.0879497059325851,0.0780058755909956,0.097233254120134,0.0432423087439976,0.0363092393384989,0.0502062775191778,0.0449237524840841,0.0394714823811927,0.0502749059625198,0.0246770402876977,0.0200247534790548,0.0295841209882731,0.0586271494926358,0.0530107483020843,0.0643223469886744,0.0322381538488801,0.029138173613205,0.0358312876479958,0.0394045587807293,0.0327869030822632,0.0463604165017489,0.0437081102084945,0.0368908755774262,0.0504741070717912,0.0239061897553552,0.021915956116251,0.0261556207980617,0.0179783131812098,0.0142248808842511,0.0214159664731242,0.00701144514277381,0.00471307744477582,0.00917599829853502,0.161659871583843,0.14628498319516,0.177298136766259,0.00635147651461574,0.00479803021822882,0.00782474760185562,0,0,0,0,0,0
"822","2023-06-16",0.160926754786294,0.150638552886757,0.171072930207351,0.069352566415128,0.0603971970354646,0.0785429839847825,0.146862814835008,0.136677055364168,0.156076870053783,0.0883217555380297,0.0782907070199372,0.0977548925200969,0.0431195457830328,0.0362976624785473,0.0502240429467027,0.0448360120255573,0.039494897297165,0.05027594054186,0.0246766921038035,0.0200391457825573,0.0295867006044139,0.0586196233800123,0.0530364900338745,0.0644131828923945,0.0322460929322163,0.0291765153531833,0.0359353786389794,0.0394777442507736,0.0328360634381458,0.0465737991380868,0.0435409244798519,0.0367733248521658,0.0506323561340291,0.023905543038495,0.021917716751368,0.0261743232035116,0.017993821832497,0.0141591905759932,0.0213851741027783,0.00700057626862714,0.00476821596795457,0.00914764429170364,0.160535476636161,0.144463281429776,0.175947906567867,0.00635828769284053,0.0047817402041277,0.00784445027027568,0,0,0,0,0,0
"823","2023-06-17",0.16110062051744,0.15073501277198,0.171216318740817,0.0691466900154905,0.0603636424059967,0.0783296379924194,0.147032060532642,0.136971078479869,0.156244096073758,0.0887069566107405,0.0785736568178357,0.0985053129765557,0.0430186348277593,0.0360592662442994,0.0504040111692593,0.0447492015450389,0.0394135468274104,0.0502623006582844,0.0246841683304554,0.0200483085437044,0.029597622748935,0.0586013245412556,0.0529185959530796,0.064358700180494,0.0322531436584364,0.0292331264230821,0.0359177725958198,0.0394191231436529,0.0326000930216131,0.0465474167277778,0.0434501468729801,0.0362459210179982,0.0504921204280626,0.0239067564578008,0.0219167049123223,0.026248863581598,0.0179927929135177,0.0141895832567074,0.0215540230858169,0.00698315260889089,0.00478228282811909,0.00918572879579703,0.159438437933296,0.143023777042658,0.17574871513729,0.00635976024106927,0.00484650879842603,0.00783826332803873,0,0,0,0,0,0
"824","2023-06-18",0.16125369280871,0.15052146654795,0.171708332060666,0.0689826251187784,0.0598672978646395,0.0779403625204218,0.14716389126811,0.137225573904104,0.156473173064303,0.0891108475066684,0.0788486290191926,0.0988637434770648,0.0428814862896894,0.0357791461723308,0.0502249657751528,0.0446818166129282,0.0393233023833593,0.0502008931057055,0.0246930786029996,0.0198539240207559,0.0295133459664585,0.0585505456629388,0.0528228537309304,0.0642289012233535,0.032250336054631,0.0291417517862314,0.0359570181281977,0.0393949799160466,0.0325612673625783,0.0466573104266292,0.0432922625272569,0.0364836205310806,0.050562885843818,0.0239075752027923,0.0219113175845536,0.0261889250132596,0.0180006882373039,0.0141823663288046,0.021548425317891,0.00696528066640025,0.00476819365794795,0.00921644596597044,0.158446308124008,0.142216367361081,0.1748676126382,0.00636122250778871,0.00482977370317203,0.0078742951307584,0,0,0,0,0,0
"825","2023-06-19",0.161399647720084,0.150569650727137,0.171820053948116,0.0687921987211313,0.0595471101854214,0.078067661301103,0.147316413325218,0.137095216917116,0.156681708287168,0.0894632245506234,0.0792829442030444,0.0996177368884113,0.042791416627636,0.0357149408669694,0.0501106301369791,0.0446080674698502,0.0395132128341717,0.0501526219049991,0.0247156007384706,0.0199329884727403,0.0296017978835875,0.0585037376629733,0.0527424555145719,0.0643252965789852,0.0322588308255583,0.0291111012784192,0.0359298058225375,0.0393480579476558,0.0324920608309682,0.0466363334467677,0.0431464008326867,0.0362412751614235,0.0503740180873991,0.0239008157792564,0.0219066017294629,0.0262078911597939,0.0180218535458308,0.0140408208405406,0.0216265811030642,0.00694443570096255,0.00474717951496033,0.00918217783048257,0.157357156606176,0.141813566740483,0.173943810263061,0.00636431167820864,0.00481004957815777,0.00785917862146225,0,0,0,0,0,0
"826","2023-06-20",0.161589065491803,0.150909329365878,0.172009441118405,0.0686258430081497,0.05937962011513,0.0779792624156209,0.147458974451066,0.137440322521924,0.156760815189963,0.0898175207529129,0.0800358893186358,0.0996440536420576,0.0426681753132502,0.0354341657783848,0.0499397883202501,0.0445069864908679,0.0394270726253472,0.0500045710542717,0.0247293809737268,0.019928432863033,0.0294712225276444,0.0584654225164967,0.0525855631514657,0.0644791303836806,0.0322661908762385,0.029112164969796,0.0360616166195867,0.0393138964166004,0.0323916408672426,0.0466342044451164,0.0429991661695824,0.0359150724429669,0.0500435644555087,0.0238917955698203,0.0218871874560249,0.0261682107120287,0.0180397789758314,0.0141486543084701,0.0216912900869024,0.006930464962594,0.00476545831884194,0.00921553382134031,0.156337855593245,0.140237686101619,0.172715553740873,0.00636813008294569,0.00482338583477847,0.00788690241545564,0,0,0,0,0,0
"827","2023-06-21",0.161694860783036,0.150896147721156,0.172118467404041,0.0685032580565295,0.059337115450258,0.0779137155151054,0.14760383364146,0.137525042847307,0.156817958871839,0.0901549187825507,0.080328497739515,0.100074655022011,0.0425532139964139,0.0352214808720807,0.05019150884075,0.0444338676212515,0.0392877011009058,0.0500149347119421,0.0247524844863851,0.019864337937124,0.0295690118763519,0.0584374719982127,0.0525909469919837,0.0643370404795955,0.032273381908414,0.0290657516459333,0.0360736720217828,0.0393342286589043,0.0324824836540589,0.0465163143463561,0.0427978949575145,0.0358449023924177,0.0499591575123123,0.0238926285197351,0.021888246498369,0.0261746153482443,0.0180623636942786,0.0141290481133065,0.0217442040042398,0.0069154450278599,0.00471439456728983,0.0092661285470412,0.155223041072133,0.139204760671891,0.171667587626892,0.00636955395858541,0.00489456202317885,0.00790057407000617,0,0,0,0,0,0
"828","2023-06-22",0.16187374265009,0.151251371739075,0.172177646731511,0.0683830977917694,0.0591512381006957,0.0775805074458299,0.147817926095105,0.137928686055724,0.157113720150631,0.0904907223830764,0.0804681622277207,0.100626622739924,0.0423858523241153,0.034979759058478,0.0499035713743551,0.0443507785575033,0.03907315193078,0.0496995021863592,0.0247731866216066,0.0198262313432899,0.0296676767309432,0.0584010405388317,0.0525125747156198,0.0643792764662311,0.0322802583636722,0.0290580917064608,0.0360534528680067,0.0393458638576253,0.0325850051924424,0.0463967961763652,0.042641437627836,0.0356370305021065,0.0497153761740319,0.0238943752847774,0.0219237013605866,0.0261633484082729,0.0180817863246033,0.0140696105830461,0.0217241124448776,0.00689493319981869,0.00469557427427418,0.00919629527045555,0.154073048040508,0.13822828629034,0.170736763516883,0.00637336281918258,0.00488332453635033,0.00786164189044917,0,0,0,0,0,0
"829","2023-06-23",0.161957632610865,0.151235354114544,0.172348726059358,0.0682087936935369,0.058931362850089,0.0774652980333101,0.147954255991552,0.138292893404442,0.157323624786472,0.0908911890018868,0.0810347866861692,0.100844643910877,0.042259327930291,0.0348915916352743,0.0496539654962905,0.044244704023666,0.0388989563542762,0.0495385832056472,0.0247855545717904,0.0199176089026307,0.0295576977523986,0.0583443190229141,0.052477725904765,0.064350242720704,0.0322916938125359,0.0290817226968913,0.0361246396733628,0.0393668611299572,0.0325579008926976,0.0463168551279749,0.0425055379121503,0.0357386593493395,0.0498488589690252,0.0238989754169676,0.021918045048094,0.0261573745281706,0.0180984232179284,0.0142531773451196,0.0218002496985818,0.00686781629879958,0.00461215889783267,0.0091641172297756,0.152988875738725,0.137260817754179,0.16849618877229,0.00637724830001737,0.004868914051033,0.00790682882140982,0,0,0,0,0,0
"830","2023-06-24",0.162027212635379,0.151550881228764,0.172243866998138,0.0679794712856953,0.0587702272537832,0.0769432698778016,0.148169988469251,0.138605030967115,0.157475467382979,0.0913108575177017,0.0815266218561276,0.101548984127872,0.0421827781084171,0.0348173038033753,0.0497312411973074,0.0441556995726883,0.0389381382293787,0.0496332856675849,0.0247976428611639,0.01981243226829,0.0294334532193369,0.0582759451987891,0.0525184650539029,0.0643009552294082,0.0322866070305384,0.0290363264754696,0.0360626047057593,0.0393470497214701,0.0327819929019817,0.0462461504569735,0.0423440388788641,0.0356144110673428,0.0494877221141513,0.0238934090300956,0.0219509749677195,0.026165406510438,0.0180986981961751,0.0142308042106569,0.0218447906830711,0.00684786770264121,0.00464304613308388,0.00921850202447483,0.151888215058417,0.13686259948946,0.167246277801164,0.00637274935030219,0.00488313294103546,0.00791820292514522,0,0,0,0,0,0
"831","2023-06-25",0.162192232812793,0.151777710902393,0.172479289698054,0.0677723637912364,0.0588578720226097,0.0765509679280366,0.148350183937491,0.138602883335239,0.157257992269805,0.0917364386794711,0.0821026498050697,0.101660170035639,0.0420345520936534,0.0347672218100512,0.0493179876005194,0.0440754227027945,0.0388285192247716,0.0495128939796837,0.02480829052406,0.0199836164343656,0.0294437218193341,0.0582435324093817,0.0525569458443902,0.0640256095265201,0.0322921298585481,0.0290240631315154,0.0361901926794955,0.0393276069831922,0.0328220959579913,0.0460746537173199,0.0421741705820632,0.0354566837587868,0.0494751470872726,0.0238979085512755,0.0219434082251924,0.0262215330032751,0.0181255022301163,0.0144041970126447,0.0217708361423413,0.00683880177384913,0.00460178651775117,0.00912418960376281,0.150854659873843,0.136394390313137,0.165577407430049,0.00637665157231683,0.00487626827654407,0.00793433859710018,0,0,0,0,0,0
"832","2023-06-26",0.162354799867102,0.152054795881576,0.173245285782466,0.0675149465139336,0.0582773174988296,0.0763949320809569,0.148747900701509,0.139038176085283,0.157488000407148,0.0920409495106376,0.0821187606575912,0.102074166481936,0.0417895802934101,0.0346310273902655,0.0491659136030258,0.0439423182776219,0.0386961844080389,0.0495044419413618,0.0248678849104461,0.0199576305110754,0.029752768192646,0.0581640782891377,0.0524254074597415,0.0640996167449886,0.0322798701443645,0.0290678477292107,0.0360959465744135,0.0392962776928092,0.0325708269409474,0.046210057316172,0.041874732711389,0.0348756644100428,0.0491297470380701,0.0238953222000159,0.0219596179642965,0.0262283143470106,0.0181299072937259,0.0143005386126566,0.0218580340707199,0.00681769085155566,0.00462761343924973,0.00918336945748799,0.150095262557544,0.134476250803355,0.165251662097852,0.0063627292740995,0.0048789681818299,0.00785055904222957,0,0,0,0,0,0
"833","2023-06-27",0.162510295890336,0.151619925631366,0.173477795571062,0.0672067512415049,0.0579030746739593,0.0764900050233463,0.149125137261811,0.139162909162712,0.158132395791444,0.0922643156893306,0.0824380593600429,0.102366689989922,0.0415484248509244,0.0342091093991824,0.0492394829643528,0.0438249423830158,0.0384387089283759,0.0494585955906612,0.0249091652333742,0.0199478717915445,0.0297916159760388,0.0580864594819333,0.0523859976803463,0.0640094661813313,0.0322708987212621,0.0290045448303647,0.0362009449242682,0.0392561065922859,0.0324340070534327,0.0462240399943995,0.0415582215457181,0.0347978075229371,0.0486766860406955,0.0238956374329431,0.0219307735258506,0.0262078260789844,0.0181271997363674,0.0142843913717842,0.0218758780090335,0.0068037750065705,0.00456842283765002,0.00916046754490768,0.149314994167654,0.133372699712146,0.165394125121313,0.00634984772676875,0.00482299250824579,0.00785892286359617,0,0,0,0,0,0
"834","2023-06-28",0.162682728228817,0.151589136683639,0.173668415282922,0.0670120511422944,0.0574837884050053,0.0766415436724396,0.149548615632964,0.139677213119251,0.158716193104862,0.092513220472679,0.0824193726020896,0.102460216687042,0.0413374602946909,0.0336794601175063,0.0491392946402753,0.0436978706088488,0.0384651218150152,0.0494296382112962,0.0249487602446264,0.0199172399654097,0.0298273756799864,0.0580178967712596,0.0523342123620352,0.0641039491462853,0.032272063516612,0.0290200635182281,0.0361894014722489,0.0392088984579529,0.0321933215878756,0.0465329803442551,0.0412555230696058,0.0343775262182105,0.048581810440638,0.023889336875713,0.0219168160097559,0.0262387559896483,0.0181302944238307,0.0141680633650569,0.021885814200255,0.00678057637884768,0.00451989066287618,0.00908525669620614,0.148516812439961,0.131805356887739,0.164751933723378,0.00633819311128104,0.00482255387363864,0.00783795281159641,0,0,0,0,0,0
"835","2023-06-29",0.16283767301393,0.151853212632304,0.174081901480538,0.0668071961176878,0.056930998032055,0.0764127952724083,0.149902095674837,0.139814362263694,0.158957888685005,0.0927593897379076,0.0824118415596798,0.103332298631191,0.0410955899359476,0.0332705409293119,0.0488603727720593,0.0435630017270274,0.0382919844348936,0.0492662310010388,0.0249744329528557,0.0198859441004531,0.0300326113490689,0.0579401834635587,0.0522366759945295,0.0639850544652774,0.0322672222775672,0.0290460980110859,0.0362544720163421,0.0391285728082456,0.0321753756693941,0.0465578317888777,0.0408817343925368,0.0340085835343269,0.0484520981617768,0.0238848771759891,0.021948202836129,0.0262613547342516,0.0181305522375295,0.0141337515221289,0.0218523540994847,0.00675978835509895,0.00448934567594807,0.00909468420224441,0.147675270244847,0.130207534446195,0.164457074801283,0.0063257925354341,0.00479824762365744,0.00785222778861426,0,0,0,0,0,0
"836","2023-06-30",0.163027704988209,0.151779631233686,0.174258313330578,0.0665627493237659,0.0564470804190715,0.0763721023604998,0.150301895840991,0.140197375271323,0.159652224480878,0.0930522829789367,0.0824513160466107,0.103688247912344,0.040888845593371,0.033432511104928,0.0487390781514109,0.0434076397756952,0.0380501210201616,0.0491793346893733,0.0250170406467115,0.0198167743390248,0.0300101903276532,0.057864037861072,0.0521216236730888,0.0639296107648492,0.0322537750848524,0.0289390818503044,0.0361545407981889,0.0391275579271859,0.0322585920174917,0.0467522182853154,0.040599557853535,0.0337516826481867,0.0480913271164933,0.0238800373738697,0.0219033411294146,0.0262723687995455,0.0181168032280452,0.0140442668147847,0.0219391406826636,0.00673951352719874,0.00444826606111454,0.00909139391509827,0.146933805767631,0.128852177840853,0.164476798456758,0.00631772008986101,0.00480219977949958,0.00785689106743194,0,0,0,0,0,0
"837","2023-07-01",0.163165418601576,0.152241875389374,0.174026207011184,0.0663750002202208,0.0562704022591885,0.0761020082765081,0.150717825617517,0.140729750266995,0.160244187168058,0.0934103648013133,0.083001874240335,0.103878481442095,0.0406930285070139,0.0329601883954262,0.0486355152751617,0.0432600461157413,0.0378856618499379,0.0489493477110668,0.0250509322819524,0.0198741190417381,0.0299342758467512,0.0577855731389173,0.0521060856973692,0.063791512923055,0.0322268329276348,0.0289351050549891,0.0361138848740936,0.0390872374480338,0.032003872792137,0.0465669626030551,0.0402713754773024,0.0330460014193066,0.0477340159995822,0.0238792528267086,0.0219254992456968,0.0262957377897384,0.0181097703238897,0.0140401087797444,0.0219382531239042,0.00672211799009871,0.00447624943686406,0.00912120687544382,0.146200883056891,0.126725767863145,0.163441458990466,0.00630414184334636,0.00477526155503694,0.00779603750633743,0,0,0,0,0,0
"838","2023-07-02",0.163340560571509,0.152133339441844,0.174183330230568,0.066106254454183,0.0560151250143332,0.0760606741753609,0.151120943645079,0.141362829160107,0.160716724218315,0.0936985704857243,0.0831608722521059,0.104131559358327,0.0404686456093224,0.0328263795416228,0.0482850455077184,0.0431096298367506,0.0376616965398212,0.048888523187229,0.0251022424689002,0.0199097577858171,0.0301774700740889,0.057699678120791,0.0520282290216349,0.06389133632912,0.032225210058856,0.0289029526039187,0.0361189840861632,0.039086706783992,0.0319530304162846,0.0466778081874698,0.039963623779284,0.0328908687048596,0.0475466774163976,0.0238757634935696,0.0218564109405054,0.0261968851432626,0.018112260876359,0.0143699528870547,0.0219285318955497,0.00670154305058447,0.00439187679658189,0.00902381392839796,0.145316345688856,0.126745163636509,0.162885170651639,0.00629295692349625,0.00476107561711642,0.0077908060434121,0,0,0,0,0,0
"839","2023-07-03",0.16346105337871,0.15209691424524,0.174387508702185,0.0658704345788579,0.0559905697799701,0.075502954401252,0.151493697575665,0.141915768589925,0.161243434764403,0.0939547739293448,0.0833297324690435,0.104435304433195,0.0402700405061789,0.0325017205041093,0.0479596756226194,0.0429672221612832,0.037598504263084,0.0486439366178153,0.0251271675087328,0.019838698520435,0.0302286390775728,0.0576200027775499,0.0519904341464646,0.0638879620986582,0.0322072968440481,0.0288840534984577,0.0360480265946407,0.0390263341145758,0.0318975263578882,0.0465984018655634,0.0396882041949277,0.0326776765391783,0.0472498112862885,0.0238715434769009,0.0218509467072448,0.0261967503968254,0.0181313783040222,0.0143725216917705,0.0219680144507707,0.00667288148872639,0.00436072349421727,0.00906938279059825,0.144517148158927,0.126482791252196,0.162210222184544,0.00628041409411416,0.00476452761687119,0.00779381720414378,0,0,0,0,0,0
"840","2023-07-04",0.163626664767471,0.152537126361127,0.174540150067909,0.0656338358557186,0.0554564253112064,0.0754209848267277,0.15189451065579,0.142174392594713,0.161875152384142,0.0942229446279112,0.083904562567035,0.1048566108206,0.0400499054344446,0.0324331225053826,0.0475049157040695,0.0428264301896445,0.0376584358963018,0.0486164623686977,0.0251850008185272,0.0199859140103892,0.0303000850539914,0.0575575091098321,0.0519458402722369,0.0635705623666546,0.0321968677198912,0.0288981104544197,0.0361153813717945,0.0390194192341287,0.0317252836569018,0.046704768504261,0.0393521568826706,0.0322262208434683,0.0467222730124546,0.0238650266446133,0.0218166486906389,0.0261842730349724,0.0181198296464054,0.0142352267121809,0.0218257900091566,0.00665391489919125,0.00436114331501468,0.00901707911455213,0.143579193507938,0.125237157099039,0.161633241682191,0.00626742465946898,0.00475986638610715,0.00776658475339132,0,0,0,0,0,0
"841","2023-07-05",0.16379751622019,0.152800648104542,0.174876166027289,0.0654197195350515,0.055248459054767,0.0754761330724108,0.152268731900991,0.142627346056608,0.162147008958898,0.0944872767893347,0.0840595784936951,0.104996349795872,0.0398415153198364,0.0324912821762852,0.0473497760242734,0.0426838070245307,0.03734883725719,0.0485225619745047,0.0252286355671663,0.0201110775491265,0.030109680989091,0.0574730496316437,0.0517688239539762,0.0633999443380324,0.032185698734971,0.028903184214614,0.036108680946944,0.0389474455353429,0.0315755300567985,0.0467994314660975,0.039024741832119,0.0319048286679914,0.0462595012449318,0.0238658897275865,0.0218151270623136,0.026160777330712,0.0181163656518942,0.014069426924661,0.0217704125507199,0.00662854697598901,0.0044006337897063,0.00892249367721107,0.142668392761574,0.124209271176527,0.160095578027207,0.00625463239427416,0.00471636334541197,0.00776654018540869,0,0,0,0,0,0
"842","2023-07-06",0.16396843758581,0.1526867578751,0.174583722142898,0.0652005666000196,0.0550577403747192,0.0750919622702916,0.15262659589297,0.143325962493926,0.162563172455216,0.0948102615312901,0.0842729958981347,0.105019100030833,0.0396000781825748,0.0323634398795037,0.0469221508575616,0.0425256211661654,0.0371961364853541,0.0484286238182323,0.0252768186659112,0.0200792234442391,0.030277021483124,0.0573704044126552,0.0518273030914518,0.0632760353473205,0.0321712875247869,0.0288402146578935,0.03618422959652,0.0389527445975249,0.0316902839810108,0.0467796829138826,0.038714665287499,0.0313055580583432,0.0459622372286649,0.0238687197122009,0.0218734651413647,0.0261846329619599,0.0181223702864245,0.0143175056190446,0.0218728430987794,0.0066115165944163,0.00433667413962114,0.00889631651965045,0.141901987148875,0.1238680989592,0.160165496564204,0.00623514302507351,0.0047231170463881,0.00777042780903012,0,0,0,0,0,0
"843","2023-07-07",0.164161842079632,0.153217787903368,0.175211151083688,0.0649603547313001,0.0552456518509565,0.0746720135271675,0.152978998670143,0.14355196410513,0.162779873659199,0.0950510599120259,0.0848663630549919,0.105362059325983,0.0393634775101322,0.0319655761120503,0.0464990656102579,0.0423840888589807,0.0370775939629006,0.0481103131004676,0.0253365067214825,0.0201987853241302,0.0302853214934311,0.057292064516421,0.0516662230404939,0.0632729492191659,0.0321573143764363,0.0288335987876038,0.0362105431662954,0.0389323913357884,0.0316422435451609,0.046618840618094,0.0383964595776646,0.0308696603382475,0.0455447375617699,0.0238667553502641,0.0218239918199982,0.026151659276395,0.0181143742797317,0.014332599476133,0.0218466411423919,0.00658894354981365,0.00438157871060438,0.00890679041977588,0.141059506555985,0.123517893282991,0.15845917769228,0.00621943591655609,0.00469004672897479,0.00773149281421748,0,0,0,0,0,0
"844","2023-07-08",0.164277709977779,0.153319970816294,0.175342142640965,0.0647375623184931,0.0551038154913053,0.0742699664931161,0.153299360632257,0.143752410403728,0.163361673682481,0.0953276546400113,0.0851330543188948,0.106054513190873,0.039174065730402,0.031901719585401,0.0462931597582413,0.0422398745366711,0.0367944932732391,0.0477367860277028,0.0253984135142868,0.0203028363569648,0.030232245205813,0.0572017013623705,0.0516647582680861,0.0632698541846245,0.0321454126923881,0.0287767029811502,0.0361168125017299,0.038934899910739,0.0318837740884002,0.0466266857231953,0.0380836067881298,0.0306771479147594,0.0453676936345199,0.0238637523094888,0.0218332529960468,0.0260998002800104,0.0181169066153505,0.0142953644675429,0.021803854129344,0.00656329414984183,0.00439311100708474,0.00878014735038059,0.140240770025449,0.12279597189184,0.157250857434111,0.00620611146174677,0.00467802539751637,0.00773414257586141,0,0,0,0,0,0
"845","2023-07-09",0.164448574940219,0.153878502589279,0.175534994351387,0.0644559687483881,0.0547919928054742,0.0736765471657066,0.153632285453811,0.144397140734171,0.163683418896107,0.0956354648312839,0.0855264957911589,0.106212989856022,0.0389369898218202,0.0319209536988393,0.0460133973448731,0.0421054349784631,0.0367757264652481,0.0475451517660309,0.0254415631986112,0.0204383313433128,0.0302651725868253,0.0571116544188486,0.0514785778010726,0.0630731016486265,0.0321300259172342,0.0287695995374696,0.0361058656683937,0.0389405054527001,0.0318764696243658,0.0465450928748594,0.0377572623929822,0.0305935163809558,0.0449070141615367,0.0238648381356204,0.0218303862786053,0.0260882077117556,0.0181122954171416,0.0143351386175271,0.0217855109170646,0.00654681097006816,0.00429665619078132,0.00873460185519791,0.139369909604027,0.122159191207148,0.155625790685767,0.00619164638685006,0.0046474813078449,0.00770225246887884,0,0,0,0,0,0
"846","2023-07-10",0.164632958099741,0.154185432783361,0.175486578953083,0.0642435385661082,0.0549567701309521,0.0734677995221193,0.154023434054825,0.144794557140859,0.164062679053399,0.0958919462948721,0.0861631394713433,0.106153606391099,0.038672179416652,0.0316916970868709,0.0455939925416388,0.0419753245087817,0.0366980608887361,0.0474694719253572,0.0254855162229098,0.0207470623344155,0.0304706475015965,0.0570425753536051,0.0516012457425041,0.0628364607383461,0.032113404576893,0.0287010439783763,0.0361255544220697,0.038936063076807,0.0319114477832339,0.0464133569859063,0.0374482701735581,0.0305632303121717,0.0447211522385014,0.0238674876299937,0.0218656803531336,0.0261483331930773,0.0181040209379876,0.01426002776533,0.0216661523686567,0.00652780184673936,0.0042862756921986,0.00868890599638268,0.138526209113883,0.122277749620642,0.154369892958146,0.00617861936067174,0.00461953244035004,0.00765146571884131,0,0,0,0,0,0
"847","2023-07-11",0.164780913455355,0.154554047947582,0.17546827719181,0.0640580852461925,0.0553966583569061,0.0728258282694993,0.154435442907933,0.14506031271674,0.164415961379458,0.0961424536750705,0.0863609329627634,0.10649418514678,0.0384495680281101,0.0317473547661137,0.0453716616496101,0.0418382787109847,0.0366141377931908,0.0471263335827052,0.025525230795587,0.020814403918308,0.0302687265617076,0.056965266447765,0.0515212662105299,0.06267417083671,0.0321061595013085,0.0287605955516021,0.0359872867495461,0.0389095641769061,0.0319955632254095,0.0462273508524776,0.0371132432966281,0.0301871320166908,0.0438181882892218,0.0238681719050988,0.0218458358192944,0.0261742076071978,0.0181067473650807,0.0142862580309488,0.0217359472920194,0.00649831565978913,0.00426636968681275,0.00867881139249978,0.137640911792892,0.12212606070457,0.152969366910647,0.00616324528911804,0.0046284385782603,0.00762014944338309,0,0,0,0,0,0
"848","2023-07-12",0.164897170439242,0.154703049324361,0.175518860731717,0.0638381048494498,0.0551058012440128,0.0723066276850705,0.154794279725592,0.145381379528011,0.165315075042366,0.0964291546941118,0.0868086156514044,0.106522383362967,0.0382138897118537,0.0314206586375288,0.0449626325200257,0.0416958643895463,0.036471803322806,0.047067749919733,0.0255627072128754,0.0208640005616012,0.0303112424912928,0.0568658323989294,0.0514747562852195,0.0625370699719537,0.0320944134623508,0.0287113831843146,0.0360758476259524,0.0388877429353917,0.032285737807272,0.0457975733812784,0.0367986436223682,0.030175125669127,0.0434578257036566,0.0238679172634691,0.0218431507907583,0.0261661872877425,0.0181035682700679,0.0143569424501888,0.0216135509821559,0.00648126302670884,0.00430082057004279,0.00860615264492986,0.136758090945956,0.121425836047518,0.151647425024166,0.00614845844936577,0.00463655181840795,0.00756066033805336,0,0,0,0,0,0
"849","2023-07-13",0.165083766415663,0.154897384009143,0.175519672050392,0.0635791020590587,0.0552401858692828,0.0719991356634351,0.155144891897602,0.145957035851796,0.165574145910237,0.0967102401474781,0.0874678021548474,0.106382572602017,0.0379926329398851,0.0314683716417481,0.0443720176806541,0.0415577052693619,0.0364813794941815,0.0465586608692731,0.0256084586756134,0.0209958840827502,0.0301501484066644,0.0567831426507901,0.0514690884724115,0.0622316514724718,0.0320832576719554,0.0286958576607321,0.03613978697827,0.0388714466078582,0.0323696232328836,0.0457343667845364,0.0364876402374016,0.0303339389420622,0.0429665528926967,0.0238714435022266,0.0218226897334077,0.0261642584551237,0.018109861983425,0.0146072546691719,0.0215840935301277,0.00646009784933275,0.00426195825701189,0.0085832415443696,0.135915817799346,0.120714857212417,0.150254365181156,0.0061341656509697,0.00464728353301119,0.00754034722539918,0,0,0,0,0,0
"850","2023-07-14",0.165208351375043,0.155256216976397,0.175392908635043,0.0633615239635507,0.0552790937815644,0.0710557787236231,0.155523057551582,0.146238393204541,0.165697824033156,0.0970196804151961,0.0876507945355037,0.106347913856155,0.0377143425923553,0.0316269825626483,0.0437820360575577,0.0413992157128607,0.0364132106275942,0.0465440618006968,0.025650697670016,0.0212035659441986,0.0301208564532254,0.056686006968016,0.0512842764722397,0.0620221839238823,0.0320665083535404,0.0287729620783554,0.0360255509031075,0.0388699711943336,0.0326384387675852,0.0456209563197855,0.0361640397392621,0.0301881547007653,0.0425242286082528,0.0238706906576195,0.0218262506707661,0.0261965538689792,0.0181090518560563,0.0145943697982334,0.02141046277285,0.0064322108118623,0.00431835527666098,0.00852832401721823,0.135009362556628,0.121307204781838,0.147779131313177,0.00612264787199006,0.0046265704696918,0.00752743435530953,0,0,0,0,0,0
"851","2023-07-15",0.165364395460195,0.155635379225792,0.175534694664958,0.0630864293941043,0.0557137609949612,0.0704536139456364,0.155932424036215,0.14661967431194,0.165864076704893,0.0973026585118306,0.0882916143328848,0.106482285275192,0.0374753910910826,0.031768005553222,0.0431681176486304,0.0412378212264094,0.036347131333439,0.0464652108367415,0.0257172357621096,0.0214379102929759,0.030077429857063,0.0565748915911508,0.0514166419247999,0.0617823478627616,0.0320637078328765,0.0287346799586476,0.0359998354678034,0.0388649598518939,0.0327905054512938,0.0453661255151265,0.0358558493818364,0.0299768472568546,0.0418366574079064,0.023869273872814,0.0218107550695853,0.0261627272363039,0.0181101915782472,0.0146440482213103,0.0213463848940471,0.0064077059661489,0.00432968811752239,0.00846206552843718,0.134092341686145,0.121602132774066,0.145770851999263,0.00611409077108762,0.00463931145762204,0.00749478120874446,0,0,0,0,0,0
"852","2023-07-16",0.165469608275924,0.155939687354171,0.175117431586868,0.0628748887579235,0.0558805475317702,0.0696367557506617,0.156318190747363,0.147437338081657,0.165845298490638,0.0975825243326266,0.0888336965267711,0.106403238609039,0.0372575044285197,0.0319376997362787,0.0428046033906978,0.0410878824669958,0.0362983170942261,0.0463125541270659,0.0257862147693863,0.0216123853985527,0.0300538720724362,0.0564852026261491,0.0514064822782916,0.061595084443993,0.0320636359916406,0.028683737652704,0.0359910744695206,0.0388195945150619,0.0328726337727539,0.0449395654034364,0.0354956694831076,0.0300501041535394,0.0411601395197757,0.0238734999223409,0.0218115588246436,0.026206762461884,0.018120178543103,0.0147826005747086,0.0212704771702947,0.00638166719529812,0.00428381889371136,0.00842698724444688,0.133266193127771,0.122233026845902,0.14389594029569,0.00610524061300277,0.00464199963173111,0.00745771211350832,0,0,0,0,0,0
"853","2023-07-17",0.165128495998312,0.155110117425271,0.17499741178028,0.0625977652029358,0.0555129479570881,0.0699685475553881,0.1564884290166,0.147291802590741,0.166500536661258,0.0978109579979907,0.0890233072250534,0.10652911504222,0.0369574148000511,0.0312560320835512,0.0425854206358867,0.0409217398435352,0.0361013243614594,0.0459993756544555,0.0257294889063535,0.0212886546282702,0.0300120852909469,0.0563522949068112,0.0511687469913734,0.0617050357264096,0.032038535828252,0.0286683934306806,0.0359816813093805,0.0382307816353493,0.0323784059841346,0.0444125538903817,0.0352527205876718,0.0294525927229339,0.0411297253378433,0.0238698826208536,0.0217855268201102,0.0261212687283877,0.0181768233519737,0.0145474092635358,0.0214411667692776,0.00635291059370842,0.00422314281230803,0.00850448595083423,0.133676946215665,0.121579522356354,0.145390205416657,0.00606605850550987,0.00461572894545493,0.00744238719320589,0,0,0,0,0,0
"854","2023-07-18",0.164841743005772,0.154703092807934,0.174715849323853,0.0622083303666851,0.0547049653559087,0.0697851583969558,0.156680452344552,0.147644461934955,0.166777696440818,0.0980546149603331,0.089038937397055,0.106600840858163,0.0367350556102008,0.0308089001530708,0.0427049876462667,0.040775642136402,0.0360348776732745,0.0458920148634184,0.0256827691216772,0.0213495115734449,0.0301241855088525,0.0562250579943388,0.0510004148139937,0.0614625907554164,0.03201100830856,0.0285958831654041,0.035904919672658,0.0376513198082775,0.0316790000841188,0.0438330041667118,0.035059253493448,0.029162475403757,0.0408825474697022,0.0238653817548241,0.0218012528119242,0.0261721857287306,0.0182584259592901,0.0146023361851777,0.0214693287434436,0.00632901097000553,0.00422340672481039,0.00840434626567158,0.134196945402111,0.121516007953702,0.146521691758118,0.00603057725088917,0.00455173224430224,0.00739954128886576,0,0,0,0,0,0
"855","2023-07-19",0.164513360682949,0.154220597510816,0.174694051773016,0.0618488726844008,0.0539711365362904,0.0698289788751073,0.156901382511069,0.1477738608837,0.16719035547027,0.0983461372011768,0.0891170381462635,0.107767439934601,0.0365019882115773,0.0303168058646997,0.0426216465322366,0.040606153786302,0.0357871025567585,0.0458512216759299,0.0256142079937527,0.0210352192051705,0.0301442031980532,0.0560939407943766,0.0508053006629869,0.0614374216043092,0.0319856024858251,0.028536299546528,0.0359309697332603,0.0370707740782601,0.0308886824575488,0.0435414547323905,0.0348380911876384,0.0289961655755112,0.0407788871970382,0.0238561127914792,0.0217741303777761,0.026195886926991,0.0182895648148861,0.0146974705763584,0.0215289085597832,0.00629456996032637,0.00411411149831573,0.00840503911137144,0.134677377535399,0.121485951215265,0.148073677707689,0.00599486658262827,0.0045103675836408,0.00740339548122784,0,0,0,0,0,0
"856","2023-07-20",0.164195608926383,0.153607131632096,0.17438822443617,0.0616014722961297,0.0533470912636554,0.0695723041756966,0.157050422064364,0.147637756053233,0.167591329895874,0.098592169666373,0.0889915878025705,0.108143152235057,0.0362835083601247,0.0299245626720833,0.0426372154413214,0.0404149566975866,0.0355467573090029,0.0455173378089072,0.0255883586640716,0.0210383235847039,0.0301341202469118,0.055961458484883,0.0506371951906264,0.0612698883050225,0.0319705363285172,0.0285086985021391,0.035833153643133,0.0364513211861917,0.0300343928528539,0.0429470897794753,0.0346597964367314,0.0286584737208678,0.0406846469525016,0.023842765557044,0.0217351457368983,0.0261646362464555,0.0183525905097054,0.0147005905430325,0.0216834573093444,0.00626062806296998,0.00414085656528097,0.00837116428366604,0.135130833469113,0.121433404571215,0.148914072216067,0.00596153672486513,0.00443404846042145,0.00734238708982667,0,0,0,0,0,0
"857","2023-07-21",0.163882277494671,0.153106004139834,0.174599712581099,0.0612587061012448,0.0528157207518957,0.0691569499284224,0.157286827408525,0.147631624531068,0.1676563986167,0.098915856631185,0.0889950829209786,0.10853002561084,0.036019168645563,0.0296875256890003,0.0423899313998361,0.0402529513794607,0.0354263829247212,0.0453861339591327,0.0255485627639454,0.0210205077714438,0.0301204951323777,0.0558072848947272,0.0503814401548755,0.0611708051384434,0.031941247561211,0.0284930816090376,0.0357143850835136,0.035919381666223,0.0297079047002977,0.0424404489147652,0.0344281362493929,0.0282704716787915,0.0406523730137114,0.0238393926293912,0.0217237712448866,0.026148963247864,0.0184230790991104,0.0147678716005087,0.0219282774952936,0.00623530227611941,0.00415886542017283,0.00840579734359406,0.135606443423446,0.121840650711124,0.149897226206348,0.00593274822377709,0.00440735620245472,0.00726515405960325,0,0,0,0,0,0
"858","2023-07-22",0.16359743135916,0.153069229409907,0.174409968023765,0.060935589282839,0.0525638541011092,0.0690136028294276,0.157523441643634,0.147872202706503,0.168233249883542,0.0992013225665037,0.0892015870688372,0.109119169915337,0.0357516295367197,0.0293746805416097,0.0422548214334567,0.0400779066180413,0.0351080707245663,0.0450977818474162,0.0254894960600953,0.0209472519708529,0.030226661697212,0.0556501164824483,0.0504347990792479,0.0610880372043448,0.0319164208868718,0.0285006747395418,0.0357939718699098,0.0353285219653046,0.0288256401880106,0.0417260365079461,0.034198383310509,0.0279921027045235,0.0402811107589783,0.0238360612411726,0.0217532477947069,0.0261592993816254,0.0184820070961501,0.0148319839079829,0.0220416967298581,0.00620442041093447,0.00408330832583712,0.00833924856101047,0.136205971621542,0.122092960638153,0.150791119608208,0.00590398430229817,0.00437299816221156,0.00724564423863463,0,0,0,0,0,0
"859","2023-07-23",0.16329414067415,0.15257972901484,0.174023256000547,0.0606048369606226,0.0520358753805851,0.0689201414289451,0.157768626459546,0.147947326484199,0.168528689977979,0.0995573635712054,0.0895657081751001,0.109636156489252,0.0355133226880646,0.0292290092322221,0.0418961777688374,0.0399230685024632,0.0350006379471592,0.0450623889378803,0.0254803717937206,0.0208139565407151,0.0303079927862687,0.0555145579702541,0.0501814291278513,0.0610468306922831,0.0318860425428079,0.0284831083550754,0.0357748732877511,0.034762645856057,0.0285289669301792,0.0411872572550354,0.033983480788854,0.0279159987594892,0.0400365269161434,0.0238305011771821,0.0217842612623069,0.02614628313494,0.0185441982076552,0.0149174057529406,0.02222887031516,0.0061687433517134,0.00414207108503781,0.00835568227729898,0.136541881810825,0.122279241281054,0.151436396991096,0.0058641975055216,0.00433960025930705,0.00718011648002839,0,0,0,0,0,0
"860","2023-07-24",0.163151768023579,0.152052497917332,0.174165470332442,0.0604309695077052,0.0511656897713031,0.0690679144910666,0.157800009214705,0.148002359903795,0.168889942848404,0.0993356947896089,0.0893643593057716,0.110278216760908,0.0353223027026072,0.0285936154894923,0.0422109184968832,0.039756973951755,0.0347621027272555,0.0449275921811975,0.0254137358355619,0.0205538997406123,0.0304243704247797,0.0554244227834172,0.0500517855703109,0.0609290487289097,0.0318607736855419,0.0283855388394996,0.035898577921589,0.0344088735433518,0.0278827828644293,0.0414377187543736,0.0336630301887556,0.0272365003317145,0.0403733248055293,0.0238270521471938,0.0218002924982996,0.0261614634020264,0.0185852723161537,0.014821791500773,0.0222733814872795,0.00613325714186738,0.00399912490921342,0.00835928348281607,0.135517305771305,0.120105582702284,0.151542152712851,0.00585135203188324,0.00431304371124564,0.00722080828740857,0,0,0,0,0,0
"861","2023-07-25",0.162988079281332,0.151808504399918,0.174195124102649,0.0602580279027224,0.0510180414991496,0.0690992230250114,0.157798774203962,0.148035719438955,0.169009778999872,0.0990983054585015,0.0889802809543323,0.109879765644057,0.0351148526919918,0.0281745005854886,0.0424553074461398,0.0395823798005017,0.0344880925802039,0.044962805534427,0.0253405145549732,0.0202961979500507,0.030563916166525,0.0553527981195557,0.0497928912763777,0.0608874545395709,0.0318162306587471,0.0283728993123221,0.0358864493679973,0.034055902266283,0.0270858432996257,0.0415837675739765,0.0333262049401652,0.026969027809397,0.040144421450423,0.0238240437645873,0.0217650756946362,0.0261755067247434,0.0186028745233841,0.014831445018394,0.0223422253262486,0.00610495321889091,0.0038538445975957,0.00839190912889299,0.134396169127234,0.118412203733315,0.151651131907717,0.00583989450536566,0.00429023513342905,0.00718330073402237,0,0,0,0,0,0
"862","2023-07-26",0.162838294654892,0.151444075292137,0.174423333866825,0.0600703327239274,0.0504740834330989,0.0693719112098768,0.157823645591637,0.14780927312665,0.169141256707696,0.0989246218175382,0.0886950620943869,0.110606569723229,0.0349117046857309,0.0280142417580526,0.0421402964264996,0.0393769458376284,0.0340695854448489,0.0449078591609006,0.0252722463951526,0.0202266450793644,0.0305137885227986,0.0552674617066023,0.0496800461873091,0.0608801576065508,0.0317649626899105,0.0283535161090279,0.0358140720004859,0.0336574640969858,0.0261124775403164,0.0416719621554954,0.0330028447597616,0.0263376134059807,0.0400528076555942,0.0238174690514453,0.0217615424436351,0.0261736150364314,0.0186510627550715,0.0149035406509182,0.0225063872142882,0.00607358001864634,0.00384891831682955,0.00839465457362283,0.133166693206432,0.11594969805942,0.150499616501927,0.00582500214603983,0.00429463511666196,0.00717713507484765,0,0,0,0,0,0
"863","2023-07-27",0.162683303544586,0.151149025454747,0.174355717438074,0.0598845476288715,0.050124236340083,0.0692170359171169,0.157807509105563,0.147407029573472,0.169186840933646,0.0987466753014766,0.0880519296763061,0.110772441804069,0.0347155981639349,0.0273745389920006,0.0422631400931252,0.0392066736545133,0.0339607732867885,0.0446652662697513,0.0251984527487444,0.0200644759655724,0.0304225431847861,0.0551840995324034,0.0496956175948479,0.0609960114364057,0.031721671165246,0.0283070907145933,0.0358456305660888,0.033320022454621,0.0256101577963888,0.0415896578308028,0.0326843953900785,0.025966658924161,0.0401452711136434,0.0238141057207399,0.0217527905272357,0.0261386559252779,0.0186823172330197,0.0147370180173135,0.0225733424345862,0.0060376758984838,0.00377952816317104,0.00836532132750181,0.132066884453649,0.114314287721037,0.150913792792731,0.00581751496929098,0.0042341114796906,0.00719458030917966,0,0,0,0,0,0
"864","2023-07-28",0.162589741515581,0.151130878805773,0.174340747954522,0.0596697664673562,0.0495376343817299,0.0694039390819199,0.157803228980939,0.147500304168461,0.169051518143736,0.0985642138998472,0.0871691203018189,0.110247665400887,0.0345298080878588,0.027096470981663,0.0420658069189182,0.0390518647622872,0.0336707788818735,0.0445888943223634,0.0251273804712978,0.0199634086429319,0.0303423091020169,0.0551115509527407,0.049429170683875,0.0608574227818104,0.0316852251887614,0.0282818454296353,0.0358214849612238,0.0329500319188894,0.0248912417978484,0.0416274412620597,0.0323634709751751,0.0253709274419455,0.039798962181407,0.0238083742115862,0.0217786442953004,0.0261615615976121,0.0187203898851451,0.0148247402127391,0.0226215478898326,0.00599872197381475,0.00363058141486007,0.00831029155109871,0.130903895596475,0.112617490341076,0.151258844449684,0.0057994502699689,0.00422468426711427,0.00717534851926724,0,0,0,0,0,0
"865","2023-07-29",0.162405111284235,0.150714946275157,0.174048365108655,0.059489738676974,0.049172421346697,0.0692034306122669,0.157810598083022,0.147407101116304,0.16947982438631,0.0983029804487937,0.0868686013626827,0.110371760034092,0.0343138719236962,0.0268100733262229,0.0420453508833236,0.0388479888991606,0.0334885275358698,0.0445446391330147,0.0250529400024876,0.0198394841486387,0.0303920919566398,0.0550453680417371,0.0494144343140701,0.0607289551569808,0.0316485955582583,0.028223990516927,0.0357671929073397,0.0325995099453222,0.0245555615856145,0.0413889176770847,0.0320693900697274,0.0249288879417596,0.0398327317149215,0.0238131389079943,0.0217318133431371,0.026187965812294,0.0187447569099397,0.0146388213253193,0.0227141523551805,0.00596499200319086,0.00360732597817084,0.00825217502478696,0.129734422277142,0.110708302845644,0.151174633253181,0.00578506898009495,0.0042035119094662,0.00718662844525025,0,0,0,0,0,0
"866","2023-07-30",0.162260579877359,0.150365290618173,0.173713651082422,0.0592890765000649,0.0488650944529692,0.0695319672744682,0.157841939399742,0.147366641653249,0.169542744227327,0.0981257473059929,0.0866722047560458,0.110056975898604,0.0341109999513214,0.0264353017161919,0.0417584436140749,0.0386780595684823,0.0333718658918252,0.0444961658289115,0.0249997759219773,0.0197717761963923,0.0303696187255568,0.0549768477688737,0.0492350878015267,0.0607263016477107,0.0316078061750013,0.0282159595601396,0.0358262864675686,0.0322597842515204,0.0240596063321897,0.0414765519715605,0.0317714066470137,0.0244422069345076,0.0395331674566344,0.0238063567786013,0.0217303245075234,0.0261486077036412,0.0187646344425877,0.0147037700636137,0.0227482958602206,0.00593780668378959,0.00355454445846477,0.00830807597047955,0.128534539982217,0.109279038663102,0.150874130920237,0.005777548339484,0.00417034072329808,0.00721917400059423,0,0,0,0,0,0
"867","2023-07-31",0.162125364405999,0.150013478714961,0.173733330433101,0.0590840860648151,0.0483393330805594,0.0696583219903923,0.15785750968842,0.147177119719794,0.169484495997821,0.0979321585859956,0.0864512056653564,0.110372978783969,0.0339239976049255,0.0263949364611484,0.0419245090743233,0.038505615285054,0.0329908116599241,0.0443903653458221,0.024936513146679,0.0195951438104935,0.0304501720219072,0.0548973467542038,0.0492645690301706,0.0607586217917103,0.0315631726547596,0.028143517326643,0.0355968255563319,0.0318843839121055,0.0236803057404377,0.0411216969970646,0.0314478832142338,0.023986355604209,0.0395306672995074,0.0237993681858043,0.0217093944982769,0.0261226412410275,0.0187967368665048,0.0147450697576111,0.0229484959418442,0.00589957033154174,0.00347584751311213,0.00825171735136476,0.127379144047505,0.106943315591776,0.15048304835214,0.00576160731142611,0.00412908827345096,0.00716150243881119,0,0,0,0,0,0
"868","2023-08-01",0.161994051855438,0.149835502095901,0.17404906804794,0.0589065208178126,0.0479252928362684,0.0693835513215852,0.157875223689437,0.147049610089564,0.169623698727217,0.0977201102643033,0.0859784462566102,0.11033255449286,0.0337048125971478,0.0260084470742845,0.0417489829367871,0.038319034818075,0.032906262001977,0.0442173127364168,0.0248431624894927,0.0192758387577767,0.0304417822327706,0.0548159984027171,0.0493670241302642,0.0606629602837882,0.0315159758694226,0.0281053006856606,0.0355650575831358,0.0315239432097708,0.0231011847645108,0.0410354691719788,0.0311150028730385,0.0234513989574976,0.0394518714068539,0.0237906508584446,0.0216913227738939,0.0261235273119726,0.0188218258673827,0.0145916903406902,0.0228622965274953,0.00585857937846293,0.00345932955785289,0.00824289885717917,0.126193129388049,0.105403184927364,0.149781133163287,0.0057489329043995,0.00405294862622317,0.00713706891447809,0,0,0,0,0,0
"869","2023-08-02",0.161798430950748,0.149758305990445,0.173731921716367,0.058729721180861,0.0478167575987651,0.0696159513933906,0.157885983032373,0.147052502170942,0.169732028662273,0.0974257199358524,0.0857243435319984,0.109888526218563,0.0335166897981245,0.0258762320337197,0.0416474744532435,0.0381499298762288,0.0325578877166491,0.0442766188929433,0.0247982435356536,0.0191636092529567,0.0304395653714894,0.0547174675920052,0.0490031970269075,0.0603829011292322,0.0314707472905306,0.0280681947633047,0.0354560570204107,0.0311922150272962,0.0227821699769461,0.0409129159385679,0.0307842399806246,0.0229931490932566,0.0395460619139641,0.0237899568687488,0.0217204736686942,0.02616915211041,0.0188476603584671,0.0146378319000869,0.022902883098025,0.00582893526002156,0.00341766402425064,0.00823962561352684,0.125092210004749,0.10385340806718,0.149403685645975,0.00573580507640951,0.00404105029193351,0.00714562216616138,0,0,0,0,0,0
"870","2023-08-03",0.161615898829322,0.149474565457023,0.173296688685249,0.0585221664522926,0.0476074471547768,0.0696772972631088,0.15788229654447,0.147309460634627,0.170119987313996,0.0972174711627229,0.0856891084118021,0.109891937812376,0.0332876774352326,0.025131208288516,0.0413703599164424,0.0379498850508265,0.0322850587020219,0.0442951418407742,0.0247266645513476,0.0192136027384342,0.0303240900482717,0.0546596263423919,0.0491105912801922,0.0604487369992777,0.0314315942984723,0.0280202058820791,0.0354654664090347,0.0308384084016602,0.0223334285577327,0.0406988476616843,0.0304858831541191,0.0227720179548824,0.0394037935375803,0.023784741037899,0.021761955818809,0.0261649618875147,0.0188820603527943,0.0146191653836917,0.023025704392308,0.00579517611133077,0.00341588477862186,0.00815100180781462,0.123983603145168,0.102334929502106,0.148877623079539,0.00572364005997205,0.00404827732259292,0.00714936661184313,0,0,0,0,0,0
"871","2023-08-04",0.16149191100475,0.149228504805576,0.173667940094467,0.0583818932115747,0.0471985563182659,0.069489410644017,0.157958046779677,0.147079304299683,0.170052249918453,0.0969626669856361,0.0850965785798383,0.109306435405052,0.0330792655609531,0.0250401783727229,0.041142507428329,0.0377620900243349,0.0319789818357557,0.0438507911649502,0.0246564026820006,0.01906682868478,0.0303630396029036,0.054614861091098,0.0487641325175715,0.060383745029383,0.0313914685637776,0.0280001935567328,0.0354035988816234,0.0304864550214642,0.0221975031729765,0.0405032712775573,0.0301660280516814,0.0223172406813066,0.0393037984115081,0.0237784220813725,0.021732645803294,0.0261469654620939,0.0189277218796542,0.0146275582434854,0.0230309942482802,0.00576000622747512,0.00342856447468717,0.00809147099422724,0.122891533763139,0.10049821551239,0.149168847149291,0.00571319932706905,0.00403565557189458,0.00713719306263181,0,0,0,0,0,0
"872","2023-08-05",0.161316854661087,0.148989582561912,0.173022803372062,0.058175207534649,0.0465468695176442,0.069336089059415,0.157981740740576,0.146929833921728,0.170402603692259,0.0967151701827651,0.0848537211684974,0.108979325893373,0.0328665982657768,0.0247316242678908,0.0414072799198819,0.0375778834814768,0.0317403624757393,0.0437472908686785,0.0245546185868179,0.0188992405127023,0.0303761281251343,0.0545333862205444,0.0487144036248362,0.0604581334636634,0.0313592044678898,0.0280497040809742,0.0352921187080316,0.0301196672375583,0.0214984605728967,0.039970612681886,0.0298657716490235,0.0218367007692729,0.039200653227457,0.0237695548103932,0.0217330537915564,0.0261587415864457,0.0189694754603948,0.0146566815982067,0.0232548165315114,0.00572850817472951,0.00334926588976532,0.00814219974484368,0.121850490091403,0.0987764387394615,0.14850565183889,0.00569709492621587,0.00403511612063631,0.00712002492753509,0,0,0,0,0,0
"873","2023-08-06",0.161207409105182,0.149106702942965,0.173044937885084,0.0579667252379662,0.0467462366483188,0.0690137020422431,0.157961859403861,0.147081292545383,0.170080599906359,0.0964431013322626,0.0840060682205175,0.108762025919282,0.0326444727470214,0.0246113670720365,0.0412237682756598,0.0373800683655107,0.031337097660757,0.043708120548838,0.0244828891038746,0.0188950197670712,0.0302113261063586,0.0544608688683978,0.0487661767137871,0.0604101121772062,0.0313274398800679,0.0279526168907357,0.0352623591477912,0.0297388266680858,0.0210477408378254,0.0395895403165995,0.0295620658910948,0.0217178416584559,0.0388638826170186,0.0237624731053748,0.0217188381375115,0.026174166617425,0.0189860921687506,0.0146696500242953,0.0230932703118418,0.00570603986728497,0.00329018120223814,0.00807781079511987,0.120755580768844,0.0977708900338628,0.147477104616247,0.00568643339646654,0.00403263188639692,0.0070839480761743,0,0,0,0,0,0
"874","2023-08-07",0.161088252151165,0.148764961815458,0.172763271413578,0.0577506504752788,0.0458087295190805,0.0688889369513114,0.157989450362865,0.147163214739633,0.170038747808122,0.0962169014202546,0.0838589639405505,0.108873143910332,0.0324318866822405,0.0243803454549142,0.0407882727993599,0.0372066313482134,0.0313409317530092,0.0434812698480954,0.0243905153363702,0.0189147662611076,0.0301775708349604,0.0543937072619758,0.0485244801626043,0.0604101373144117,0.0312816817320859,0.0279675998360081,0.0352430206249571,0.0293688967048799,0.0208857426866092,0.0396211809005013,0.0292645134531523,0.021333851311904,0.0389423896434331,0.0237583452462679,0.0217223543966062,0.0261702655033577,0.0190150851603714,0.0146417876365716,0.0230828076988518,0.00567917701590449,0.00328782138365121,0.00797206798352451,0.119659158088502,0.0971467439776069,0.147088976921751,0.0056714123905308,0.00398536926666084,0.00704466188619921,0,0,0,0,0,0
"875","2023-08-08",0.160963557106722,0.148334801130506,0.172929820957682,0.057481165118459,0.0459624442308827,0.0686431157537236,0.157980794459178,0.147201731593994,0.169872281103147,0.0960284830112409,0.0836884195249129,0.108704334335055,0.0322257273008354,0.0241574035163397,0.0408338894086959,0.0370400908604469,0.0310739088141268,0.0432928608353273,0.0243210830355759,0.0186094850677378,0.0300429261874446,0.0543185310303112,0.0485906200104852,0.0604992273928293,0.0312386244402927,0.0279242515283054,0.0350617277862356,0.0290106830020272,0.0202701434377437,0.0394006597861685,0.0289423675628456,0.0212002269968334,0.0387589350729464,0.0237508556097485,0.0217090750437621,0.0261746968916233,0.0190559781921212,0.0146185680968312,0.0231910033845315,0.0056484921211445,0.00334827673368381,0.00790914503878128,0.1184123291101,0.0953640248122943,0.146036556357629,0.00565689527957265,0.00402416306450255,0.00706016411781509,0,0,0,0,0,0
"876","2023-08-09",0.160776440740546,0.148759267859808,0.172396419145682,0.0573542070029828,0.0458664063190665,0.0685368365989132,0.157954508659212,0.14717536000288,0.169829833487109,0.0958520755697831,0.0836001335643419,0.108210499785501,0.0320279002985778,0.0240648230527576,0.040557546563828,0.0368802814575002,0.0308962404576887,0.0435654785645114,0.0242693568232322,0.01851352399107,0.0299799218048968,0.0542263519992447,0.0485284875847853,0.0604351215022985,0.0311887057751493,0.0278606026363428,0.0351708916132412,0.0286870557393183,0.0196976522720171,0.0390908833329806,0.0285999025727874,0.0205965330676431,0.0386028967280808,0.023747225002879,0.0217018060454051,0.0262088804219449,0.0190701988732197,0.0146505607212054,0.0231165603703287,0.00561201304330323,0.00331047300486772,0.00781103907647862,0.11728637000765,0.0938841332508026,0.145791069853627,0.00564804670473278,0.00401732723384521,0.00704564209696738,0,0,0,0,0,0
"877","2023-08-10",0.160590705336951,0.148421636916483,0.172426876077908,0.057174574780272,0.0456184774463812,0.0680071912829983,0.157972075850768,0.147298671347964,0.170334556628134,0.0956081929751171,0.0834439821445355,0.108135530134383,0.0317846273554429,0.023604209244767,0.0403758846670221,0.0367326268727116,0.0309676365685471,0.0433860652923515,0.0242047104098299,0.0184549558058274,0.0298537262053164,0.0541462391006724,0.0484001033242352,0.0602166691287833,0.031151423491443,0.0278778868045497,0.0349629162791337,0.0282862027774033,0.019502986159859,0.0390519867181202,0.0282761913847213,0.0205653100618396,0.0380945420757019,0.0237420044601075,0.0217647564801623,0.0261981914941058,0.0191107015237452,0.0148567577114531,0.0231560509646261,0.00558973102702236,0.0033193870123828,0.00786233994099656,0.116053976849255,0.0931380347987739,0.144518442271466,0.00563504476264007,0.00404040572675895,0.00702259368331035,0,0,0,0,0,0
"878","2023-08-11",0.160435385883361,0.148236998134061,0.172558363210126,0.0569457458851024,0.0456960507849032,0.0682082072110192,0.1579492615653,0.147219299071061,0.169846691859687,0.0954327144894088,0.0832199206365706,0.108170544841285,0.0315652008364449,0.0231921792728217,0.0403090124689163,0.0365575556980808,0.0308340707326132,0.0432141541247632,0.0241504158698144,0.0182792509617463,0.0297055652990563,0.0540804883870293,0.0483070033503526,0.0601505934928759,0.0311099257430854,0.0278253532488415,0.0348698778913343,0.0279095418038405,0.0190771513111209,0.038800017816822,0.0280042087113454,0.0199298069915892,0.038046786350786,0.0237381301825289,0.0217795230614992,0.0261642845617454,0.019148938941957,0.014911242789579,0.0231829105737264,0.0055417751058742,0.00322562352452777,0.00782174535685157,0.114927159151962,0.0912789143912561,0.144888397956997,0.00561673360548861,0.00401157740370169,0.00704803739092278,0,0,0,0,0,0
"879","2023-08-12",0.160360971741146,0.14856717674847,0.172212568809284,0.0567786261945251,0.045907984965184,0.0678621118826453,0.157985918256077,0.147336885754692,0.169821644695492,0.0952139437198933,0.0829387874316243,0.107961227430954,0.0313318785625301,0.0230200572802286,0.0402555804303131,0.0363930948473503,0.030627339535959,0.0431485245158484,0.0240778466347545,0.0181959052248365,0.0296199425736324,0.0540048478052382,0.0483352440857782,0.0599048714170796,0.0310680257195267,0.0277738457279175,0.0348826497525657,0.0275681884338372,0.0183540208092011,0.0385427331234697,0.027707106901267,0.0198613558917859,0.0378853312282465,0.0237331232693816,0.0217641236693703,0.026177565754851,0.0191862347300155,0.015002976422433,0.023237197748964,0.00550394060263599,0.00314922842426037,0.0078011759461879,0.113771479080091,0.0903781325003148,0.144327885144695,0.0055998499455518,0.00396380438229507,0.00705566012352941,0,0,0,0,0,0
"880","2023-08-13",0.160142654540738,0.147819809929619,0.172098938196424,0.0565996440968126,0.0455091928429514,0.0677911802309925,0.157954426590589,0.147381227888814,0.169899088093758,0.0950097632961527,0.0827209368068997,0.107372981475438,0.0310956372986365,0.0228653350937671,0.0399655155128865,0.0362063562593188,0.030361272438654,0.0429651797164658,0.0240186318058086,0.0182255730473806,0.0295201973618268,0.0539329997917229,0.0482359226802601,0.0599273814858585,0.0310228938628864,0.0277284303167811,0.0348922158961197,0.0272423632946885,0.0183375115697111,0.0384233764984789,0.0273730772026629,0.0195269342705906,0.0376303221160306,0.0237324038876407,0.0217841833723474,0.0261548835268156,0.0192317317948039,0.0152063986953571,0.0233070252136262,0.00547738498991859,0.00310616042870705,0.0078154093230391,0.112655067684678,0.089546041319156,0.145380952597203,0.00558633524852267,0.0039538157795764,0.00701041598308402,0,0,0,0,0,0
"881","2023-08-14",0.159989315055056,0.148057367037152,0.171933368301595,0.0563993886289543,0.0454364126746783,0.0676687010029175,0.157988574737266,0.147426730199968,0.170129233399059,0.0948064120135366,0.082549438636272,0.107317770842988,0.0308427658112254,0.0222695359746063,0.0391769244841173,0.0360320887050313,0.0302217080868032,0.0430183917461841,0.0239394056540571,0.0181109327429209,0.0295364971299754,0.0538678029657903,0.0483407180074114,0.0595958957776438,0.0309817024405438,0.0277686577632054,0.034695928986909,0.0269266636473,0.0181337314284826,0.0381101493056881,0.027040831864836,0.0194853290697851,0.037311499830324,0.0237282109550425,0.0218014209071178,0.0261769193888763,0.0192776073985075,0.0151048089421724,0.0235382120149971,0.00543381493593284,0.00316889334087219,0.00774347743055016,0.111421324187213,0.0882953626871368,0.144311311181066,0.00557159337311504,0.00391691163288756,0.0069969443402623,0,0,0,0,0,0
"882","2023-08-15",0.159796763948045,0.14796624737066,0.171502490520745,0.0562023415023663,0.0458160530960333,0.067158412464629,0.157932793662058,0.1476100425343,0.169579280658378,0.0945561172988514,0.0821308979180151,0.107035061227803,0.0306145801565705,0.0223707007982058,0.0388209958708742,0.0358753294326561,0.0300756490342743,0.0428971623871154,0.0238675660427234,0.0180900714531198,0.0294125795522071,0.0537928863441755,0.0481456829972703,0.0594705272821313,0.0309455706912867,0.0277489665704336,0.0346684609434219,0.0265675943165093,0.0182037564616892,0.0378280513616348,0.0267039932498243,0.0191378956930978,0.0372129076668609,0.0237297505878442,0.0218076300436968,0.0261546822320849,0.019304945188502,0.0151471490890227,0.0235376608442047,0.00539827309232232,0.00308993842815308,0.00766873310211723,0.110289943944458,0.0876965182466284,0.144105349113223,0.00556082371424848,0.00393321687733164,0.00699598803729311,0,0,0,0,0,0
"883","2023-08-16",0.15966242483749,0.147966538066938,0.171258139451741,0.0560007756807808,0.045459857047631,0.0667912098731459,0.157942161148004,0.147455777779169,0.16969417807035,0.094292345766681,0.0819905803260628,0.106595087198394,0.0304015596601574,0.0223130481423634,0.0385785402369919,0.0357169479953093,0.0298059424121483,0.0429184717975541,0.0238145489661253,0.0182570825879007,0.0294430786936919,0.0537258067844994,0.0481929549951334,0.059475511839384,0.0309011786169742,0.027653853729529,0.0346777558627532,0.0261896404650086,0.0177611852669492,0.0380259858176974,0.0264217398527642,0.0188935797374268,0.0372045241882026,0.0237257814553004,0.0218312765589923,0.026076150706301,0.0193393944040536,0.015160993310405,0.023465570683888,0.00536346513154431,0.00312507482231687,0.00757915961436681,0.109100667086728,0.0865288453579369,0.144526776453189,0.00554933008658917,0.0039158743342868,0.00696576895564114,0,0,0,0,0,0
"884","2023-08-17",0.159519216534348,0.147757185076169,0.171116470541215,0.0558056521245856,0.0456720384556618,0.0665302537528817,0.157976433752173,0.147629886630655,0.169842920809407,0.0940712205994162,0.0818484133813597,0.106795993903096,0.0302168707298339,0.0221701723781497,0.038534946965579,0.0355293640760102,0.029629736744799,0.0428742996413807,0.0237535608713109,0.0182164656851296,0.0292784817882953,0.053649899605315,0.0481710994356857,0.0594489722046158,0.0308551263832112,0.0276496365453896,0.0345903423449177,0.0258379219629652,0.0174748204933636,0.0382717252085059,0.026081860584058,0.0184572556578624,0.0369190300961989,0.0237238197123429,0.0218299730837572,0.0260830629835554,0.0193820299549373,0.0153718850666529,0.0233533210287525,0.00533391909833568,0.00312122081571753,0.00751828070976199,0.107951308648163,0.0852902689660322,0.143652548258366,0.00553516968352388,0.003954553946409,0.0069306108296329,0,0,0,0,0,0
"885","2023-08-18",0.159395112691807,0.147868531786435,0.170963674969545,0.0556248268279439,0.0458601305824923,0.0661263009530834,0.157991719554555,0.147771654146164,0.170060887438299,0.0938331053207649,0.081960719284368,0.106667847564583,0.0300091005168264,0.0221723886961882,0.0381969002543059,0.035351923280512,0.0293950043146848,0.0426776418721344,0.0236752089244038,0.0181350607521494,0.0292945712950884,0.0535689065766515,0.048091753119074,0.0592251883402749,0.030819202438177,0.0276565969891228,0.0344401670735424,0.0255251381761035,0.0174188787061171,0.0382743101711133,0.0257718458779264,0.0183002537696631,0.0368723753651715,0.0237214083568366,0.02180540630255,0.0260212384650238,0.0194301221303589,0.0153650979902906,0.0234453176079091,0.00528150157885743,0.0031041617715185,0.00746006412635638,0.106685443129252,0.0838874656928209,0.143975829687293,0.00552082245829333,0.00395233101891955,0.00691262402199544,0,0,0,0,0,0
"886","2023-08-19",0.159261815866252,0.14763703920839,0.170914528331894,0.0554211984053474,0.0459903895893198,0.0656465223153692,0.157988764102332,0.147911256104057,0.169784425849993,0.093583577661917,0.0818740896012778,0.105833196518165,0.0297960125509736,0.0223827043970187,0.0376392005098724,0.0351733100379806,0.0292733112544924,0.0424592773736765,0.0236130822807884,0.0182397350998085,0.0290773520099511,0.053468234889244,0.0478815267936739,0.0591615196823497,0.0307740293484358,0.0276758321087737,0.0343591525719857,0.0251522142879024,0.0169407117827101,0.0380100806771266,0.0254715290376267,0.0181746592355884,0.036709501716644,0.023720056093879,0.0218227887367086,0.0260474187063587,0.0194692538793566,0.0153515753367246,0.0235081347762468,0.00524516463562518,0.00305548910621853,0.00738124884886278,0.105433831136047,0.0827219202563753,0.14331138563148,0.00550337447012376,0.00388281955576327,0.00688164654123956,0,0,0,0,0,0
"887","2023-08-20",0.159105297946039,0.147436572702912,0.17058194508759,0.0552324152756786,0.0458498426273691,0.0653799487509069,0.157980089795775,0.147723146244478,0.169382013364985,0.0933695300168995,0.0819342465164297,0.105796139067844,0.0295335438674806,0.0221204146048051,0.0372831922175728,0.0350175890947362,0.0292208300815386,0.0423641290020072,0.023546519162875,0.0183781630944823,0.0290133171897791,0.0533964989386243,0.047825068166507,0.0590688156164941,0.0307290281448566,0.0276290171545414,0.0343325056934081,0.0247296364631324,0.0168531339898438,0.0382460820065754,0.0251704493122141,0.0181434964280027,0.0367695733680684,0.0237129211405389,0.0217937324686243,0.025990968374742,0.019498126788869,0.0155185730723063,0.0234528621120903,0.00522527233516537,0.00311118186923381,0.00739838322772659,0.104231690394116,0.0828435365911179,0.142170028122718,0.00549291727970145,0.00390369109032312,0.00688468214735468,0,0,0,0,0,0
"888","2023-08-21",0.158566356112594,0.14801622840876,0.168722755945736,0.0544127450542168,0.0463964242659251,0.0629652475389248,0.157996639438398,0.148226775020634,0.168271803728913,0.0922487844533546,0.0819086969264587,0.102337290245979,0.0285411967541617,0.0218923078878395,0.0346847356754956,0.0336848069904959,0.0284736856600972,0.038343239096412,0.0232955151547504,0.0182163159206654,0.028087458458986,0.0530438489474836,0.0478585112002123,0.0581569915844372,0.0304943086478895,0.0275529030393484,0.0338643137312119,0.0220897261380745,0.0156723099012146,0.0279100868346653,0.0230499514969827,0.0172288755972221,0.0289514033894666,0.0236841225878716,0.0217826132504456,0.025907378796596,0.0196511599733484,0.0159183761315329,0.023296046816979,0.0050827752522793,0.00312012755572308,0.00700868946108395,0.0948851843175251,0.0793151654919484,0.109842066681866,0.00544595096278747,0.00397567322079101,0.00676696959885261,0.192206925334322,0.173037218773825,0.213071213849911,0,0,0
"889","2023-08-22",0.158404158219951,0.148189376915226,0.16824077200668,0.0541577654981381,0.0461987923225152,0.062010549543446,0.157980403054222,0.148221909054548,0.168194450255612,0.0919765152821726,0.0819810812090389,0.102001788510542,0.0283315171021633,0.0218327682335155,0.0341726120546252,0.0335058128075595,0.0284521997552888,0.0381370787473268,0.0232028834914498,0.0184140442712383,0.0278958639636676,0.0529821493795103,0.0479010625116363,0.0582054507110995,0.0304537648862272,0.0274608788743514,0.033753211374786,0.0217625409797081,0.0158742859451882,0.0274291207348682,0.0227419582378652,0.0172828294271065,0.0283116463511977,0.0236806394713386,0.0217644601957777,0.0258664429958751,0.0196911297282749,0.0160279066162202,0.0232739009080904,0.00504693793580392,0.00309461784321109,0.00695227604545686,0.0937633215795967,0.0791152091957055,0.1079314419997,0.00543402866279391,0.00399412545678342,0.00672759162304321,0.192113324655537,0.174471629823644,0.211658295927824,0,0,0
"890","2023-08-23",0.158309751484293,0.14815914458518,0.167854502491947,0.0539772065571566,0.0463142706895356,0.0614086652748145,0.1579901337377,0.14863554724057,0.167883557290144,0.0917581995717659,0.0821761963937575,0.101132393502223,0.0281033526805544,0.0221652971071202,0.03361178757829,0.0333520474307485,0.0283741783424993,0.0379222869603521,0.0231341030604294,0.0184550791771935,0.0275223425461545,0.0528997283845781,0.0477782390630088,0.0580515827740507,0.0304084291021508,0.0274726934061303,0.0336980341652429,0.021422543200471,0.0157905568297693,0.0266469853210888,0.02243187526501,0.0173399430695044,0.0275167319253964,0.0236723306308153,0.0217297087193514,0.0258593591302535,0.0197292610679372,0.0159829126903381,0.0231852091651092,0.00501278815923023,0.0031217909451637,0.0068176624380931,0.0926049039694277,0.0800425934109,0.104480604874731,0.00541469882065997,0.0039828967224604,0.00674113989592184,0.192096282419788,0.175962827644668,0.209511498089862,0,0,0
"891","2023-08-24",0.158158344046552,0.147986583856338,0.167718812358888,0.0537548656266713,0.0469610913933514,0.060598133217778,0.157985854083762,0.14855058179082,0.168148257892399,0.0915091903514436,0.0828300405243515,0.100440296926129,0.0278893619817504,0.0224578833323983,0.033114759753011,0.0331826466834181,0.0283575232146023,0.0377292251503305,0.0230468368794856,0.0185371055943262,0.0272784550739405,0.052825516842586,0.0478195496531888,0.0577786257925925,0.0303673638078784,0.0274032011772434,0.0335920345168639,0.0211112680961683,0.0160638709469673,0.0260749822440659,0.0221013217387765,0.0173464627908018,0.0268739422799236,0.0236650202400749,0.0217024736973483,0.0258670839772867,0.0197583474898426,0.0161877548202239,0.0232383233713999,0.00497082671986574,0.00316831017081837,0.00671485351935693,0.0915603089555072,0.0810362134541359,0.102115840468887,0.00540544230609977,0.00400122316520432,0.00674246760187972,0.192095727918373,0.17729392944732,0.207763605639046,0,0,0
"892","2023-08-25",0.158692692737672,0.148316811341914,0.168383655036727,0.0536632356745973,0.0465817018565098,0.0606116642151418,0.157795914420512,0.148318808055154,0.167597248032327,0.0917894857320709,0.08266300100169,0.101013239859964,0.0281038583503007,0.0225455364442132,0.0334037730918166,0.0330402101876212,0.0280598589771919,0.0374996203809784,0.0231243751451077,0.0185110949481969,0.0274553411749574,0.052711611237565,0.0477909789211925,0.0578141993792306,0.030306696505417,0.0273397278330542,0.0335300777471405,0.0212947062728179,0.0158398716749114,0.0264961194722119,0.0217450972482156,0.0169437807882003,0.026763097949014,0.0236593990760792,0.0217522641602425,0.0258297261062373,0.019687789629478,0.0160540657526858,0.0231311132993332,0.00495085550951371,0.00307408190812343,0.00670147524973437,0.0915473792977285,0.0799999413115184,0.103173731870206,0.00539776143472212,0.00399943091853425,0.00674517020007544,0.190859675849036,0.175472097012457,0.206499342404814,0,0,0
"893","2023-08-26",0.159246684453108,0.148895426319265,0.169012290201509,0.0535434054711455,0.0462144020405479,0.0608554681726746,0.157610207383584,0.148315517166863,0.167283800618853,0.0921369882398858,0.083082925014198,0.101085835374831,0.0282313726057482,0.0225838174799869,0.0336543008739998,0.0329141121569712,0.0280186727061407,0.0373061320819659,0.0231848904782228,0.0184668042905242,0.0277048681767734,0.0525525236504707,0.047588052356681,0.0577154363894677,0.0302562861328465,0.0273605349126889,0.0334483004877026,0.0214728349225994,0.0159700602538988,0.0269066002027737,0.0214016910269117,0.0164162907371086,0.0266643912808994,0.0236526869439027,0.0217880162736386,0.0258482416323064,0.0196620647985483,0.016089044177696,0.0230665195077649,0.00492819937873393,0.00312186030264601,0.00672190723325672,0.0916379323764732,0.0789382434967088,0.103901592639805,0.00538663279044881,0.0039351226896226,0.00675732812183124,0.189692479255413,0.173833926204314,0.206205596721702,0,0,0
"894","2023-08-27",0.159740037773018,0.149405659529834,0.169615442749257,0.0534243800614803,0.0457766452436821,0.0607437260753434,0.157429140503693,0.148277821382425,0.166964003678336,0.0924299283720368,0.082872629435809,0.101469943616845,0.028413656886017,0.0223572424776304,0.0341799753107895,0.0327913963707554,0.0279923297016297,0.0371457798857357,0.0232554856080097,0.0187295744364203,0.0277141135228461,0.0524353010758276,0.0474370308953546,0.0576292497450015,0.0301955142685199,0.0273666180760648,0.0335047013035874,0.021631848669768,0.0159791591056835,0.0271602360063005,0.0210827892893815,0.0159945039444313,0.0265026608113666,0.0236435830725392,0.0218245689293298,0.0257884221179207,0.0196064211229378,0.0159460058173795,0.023095767303929,0.00490860152652662,0.00306365946529409,0.00672961649919687,0.0916374270923973,0.0785226660004149,0.104850900435662,0.00537930641702783,0.00393547509351003,0.00673943483483729,0.188637671685098,0.172551116916144,0.206061895899012,0,0,0
"895","2023-08-28",0.160274575578132,0.149744826275109,0.170066334186888,0.0533137265149155,0.0455163264732463,0.0607867133493884,0.157218913591819,0.147964873396321,0.166892638847651,0.0927579286457375,0.0832157556627873,0.101928502370219,0.0286195822816566,0.0226525156735591,0.0343911289648832,0.032690488854264,0.0279031442082866,0.037194885845107,0.0233635016528533,0.0188133011751159,0.0278148623991223,0.0523125475533084,0.047339162520658,0.05752373912137,0.0301335475819185,0.0273177984896199,0.033395804770255,0.0217702116821413,0.0159738593612412,0.027358497148959,0.0207347420018665,0.0157127666778254,0.0261461995810166,0.0236304461526384,0.0217842107135061,0.0257753119867659,0.0195402361833047,0.0158461308579145,0.0229575905420372,0.00488290336526184,0.00307461823862352,0.00673008432825946,0.0915353610249626,0.0781881100552133,0.105189947314669,0.00537420829103766,0.00395653655251613,0.00670964251052218,0.187521781042898,0.17146297360573,0.204291941060587,0,0,0
"896","2023-08-29",0.160849230492972,0.150309633096129,0.170592314574004,0.0532570550907998,0.0454874962160845,0.060939366918378,0.157012579158203,0.147840389985174,0.166716764406969,0.0930968928211536,0.0832347192898465,0.102456637687268,0.0287867294624807,0.0227226742861682,0.0346772177397111,0.0325683059588257,0.0277397958176707,0.0369747740775004,0.0234601641834948,0.0189404115612355,0.0279774815348823,0.0521907363569088,0.0473001819072884,0.0573934147901109,0.030069493961266,0.0271718810336315,0.033380867187163,0.0219722026592736,0.0162219746000725,0.0275101166595025,0.0204151549194474,0.0152808271380483,0.0257339235809267,0.0236130055590575,0.0217094393271038,0.025767861632187,0.0194842700851448,0.0158636397812277,0.0227989003361299,0.00486614125339947,0.00300632978666451,0.00676084156561754,0.0914680545832113,0.0784182919064072,0.105294215842432,0.00536925753750754,0.00394616061535894,0.00669561444976053,0.186412281400199,0.170155848378896,0.203457013386658,0,0,0
"897","2023-08-30",0.161393335516521,0.150671494740218,0.17119769051476,0.0531129133362918,0.0454366276949579,0.0608838735585999,0.156816453939376,0.148056867058403,0.166256754062572,0.0934552658483813,0.0835539500478441,0.102760316908413,0.0289969270401156,0.0230444007252442,0.0349012655911856,0.0324479697310153,0.0275892859836996,0.0368542410185385,0.0235698954643955,0.0189420621670928,0.0280589534606977,0.0520749747947861,0.0472100801195002,0.0572289668759775,0.0300117094262292,0.0271810228980926,0.0332724540864316,0.0221590681831222,0.0162179638308905,0.0276167012359853,0.020048294658418,0.0148532995002824,0.0251721432673048,0.0236096025115859,0.0217034654944845,0.0257367355663822,0.0194455390040217,0.0158120944882289,0.0228359721903171,0.00484237612607908,0.00301949666771097,0.00667443105839109,0.0914463641724867,0.0783121502612356,0.105863583346331,0.0053606459289621,0.00390309396803638,0.00670430137970338,0.185348810684073,0.169130929695249,0.202388274675236,0,0,0
"898","2023-08-31",0.161924283581163,0.151416979789262,0.17190922660958,0.0530576762795101,0.0453009535759295,0.0609273064758809,0.156655632303767,0.147512179683204,0.166005034664427,0.0938034331378032,0.0844075106416665,0.103084943549888,0.0291643602279674,0.0232797513804694,0.0352061386950207,0.0323322247395706,0.0273842013955903,0.036699074897565,0.0236797327764202,0.0190580744792606,0.027998177601183,0.0519294082061138,0.0471875503379941,0.0569040266867687,0.0299603046148271,0.0271150283150817,0.0330579397640242,0.0223373137982297,0.0166060582089635,0.0276947194910987,0.0197076870855355,0.0146999879777954,0.0247822172282334,0.0235965613710164,0.0216855753322843,0.0257533567436132,0.0194002664888647,0.0158283309617144,0.0226687255191925,0.00482706860862822,0.00301526297327425,0.00658991784291524,0.091490652939381,0.07845863951376,0.105322650399102,0.00535316460642365,0.00393036601718475,0.00666670908952475,0.184171307970318,0.168127851756519,0.200509839372805,0,0,0
"899","2023-09-01",0.162432284428634,0.152414952910593,0.172102552195742,0.0529188955594136,0.0455598089258351,0.0605485406077364,0.156498959783654,0.147622227338095,0.165982962287035,0.0941570816888884,0.0850652119027148,0.103134666069875,0.0293448268029863,0.0234486758512954,0.035368363706826,0.0322182339474527,0.027488776027956,0.0365786491494559,0.023783592651734,0.0192958216956522,0.0280194005063755,0.0517964463671523,0.0469882307738672,0.0567577219906321,0.0298874321550844,0.0270768142561118,0.0329893054974838,0.0225432318670354,0.0172295300671681,0.0278533714447452,0.0193155356043745,0.0143022364794492,0.0243707809587631,0.023585491541103,0.021684619426645,0.0257134494676902,0.0193527696373382,0.0156205089840384,0.0226468415823225,0.00479681105052283,0.00296742311350931,0.00654852770629925,0.0915119150907963,0.0787075624064118,0.104654438463501,0.00534138389033756,0.0038986873260542,0.00663359231672613,0.182910843989787,0.166852651674199,0.198479672157161,0,0,0
"900","2023-09-02",0.162997933303211,0.153252179722112,0.172635284479318,0.0528799740560109,0.0456146524899033,0.0606087834933867,0.156334613898127,0.147501315629918,0.165645757442467,0.0944463451767748,0.0852504334319718,0.102964168028676,0.0294795819534743,0.0238747914447405,0.0355576823720224,0.032088224862551,0.0274809824704139,0.0363328140428466,0.023885092526097,0.0194275036326553,0.0280374567068554,0.0516549453986552,0.0468758009358895,0.0567358050771125,0.0298220766194767,0.0270091679359615,0.0329486065357917,0.0227239627122548,0.0173431103226437,0.0277535129875961,0.0189592002378604,0.0140136152023664,0.0238238612024898,0.0235757241074955,0.0216799884816468,0.0256988193453408,0.0193092291470113,0.0156826516075183,0.0225758859083807,0.00477730161859915,0.00301246880619651,0.00646870851060076,0.0916095951875249,0.0793120822805783,0.103959132456783,0.0053357218615614,0.00391763923219115,0.00662535730047428,0.181751954336918,0.166361102005121,0.196922481125869,0,0,0
"901","2023-09-03",0.163541825577594,0.154011892703946,0.172984609155564,0.052742120507747,0.0454115975734556,0.0599738906236854,0.156180533620236,0.147357483490388,0.165034031432139,0.0947657097031873,0.0860581432196439,0.102984547891346,0.0296974447649585,0.0241897973503015,0.0353384573877788,0.0319624458707999,0.0272792807872555,0.0361768553946552,0.0239930301218413,0.0196181312322657,0.0280299056890624,0.0515204803660975,0.0467473438210816,0.0564324807967025,0.029763548082301,0.0268534239627359,0.0328845740569825,0.0229427057217628,0.0177307168108524,0.0278812328146967,0.0186158928852109,0.0139388344072899,0.0233626499879431,0.0235696544155369,0.0216951970981647,0.0257468495411196,0.0192523050072213,0.0156978197598953,0.0225065773838376,0.00476484524964644,0.00304389144226929,0.00640104235177694,0.0915775563453972,0.0803437861875933,0.103008478457408,0.00532708016937751,0.00388774109948999,0.00657069999006209,0.180755142514397,0.166928791551375,0.195009469023336,0,0,0
"902","2023-09-04",0.164012563456017,0.154117218333066,0.173583786913292,0.0523386555048192,0.0451457784668388,0.0596334382025727,0.156232131851406,0.147362313840344,0.164719941414072,0.0949987546077312,0.086276748752319,0.103402056174759,0.0295713617051286,0.0241005455600437,0.0351982207463991,0.0319422550131933,0.0274197590781914,0.0362417067249957,0.0241441349393437,0.0197011899457423,0.0282950200842347,0.0513404015037876,0.0465108177349945,0.0562069750311838,0.0297103037929269,0.0269518582362899,0.0328920646966791,0.0229806488108514,0.0178084634472787,0.0283404631005683,0.0181735197559511,0.0133442515231873,0.0229556445476356,0.0235569999581022,0.0216886691658729,0.0256719129387493,0.0192361166903869,0.0157153280449577,0.0224235765335988,0.00479704737050369,0.00303192933176251,0.00645694021396541,0.0915334903119233,0.0794397396597077,0.10348451020381,0.00533474954839028,0.00389025472044554,0.0065962619998773,0.180016117043926,0.1652802835014,0.194554859901015,0,0,0
"903","2023-09-05",0.164460673650146,0.154717813838369,0.174176772185835,0.0519463341668529,0.0449915447520003,0.0591513918533854,0.156293278149217,0.14770704180576,0.165019417727951,0.0952761019679035,0.0865297553422811,0.103672748936971,0.0294221024419827,0.023623813395693,0.0351105114238149,0.0319647013221081,0.0272690391311215,0.0361758614972636,0.0242643880468891,0.0199200222712358,0.0282890116437072,0.0511648919626247,0.0463708812412639,0.0560865853351698,0.0296530838682893,0.0268826935496953,0.0326887684173681,0.0230852513141872,0.0179935803617784,0.0284734714951107,0.0177293148032884,0.0128367752745716,0.0224629797900522,0.0235529740584024,0.0216834949619995,0.0256798063401949,0.0192435298562442,0.0158311988497107,0.0224814804617365,0.00481252080800427,0.00305531503178469,0.00648964619004572,0.0914074164626806,0.0790855750797262,0.1036743968301,0.00533825091096899,0.0039029301322386,0.00661096162526479,0.1793738360426,0.164744336672743,0.194151121435172,0,0,0
"904","2023-09-06",0.164907842061981,0.155179520493559,0.174659929844567,0.0516106652775153,0.0443613051461827,0.0587892045061043,0.156316698567372,0.147641196694081,0.164834287251206,0.095603296960898,0.0870388840827325,0.104307978650006,0.0292647121189418,0.0236570965200247,0.0348535926556369,0.0319810688503888,0.0275014152147908,0.0361964053229065,0.024382985636948,0.0198579752303418,0.0283216526362528,0.0509700666345604,0.0462598552706977,0.0559584783003811,0.0296001348576728,0.0268303845494213,0.0325468111366203,0.0232494876940104,0.0180274385008513,0.0284675854616303,0.0173300864069592,0.0127234869383365,0.0219934744354731,0.0235418014961614,0.02165393923577,0.0256910679306671,0.0192272366040264,0.0158612975906428,0.0224579511258984,0.00483832583184045,0.00305906420786829,0.00654979896045314,0.0912552932505423,0.0789835546397464,0.103217664753946,0.00534255986928973,0.00394047012270879,0.00662671811440166,0.178696036912601,0.163934722143012,0.193375826095783,0,0,0
"905","2023-09-07",0.16533511217125,0.155994037161493,0.17494795087971,0.0512321036603842,0.0439051875719922,0.058580164491747,0.156366294203318,0.148029861706748,0.164837185407996,0.0958553930140543,0.0869853114472204,0.104418125153009,0.0291199727062764,0.0235458797113187,0.0345598309407266,0.0319991325198365,0.0273500661865895,0.0363119445906628,0.0245284694889558,0.0201279651261601,0.0285114012729361,0.0507725781842093,0.0460565527430732,0.0558319907881663,0.029546196722772,0.0268303190515538,0.0324772139474969,0.0233729413018998,0.0181725202974533,0.028387685214285,0.0169071748303937,0.0123721552102572,0.0214777953045294,0.0235280953505389,0.0216092276664077,0.0256293639480216,0.0192492784033808,0.015887539466241,0.0223972212514125,0.00484886884425617,0.00305842587253663,0.00653950779877992,0.0913122120376835,0.0792028442013543,0.103040620526838,0.00534514353699415,0.003943530301194,0.00662653506867146,0.178104680144629,0.16367877837221,0.19286807059665,0,0,0
"906","2023-09-08",0.165745202298322,0.156650167084191,0.175183168084156,0.0509048116297591,0.0439280403675773,0.0582312114066892,0.156368343814951,0.148184078789251,0.164793407259186,0.09610136217754,0.0873289324570924,0.104714531940951,0.0289317555500649,0.0236218824959945,0.034452292737531,0.0320092642426278,0.0275052721267347,0.0362477362177934,0.0246849044760596,0.0203867340158914,0.0286450201118892,0.0505773598594815,0.0457167241427851,0.0554552494908663,0.0294958149298972,0.0267729478130687,0.0323240498860896,0.023517259228112,0.018579154844528,0.028392330490692,0.0164918265874152,0.0121189065378672,0.020878948269092,0.0235145091052456,0.021598684644869,0.0256015269342358,0.0192401981517214,0.0160103243380006,0.0224790814576956,0.0048634652938095,0.00311056837245798,0.00655098669794044,0.0912505927253971,0.0798270922325357,0.103062114640251,0.0053485904039714,0.00394011449383971,0.00662165264637188,0.177430965599645,0.16287235355951,0.19162024090325,0,0,0
"907","2023-09-09",0.166274113097862,0.15682701880513,0.175440913763912,0.0505645605238049,0.0439002049799352,0.0574226128613503,0.156432768573325,0.148171020700195,0.164926974061603,0.0963252607271901,0.0877875291452647,0.104774423306876,0.0287507406250864,0.0236852185169733,0.0339279286406511,0.0320114362442972,0.0274096717480439,0.0362226021709342,0.0248430889806949,0.0205978328096512,0.0289084408817454,0.0504036265062859,0.0457480622388022,0.0552553975079487,0.0294372595113466,0.0266790301909765,0.0321711507427486,0.0235783178640783,0.0188012969760566,0.0284768166058856,0.0160504316113124,0.0118699567422488,0.0203464643400586,0.023500909066612,0.0215794956689289,0.0256069267559157,0.0192268554575921,0.0161022838682603,0.0224609626408535,0.00488897441228333,0.00315836368636996,0.00663255323507859,0.0912444569115807,0.0805917695463434,0.10200936446215,0.00534954931455301,0.00392993649415503,0.00661975328911823,0.176740638037978,0.163510071068786,0.190076696465425,0,0,0
"908","2023-09-10",0.16674678559938,0.157614890814439,0.175812552379029,0.0502034884201118,0.0438800537721611,0.056532538350923,0.156477787734284,0.148134473701184,0.16473550342293,0.0966126357839468,0.0883887796834173,0.105056731087216,0.0285774094349392,0.02370143511913,0.0333765681747667,0.0320008257811513,0.0274672628481512,0.036169245948167,0.0249552088615566,0.0208764308075781,0.0289229790462882,0.050194092160068,0.0456478486134318,0.0550463352475112,0.0293812894957304,0.0265307597062028,0.0321480541756106,0.0236799493558172,0.0190165770516613,0.0284534811627909,0.015605348166128,0.0116438276358186,0.0195081113371114,0.0234889135648884,0.0215337430249913,0.0256442147854457,0.0192115762873272,0.0158666071332779,0.022297636008321,0.00490337319267461,0.00322731499112084,0.0066227351118719,0.0912457846310906,0.0817600201779428,0.101126223535321,0.00535175065602768,0.00393775758845542,0.00661343724222385,0.176144980405745,0.164238134026687,0.18849938261681,0,0,0
"909","2023-09-11",0.167058061774876,0.157865392162068,0.17606036078687,0.0500180111340347,0.043195106807456,0.0567155839986628,0.156373278537603,0.147971592149508,0.165219291756146,0.097422683104994,0.0888579058881068,0.10602380330577,0.0287755639023649,0.0236956499879851,0.0339149080657542,0.0321028854392405,0.0276803213891875,0.0361802392085488,0.0251091408719366,0.0206840462416881,0.0291478182146977,0.0499567389473139,0.0454203312150006,0.0547334183824875,0.0293264002014882,0.0265192171198643,0.0321101113585173,0.023591419960794,0.0185406987105179,0.0286096078423044,0.0154728970946773,0.011078631252997,0.0198254586164101,0.0234778366586248,0.021532881150476,0.0255698488829116,0.0193603914579845,0.015973893282383,0.0225622378555521,0.00487650430152511,0.00319321221471638,0.00655279992723286,0.0905767857839095,0.0797245898605372,0.101665861285691,0.00536178312580006,0.0039470603592982,0.00660808389372127,0.175201886217332,0.161740773088773,0.188776304533399,0,0,0
"910","2023-09-12",0.167321364145292,0.157567753041666,0.176596675861953,0.049820632241372,0.0425099765846586,0.0571840260090388,0.156298916618378,0.148085959946315,0.16505807538157,0.098247830753907,0.0890052059139943,0.10702804915916,0.0290037645551409,0.0233659582495304,0.0346154905973764,0.0321884343696479,0.0275666328383401,0.0363240439219353,0.0252747587308974,0.0210057662004848,0.0293669401357213,0.0497161226262867,0.0450584226604264,0.054537901254058,0.0292714507673483,0.0264717849620556,0.0321033286718391,0.0235461883908771,0.0183329697965176,0.0288030664490196,0.0153839254957085,0.0107804647918094,0.0198199429273998,0.0234675159560763,0.0215309774467552,0.0255157487082095,0.0195045321656679,0.0159594371415673,0.0226920675434721,0.00484599527191207,0.0031003301061475,0.00656876378159955,0.0898050820794616,0.078215204329887,0.101689229535842,0.0053688489562832,0.00395891907591118,0.00668187684828479,0.174203394529807,0.159497639409488,0.188260776806083,0,0,0
"911","2023-09-13",0.167644029593142,0.158021926950885,0.177248084350632,0.049604549463169,0.042157515983971,0.0572482872053442,0.156200478887238,0.147867585631861,0.165375722202104,0.0990517459224559,0.089782794707071,0.107749909450528,0.0292082871307558,0.023508176145605,0.0350717853069071,0.032247818074047,0.0275648363028178,0.0363777713559459,0.0254537429838769,0.0209773962240197,0.0296927657676596,0.0494779434077343,0.0447437118415206,0.0543517376911763,0.0292106491502925,0.0263702223898042,0.0320881368837985,0.02352892422246,0.018170217284538,0.0289169877449542,0.015261819073894,0.0104242462835205,0.0199106490724729,0.0234500385204481,0.0214742958763435,0.0254979295954614,0.0196757240791344,0.0161273358545322,0.0229117383258626,0.00482549404841007,0.00301038465107923,0.00653794513896427,0.0890883731550773,0.0766069903915224,0.101932811977587,0.00538016120822173,0.0039700574976747,0.00667324568850918,0.173160284878015,0.157267019410731,0.187535942216235,0,0,0
"912","2023-09-14",0.167974390990571,0.158596860656669,0.17743107468282,0.0494970395793697,0.0420693300854435,0.057401238392442,0.156128891762408,0.147839310730118,0.165205077076525,0.0998713762420209,0.0909615189644759,0.109088290724401,0.0293788205860322,0.0235754753575421,0.0355754093847531,0.032327135999227,0.0276196760782013,0.0365690148262445,0.0256401304987678,0.0212759475979726,0.0298981301332323,0.0492401189902643,0.0444015488840783,0.0541817214974805,0.0291538580941863,0.0263191620035348,0.0319970930613966,0.0234672293041443,0.0180647341993371,0.0290789761949699,0.0151074391978256,0.0100455227814753,0.0200220678930441,0.0234397262937881,0.0214904347469351,0.0254102951840076,0.0198330755003109,0.0162499850425025,0.02314776031686,0.00479263898744027,0.00300866356517557,0.00651861910970693,0.0884005546803238,0.0754643995505388,0.101999546108028,0.00538758348445124,0.00397784105062486,0.0066935992354628,0.171994221584161,0.155750295975385,0.18745815259137,0,0,0
"913","2023-09-15",0.168285461002737,0.158730457864505,0.1779611729023,0.049320255178036,0.0416266377684239,0.0571109853567044,0.156037822435182,0.147902996617928,0.164932209415806,0.100705660409114,0.0917123990090511,0.109789601598367,0.0295788038115999,0.0237681881813715,0.0356374265486203,0.0323999626734118,0.0277409668178997,0.0366213488007071,0.0258193159368619,0.0213048873646182,0.0302081739396404,0.0490000937650749,0.0442440515449293,0.0538508151306285,0.0290903007645774,0.0263074556016405,0.0319290128055342,0.0234124425637963,0.0177466414545713,0.0289378383411733,0.0149536000474231,0.00978540413249865,0.0199644752521055,0.0234330633104281,0.0214587935237497,0.0254815326357844,0.0199594318478459,0.0163105584509175,0.0232214954665442,0.00477013126928796,0.00297454629994187,0.00653144798066408,0.0876575003363351,0.0742576236016259,0.101129729272491,0.00539117754639892,0.0039745714347661,0.00669470817335335,0.171037059108759,0.155037138493772,0.186980720424471,0,0,0
"914","2023-09-16",0.168620784366602,0.159338819680463,0.17826451607981,0.0491042264627211,0.0412135410211917,0.0571455674764047,0.155922868956725,0.147464207182661,0.164947415442924,0.101506417019903,0.0923230327597071,0.110852835461593,0.0298014838913528,0.0236148295104175,0.0359284918330548,0.0324497362873564,0.0277878538408532,0.0365553355983196,0.0259777510859706,0.0213712214054992,0.0305673184062874,0.0487662283795688,0.0440078365319816,0.0536999731065273,0.0290233157140082,0.0262783992157323,0.0317184751998773,0.0233699636633048,0.0177043029976175,0.0287163695000574,0.0148483424332152,0.0097209293504317,0.0199473379255848,0.0234259737037692,0.0215069879398245,0.0254839810142841,0.0200921382861886,0.0163892283825537,0.0233785391173529,0.00474089508076507,0.00298878204823034,0.00651223120034027,0.0870821536993885,0.0734728790499295,0.100773271284511,0.00540160730064848,0.0039841046651787,0.00671750553135076,0.170094869820875,0.152275336280416,0.186168318870222,0,0,0
"915","2023-09-17",0.168928606673181,0.159504501547215,0.178268728709747,0.0489373258080339,0.0414179408237612,0.0567547436940288,0.155808694059541,0.147373364675585,0.164626249993702,0.102316852641621,0.0932999057690454,0.111703317801304,0.029974331265744,0.0238021987616353,0.0360230472829122,0.0325483751102832,0.0280596836030574,0.0365688738880983,0.0261269515143779,0.0216269182788926,0.030699632236615,0.0485389992591992,0.0437927416388898,0.0533905557872121,0.0289706596015768,0.0261666590251971,0.0317021464041098,0.0233440978630823,0.0177149685780714,0.0287116680123415,0.0147062005374271,0.00961523592883614,0.0197538290774434,0.0234115394507612,0.0214730154816756,0.0254780572802078,0.0202330972584663,0.016533336591869,0.0235813822615239,0.00471912765915006,0.00292994889791478,0.00642929967024961,0.0864427412059269,0.0727836761599051,0.0998522132897093,0.00540717451572794,0.00400619896883182,0.00670772989467922,0.169053215109954,0.151426692961372,0.185360278407216,0,0,0
"916","2023-09-18",0.169190451819585,0.159739347508433,0.178992145864436,0.0487231410482404,0.0410303642771591,0.0568039393059314,0.155685622120944,0.147670146239853,0.16443875079847,0.103126909167206,0.0940914241935475,0.113050845066076,0.0301707413035691,0.0240798900076095,0.0363724215086881,0.0326340724705362,0.0280769251345566,0.0367041949136835,0.0262880480815961,0.021939452374694,0.0308572408616404,0.048298507383142,0.043630391968002,0.0530918796348268,0.028908430809927,0.0260793248405914,0.0315824417575451,0.0232524890366438,0.0175522931545995,0.0287437176996384,0.0145910507487404,0.00956045017504433,0.0194476464240894,0.0233974820618576,0.0214725753786429,0.0254362091727354,0.0203703254256961,0.0168455102923674,0.0236838089841016,0.00469278696323765,0.00294555641101889,0.00636663222124877,0.0856356455098973,0.0717902161019491,0.0994879240053151,0.00541395060729827,0.00400091135068079,0.00670346910216664,0.16804612059963,0.150643825496952,0.18375312112371,0,0,0
"917","2023-09-19",0.169475447395661,0.159968428703399,0.179199181759522,0.0484823178880458,0.0407827740055339,0.0564013287712456,0.155617093245909,0.147324272303308,0.164302167798152,0.103904367974434,0.0945338865316635,0.113304707467678,0.0303348619355492,0.0243512510225529,0.0364748341112914,0.0327048004570282,0.0282685352875963,0.0367317925624265,0.0264418051994882,0.0221722434191,0.0307630315356987,0.0480870609887527,0.0435195682317598,0.0528955501331138,0.0288529286280764,0.0260736208305274,0.0315499489954136,0.0231834455795797,0.0173702003752409,0.0285986581132191,0.0144804410555963,0.00958192226193195,0.0192250454827532,0.0233908977416312,0.0214441996584314,0.0254297721909072,0.0204935670113425,0.016942357012881,0.0237427314200364,0.0046582478228572,0.00280020658415722,0.00631753866393172,0.0848502068564699,0.071169683837958,0.0981733790742604,0.00541904955974691,0.00403458232920572,0.00671724039294967,0.167062499753997,0.150128624845755,0.182221968418197,0,0,0
"918","2023-09-20",0.169751482663925,0.160370919232001,0.179144733309676,0.0482726864330403,0.0409487491121072,0.0556510036086153,0.155527393320236,0.147138892135453,0.164146057164786,0.104731680412128,0.09568715991577,0.113968107624323,0.0305500254621713,0.0245797850763472,0.0365817797459025,0.0327479896084799,0.0284278521204654,0.0367737990065723,0.02658524206872,0.0223805502423315,0.030821514948583,0.0478493652480931,0.043173770252225,0.0528183077423252,0.0287886416762447,0.0259635048199668,0.0314546746274847,0.0231187574877693,0.0177996067544718,0.0284355950316824,0.0143417073206181,0.00963180529479754,0.0188579348904895,0.0233806376934572,0.0214624115415154,0.0254179315645657,0.0206305109916764,0.0171784901142638,0.0238322208228938,0.00463091103887189,0.00282262304641211,0.00631566183299622,0.084166442120789,0.0712251038211085,0.0971114248660523,0.00542196437966173,0.00402873717914952,0.00673991899409621,0.166214087717999,0.150406150350634,0.18103405554537,0,0,0
"919","2023-09-21",0.170054365088,0.161090898642777,0.1794953926235,0.0480913881821002,0.04061872596365,0.0552406268046727,0.155469127060116,0.147264064960475,0.164117369398294,0.105562680045474,0.0970826027417129,0.114446709887536,0.0307197861522767,0.0249664412869777,0.0364365547612267,0.0328233163419643,0.0283574432840395,0.0368303070700621,0.0267673047802769,0.0225950700999373,0.030967453080733,0.0476167717591188,0.0430465592288816,0.0522070593292936,0.0287232506883744,0.0259433894941174,0.031330628342242,0.023044189409791,0.0176814931691383,0.0281956190063172,0.0141877898227026,0.00963643275851274,0.0186746779480287,0.0233681434925548,0.021436890551914,0.025392974795913,0.0207916404706553,0.017381447823929,0.0240515012300926,0.00460031446559554,0.00285788378922958,0.00627465652040623,0.0835214811114529,0.0712506368420475,0.0960313101595035,0.00542540219175925,0.00404230088405971,0.00675365904468977,0.165258739468902,0.150143664085071,0.179742062697124,0,0,0
"920","2023-09-22",0.17039785809954,0.161710255125517,0.180008799845282,0.047882520450654,0.0408930585208062,0.0544822537343078,0.155402277273765,0.147286485862577,0.163539331958117,0.106419253176425,0.0979971024417943,0.11534995095744,0.0309349739399594,0.0255485029504808,0.0365284919027402,0.0329137275529999,0.028635548972642,0.0368472827897865,0.026939298534146,0.0228674613049391,0.0310153467396082,0.0473745446937608,0.0428313430346479,0.0519124027015872,0.0286491614404241,0.025945396034896,0.0312339798712318,0.0229999744077302,0.0180869873432903,0.0280071445392729,0.0140554985930007,0.00971416246165483,0.0182057100420417,0.0233584367577104,0.0214821659756684,0.0253613882539397,0.0209403318534291,0.0176405531433283,0.0241748989112111,0.00457245729539485,0.00284821274557146,0.00622361665235574,0.0829159216886148,0.0716085091992729,0.0941395535703073,0.00543491918499305,0.00408576987621845,0.00675161876055768,0.164389112631758,0.149983435453668,0.177698143295551,0,0,0
"921","2023-09-23",0.170677474959641,0.162103616124389,0.180068030709798,0.0477158294833847,0.0411228057827677,0.0539196426020449,0.155334708289492,0.14743362212107,0.163274888205174,0.107277292269079,0.0991707766665585,0.115792974854488,0.0310820006825272,0.0259046853002575,0.0361748397193795,0.0329594798056382,0.0288295473670974,0.0367241152059246,0.0270881569055704,0.0231085462791563,0.0311132866735537,0.0471412312185912,0.0426791206596237,0.0514705072650228,0.0285954623318718,0.02582869734962,0.0311789636988554,0.0229577220904702,0.018394303682269,0.0276198464826961,0.0138958997927356,0.00986802283695864,0.0177593121746963,0.0233480520859868,0.0214992080328965,0.0253473110454283,0.021086278833725,0.0178085264836563,0.0242713844416117,0.00454075978759716,0.00284191983695574,0.00614772965286726,0.0822793248927361,0.0725043385016556,0.0925385395826207,0.0054423117847712,0.00405559230210063,0.00670716082900551,0.163354667159367,0.150387525579389,0.17542220703682,0,0,0
"922","2023-09-24",0.170980487738419,0.162553382359693,0.18021205115494,0.0475261329823956,0.041796605239508,0.0533575043610537,0.155249665320669,0.147544816146649,0.163406024890627,0.108075195012475,0.100115214141418,0.11633801743742,0.031260640525896,0.0264286554102577,0.0360248488560927,0.0330293620213036,0.0289614230761639,0.036775842279896,0.0272508614596902,0.0233720347952649,0.0312142468125732,0.0469231667566489,0.0425929959954818,0.0512220653208996,0.0285461184565514,0.025755248625953,0.0311419256406597,0.0228962046377707,0.0187008766615913,0.0270515727980213,0.0137568956051552,0.0104176755468706,0.0171598042665417,0.0233318762998735,0.0215011062719683,0.025293160042773,0.0212321427518924,0.0179556096679436,0.024313773619018,0.00451662408275011,0.00292271456927799,0.00610075015802919,0.0815595818018219,0.0733815798662206,0.0898621912287213,0.00544919457754292,0.00409411298178511,0.00673154403160223,0.162378491340907,0.151217847736037,0.173264667476817,0,0,0
"923","2023-09-25",0.171102205673196,0.162574171721537,0.18050148990151,0.0474762085404918,0.0412260118034671,0.0536334770949932,0.154981610379074,0.14729084843963,0.16306339915944,0.108365990881736,0.100100278120379,0.116963575675964,0.0313202320035503,0.0262139736522407,0.036277366505012,0.0330606207772648,0.0288854838408377,0.036912264145423,0.0273699113005734,0.0233796960051982,0.031550819152379,0.0467916607027206,0.0423995992336343,0.051183418398139,0.0284683512055587,0.0256418369597288,0.0310486162668498,0.0230934784519103,0.0184801766803969,0.0274064190131667,0.0138799195123267,0.0101000984411001,0.0178336015727338,0.0233207775118138,0.0213900612040099,0.0252794536905328,0.0214320241515538,0.0181544767907465,0.0247021025219324,0.00452084805941659,0.00291834810580283,0.00613688195502243,0.0813828344326905,0.0714178350648548,0.091340987342722,0.00545797354444723,0.00407345694400648,0.0067762069609573,0.162700833272898,0.149673857202859,0.175121023756118,0,0,0
"924","2023-09-26",0.171156340196013,0.162378009787318,0.180554209904053,0.0474089898378637,0.0406987576764524,0.0541507095950454,0.154726755818128,0.146714934420988,0.162988733697689,0.108635143115635,0.10011175825036,0.117674807365265,0.0313200357192972,0.0259506769586925,0.0366490095557045,0.0331146403955562,0.0288471827491477,0.0369176306013988,0.0275210665518083,0.0235210967594185,0.0316939113396087,0.0466703417224889,0.0421233580592159,0.0511826643975766,0.0283908802028965,0.0254859158150239,0.0310314068096904,0.0232994090138854,0.0183567263290293,0.0280926078664245,0.0140006806830456,0.00980050526952206,0.0183505588142522,0.0233055064198298,0.0213882722226106,0.0252805096975151,0.0216286646921334,0.0182317308345647,0.0249761827647056,0.00452483745248005,0.0028414189797676,0.00615965055555049,0.0811728701547433,0.0698863727771376,0.0924242089890741,0.00546476045255363,0.00411302403426185,0.00676087631683911,0.162660396228871,0.147858490040875,0.175889591597046,0,0,0
"925","2023-09-27",0.171299880481115,0.162240469219196,0.181164851639727,0.0473487076693599,0.0402206185584587,0.0545331817857527,0.154469540152076,0.146397294133861,0.162689375450306,0.108864275191978,0.100270018288316,0.117965320909204,0.0313524750243371,0.0257323455651601,0.0369212398635309,0.0331550281094184,0.028812335383389,0.0371738956865631,0.0276632609527874,0.0235719435955368,0.0320998098489247,0.0465490046521415,0.0419576209073125,0.050887341932763,0.028316593862385,0.0254278244301405,0.030972192919031,0.0234985823248816,0.018404536232547,0.028632074491173,0.0141405381734959,0.00971442186051641,0.0186516021703724,0.0232941507994163,0.0213916383010774,0.0252423148665658,0.0218357483429288,0.0184579857097508,0.0253180908815352,0.00453289868618996,0.00284008618181271,0.0062104524888621,0.0808725012734234,0.0688136818200509,0.0931550215601603,0.00546895642970738,0.00410559431366518,0.00674844449748599,0.162834104665095,0.147593658710469,0.177180554889207,0,0,0
"926","2023-09-28",0.171398110164858,0.162205879415646,0.181450470119078,0.0473156127662356,0.0402384902501578,0.0547952856393615,0.154207333354852,0.14606990947331,0.162323298714687,0.109103774461954,0.100382336875292,0.118490177254741,0.0313718131361263,0.0256108037143585,0.0372086323377464,0.0331957241467511,0.0287730086814065,0.0371972069564217,0.0277988858834714,0.0235962201206473,0.0321462737695937,0.0464315430964791,0.0417925985675148,0.0509734249413271,0.028241706418954,0.025397380893533,0.0308839147947337,0.0237436203143988,0.0182837867164687,0.0289641840177499,0.0142648360494375,0.00964434287240324,0.0188556553129425,0.0232859184810576,0.0214303383209931,0.0252557935079236,0.0220336934233148,0.0187012796449218,0.0255627860821459,0.00453273099749843,0.00279822721275563,0.00615085567055331,0.0805013039139576,0.0677593160693995,0.0932113853792872,0.00547248623260421,0.00413745254895415,0.00677143930380963,0.163059459182345,0.147432076404605,0.17790703409243,0,0,0
"927","2023-09-29",0.171490981561792,0.162175195052879,0.181785212268991,0.0472600594636941,0.0398198619963018,0.054709122970231,0.153923848171819,0.145860141168672,0.161986293967087,0.109370296158399,0.100344682904016,0.119114807874754,0.0313604152054903,0.0255975902877211,0.0373668609312877,0.0332282900178699,0.0287710228790675,0.0372222896555895,0.0279257606650139,0.023633330028179,0.0324586064067241,0.0463225459324132,0.0416470758088123,0.0508785360494652,0.0281738003826271,0.0253285488596474,0.0308272605721789,0.0239527159736677,0.018116090018391,0.0293252860356342,0.0143857464316957,0.00974463291212732,0.0190593580589614,0.0232773951228149,0.0214179303881555,0.0252238431964092,0.0222376354914454,0.018823656166271,0.0257295411884326,0.00453941776733884,0.00277330165028996,0.00621335447035061,0.0802376928519277,0.0669986369607802,0.0935360807692221,0.00547567408241584,0.00410754207165957,0.00675583366737307,0.163178860754862,0.146658013664148,0.17842091973427,0,0,0
"928","2023-09-30",0.171584021168256,0.162051098684828,0.181784031482745,0.047250556738247,0.0394943831762724,0.0548636355636838,0.153678197132986,0.145542507318414,0.162212636440441,0.10964108233723,0.100306150584206,0.119470121300855,0.0313751191990732,0.0254466020270053,0.0376734837611367,0.033284465717017,0.0288271752655831,0.0374150979470311,0.0280797074038288,0.0237825858152195,0.0325534534903533,0.046179637994735,0.0415612405083276,0.0506270366785244,0.0280969614639057,0.0252540656979041,0.0307922781109813,0.0241219161719195,0.0182384682502073,0.02967328184386,0.0145280697878319,0.00971170788961212,0.0195123746732737,0.0232666401996345,0.021459124005185,0.0252276531540598,0.0224191329817889,0.0189597742441227,0.0259917790663107,0.00454836038854145,0.00270803832460516,0.00626587960808223,0.0799241406228194,0.066467852996982,0.093494200653856,0.00547927258959586,0.00409073295008919,0.00680371630211303,0.163335014751917,0.145862893355867,0.178523085403859,0,0,0
"929","2023-10-01",0.171665971590808,0.162336992239246,0.181612675332812,0.0472016677404069,0.0395286755610842,0.0549264263653845,0.153425739135608,0.145226291234426,0.162227176547749,0.109940095240695,0.100355586854812,0.119890424725657,0.0313806292055147,0.0254621023817167,0.037603149057964,0.0333219525925687,0.0289754909580394,0.0374445927716319,0.0282226377638015,0.0238605867493931,0.0326709475877052,0.0460672140177736,0.0413617156835544,0.0505563902800209,0.0280109881256228,0.0251391655411787,0.0306041366359324,0.0243356506498544,0.0185137646102853,0.0300326049499294,0.0146632240522449,0.00979977895956936,0.0196521255060273,0.0232492846250277,0.0213866473055527,0.0251788882277043,0.0226139528425553,0.0192471665447317,0.0261954260009998,0.00455462839050441,0.00274022706338446,0.00626165425742489,0.0795792980533614,0.065402845476546,0.093054817390368,0.005485628027075,0.0040335656184784,0.00680336840809423,0.163577113156087,0.1463591876102,0.17949629093065,0,0,0
"930","2023-10-02",0.171784074163613,0.162585618968962,0.181553155786798,0.0471784152408891,0.0394688423900563,0.0548789916603609,0.153142918341543,0.144997969162332,0.161817277443696,0.110231190317765,0.100539841577691,0.120133105977409,0.0314202039649492,0.0256564842752314,0.0375055529652395,0.0333694687490301,0.028886589246165,0.0374677610022625,0.0283642910566156,0.0240180562159334,0.0328896602295071,0.0459458898632608,0.0410805747718747,0.0503999628114285,0.0279290914409562,0.0250224468497589,0.0305033842640885,0.0245243271267601,0.0188675589910979,0.0304646881111699,0.0148109532986979,0.00989010752847952,0.0198559809790983,0.0232337189356968,0.0213335828703257,0.0252023321607589,0.0228191259698401,0.0194592976429815,0.0264809799087447,0.00456145974406675,0.00275537003248264,0.00629445449248134,0.0793447033146357,0.0653973005045547,0.0926956793018368,0.00548772365669259,0.00404812163014171,0.00679655230846926,0.163679709257402,0.147028703255602,0.180001806432368,0,0,0
"931","2023-10-03",0.171865600589621,0.162846299983357,0.181889821811117,0.0471300376059348,0.0395798706031426,0.0548719590679713,0.152819454441063,0.144314887215091,0.161539243013445,0.110493312066514,0.101057413702165,0.120313573565689,0.0314520482529554,0.0255938234422978,0.0377978839150346,0.0334259492372811,0.0290170248403669,0.0375650480513527,0.0285227507266547,0.0241067076744708,0.0331443209446874,0.0458320839844098,0.041146682513549,0.0501473529075681,0.0278461692563206,0.0249548132054476,0.0304053625938946,0.0247311861329296,0.0189035907780816,0.0306258975114945,0.0149416170773999,0.010081911837296,0.0199741417114892,0.0232191978698148,0.0213724673120088,0.0251826705847162,0.0230082345917667,0.0195942986281963,0.0265196988480763,0.0045676660902395,0.00282863110467828,0.0063184389688661,0.0790571742040886,0.0656661109845816,0.0926899024971331,0.00549025861792623,0.00409968732844701,0.00681698259018586,0.163922751287664,0.147324554467464,0.179604703058055,0,0,0
"932","2023-10-04",0.171983523245271,0.162747515455424,0.182196565069553,0.0471283907346561,0.0398301822870185,0.054506296809734,0.152505809818478,0.144191242455125,0.160939752489625,0.11077692443463,0.101376724728818,0.120612906588147,0.0314319330379425,0.0256256521917345,0.0373365795956175,0.0334837730290238,0.0289236308491953,0.0376090557588347,0.0286738441674274,0.0243620816708933,0.0335483689367949,0.0457007333916104,0.0410602578067184,0.050021917966066,0.0277790950784607,0.02483035973572,0.0303603061690971,0.0249198011435635,0.0191455990397258,0.0309099292412267,0.0150245038978073,0.0102150100351152,0.0199680308129493,0.0232075022382636,0.0213734953628149,0.0251313551234583,0.0232027928201252,0.0198782789617966,0.0267965510782809,0.00458118649884008,0.00286183995441411,0.00640226468575991,0.0788167958138483,0.0660586894160925,0.0920030249420123,0.00549006841489836,0.00411062730449337,0.00683104690094412,0.164121916299769,0.147593041520115,0.179792625544867,0,0,0
"933","2023-10-05",0.172057298985126,0.162524270814515,0.182143163947142,0.0470934226270392,0.0396832621264265,0.0541785957312129,0.152248069755735,0.143806583097959,0.160486478637876,0.111105991771749,0.101933009409369,0.120747942881291,0.0314611759189604,0.0258081622879849,0.0373815930475578,0.0335315436401414,0.029003493397007,0.0376595983763887,0.0288235829943361,0.0245577523236507,0.0336813366105753,0.0455745992645922,0.0410473615474085,0.0499063128005221,0.0277028643826522,0.0247975385941927,0.0302754067438774,0.0251190750255586,0.0194768116174985,0.0307978141213445,0.0151594408697283,0.0104761577799266,0.0199084374609175,0.0231864660324504,0.0212706739331863,0.0251211452711303,0.0233790717384904,0.0200766902707533,0.0269360636385345,0.00459131326839657,0.00284209803810335,0.00633723612255995,0.0785715674100748,0.0662494239799551,0.0907509417539808,0.0054936563902949,0.00410325919191721,0.00683437720437949,0.164179855144874,0.148485648899503,0.178731468494226,0,0,0
"934","2023-10-06",0.172177445698108,0.163116865267474,0.18213604741841,0.0470084808713239,0.0398870292816365,0.053979176584895,0.151953866366162,0.143534818220593,0.16008307058734,0.111351688922541,0.102335396750238,0.120518817222658,0.0314524762267727,0.025550099829226,0.0371462549782134,0.03357157263992,0.0291311588486469,0.0375621129304108,0.0289678828056969,0.0248342974171444,0.0336237599763903,0.045435209726304,0.0409273239307445,0.0497449206427721,0.0276276873540898,0.0247646589388509,0.0302264945851717,0.0253351059213948,0.0199383676060991,0.0310816123338463,0.015284770070659,0.0108196743946228,0.0200143841570694,0.0231746425180311,0.021333684387538,0.0250899785021354,0.023568218250285,0.020199616174302,0.0271194109763733,0.00459889669680913,0.00290938707816655,0.00634913652649441,0.078305630656576,0.0667200396039969,0.0895999207281018,0.00549649495799592,0.00413444892792601,0.00683866447701442,0.164410298939992,0.148849821812602,0.178437262730071,0,0,0
"935","2023-10-07",0.172254316646428,0.163455229195882,0.181596248203955,0.046914824722924,0.0403335610098532,0.0536768497626694,0.151692834115169,0.143542054813076,0.159488810065504,0.111646154533366,0.102910393980679,0.120847425711367,0.0314725056761951,0.0258071371555011,0.0371039396233939,0.0336001426132279,0.0292059080324203,0.0375852534535042,0.0291167145962732,0.0249861772694802,0.0337368638441893,0.0453333783634668,0.040875100029322,0.0496857093469955,0.0275499467951062,0.0246847843164561,0.0301622646993582,0.0255633261226083,0.0202756662903713,0.0309524919543788,0.0154054535141829,0.0110905300988714,0.0198399652868555,0.0231626878286268,0.021306597156759,0.0250905032816534,0.0237603068368519,0.0204175919221614,0.0273916180660953,0.00460890392779767,0.00293672809451933,0.00631293839024823,0.0781086463855333,0.0675398535457988,0.0881891125865275,0.00550574987998291,0.00412575576382247,0.00683397094434489,0.164457141906673,0.150250577989698,0.177519742878026,0,0,0
"936","2023-10-08",0.172392122549752,0.163591218871045,0.181998875507932,0.0468339131942486,0.0405611770320079,0.0530578866487994,0.151430832662115,0.143677139297664,0.15922692831106,0.111961358278455,0.103182434713811,0.120526703108458,0.0315125337856582,0.0264192152485077,0.0366948948847296,0.0336542320113541,0.0294789164702821,0.0376141999275062,0.0292364180797166,0.0252918443397851,0.0338036282473382,0.0452071568674947,0.0409975307971522,0.0494399046204314,0.0274851650272003,0.0246030387628514,0.0300897318989035,0.0258259955753006,0.0209744509288901,0.0308178647422312,0.015481520352844,0.0114283644688777,0.0195508014618433,0.0231439826451085,0.0211976174115897,0.0250518061279273,0.0239621601427658,0.0208422650250536,0.0276001263164177,0.00460278706159659,0.00290860748617996,0.00626989525132753,0.0780501823668117,0.0684420384937829,0.0867904839251352,0.00550368275215866,0.00419513646266287,0.00679954199643478,0.164645234538159,0.151879918280779,0.176321215421882,0,0,0
"937","2023-10-09",0.172452172112466,0.163650359942844,0.182111296641433,0.0467560596364723,0.040003286951843,0.0533506845994046,0.151244154821581,0.143293227763804,0.159003354625602,0.11211108543049,0.103240088130053,0.121153939890858,0.0312968850898064,0.0259943936183791,0.0367900183482347,0.0337797566113853,0.0296790713652519,0.0377496233005707,0.0292144968059002,0.02521470310643,0.033651411799316,0.0450942957102462,0.0406761043488733,0.0493554734080343,0.0274620976242487,0.0245994415767288,0.030092088298397,0.0257974978870014,0.020652506885844,0.0310133004823601,0.0152706153915115,0.0109724760565911,0.0195453419915469,0.0231319567123843,0.0211397615322162,0.0251224918934235,0.024063884456118,0.020829327180517,0.0276449684833468,0.00461554472061407,0.00293221345062516,0.00626178637623739,0.0776887557617716,0.0672317438693859,0.0877390717506996,0.00551065736129045,0.00419394585842114,0.00682059622744782,0.165408180339182,0.152288568333845,0.178149413765805,0,0,0
"938","2023-10-10",0.172514694358181,0.163852278103139,0.18229134340522,0.0466268769731528,0.0396809685833102,0.0532875559876829,0.15104751637839,0.142878882073085,0.15891896132328,0.112218782917933,0.103201050044548,0.121245618575456,0.0310598676123565,0.0257187023910415,0.0365481824324526,0.0339231728184065,0.029762715068311,0.0380067275636425,0.0291620990523311,0.02500967997149,0.0335728739989194,0.0449971350312782,0.0405341096053819,0.0492854166369598,0.0274460948596979,0.0245073318985409,0.0300374547373063,0.0257415962249167,0.0202275543658508,0.0310249196821139,0.0150792477779543,0.0106471503238574,0.01942557191493,0.023123833388992,0.0211421313915882,0.0250830871695615,0.024178205745652,0.0209327001503691,0.0277317910426788,0.00463529934712833,0.00289437422894301,0.00632014453978653,0.0773576036372134,0.0662608788620491,0.0886893402812632,0.0055146828420352,0.00419847087732723,0.00681064828488988,0.166328484032203,0.153068170273791,0.179075982647194,0,0,0
"939","2023-10-11",0.172514236914226,0.163238098351761,0.182267858657271,0.0465345230828342,0.0394199641794972,0.0530959190187493,0.150871955293078,0.142672579716354,0.158802199337492,0.11237525788744,0.103344048536794,0.12161097306633,0.030795650204125,0.0253933409243786,0.0362974655561018,0.0340646722579516,0.0298562579462089,0.0382294181352328,0.0290965388271185,0.0248570047937877,0.0336231006125799,0.0449057779151989,0.0404378700955426,0.0492584168786115,0.0274188288409608,0.0245305277730191,0.0300230444031429,0.0257176391138109,0.0205018339112645,0.0309944427943704,0.0148582764722978,0.0104267097699242,0.0194525457493521,0.023111801323812,0.0210605242126369,0.0250594863882181,0.0242819229469398,0.0209342229364047,0.0278599396369002,0.00465451328928211,0.00299415922553919,0.00632899630112718,0.0769679338049363,0.064805108595689,0.0887893541314035,0.00552735677053952,0.00422817633618777,0.00679946649640042,0.167162369130355,0.152723383803095,0.181297483235925,0,0,0
"940","2023-10-12",0.172574479077684,0.163367767802111,0.182465222720811,0.0464758034661113,0.0393790835598951,0.053191959958064,0.150664716648121,0.142547424409761,0.158409793153132,0.112460263671874,0.103247415246937,0.121506292327017,0.0305820441027651,0.0249640477994559,0.0362598195506913,0.0341989521870863,0.0302052197445106,0.0382390304519819,0.0290379065837946,0.0249815238972182,0.0334705751111897,0.0448212620911514,0.0403310399328375,0.0491766257019691,0.0273920506744388,0.0244723036349143,0.0299466001286297,0.0257254212132081,0.0204040217091558,0.0309767594836572,0.0146478530153831,0.00989553173059908,0.0193483877825358,0.0231018909518458,0.0210723656839683,0.0250408841436366,0.0243871089304743,0.021054223043041,0.0279848146011433,0.00466843038539168,0.00301716316063785,0.00630252476752706,0.0763885123772591,0.0643387814327861,0.0877591349309067,0.00553825772819571,0.00425781423473513,0.00683627337082848,0.167913721131747,0.153336184692601,0.182042709566041,0,0,0
"941","2023-10-13",0.172613781970553,0.163390116063991,0.182390293400854,0.0463924502081951,0.039341896443186,0.0531161632140254,0.150461597750576,0.142234089674828,0.158155913505073,0.11259196040792,0.103726853551581,0.121957185228172,0.0303239518535061,0.024745707873675,0.0360084080124337,0.0343230447945,0.0303103804280912,0.0384351242795509,0.0289864651070926,0.024855647246458,0.0333891880467199,0.0447295998318705,0.0402808048880962,0.049020575015362,0.02736742735348,0.0244659934295682,0.0299920947478176,0.0257029990391776,0.020264541101282,0.031034227309142,0.0143841976442282,0.00992155235290767,0.0188592455494486,0.0230940621260316,0.0210488240328995,0.0250543567742973,0.0244919472137571,0.0210726770056952,0.0280962899731122,0.00467058135813329,0.00302557854467012,0.00635685275962487,0.0758915126151577,0.064194151134107,0.0880577952414169,0.00554174030291999,0.00426776231927835,0.00680378985276277,0.168717506542629,0.154477931639162,0.182476259500479,0,0,0
"942","2023-10-14",0.172657667874885,0.163571560762224,0.182309300566142,0.0463105470371316,0.0394780320042823,0.0528280285809904,0.150256363768896,0.142282044812173,0.158266940977405,0.112683171768138,0.103796531644233,0.121759234842428,0.0300748846043338,0.024578160878598,0.0355875225728867,0.0344394546048463,0.0305801892758473,0.038385777496179,0.0289411565323023,0.0249717834405561,0.0330560596546846,0.0446331854369844,0.0401462795712159,0.0491298532901948,0.0273382302489357,0.0244431920533564,0.0299984625859915,0.0256837239684033,0.0204989595175842,0.0307076177153049,0.014135536217381,0.00970194906269365,0.0186889628548977,0.0230825594397588,0.0210348655973194,0.0250635701158353,0.0245956662824052,0.02127702442334,0.0281096077608507,0.00468614109553063,0.0030428408518191,0.00640054902907785,0.0754200740461807,0.0638585805173793,0.0866992654439989,0.00555093569766908,0.00430377340283549,0.0068449204898741,0.169540817152857,0.155728863377785,0.183343446522465,0,0,0
"943","2023-10-15",0.1726619245859,0.163519236138962,0.181992801304774,0.0462489812131773,0.0394594335339269,0.053034421678622,0.150114312199299,0.141923141325423,0.158008017078711,0.112855988614764,0.104175539058433,0.121765875471103,0.0298346633435786,0.0245245999042619,0.035381845465668,0.0345636182596046,0.0306137784813259,0.0386818832251111,0.0288941272319778,0.0249107193358935,0.0330174199971247,0.0445479614745355,0.040033922126914,0.0488797491358043,0.0273134583394207,0.0244063272671134,0.0299350214851883,0.0256547357804913,0.0206035376259937,0.030693046254259,0.0138966118440353,0.00969849274262208,0.0182847394819987,0.0230749934535648,0.0210290094831082,0.025041461529191,0.0247044083952917,0.0214696015752279,0.0281417388166686,0.00469570811494184,0.00306710114906589,0.00639018562296711,0.0750620627581332,0.0645817722915291,0.0854751007171497,0.00555973116374275,0.00426781431323466,0.00680817392827531,0.17016015202165,0.157072703570904,0.18322525698394,0,0,0
"944","2023-10-16",0.172714220131719,0.164023046188246,0.181766727721914,0.0465165157261757,0.0393658341398927,0.0535496239657544,0.150063526657053,0.141900621009366,0.158248263921449,0.112885343734257,0.104250389543388,0.122071822712005,0.0296476132223649,0.0242379977214516,0.0353837380168511,0.0346115331179282,0.0305901738404963,0.0386638814524701,0.0288084232442154,0.0248808126329829,0.0330400964291306,0.0444960254448482,0.0398598355719171,0.0487630270815203,0.0272872444568678,0.0244144225960828,0.0299189602838084,0.0260128195880483,0.0207865004237859,0.0310103096346362,0.0138957006156746,0.00946839526960967,0.0182647766452862,0.0230662114996557,0.0209498206103364,0.0250665274114783,0.0247715486857592,0.0214633833015946,0.0281425677232028,0.00471642081642152,0.00306899412414896,0.00641548451009259,0.0750365774922458,0.0639362492148711,0.0867811077654081,0.00556760480690155,0.00435660107192162,0.00682908780467662,0.170171125691606,0.156337918896613,0.183967994634118,0,0,0
"945","2023-10-17",0.172765057187291,0.16412740431988,0.181784914139161,0.0467782141178168,0.0396234627025076,0.0537758147693612,0.150039861198848,0.142031816808291,0.158046887647627,0.112920773401838,0.104079849455466,0.121849516278886,0.0294672644825845,0.0239101355453861,0.0350410781094935,0.0346721008720649,0.0307598782415784,0.0387266060992392,0.0287163589398216,0.024704208896306,0.0329547285347178,0.0444399417325765,0.0398085045151046,0.0487553820119408,0.0272710137822463,0.0243806501516204,0.0298689471265111,0.0263390498423619,0.0210824959914029,0.0314105947800229,0.0138870712187875,0.00932830932651619,0.0183030133092767,0.0230578134335657,0.0209497999911923,0.0250518511962047,0.0248331743049438,0.0215964815810068,0.0283160410465573,0.00472594250336018,0.00308759981325257,0.00641198627909772,0.0750008323113794,0.0630744097669192,0.0869038668976656,0.00556564622416657,0.00434696915931524,0.00684432282419058,0.170249006793156,0.156007273339383,0.184333547513765,0,0,0
"946","2023-10-18",0.172794423790347,0.163827512715148,0.181917078831743,0.0470434964444331,0.0401842367232289,0.0539622766932758,0.149930081940788,0.141746379748949,0.158106727308554,0.112951675508196,0.104090798428042,0.121749334157352,0.0292681321520444,0.0239074170437666,0.0346732464349152,0.0346888926245207,0.0305343266161975,0.0387992516514477,0.028624190479712,0.0246143185990715,0.0326503129648743,0.0443873154916765,0.0399646109667785,0.0487131536496437,0.027256798037445,0.0244221055913994,0.0298331944243652,0.0266609482491242,0.0214719849902489,0.0316974463303265,0.0138568002603074,0.00929060110315438,0.0184134471316086,0.0230516840166016,0.0209676566908009,0.0249822799270277,0.0249137788042395,0.0216642926467726,0.028348915083576,0.0047451148317728,0.00307790767030716,0.00642399374599923,0.0749938884596402,0.0628465391940504,0.0868003708187343,0.00556634700605383,0.00436192225995596,0.00683459774305577,0.170449389740371,0.156154027456031,0.18504250241858,0,0,0
"947","2023-10-19",0.172811107134368,0.163775076047109,0.18185365979916,0.0473610957099445,0.0404943896793721,0.0542131128962514,0.149878352701405,0.141757633262984,0.157614629129477,0.112961332110961,0.104178343132375,0.121644286910565,0.0290522697453375,0.0235885267920736,0.0342189291973384,0.0347093779760785,0.0306998956123048,0.0388178809576931,0.028538542651002,0.0245100741439093,0.0325579134588268,0.0443437790353029,0.039833637531307,0.0487983953282011,0.0272339259059057,0.0245107221459734,0.0298233309363525,0.0270224914237764,0.0218680051864333,0.0322764497954489,0.0138450552146695,0.00934609871380603,0.018294788090273,0.0230463259202563,0.021002700613248,0.0249956350709207,0.0250075947567889,0.0218307441365985,0.0284623579952153,0.00476547164129668,0.00307069038451238,0.00644346384041738,0.0748633099288114,0.0630288427575853,0.0864787959227379,0.00556718834551352,0.00433201699211395,0.00685581637844961,0.170632943101738,0.156220321530196,0.184828613003514,0,0,0
"948","2023-10-20",0.172852031475894,0.163810264698053,0.18197798507488,0.0476197467416763,0.0408098126011798,0.054205483081769,0.149872446209817,0.142045673596217,0.157765925489502,0.113019431683652,0.103953096642839,0.12201755060589,0.0289183448011609,0.023540955729372,0.0341297363858776,0.034746191041419,0.0306109013601335,0.0387629094756834,0.0284718071939946,0.0244335624018831,0.0324814517070773,0.0442913405503455,0.0399056679227699,0.0487256399366369,0.0272041495096878,0.0244180936908745,0.0297937892268011,0.0273901653498308,0.0219742975486367,0.032726561139308,0.013813824238887,0.00933845139360115,0.018199024663217,0.0230378228511151,0.0209394399207032,0.0249447128287788,0.0250776824965712,0.021799863209137,0.0285352970030865,0.00479196806306775,0.00309814438100064,0.00645447023612145,0.0746152529817827,0.0626500925368545,0.0865534912302517,0.0055670562436089,0.00436565474278997,0.00680670799539672,0.170847836661036,0.156960658389333,0.185066956652968,0,0,0
"949","2023-10-21",0.172907079451826,0.163804425098967,0.181909674142446,0.0478573970845563,0.0413888487315806,0.0539355486195544,0.149843280177462,0.142102633011017,0.15748220659706,0.113048794380273,0.104255100728214,0.12195841522711,0.0287357412211566,0.023418667456425,0.0339155080134324,0.0348048181515123,0.0307732717633417,0.0388295025310854,0.0283744136582887,0.0244254056163942,0.0323195203777489,0.044259347436349,0.0398263907004375,0.0485832095346202,0.0271782865090421,0.0243669115551596,0.0297265068829249,0.0277520076502342,0.0225187995236499,0.0330496938239883,0.0138432498354865,0.00971584147025525,0.0179262981253824,0.0230308352728819,0.0209678351030527,0.0249183414256738,0.0251549692813742,0.0219892929216813,0.0286394669878471,0.00480977570099418,0.00312991627549683,0.0064494944777464,0.0743246992936928,0.0631208184027722,0.0852277941776651,0.00556209752506064,0.00433822656959415,0.00680463457075788,0.170958450800307,0.15692795614499,0.184327150524613,0,0,0
"950","2023-10-22",0.172884730693862,0.163926732164651,0.181572717774894,0.0481323235775519,0.0418769334831132,0.054188929598719,0.149827076673982,0.142031355808222,0.157256768109988,0.113090678505564,0.104459090131932,0.121914549824255,0.0286011662662077,0.0234693886548308,0.0333701278693816,0.0348704005628757,0.0309354292442995,0.0387690067899379,0.0282916463499866,0.0245371933999787,0.0321524200383339,0.0442287075602359,0.0399086610378007,0.048615254470172,0.0271578995373474,0.0244231043300783,0.0297362869597385,0.028101483233138,0.0230924372832054,0.0332008985831736,0.0138152573843074,0.00988910585141872,0.0176204375015901,0.0230232798170374,0.0210379905271798,0.0249723586376595,0.0252285903677201,0.0219566844957662,0.0286313693699941,0.00482698497040595,0.00321508297920165,0.00643738010776978,0.0743230340545992,0.0640895092177129,0.084460154241247,0.00556321280290487,0.00436061104269021,0.00677952113524427,0.171034798603057,0.157965754555085,0.183754666301175,0,0,0
"951","2023-10-23",0.172950725456252,0.164405429011675,0.181260690343042,0.0483903757737106,0.0426442916088286,0.0542280127735113,0.149789800182775,0.142004619173573,0.157416305642674,0.11311090764658,0.104593522027769,0.121416169852882,0.0284293841144537,0.023732594616473,0.0329898043816768,0.0349036314741835,0.0309846528657108,0.0387447822246513,0.028215463038289,0.0245265928782873,0.032261945161977,0.0441838645664157,0.0398066074681592,0.0485364001009848,0.0271340581792956,0.0243648178587468,0.0296322059451894,0.0284067365512117,0.023499699780514,0.0331966288072199,0.0138350796769401,0.0103209795363684,0.0173535670036249,0.0230119687241971,0.0210222858789739,0.024947667710869,0.0253264278627775,0.0221273130192855,0.0286540746437845,0.00484377787653323,0.00327410664381399,0.00641887491969489,0.0742103627584477,0.0652908989617231,0.0828987571955844,0.00556673944730532,0.00440035726588869,0.00675204450612636,0.171138390649207,0.159272460617091,0.183073576023134,0,0,0
"952","2023-10-24",0.173062830937848,0.16452624584323,0.181476577115144,0.0486708716761887,0.0424212292015366,0.0548478406359074,0.149832484281004,0.141953800047391,0.157379796761359,0.112854920410272,0.104366607834576,0.121272887075517,0.0284053588694414,0.0233212847808356,0.0333045055524035,0.0350115940835176,0.0310496642288818,0.0388455949335606,0.0282361899680286,0.0244016566747916,0.0322938508864563,0.0440532071496179,0.0396894673222897,0.048331902008413,0.0270995135585194,0.0242957150432314,0.0296576742277343,0.0282572327954574,0.0232610916641418,0.033344157125513,0.0136973188569215,0.0097896045702578,0.0175493081039212,0.0230040992092169,0.0210540946485516,0.0249221185417402,0.0254106034652722,0.0222054329539512,0.0287106766473912,0.00487687684435119,0.00324580998021595,0.00646735866977598,0.0736310754691677,0.0636022266913221,0.0834416407727105,0.00557385329850321,0.00439685799694004,0.00677771678267714,0.171335755281354,0.1584289462041,0.184034530862416,0,0,0
"953","2023-10-25",0.173218574049001,0.164381372473705,0.181254439497936,0.0489305499638951,0.0425375406702592,0.0551251008129305,0.14986541058074,0.142040422414489,0.157760812196262,0.112577066962888,0.103782544474611,0.121085483918441,0.0284012198313091,0.0233915865382787,0.033376792040535,0.0351165131721778,0.0310464429189483,0.0389968221986352,0.0282490286097788,0.0244481506106469,0.0322151814649414,0.0439253763114473,0.0396477459185786,0.0482910784549903,0.0270709623624629,0.0242003577606201,0.0296581143901243,0.0281123775582031,0.0230748236942673,0.0331945548874566,0.0136059596428613,0.00946791336132033,0.0177177495967627,0.022993746943572,0.0210462022913542,0.0249198522565461,0.0254976874180434,0.0223772806201792,0.0289167836262935,0.00491235160192482,0.00329828153803814,0.00649995285747483,0.0730185212324773,0.0628502366297989,0.0832149031253168,0.00558500602080562,0.00441230339840054,0.00680775938253391,0.171416925777978,0.157949654616178,0.184850480443126,0,0,0
"954","2023-10-26",0.173315821067009,0.164463972182452,0.181682611202966,0.0492183525767878,0.042583439788764,0.055576205827251,0.14985181734874,0.142259583910007,0.157858410517805,0.11239529914697,0.103417618015185,0.120927511942755,0.0284290464780236,0.023261605391926,0.0334153865283586,0.0352416361070338,0.0312365069367543,0.0390864441625573,0.0282364360447603,0.0243569729373133,0.0321773032393485,0.0437823059975989,0.0395064147585082,0.0481677478551203,0.0270357315248905,0.0241604858023771,0.0296454278420592,0.027973620515016,0.0229438573344991,0.0328935707489011,0.01347803538814,0.00927260133741091,0.0176514290996251,0.0229943214731803,0.0210516954545492,0.0249605887246622,0.0255901999375457,0.0223416670004177,0.0291545466190138,0.00494982698128436,0.00330083406501063,0.0065580321056668,0.0724315941700352,0.0619736539559438,0.0831650032553234,0.00559173097455237,0.00443451932556909,0.00682401013420187,0.171616395886182,0.158081482601493,0.185509050310569,0,0,0
"955","2023-10-27",0.173421176384622,0.164942087369514,0.181940687874859,0.0495392094911168,0.0428418392848672,0.0558755038562346,0.149875065686205,0.142059662418774,0.157692687862325,0.112222133338793,0.103243170999483,0.121148442562721,0.0283849384471997,0.0232841931575044,0.0332079198802511,0.0353562966659509,0.0315090749174371,0.0391184342803356,0.0282610142148502,0.0243207513390202,0.0323221255255727,0.0436665486586966,0.0393645446325149,0.0480301356784998,0.027009611356099,0.0241566959095903,0.0296034563000866,0.0278232077772356,0.0229422905419947,0.0328048931877433,0.013351163801888,0.00927047211614996,0.0174101844873184,0.0229942193848705,0.0209976144698559,0.024983094983589,0.0256765967604606,0.0224713953552063,0.0290903040948992,0.0049772088398346,0.00340276064821007,0.00652226450543694,0.07191069680054,0.0611599466524267,0.0822688713300575,0.00560089337515309,0.00443641490135786,0.00686818017925927,0.171805313138231,0.15871136779854,0.185453543878997,0,0,0
"956","2023-10-28",0.173522258321019,0.164921954978955,0.181984401030943,0.0498776198623729,0.043254249869343,0.0562475748425938,0.149916772503666,0.142029718810536,0.157471388010179,0.111944303599602,0.103019378202466,0.121123443772033,0.0283919864871799,0.0232851852497753,0.0331297561437598,0.0354699778715251,0.03172306697571,0.0391975251632346,0.0282480833034414,0.024339462820486,0.0323086274808857,0.0435512085576784,0.0391527142106322,0.0479817250728027,0.0269797334707394,0.0241664404096733,0.0295586458944537,0.027651372161415,0.022878508978495,0.0325402130564166,0.0132807683970518,0.00927403136553782,0.017336253746837,0.0229885431703126,0.0209892865502869,0.0249662638630033,0.0257794433656917,0.0225095159451494,0.0292557053896103,0.00501255347213226,0.00337694845599578,0.00653571157614216,0.0715318182528668,0.0617639470018028,0.0820873054729233,0.00560721027384265,0.00442311823709056,0.00683702328126265,0.171894280965283,0.159017254232259,0.185079556227613,0,0,0
"957","2023-10-29",0.173651533423615,0.165037440590319,0.181979522501934,0.0501967909199413,0.0436791672686976,0.0565826545555994,0.149926001592121,0.142457303310171,0.157470833384481,0.111713083772927,0.103064404681641,0.120582160453408,0.0284117711162196,0.023437907895241,0.0329508731433229,0.0355648627422361,0.031737761254089,0.0393238430241664,0.0282597857990162,0.0244735081530167,0.0322068161629194,0.0434263324510014,0.0391923627261908,0.0478394007515687,0.0269347502191188,0.0240985072634601,0.0294900583444132,0.0274965368943718,0.0229118863351262,0.032213862137468,0.0132043076785654,0.00945188003720434,0.0171354860153903,0.0229812464218962,0.0209870487585621,0.024982014237101,0.0258627711665853,0.0225421890277631,0.029249225829268,0.00505171212866856,0.00345146088292643,0.00658736806968716,0.0712157327629311,0.0624334952697955,0.0803103788157154,0.00561160420722918,0.00445421676334437,0.00680086410065503,0.172208233338704,0.160226458043875,0.184257304484968,0,0,0
"958","2023-10-30",0.17374793127314,0.165072266405526,0.182441810082073,0.0507291499230912,0.044030869471936,0.0573757823365092,0.149869335544925,0.141761667989284,0.157483326964601,0.111732421637124,0.102427129113415,0.12127664193052,0.0283761972696668,0.0232340100589422,0.0330682096491064,0.0356617541263191,0.0317026297094988,0.0394833314224051,0.0282841746299594,0.0243305286963001,0.0323358603553904,0.0432190174982486,0.0389769962459713,0.047683878304342,0.0269286366239525,0.0241074020086327,0.0295606744594583,0.027651023313318,0.0226646665515544,0.0326733989869267,0.0130312194497259,0.00889230253749797,0.0171765937146261,0.0229732310556255,0.0209545309114668,0.0249904141791136,0.0259206201744769,0.0224677928492747,0.0294402724914664,0.00507858476136428,0.00348842384875683,0.00667237393509883,0.0700307291789196,0.0603328797063592,0.0807091420794623,0.00562270067533965,0.00444784716189165,0.00687048783621431,0.172453215068471,0.159381616191237,0.186279763664013,0,0,0
"959","2023-10-31",0.173900010355517,0.164779196431638,0.182685112604373,0.0512571638046179,0.0440308095170362,0.0582822551550974,0.149779844119814,0.141806115247677,0.157574630473364,0.111780021842927,0.101926530488607,0.121939359125417,0.0283514700755126,0.0229991863419429,0.0334430444374677,0.0357409715450436,0.031694093380309,0.0396143893643404,0.0282545425991768,0.024403215089943,0.0323902971396192,0.0430272453691378,0.0385093860524447,0.0475567816697397,0.0269289986748781,0.0240723512209246,0.0295793961350983,0.027768024431735,0.0225713414878314,0.0329451849505541,0.0128073582246607,0.00837264701709491,0.0171001675711129,0.022966817233626,0.020986289920389,0.0249523080394806,0.0259846933947722,0.0226322263052018,0.0295965677224384,0.00509241222901504,0.00340018741655003,0.00672090285004978,0.0687891494193719,0.0578907042885251,0.0798944417628326,0.00563201251013578,0.00445942894295307,0.00687218797976929,0.172764831435333,0.158714521665389,0.187444773160742,0,0,0
"960","2023-11-01",0.174002994763686,0.16477664434267,0.1829869273699,0.051750872083991,0.0445307612937755,0.0590523124673262,0.149751711914908,0.141552613870149,0.157656350745862,0.111818252484193,0.101684683810094,0.12225601182437,0.0283424652141069,0.0231462000727354,0.0336953065310466,0.0358153330380932,0.0317817323433241,0.0398954967837171,0.0282532653662787,0.0240619659478155,0.0324411929873911,0.0428107606270341,0.0383324221135348,0.0475521966581059,0.0269294178632873,0.0240581535236066,0.0295571030953408,0.0279093100273326,0.0225403152081082,0.0331559438428445,0.0126102207486664,0.00802569657947725,0.0169277586657962,0.0229641216273106,0.0210312404454083,0.024938944838233,0.0260563984917619,0.022691521287248,0.0297079400863195,0.00510941266702755,0.00343238803392316,0.00674461326685795,0.0676028922480249,0.0565094662131043,0.0797579221149994,0.00564598809878277,0.00448740472444771,0.00687426332128006,0.173015174513205,0.158197501375753,0.188342756963941,0,0,0
"961","2023-11-02",0.174059570481134,0.16504530699849,0.182888653255875,0.0522357136372278,0.0447277870974243,0.059614797840994,0.149727364575853,0.141189493103646,0.157830036869958,0.111858691091574,0.10132394159187,0.122192580066621,0.0283008085845639,0.0229442030383148,0.0337749868017036,0.0358761158717424,0.031698602729181,0.0397579832700569,0.0282379856375101,0.0241224823525095,0.0324572677270715,0.0426083187827812,0.0379855105878657,0.0473862422042303,0.0269161633171875,0.0240589126311514,0.0296509967527985,0.0280804538529334,0.022840582897507,0.0333338654942138,0.0124510718934222,0.00802100584649735,0.016977415144273,0.0229585164224971,0.0210293761376756,0.0249765659143726,0.0261293137420445,0.0227128857132344,0.0299466530483141,0.00512355277782121,0.0033956369960299,0.00679449376447648,0.0665744303835256,0.0548098496187305,0.0789934221886113,0.00564979075886834,0.00450847452236187,0.0069143735889616,0.17337488619396,0.158525541002683,0.189447373701736,0,0,0
"962","2023-11-03",0.174162462515573,0.165023387142065,0.18282986477508,0.0527437789855357,0.0452265223506021,0.0601362825607693,0.149637576048302,0.141289330124572,0.157857628222058,0.111884730459533,0.10121270366475,0.122715809365841,0.0282950224023329,0.0227545352047206,0.0335331537204029,0.0359470562901681,0.0320135459213553,0.039827077574164,0.0282081967736545,0.024189034169554,0.0325077191781259,0.0424282010905044,0.0378962622926505,0.0472465558794256,0.0269007001892798,0.0241209868505128,0.0295795026993318,0.0282160891033279,0.0230542323396146,0.0336915750765791,0.0122648268609472,0.00771686591840472,0.0166597808281313,0.0229561583227513,0.0209475813348119,0.02498615639923,0.0261796966437631,0.0227627611738844,0.0299328901378367,0.00514676355794444,0.00339919873629372,0.00677401761431969,0.0653154399160642,0.0531558163655729,0.0779124013864499,0.00565745052626269,0.00448307405852654,0.0069359077633927,0.173776812849381,0.158138472436429,0.190069018260314,0,0,0
"963","2023-11-04",0.174219856558897,0.164914462321953,0.182771218477727,0.0531927962316299,0.0454952798786502,0.0605998138802796,0.149618344326853,0.140967390787502,0.15800299868276,0.111852503376677,0.100727555204816,0.123089577084464,0.0282337956576476,0.0227991431690753,0.0335339280767935,0.0360263505654777,0.0319915189686193,0.0400566461525605,0.0282191144320335,0.0241921489966406,0.032472068100993,0.0422524101464619,0.0376998407540136,0.0472445371334265,0.0269026131695095,0.0240227706109177,0.0295373377999025,0.0283257883358592,0.0230965647810359,0.0338639759777206,0.0120680443706073,0.00764177545190026,0.0163471878646219,0.0229509448553179,0.0209650140913981,0.0249737247218128,0.0262481772015205,0.0228789132110882,0.0300147253841728,0.00516976114244429,0.00347487321513971,0.00687856726079662,0.0641023028532386,0.0520970377850354,0.0761173535927263,0.00566333252133278,0.0044956436588688,0.00697181751034852,0.173984066424766,0.158690633741855,0.190376977327469,0,0,0
"964","2023-11-05",0.174336357636027,0.165427907178426,0.182904496533144,0.0536484569101833,0.0458812530243961,0.0609128302230709,0.149563927607848,0.140926699613927,0.158096018279105,0.111861402722502,0.100543810194473,0.122923457077169,0.0281839739085535,0.0230364402948243,0.0334716302929182,0.0360979149992748,0.0322001942248977,0.0401628898112032,0.0282217576683975,0.0241449080839775,0.0323642711545417,0.0420664029207585,0.0374399659494227,0.0471935773456198,0.0268921160638562,0.0239925661374989,0.0294750167055833,0.0284605190691028,0.0233623415479849,0.0338348476016544,0.011867063507565,0.00750859484891921,0.015950450612427,0.0229512842603927,0.0209825884788902,0.0249538960731521,0.0263192539550802,0.0229842417415348,0.0299359276376134,0.0051916713400455,0.00352960363379561,0.00689183132353074,0.0629455188512198,0.0515424808940929,0.0747879205112239,0.00566518112832943,0.00448841658380518,0.00694590263160128,0.174314885129476,0.159377206841457,0.190347052957027,0,0,0
"965","2023-11-06",0.174434022587852,0.165212801755007,0.18265824679388,0.0541264184506139,0.0464340989591932,0.0613677203360312,0.149454721048475,0.140822786919967,0.15773649147011,0.111843733843779,0.100150515835299,0.12287545856423,0.0281696901067273,0.0230464843099151,0.0332766095794558,0.036174137660146,0.0320998409722091,0.0402560916035227,0.0281842936758649,0.024252982523175,0.0323600227683321,0.0418816973203525,0.0373539011490983,0.0468805439769049,0.0268873618421861,0.0240262121143041,0.0295056603265935,0.0285905277809068,0.0235586501838178,0.0340088779036883,0.0116589862620276,0.00753759359378195,0.0155900303880987,0.0229411722646246,0.0209766833880092,0.024914237288791,0.0264093150021364,0.0231582132616123,0.0299520766333344,0.00520808421239986,0.00355443085938331,0.00685209745933676,0.0618132708692086,0.0509250975110756,0.0734229405404085,0.00567530961318251,0.00453214922086768,0.00695957411850155,0.174681318835857,0.159807721132987,0.190026234709967,0,0,0
"966","2023-11-07",0.174519341902322,0.165990010666727,0.182840686200417,0.0554243289199661,0.0486175017309284,0.0618881209795142,0.149053481355206,0.139863628126788,0.157071598803579,0.11230251781456,0.101062112861286,0.122927498679931,0.0280058623258853,0.0232483461609134,0.0323844409323983,0.0363721915234093,0.0324597961159368,0.0402857476995786,0.0281766108638018,0.024354234996673,0.0322946338021224,0.0410792455883539,0.0368057449849622,0.0456341686193412,0.0268437288868764,0.0238644530058461,0.0294632678728454,0.0289164990994769,0.0242396337535399,0.0342334020306133,0.0113336728328975,0.00799771934768075,0.0144883387735692,0.0229140269298062,0.02097364103665,0.0249292296493412,0.0265820723622228,0.0233101061531223,0.0300883789424736,0.00525152472281661,0.00364784750105115,0.0068476332339948,0.0592944192758376,0.0510526686828437,0.0672442350539735,0.00568586282105291,0.00448688225392723,0.00698362974282157,0.176389121643183,0.163161808275252,0.190740778024254,0,0,0
"967","2023-11-08",0.174803780094938,0.165923161260136,0.183774006405662,0.055594673844364,0.0482265453609364,0.062860223622473,0.14948023357289,0.139509169387211,0.158459476640622,0.113415198542606,0.0932914231122374,0.131626302615971,0.0279076534398934,0.0227884540673431,0.03302857179733,0.0365288356200558,0.0324793933746091,0.0406513959564858,0.0279470187834833,0.0240688261236082,0.0321761443678594,0.0408973631567071,0.036144978017953,0.0459186284591374,0.0269017371987473,0.0240224907947277,0.0295065295750297,0.0286255998856931,0.0232958357516717,0.0341203149865263,0.0115237149983714,0.00743836264171493,0.0154238140294525,0.0228897018132774,0.0208736529999413,0.0249330197374073,0.0266078470805575,0.0232266482064222,0.0302535931262775,0.00528252238520435,0.00365060835573515,0.00694380949288283,0.058881315429175,0.0480734657885706,0.0700887075773509,0.00566482645598592,0.0044604439008139,0.00695868022747052,0.174186658517716,0.157828921182252,0.194264750634617,0,0,0
"968","2023-11-09",0.17512098926823,0.166329310474935,0.184426141995221,0.0556974734256233,0.0478033196053105,0.0631126892710071,0.149860655269805,0.139498635626771,0.158708617819467,0.114618343527993,0.0915546547639529,0.13725235480109,0.0277213433989476,0.0225749804704647,0.0327754028296018,0.0367470193465912,0.0327197624397004,0.0408900276281912,0.027826484560543,0.0237880835056245,0.0320759396391341,0.040719925257442,0.0359612044765411,0.0459448790543184,0.0269487198899205,0.0240246619753026,0.0296281732,0.0284294240614899,0.0230285980679202,0.0345532635090937,0.0117249901577353,0.007432751818464,0.0159413548375216,0.0228714334234334,0.0208894766552207,0.02495528199056,0.026628173470649,0.0232290538378975,0.0303008372754287,0.0053091866897099,0.00369017850353232,0.0070383392727438,0.0583304630182592,0.046667784221134,0.0709140146432101,0.00564326731012754,0.00440223028108981,0.00687887032931184,0.171632990558253,0.153914321953704,0.191953293131109,0,0,0
"969","2023-11-10",0.175558658012778,0.166714708683483,0.184912702321599,0.0558407720275879,0.0476829237925141,0.0636815971610494,0.15025084370397,0.140100715627949,0.158953437257973,0.115780915611768,0.0915904802809248,0.138140856675419,0.0276257859086454,0.0222934859939322,0.0325663547475212,0.0369546971213653,0.0329400421006458,0.0412813803709898,0.0276228485003087,0.0236247511478519,0.0320243795351875,0.0404987711745009,0.0356512794321839,0.0459350611108865,0.0269883861039575,0.0240944834692185,0.0296392612229037,0.0281896158903845,0.0227387250465719,0.0339548531034488,0.0118833452102724,0.00753453510689316,0.0161206947713338,0.0228588710957523,0.0207814644192703,0.0249656464374329,0.026647114999928,0.0232101514072247,0.0302837992021158,0.00533502349129313,0.00370274576712586,0.00702461593724274,0.057860099293496,0.0464647340786043,0.0697574267053244,0.00562179950890658,0.00439201326367622,0.00684452313328663,0.169079831304517,0.151627612328513,0.189591516231889,0,0,0
"970","2023-11-11",0.175929563143727,0.167415013859077,0.184811020975746,0.0559328008940078,0.0486397408235189,0.0631184396219158,0.150687184290784,0.140998837724534,0.159263022239869,0.11664185603785,0.0957180242432793,0.135745936362486,0.0275300822616442,0.0228902973609142,0.0323225030090245,0.0370889504755681,0.0330396409979996,0.0411545264442776,0.0274086361010678,0.023471197264629,0.0313407305183494,0.0403568317904804,0.0358817291774967,0.0455504553040927,0.0270435863932685,0.0241648012644236,0.0296868183137386,0.027933293837997,0.0229240120131348,0.0332787563573565,0.0120046375276608,0.007979302357711,0.0158424016235692,0.0228445928040615,0.0207552668109521,0.0249730452270873,0.0266644655019503,0.0232877362583803,0.0301311946917544,0.00537566747379491,0.00382164199193266,0.00703062885220235,0.0570845778231379,0.0463255036912469,0.0682195093505199,0.00559789532560667,0.00435224930978566,0.00679157791032675,0.166542057401912,0.151014415007605,0.184450330058329,0,0,0
"971","2023-11-12",0.176208614072798,0.168130087163659,0.184666888565572,0.0560036173088774,0.049612898597535,0.0619064392623437,0.151154865202376,0.142917017495632,0.159003180356458,0.118000040780317,0.105507510495351,0.129005686884755,0.0274504011758571,0.0233602107555195,0.0315179799972099,0.0372665903673331,0.0335578655652487,0.0413867094761974,0.0272090298804496,0.0236989259475969,0.0308292538244506,0.0402278488185727,0.03593991917202,0.0451133997855277,0.0271017697593446,0.0243087120337921,0.0296989901169736,0.0276769157603408,0.0236785572864743,0.0319594371167385,0.012120017325338,0.00884901604238421,0.0151695256161621,0.0228129475307269,0.0207827125893513,0.0249210991710365,0.0266917581136693,0.0235429699759938,0.0299772119763139,0.00539930997019821,0.00391507375355949,0.00700979556568261,0.0564763561993551,0.049064090513414,0.0640934445221243,0.00557398740578199,0.00435895260428833,0.00678113692010636,0.164029901198276,0.152767383412813,0.176574031631891,0.00630951396793273,0.00381324306464884,0.008584927599679
"972","2023-11-13",0.176665981214449,0.168554703225944,0.184896857398769,0.0567431249183394,0.050708461088276,0.062424507970721,0.15027386384195,0.14034470515354,0.158097578139482,0.126744846034939,0.115589175071451,0.138151111497376,0.0277090620285786,0.023628164125831,0.0318351429607619,0.0376017873222132,0.0337722206949079,0.042053545119119,0.0267812892572138,0.0230929995062364,0.0304052787740914,0.0400135002463263,0.0355974381806579,0.0446653980103544,0.0271221014333131,0.0243943707869744,0.0297327588454228,0.0280098574409697,0.0238163132416708,0.0327318275280206,0.0124967594649174,0.00941008026071118,0.0154933428538258,0.0227840283733051,0.0207671685412272,0.0248860729910347,0.0267139168700811,0.0235659550218626,0.0300004791525714,0.00540200735756279,0.00391294593346748,0.00709404403027661,0.0548055145902154,0.0475780691919474,0.0622245000051174,0.00556031547967051,0.00433823286359897,0.0067025875404108,0.157744067656207,0.146614963905061,0.169101543361126,0.00620558782515099,0.00358618244182388,0.00858322143440521
"973","2023-11-14",0.176836845285993,0.168125621876888,0.185722709384712,0.0577215512856782,0.0502576984986867,0.0646912687737215,0.151223269312286,0.140516592581224,0.159493606251826,0.132899876981831,0.113554654921636,0.152198451859862,0.0276098216939902,0.0228238940572203,0.0323527863233873,0.0375041735909275,0.0335781137930894,0.0421215614021986,0.0267584882085727,0.022833899257494,0.0306446737898657,0.0394730210283377,0.0344922493873549,0.044552396201138,0.0271531488477282,0.0245060003549477,0.0298387248155544,0.0273871943285574,0.0226745699694315,0.0328754019006867,0.012488058584743,0.00858193888612271,0.0165796451413486,0.022732382409064,0.0206649209756478,0.0249196294509033,0.0265920487841372,0.0232816564471777,0.0301732910396861,0.00529862921228413,0.0037224469260445,0.00697928780734995,0.0530233217575682,0.0423555804286899,0.0639369948043342,0.00557914056878992,0.0043402882909593,0.00681592635541333,0.154148246660024,0.136981535221231,0.171926531544445,0.00634761678717223,0.00197660463507897,0.0104570643084765
"974","2023-11-15",0.176945245347165,0.168338582322865,0.186255782138009,0.0586659186154656,0.0506160986501235,0.066326895852918,0.152257685968535,0.142046378288414,0.161398415483058,0.139592633585486,0.115064803458215,0.164530854146855,0.0275414620084049,0.0225350564662753,0.0327124244537311,0.0373747053764761,0.0332237739531351,0.0419360050686752,0.026772679135128,0.0226878656433495,0.0308055763736918,0.0389568987905163,0.0339512088194691,0.0439602828832707,0.0272034239880288,0.0244442516245401,0.0299490734953973,0.0268372749024216,0.0213619537754118,0.0324818294096998,0.0124543419946975,0.00846434539208323,0.0170197511773549,0.0226833083431527,0.0205940876232595,0.0248855164077289,0.026482817227742,0.0232307008788563,0.0299373306404858,0.00519172125075904,0.00358524258736144,0.00695641505747217,0.0511979888895179,0.0391317410336665,0.0639512005735785,0.00559716131072969,0.00432813019857862,0.00681921854162771,0.150415762808955,0.130506145509548,0.169879553970486,0.00650906749330488,0.00188073172640548,0.0118668704552466
"975","2023-11-16",0.177142219676596,0.168440846638477,0.186602833096206,0.0595581719142565,0.0507901113491689,0.067238293886302,0.153292246217256,0.142933049321131,0.16256498377229,0.145399344672415,0.119145309408415,0.172349127429808,0.0274221692681253,0.022088058905509,0.0327451348776189,0.0372260378984452,0.033101739054449,0.0417861488968071,0.0267558520232411,0.0227712634606126,0.0308413930992913,0.0384061909589616,0.0332666578449359,0.0435801136482824,0.0272310324947277,0.024367746118074,0.029973585744358,0.0262840764891921,0.0206218706392036,0.0319526526655874,0.0123926792579067,0.00828216958993933,0.0172507845343866,0.0226285458830833,0.0204347774965943,0.0247813179945838,0.0264001147062689,0.0231531351845055,0.0298038741286321,0.00510605386441634,0.00344691933548931,0.00687849972472008,0.049420470166569,0.0366079916063895,0.0626749767092496,0.00560589748955133,0.00432089746309329,0.00690694293266711,0.14669615440359,0.12571770917102,0.167928994455119,0.00661528977807105,0.00215048936740181,0.0119304241388928
"976","2023-11-17",0.177291244037671,0.168826854543773,0.186621154917426,0.0605483592568466,0.0522919348893487,0.068094121361841,0.154486015291718,0.144831145521485,0.164174941792195,0.151500508001724,0.126749056710548,0.175183545969262,0.0273399971361595,0.0221466275252055,0.0326188719067848,0.0370509494290511,0.0327608745771878,0.0414779524140208,0.0266894082389239,0.0226275786760405,0.030680988286318,0.0378535123850781,0.0327314148652872,0.0429652501978992,0.0272754776497966,0.0244041361735905,0.0301377495670915,0.0257528721629217,0.0203116063501097,0.0312278643850803,0.0123145417730836,0.00806867185578262,0.0170876911932868,0.0225883890636531,0.0202906375871174,0.0247389113102286,0.0263183685373561,0.02295011672195,0.0296449223244227,0.00501547160850814,0.00329850744931727,0.00677683810426926,0.0475353334009092,0.0345864130109958,0.060306447313234,0.00562164509810555,0.00432298629919806,0.00696398028167112,0.142879362853565,0.121897258647333,0.162432794084568,0.00677544923651151,0.00272542081016755,0.012305417700462
"977","2023-11-18",0.177347132626343,0.169170066494725,0.185878115453287,0.0614128126523483,0.0542380588447268,0.06874208241988,0.155514485517763,0.146583435135835,0.165207098151909,0.157681984879242,0.137665269713014,0.177311423722701,0.0272342274374629,0.0224652055936901,0.0319683088953415,0.0369563760755069,0.0326667093944428,0.0410946793281294,0.026681412038781,0.0228032160354381,0.030520727340012,0.037300931018512,0.0323630651021223,0.041852212445668,0.027317945013156,0.0244722969981941,0.0301601301296185,0.0251720021178893,0.0202833768865134,0.0299531270150961,0.0121960311788566,0.00832038288289818,0.0163161844478407,0.0225379872029846,0.0202998819945574,0.0246424270241773,0.0262228428293628,0.0230028815864089,0.0294715404187781,0.00494030281329982,0.00331603297862115,0.00657991257402334,0.0456384695221603,0.0356112144786933,0.0561724341164735,0.0056376691939247,0.00434373038464486,0.00699265519955476,0.139245168793652,0.122128441989687,0.155007774054057,0.00686430481966566,0.0033950031728875,0.0118411756131347
"978","2023-11-19",0.177403689849235,0.169592098956097,0.185675060577126,0.0623951067571944,0.0564618878577142,0.0687665354259884,0.156624567953415,0.148865000649031,0.165433885559865,0.164111906015417,0.152336533050279,0.176347735347423,0.0271252884423153,0.0231456229081326,0.0309658784086035,0.0367964050974546,0.0328984164902564,0.0406532561853064,0.0266762273391817,0.0232021924245804,0.030288544263432,0.0367857571958521,0.032249849691343,0.0409030018342263,0.027382141277313,0.0246555398930545,0.0302406796958927,0.0246606748210796,0.0205169430851026,0.0286403418949624,0.012131388760894,0.00919771156293419,0.0151376053752753,0.0224848481606678,0.0202280313031961,0.0246809861623393,0.0261288779357005,0.0230488880109693,0.0292381332375732,0.00484279167598807,0.00334708145960839,0.00630829943555566,0.0436544261224839,0.0371970322235946,0.0502889826215077,0.00564249707968989,0.00440122165521389,0.00687293062060167,0.135582477243626,0.124990838679188,0.145930022566724,0.00694998356594152,0.00465378763559027,0.00993179048657947
"979","2023-11-20",0.177543875172224,0.169783356240248,0.185934827028618,0.0638142260482805,0.0577278781022993,0.0702085452169797,0.157803072680852,0.149607488722682,0.166964531711438,0.169634238655774,0.158516197521357,0.181506791049014,0.026774739484799,0.0230736218002783,0.0305719053046603,0.0366889105976854,0.0328522650397902,0.0404044160445575,0.0264335389374237,0.0229889737656382,0.0299407078059034,0.0362394685820741,0.0317036296516093,0.0403105618547759,0.0273616418808586,0.0246156008912568,0.0302476517454085,0.0246784446289628,0.0209396172710709,0.0283941476121164,0.0111320280084888,0.0083629533182786,0.0137128868695858,0.0224420970675167,0.0200714534236938,0.0246154425395718,0.0261279854118747,0.0229967166146853,0.0291967856941361,0.00480726744387857,0.0033169591427522,0.00623885500356922,0.0396381716035954,0.0337234916974561,0.0454339366335973,0.00559705879861421,0.00437058245606807,0.0068427088501864,0.132652938517913,0.122550468305376,0.142499894742563,0.00651011030306116,0.00461417891106712,0.00848595588838556
"980","2023-11-21",0.177706308315853,0.169314161502607,0.186377932715811,0.0646484009494619,0.05825314241923,0.0714167439702968,0.158158206485708,0.149460747654106,0.168304330215823,0.172978208360948,0.16056019239147,0.186074940032268,0.0266724779406224,0.0224670669892258,0.0308367494237863,0.0367114986566449,0.0325076715757841,0.0408006471759546,0.0264670169796514,0.0226390109443479,0.0302322750543886,0.0362302747888326,0.0313360974361981,0.0405995368797734,0.0273904359825718,0.0245004984626991,0.0303069350405716,0.0234581317339436,0.0191357706394804,0.0274440401734395,0.0108454382454119,0.00772689689884244,0.0137669817739549,0.0223984192992858,0.0197894974371388,0.0245932603068169,0.0260516820232957,0.0226783355297023,0.0294025668436589,0.00477554728672308,0.00321779807759885,0.00630986554595006,0.0376467626502067,0.0309727509803877,0.0437181485210671,0.00556735230682404,0.00426225665789645,0.00686471910741394,0.13398887580447,0.122336759117485,0.14500484144805,0.00620673663140463,0.00342980111112409,0.00843980985961172
