date	VVD	VVD.low	VVD.high	PvdA	PvdA.low	PvdA.high	PVV	PVV.low	PVV.high	CDA	CDA.low	CDA.high	SP	SP.low	SP.high	D66	D66.low	D66.high	GL	GL.low	GL.high	CU	CU.low	CU.high	SGP	SGP.low	SGP.high	PvdD	PvdD.low	PvdD.high	X50PLUS	X50PLUS.low	X50PLUS.high	DPK	DPK.low	DPK.high	Piratenpartij	Piratenpartij.low	Piratenpartij.high
2010-06-09	0.205	0.205	0.205	0.196	0.196	0.196	0.155	0.155	0.155	0.136	0.136	0.136	0.098	0.098	0.098	0.07	0.07	0.07	0.067	0.067	0.067	0.032	0.032	0.032	0.017	0.017	0.017	0.013	0.013	0.013	0.0	0.0	0.0	0.0	0.0	0.0	0.0	0.0	0.0
2010-06-10	0.204454316074948	0.200242040689748	0.208658054154021	0.194919709852642	0.187831826754024	0.202187451907078	0.156460656193337	0.151845524896016	0.161110055391943	0.135196205791065	0.132393838995206	0.138027857507094	0.0984308691511177	0.0920367182617162	0.104884726127454	0.0700705779203362	0.0679336757808853	0.0722197721513285	0.0672781700505371	0.0654943879374633	0.069117151494247	0.0322996628513951	0.0313405140094114	0.0333386154827832	0.0169896305653439	0.0167619370806722	0.0172103417797602	0.0129039775682651	0.0122918696192809	0.0134823294100944	6.37282550134049E-5	-7.38530072068338E-4	9.07022800519828E-4	1.39762040005451E-5	-2.99549821414399E-4	3.1969278733493E-4	1.20515695325827E-5	-3.83759459467005E-4	4.22594150850039E-4
2010-06-11	0.203783131130741	0.198073853829188	0.209561629245789	0.193872622211581	0.184628166386634	0.203227409437062	0.157824449411401	0.151556323906469	0.163925522019189	0.134403861395109	0.130450230646214	0.138272940262081	0.0988462015581952	0.0905937532735774	0.107096932484701	0.0701051844138975	0.0671674743779412	0.0731072131058224	0.0675468060972761	0.0651121432176172	0.0700876809147922	0.0326023701196769	0.0312391244207046	0.0340924294114587	0.0169819960614186	0.0166726039824457	0.0172902759227901	0.0128028025017578	0.0119480959982146	0.013587809982956	1.31815207705017E-4	-0.00102537153844117	0.00131181474330285	2.80168697584649E-5	-3.9283173043374E-4	4.31702046093068E-4	1.99121008313823E-5	-5.42319625754271E-4	5.81250332801343E-4
2010-06-12	0.203148797876085	0.196591760683309	0.209730699407459	0.192706693055317	0.182456906030541	0.202995897395809	0.159267328212779	0.152096356210173	0.166592172181658	0.133618012726127	0.12901965386171	0.138003567077982	0.0993094022287635	0.0900322242879561	0.108336509716481	0.0701745907394989	0.0667991973492212	0.0736572718217981	0.0678209007222398	0.0648785770546253	0.070879173176362	0.032901956066217	0.0313292927338142	0.0347128176623787	0.0169733543796952	0.0165943016661456	0.0173541381984938	0.0127030607514348	0.0116559227749502	0.0136703934373752	2.11690308176307E-4	-0.00124986435988767	0.0016533300734118	4.60136098232885E-5	-4.77830079787754E-4	5.45895368751411E-4	3.34565296979517E-5	-6.4418727606721E-4	7.2291387425394E-4
2010-06-13	0.202501466839895	0.195188625464627	0.209712876518701	0.1915745727466	0.180465111848697	0.20201159360114	0.160669074935694	0.152846819929493	0.168441292669764	0.13279971348258	0.127617806357904	0.137775996610221	0.0997058144733876	0.0906418185631356	0.108873227636152	0.0702178827997562	0.0664355626810189	0.0739961548903162	0.068092846000243	0.0647091294794389	0.0714731586395743	0.0331995948956454	0.0314047393229459	0.0351874172880992	0.0169663406968507	0.0165467882854241	0.0173981014663345	0.0126039634494712	0.0114105570562007	0.0136752938067519	2.79705604791951E-4	-0.00133552759390948	0.00192530072928281	6.36273550827328E-5	-5.38219321141691E-4	6.59182012053891E-4	4.85163519609103E-5	-7.87070283805328E-4	8.51532011717944E-4
2010-06-14	0.20183994817107	0.1935877939105	0.209615066787341	0.190832592883446	0.178673021910115	0.202504092059869	0.162117736076766	0.153623894755125	0.170820893176231	0.132124193020883	0.126556078880702	0.137292546376188	0.100095078477346	0.0900701028732273	0.110013284125345	0.070281120219765	0.0661239265107944	0.074428925107342	0.06828477135153	0.0646703042556361	0.0719560882626798	0.0333924339335506	0.031467997149369	0.0355551672330324	0.0169594357572998	0.0164906619792169	0.0174167689283294	0.0125426086566984	0.0112624957506926	0.0137247030514607	3.49336831561492E-4	-0.00149453483393547	0.00221311276841871	8.02718497221271E-5	-5.74769088061374E-4	7.26869812198794E-4	5.65603787513607E-5	-8.73198184331191E-4	9.41304847218486E-4
2010-06-15	0.20114344989694	0.19258220185413	0.209462498813303	0.190006050948727	0.177774828072938	0.20235947216207	0.16352062724385	0.154833378281961	0.172931828354946	0.131473527434425	0.125631859317437	0.137182736712888	0.100461203862844	0.0901968022340197	0.110959783793756	0.070337796481705	0.0659170125516577	0.0747509729103559	0.0684985119484119	0.0646438083185555	0.0724237690703092	0.0336003097062773	0.031556166135572	0.0359421018680259	0.0169514092567032	0.0164285432391462	0.0174641793878929	0.0124892886344243	0.0111444921945809	0.0137849938703987	4.30001365246376E-4	-0.00156653360460203	0.00247078942554214	9.8462899949425E-5	-6.26447828700996E-4	7.98693826285933E-4	6.33277106916003E-5	-9.40979744243769E-4	0.0010157307405712
2010-06-16	0.200491039409738	0.19182547753363	0.209254989492724	0.189094433919346	0.176550501750778	0.20137589500177	0.164994325243371	0.155887952670103	0.174537039026404	0.130782822119307	0.124578098348379	0.136669666877862	0.100818222293686	0.0904543021012957	0.111149249414846	0.0704197953370009	0.0658029749074175	0.0750098821489284	0.0687048248420111	0.0647010424071734	0.0727828181625999	0.0338113529105976	0.0316503987984782	0.0363142735583918	0.0169419277415867	0.0163703640820655	0.0174992656537198	0.012437574251412	0.0109755160073553	0.0138120225543224	4.95961139444003E-4	-0.00164733894061476	0.00275518578339981	1.14073181860547E-4	-6.65737257055159E-4	8.6230161409073E-4	7.48424451321327E-5	-0.00100064063877009	0.00109657709845156
2010-06-17	0.199885036714388	0.19091590348628	0.20861568679461	0.188208114810761	0.176022921013894	0.200569808324073	0.166477103661289	0.157262194668847	0.176186800396097	0.130084675504617	0.123737209391403	0.136132691540444	0.101189348341199	0.0916079646705962	0.111090267793855	0.0705022235692839	0.0657116304527325	0.0752509688783581	0.0688879685093234	0.0645866713866551	0.07303769970931	0.0340211652771071	0.0317663666678468	0.0365288222161983	0.0169351388182623	0.0163512105119126	0.0174996956103872	0.0123812455478165	0.0108800533905251	0.0137955951221431	5.65929484778661E-4	-0.00175949824935315	0.00294352167332613	1.31121968278967E-4	-6.73180546884538E-4	9.24167232764957E-4	8.40287747550232E-5	-0.00105441875009956	0.00117832853803721
2010-06-18	0.198904836788281	0.189965084336175	0.208046839089746	0.187422324458908	0.174563432885874	0.200057159552847	0.168026015378626	0.158565244163667	0.17805041660941	0.129522109607659	0.12280406247122	0.135887006229861	0.101257681722192	0.0910330108110013	0.111937629976908	0.0705149568625396	0.0655279909211508	0.0754817835369013	0.069185685626267	0.0647629819821872	0.0735514301657007	0.0342226513800272	0.0318223129529672	0.0368845006278363	0.0169282129604403	0.0163034940763746	0.0175294844886025	0.0123213249735967	0.01074085745899	0.0138003496039511	6.33710127075892E-4	-0.0017173016446491	0.0031285930080531	1.46146143107406E-4	-7.10076684691061E-4	9.9921975375422E-4	9.49967447867902E-5	-0.00111835188695153	0.00122257171420921
2010-06-19	0.197978973814624	0.188776639553612	0.207210856555665	0.186726872749145	0.174267938051675	0.1997329833143	0.169585109882807	0.159934131801706	0.179692820082915	0.128977228242591	0.122312306760916	0.135404356575434	0.101301496327144	0.0908448922001322	0.111840842532185	0.0705392730704694	0.0653957009246033	0.0756892584091585	0.0694720000060883	0.0649264359758731	0.0739227687167062	0.0344283990523849	0.0319787123128824	0.0371837825193136	0.0169210481377519	0.0162711497412459	0.0175523697722985	0.0122631577686363	0.010620782714622	0.0137386465125859	7.009613209225E-4	-0.00175662309365168	0.00332880099078758	1.62314157088777E-4	-7.20062668808843E-4	0.00104132404999464	1.04613232463301E-4	-0.00117667002055703	0.00133229774258874
2010-06-20	0.197046401342567	0.187611196102598	0.206201289308745	0.185926291882262	0.173939246629854	0.198539670425511	0.171178983961041	0.16131296630721	0.181451142287544	0.128415436087913	0.12158079628377	0.134850464811601	0.101388976397901	0.0908672313373547	0.111769179330454	0.0705723994869205	0.0653307261758467	0.0757376513292268	0.0697674541474474	0.0651072533692295	0.074422926419199	0.0346428448236885	0.0320389548689154	0.0375528890392801	0.016914895324106	0.0162590539100156	0.0175747930227212	0.0122006376858955	0.0105115968058285	0.0137388386500638	7.74997899187301E-4	-0.00180376080425337	0.00352681173364332	1.81518465028106E-4	-7.3924939483016E-4	0.00109676676820958	1.12987833408224E-4	-0.00120084250977791	0.00138528407585712
2010-06-21	0.196046077694756	0.186379803937986	0.205604336353367	0.18539077428649	0.172180100061433	0.199167830454881	0.172665346021364	0.162329692853793	0.183441563913881	0.127877989651085	0.120927411731735	0.134473147126859	0.101638830902395	0.0900373853176467	0.113197558201371	0.0706425329928374	0.0653275139519906	0.0760042701925774	0.0700161306499927	0.0651570122020163	0.0747196568483141	0.0347777338652394	0.0320504808095049	0.0377222519022166	0.0169082610017677	0.0162185477141927	0.0175993369377475	0.0121770051186399	0.0104135103285079	0.0137869343299331	8.32966046564732E-4	-0.00182610001278406	0.00363980695597544	1.9395596725762E-4	-7.43874915619403E-4	0.00112200186710261	1.23304095881308E-4	-0.00124396286140222	0.00142215873786435
2010-06-22	0.195141699176899	0.185297242947287	0.204939856213029	0.184785881634192	0.17066516519	0.199314528233626	0.174084330424271	0.163541239068736	0.185091586747809	0.127348560590058	0.120077133729683	0.134266556901248	0.101963962029837	0.0899046602523718	0.113990774364476	0.0707166415291235	0.0652978665115524	0.0762304080679009	0.0702854309670903	0.0654311842928151	0.0751293374044289	0.0349198414888663	0.0321618143400309	0.0379749083775377	0.0169009705903547	0.0162097946479429	0.0176215641478489	0.0121488727780645	0.0103340160181045	0.0138444256946248	8.99999272333767E-4	-0.00185355440197462	0.00381489858341209	2.1115742874923E-4	-7.37930664204093E-4	0.00115783337776428	1.3474790966866E-4	-0.0012566381115141	0.00149631747843356
2010-06-23	0.194236084293636	0.184334676348448	0.204199118946145	0.184305207487201	0.170131870658499	0.198951766795807	0.175588853005785	0.164707353920802	0.187170625414983	0.12679385007122	0.119299427160925	0.133742117914605	0.102312765791399	0.0899394754125924	0.114313932339007	0.0707812263963423	0.0653070234122018	0.076252104488618	0.0705139190423125	0.0656203564888415	0.0755015699770501	0.0350568816079224	0.0321853995584806	0.0381745822346504	0.0168944531932278	0.0161652142877945	0.0176598596460345	0.0121197562782166	0.0103142405164439	0.0138468215859769	9.61040510935941E-4	-0.0019305867442442	0.00408475356175493	2.29294697805447E-4	-7.54524475631184E-4	0.00119019885845182	1.47213293767402E-4	-0.0012738193641377	0.00156445235883188
2010-06-24	0.19324245000534	0.183473413999786	0.203124511535248	0.183865374077855	0.169549068990101	0.198553294950446	0.17707286635906	0.165818733593133	0.188830866081545	0.126241611655121	0.118769406907175	0.133461084374612	0.102586320692011	0.089957157760598	0.114872188212837	0.0708185577986507	0.0652239310161738	0.0763857909177534	0.0707969530794479	0.065707020906881	0.0758714558096618	0.0352004750990489	0.032367691348547	0.0383924621338606	0.0168864699094072	0.0161396119676432	0.0176629040469358	0.0120974710288338	0.0102359530416425	0.013832772852394	0.00101614064905303	-0.00195032214256729	0.0040560947789789	2.44632922230505E-4	-7.52901715956749E-4	0.00122939070769633	1.59029330073847E-4	-0.0013569084425823	0.00162650238387452
2010-06-25	0.192324809374818	0.182657727869717	0.202108510238338	0.183297972069973	0.169024167365666	0.197344440160044	0.178525264988032	0.167247020721494	0.190176234962147	0.125695974140382	0.118070847606297	0.132852236308019	0.102866548650137	0.0905657949646039	0.1148397465002	0.0708665211276732	0.0652540774207883	0.0764049982481372	0.0710581432819968	0.0659499171768284	0.0762154098420883	0.0353445126374117	0.0324516184462151	0.0385541582831746	0.0168749526043389	0.0160902389378145	0.0176774558157182	0.0120735036782707	0.0101770420249696	0.0139034012037081	0.00107412143465294	-0.00195829591573243	0.00427630236115812	2.56707924028192E-4	-7.65950135963538E-4	0.00128512132771283	1.66775678985148E-4	-0.00135168897222237	0.00163246391692871
2010-06-26	0.191369407553518	0.181567739695175	0.201012946929885	0.182759707155177	0.169042655918685	0.196702077327803	0.179977052705231	0.168994994721093	0.191401849383183	0.125154534519716	0.117653294799781	0.132287864362308	0.103152812240364	0.0913996372637436	0.114435914423545	0.070894106819517	0.0651896098034486	0.0765673857785979	0.0712749880250345	0.066083708664127	0.0765069187576551	0.0354973900305945	0.0326025489508803	0.0387615408683152	0.016867281658905	0.0160700894869392	0.0176917948015963	0.0120498692920087	0.0101377356181655	0.0138467577778884	0.00113699378668442	-0.00191972198403164	0.0044374014484974	2.76947875992513E-4	-7.57449738229437E-4	0.00130823513857241	1.80360297342632E-4	-0.00140266575023615	0.00168387067905384
2010-06-27	0.190441460986056	0.180808838848326	0.200137095267971	0.182324249546789	0.169477125463796	0.195189937483257	0.181484814165093	0.170936913752193	0.193123159997094	0.124586515403294	0.117325603656306	0.131729679080159	0.103439759541879	0.0927695959922878	0.113993725923414	0.0709493138165761	0.065333964664725	0.0764000528023266	0.0715333161961008	0.0662950118566745	0.0767017577371277	0.035643039195737	0.0326738647763996	0.0389429153491223	0.0168623451805731	0.0160629041751927	0.0177231503267924	0.0120169656604748	0.0101122379004614	0.0138234955921904	0.0012033929865193	-0.00190787710243948	0.00467764861592467	2.92485539496131E-4	-7.69564255237122E-4	0.0013190688108798	1.92616654196093E-4	-0.00145110381911001	0.00173392386734044
2010-06-28	0.189413400613738	0.179760856002333	0.199192465689494	0.181596840595374	0.168259153147493	0.194621372187413	0.182732183172025	0.172017433197243	0.194642791841345	0.124291114849744	0.117018369328127	0.131687897720206	0.104311864331044	0.093339149656633	0.115517557237885	0.0710473407401341	0.0654078650838193	0.0764794790347102	0.0716632955036899	0.0663597737075715	0.0768267784885572	0.0357203927129627	0.03269687544402	0.0390477137839079	0.0168515208685651	0.0160474170271621	0.0177146988135473	0.0120167915659056	0.0100733660881751	0.0139171875739937	0.00126138629999828	-0.00192809875860605	0.00475629668806622	3.07683654995595E-4	-7.70971619608073E-4	0.00137095103615389	2.08301577617973E-4	-0.00143556820737057	0.00181085166029622
2010-06-29	0.188434357199499	0.178879149831543	0.198290519377071	0.180861269417637	0.167367279168695	0.194161974802893	0.184031855878493	0.173300487403397	0.195486415998692	0.124068677561807	0.116633139400361	0.131634330403167	0.105215742894141	0.094021978430694	0.116796455342637	0.0711547355389325	0.0654664076812303	0.0768437481609864	0.07178729553656	0.0664597888747107	0.0769697712710344	0.0358066198917235	0.0327696631237547	0.0391336842938463	0.0168454913158801	0.0160319172817284	0.0177230243257404	0.0120149416088937	0.0100786473819416	0.0139362024044536	0.00133110787808019	-0.00194861438913136	0.00486982958885207	3.2088061865248E-4	-7.65909851627823E-4	0.00144972352147064	2.24639880891205E-4	-0.00143273076804597	0.00184455469234671
2010-06-30	0.187431239944248	0.177876065651195	0.197228119370521	0.180078223038249	0.166870635960561	0.193246541641015	0.185300524943864	0.174932433619203	0.196849077704946	0.123810350302552	0.116122361602951	0.131241720447812	0.106048985452695	0.0949436289009202	0.117191555468511	0.0712242196179592	0.0654642294428842	0.0769027011346221	0.0718944232643081	0.0665754239277286	0.0772500137899528	0.0358950615606813	0.0328160462083445	0.0392040574786597	0.0168403147756962	0.0160003439633207	0.0177628113408625	0.0120145213083796	0.0100610159761913	0.0139227701482859	0.00139253660856322	-0.00199721323760742	0.00502598658771849	3.40531364473803E-4	-7.78101875565131E-4	0.00148218980906681	2.40005696282975E-4	-0.00148914509249779	0.0018999327284742
2010-07-01	0.186401713848289	0.176718163605727	0.196162746191866	0.179292889264177	0.166504402935904	0.191990810668237	0.18661635761835	0.176335475962257	0.197816848142804	0.123547867582518	0.115865953312762	0.131199592849642	0.106986469353846	0.0962291902057555	0.117889907620652	0.0712936622113358	0.0655742402111589	0.0770397259945457	0.0720070823304194	0.0665567598752696	0.0774354116088951	0.0359739540979227	0.0328847008033799	0.039336602961692	0.0168325573291303	0.0159931428317322	0.0177608013657444	0.0120201916566084	0.0100533607388576	0.0139757955718003	0.00145390194601234	-0.00197394945530555	0.00506716406152774	3.57965382065324E-4	-7.59015856743835E-4	0.00153477654482965	2.53774795037049E-4	-0.00147792061754927	0.00195936030814742
2010-07-02	0.185123077666666	0.175230626565709	0.194609193192424	0.179101823120453	0.16595860018821	0.192167600588717	0.188426352149162	0.177498781654066	0.199820646218282	0.123280167297044	0.11561354371208	0.130949161197497	0.106497652744315	0.0953644965935022	0.118187156010199	0.071305303882199	0.0656552542661758	0.0771422895600061	0.0723167623860574	0.0668100029198016	0.0776790281354679	0.0360484910886529	0.0329357901398604	0.0394566286741434	0.0168241163009896	0.0159536574048404	0.0177385972466571	0.0120071690147031	0.0100213906093132	0.0139760752592562	0.00151274361128564	-0.00199060934107485	0.00521576057784913	3.72512217818324E-4	-7.54925548156889E-4	0.0015511294624869	2.66282064446579E-4	-0.00150282382103279	0.00204622189032971
2010-07-03	0.183854881894966	0.173972008386999	0.193385033581743	0.178937833071519	0.165789013947693	0.191757313253441	0.19016396154736	0.179311830225546	0.201379482922136	0.123009324149788	0.115258638680023	0.130613792410624	0.105888928645669	0.0946164247444127	0.117220713425742	0.0713090184518176	0.065434512550738	0.0772107801089325	0.0726153747622688	0.0670707714556753	0.0781032192611326	0.0361327351246912	0.0329031593203151	0.0395274479177272	0.0168166748851464	0.0159359615103763	0.0177728719655025	0.0119944951692382	0.00996229969614476	0.0139778322642909	0.00158041550206912	-0.0019937082559865	0.00533060301404577	3.86322948158662E-4	-7.43644415561291E-4	0.00158656130789501	2.80953638313046E-4	-0.00148880572622694	0.00208095936000442
2010-07-04	0.182618806138455	0.172724388392547	0.191985895138795	0.178831765515545	0.16642494252245	0.191528615046066	0.191919592826763	0.181054114147112	0.202965639778061	0.122725620843593	0.114933400467443	0.130702656148163	0.105339259121876	0.0949141650968895	0.116315184876613	0.0713299464181395	0.0655004776101615	0.0772243080173821	0.0729292908579893	0.0673632505598613	0.0783704219152697	0.0362101745745779	0.0329872210800296	0.0396298284639882	0.0168088028568876	0.0158907817856424	0.0177888234619662	0.011981363215645	0.00995139233632267	0.0139991513604702	0.00165256491650783	-0.00199187322410619	0.00543086452556517	4.05171165178695E-4	-7.37880346530974E-4	0.00161955834168168	2.89339261385102E-4	-0.001535905787117	0.00214238391618132
2010-07-05	0.181612798009279	0.171611574459335	0.191360609685621	0.178798191993416	0.165298430131792	0.192372392528388	0.193077782167597	0.181620869424449	0.204714914337336	0.122685389262983	0.114715327611636	0.130733116015348	0.104682614458491	0.0931027392903597	0.116436772848286	0.0713780356986669	0.0654962197910463	0.077399752862015	0.0731351607234601	0.0674071445717793	0.078678499959628	0.0362260529801121	0.0329909561217109	0.0396353017836993	0.0168009901788136	0.0158522681574463	0.0177678220285853	0.0120034194944501	0.00989210725117146	0.0140443372655894	0.00172321499104367	-0.00209052640970375	0.00565116534787362	4.20316662648164E-4	-7.27970601094005E-4	0.0016563625179483	3.07808341110128E-4	-0.00155182331515608	0.00222121614876627
2010-07-06	0.180631559757056	0.170193417723164	0.190511599364033	0.178751711426154	0.164425815564343	0.193485188630416	0.194202590235037	0.182440371853434	0.206293947649685	0.122672082868212	0.114874683016271	0.130955237193598	0.104055119348767	0.0917856944305917	0.116229447248668	0.0714153158896966	0.0654568996844531	0.0774620195691891	0.0733559946676478	0.0677566842154522	0.0791139704979984	0.036224975218156	0.0329853848619638	0.0396557833633869	0.0167937650081127	0.0158227471780963	0.0178058877620177	0.0120214754828902	0.00982295116581482	0.0141012135422473	0.00178798463226672	-0.00205938358074519	0.00574071674743367	4.36104046005428E-4	-6.93865655130202E-4	0.00175501088060699	3.23278812730468E-4	-0.00155139740109028	0.00225539002800182
2010-07-07	0.179550915090165	0.168800253082328	0.189741021368488	0.178741070467663	0.16396704299841	0.193245275783032	0.195352522816622	0.183858589920616	0.207259249424574	0.122613110694052	0.114759943191091	0.130924917652795	0.103356826854805	0.0905749193083047	0.115846913769846	0.0714894964756814	0.0652896490988888	0.0775679134517949	0.073557190802987	0.0679070976934596	0.0792286128917793	0.0362473981238384	0.0330024946436891	0.0397085663828448	0.0167881158992003	0.0158087357227809	0.0178002737658216	0.0120454866799216	0.00987226808752746	0.0141682945460829	0.00185836333633128	-0.00211361292863155	0.00584056070978387	4.53094402086867E-4	-6.85296189193466E-4	0.00177314791069742	3.32635618504435E-4	-0.0016284388354077	0.00231232405985218
2010-07-08	0.178550056506536	0.167602575255686	0.188818457308022	0.178787966733375	0.16404165191635	0.193171005946866	0.196481695250491	0.184804903833727	0.208491115837666	0.122546637402964	0.114591331822477	0.130819310275362	0.102608391363745	0.0901055447384638	0.115179179216659	0.0715507860990187	0.0653131146762247	0.0778718290738538	0.0737748297742728	0.0679853110084749	0.0795608917278904	0.0362631660133892	0.0329997931408779	0.0396946701690052	0.0167838450942445	0.0158151354677307	0.0178322595148882	0.0120686620002927	0.00985368869843501	0.014209448625861	0.00193034804970841	-0.00207328844205644	0.00590929070659032	4.73566654225536E-4	-6.6605915845734E-4	0.00182927908385423	3.50534588526626E-4	-0.00157391031566002	0.00233921499529722
2010-07-09	0.177532936425631	0.166435931619296	0.187704547421267	0.178851892654653	0.164166850654854	0.193134884853166	0.197618445600127	0.186054934039504	0.209633011265876	0.122500813558807	0.114475466627753	0.130780121669027	0.101918379252212	0.0892915992231546	0.114562596370806	0.0716332420236572	0.0654743597424323	0.0779844345718372	0.073988035921406	0.0681859256135195	0.0797452641262558	0.0362697605747851	0.0329624009819503	0.0397570201815009	0.0167789932396935	0.0157953531566736	0.0178368417915845	0.0120933418233293	0.00992763992653151	0.014252601432717	0.00199816759349748	-0.00206675889851441	0.0060559958549676	4.89487907014887E-4	-6.70695921644259E-4	0.00185488151985612	3.64170442348538E-4	-0.00164306661730118	0.00239201619869496
2010-07-10	0.176471867414052	0.165853854082971	0.186381915801554	0.17884967578517	0.165056871214419	0.192884894146458	0.198716971401205	0.187079879062708	0.210509187808739	0.12249430716163	0.114455744856454	0.130595162325268	0.101204014890368	0.0892327618281925	0.113500043801305	0.0716947358846616	0.0656879507786546	0.0780370549139	0.0741836984119868	0.0684048738156558	0.0800513164514343	0.036289242090001	0.0330058387074352	0.0397995245176204	0.0167691156809533	0.0157729134466045	0.0178165782619206	0.012122925207078	0.00992802363952108	0.0143244394812413	0.0020660406282769	-0.00212997980352734	0.00616810785835206	5.05429387625424E-4	-6.62092742201E-4	0.00183885284889059	3.82092294795358E-4	-0.00160108603744512	0.00244529769435532
2010-07-11	0.175362705019274	0.164773793556901	0.185316275612046	0.178859199464406	0.165735510039591	0.191993873401238	0.199840964144505	0.188361825255959	0.211444668835318	0.122448730811554	0.114438206296922	0.130460507050403	0.10051647107478	0.0895748203553897	0.111793728569241	0.0717650083995308	0.0657547711879345	0.0779674277191827	0.0744119524441994	0.0687170110609804	0.0803295208262101	0.0362991089106579	0.0329904810833584	0.0398659248304897	0.0167631474323925	0.0157491115804869	0.0178142907301012	0.0121476505031849	0.00991522036295376	0.0143407253784574	0.00214004135658312	-0.00191595497510932	0.0063130701366232	5.23151891035972E-4	-6.42929434972867E-4	0.00187153306676614	3.98152972875528E-4	-0.00161137332238954	0.00251190019315111
2010-07-12	0.174825281150017	0.164277049502443	0.184973789897949	0.179019927888694	0.164762995814014	0.193223794703477	0.200452133329144	0.188631178582741	0.212416243304473	0.122408108398661	0.114304445872672	0.130533820849866	0.100020444649674	0.0881174142679891	0.112031858178179	0.0717591293778695	0.0656790910236613	0.0780654719354471	0.074540089984068	0.0687226214729695	0.0804729431591502	0.0363037759663481	0.0330384001642431	0.039851177116808	0.0167573669586195	0.0157192154328215	0.0178456158948261	0.0122119891403469	0.00998300686650117	0.0144239841937626	0.0022015473355378	-0.00195918442613041	0.00635315021919052	5.35586164643952E-4	-6.64095633516338E-4	0.00189524141558741	4.11166377344101E-4	-0.00159904802828517	0.0025417507625828
2010-07-13	0.174246956830248	0.163382101025629	0.184308511377929	0.179154746293807	0.164498349555735	0.193872414485254	0.201022817525974	0.189160230002099	0.213300560016006	0.122390550051599	0.114166997210735	0.130710214536541	0.0994336493571339	0.087389037627119	0.111827224141467	0.0717290785313125	0.0655780012448979	0.0782312121922133	0.0747032431133793	0.0688287174498486	0.0808636744096901	0.0363096503467919	0.0330069789591523	0.0399631426115895	0.0167518962831021	0.0157086351859677	0.0178313809719204	0.0122614407633286	0.00997558871740799	0.0144870603106867	0.00227331959694513	-0.00190890046067667	0.00648373178601606	5.4947234195072E-4	-6.62307438009516E-4	0.00190623669688421	4.26447321994885E-4	-0.00164739886190704	0.00262812794628292
2010-07-14	0.173688655299111	0.162758541455245	0.183992512671339	0.179370213848807	0.164633869129317	0.193855191914188	0.201625293503277	0.189526813904947	0.214606384579989	0.122374725453885	0.114322970983466	0.130742412998304	0.0989293266389642	0.0862573122769622	0.111836076744011	0.071732113407155	0.0656239467703073	0.078192205170037	0.0748493987617915	0.0689733837693446	0.081195006053097	0.0363129906097611	0.033059681671668	0.0400008878291339	0.0167440680410175	0.01569034444755	0.0178308772789977	0.0123135079465042	0.0100686406336443	0.0145494105078058	0.00233579516352278	-0.00189725121078649	0.00652522641052985	5.67125970551723E-4	-6.53911794239109E-4	0.00194402435502473	4.41845738276914E-4	-0.0016626883586481	0.00264797563686929
2010-07-15	0.173080567471824	0.162067770360847	0.183515313501891	0.179586119252117	0.165004121350488	0.194215434620089	0.202207464152597	0.190108264042209	0.214522424983199	0.122357173989522	0.114059431939339	0.130730867612049	0.098369674028747	0.0850231922956843	0.110772577141215	0.0717501347989769	0.0655088174103836	0.0783012702947759	0.0750085922138349	0.0690793531356929	0.0812486693265206	0.0363350045999835	0.0330375915250121	0.0399682737447028	0.0167390150940717	0.0156683513121109	0.0178528813920198	0.0123629946119593	0.0101317601105946	0.014643101336676	0.00240456968338552	-0.00188432098845077	0.00666188473076428	5.80074509469865E-4	-6.64787752442096E-4	0.00196049377948013	4.63396460410604E-4	-0.00158257593092535	0.00271639064258001
2010-07-16	0.17252241518729	0.16130703834506	0.183101851799447	0.179839473300642	0.165032877161391	0.194446293878188	0.202791861083063	0.190790559359876	0.215152095662182	0.122301552749601	0.114310978910337	0.130489821734085	0.0978658428856048	0.0854090988568192	0.110029295167993	0.071772645902904	0.0656593933212969	0.0781759986998482	0.0751328886026259	0.069188866569805	0.0813925068985158	0.036346483852278	0.0330911852826662	0.0399301627311941	0.0167327043769953	0.0156112554671632	0.0178408643349194	0.0124264312487269	0.0101611707766771	0.0147304237402799	0.00247316823078007	-0.00183399280112574	0.00676002633975767	5.92795805199764E-4	-6.56930123077119E-4	0.00197084901595318	4.80358421058736E-4	-0.00158411900633597	0.00275021522956471
2010-07-17	0.171938665878645	0.160900761198249	0.182229395931777	0.18010415124204	0.166011036629638	0.193937205507962	0.203389763349692	0.191564002876163	0.215748603910464	0.122256632134769	0.11425172570846	0.130339908075942	0.0973577057023564	0.0852845279881372	0.109087930566937	0.0717733699833083	0.0656504637424435	0.0780690366861001	0.0752473403052602	0.0692333935161449	0.0815130974266628	0.036363063018537	0.0330980782887746	0.040013395045166	0.0167291124196881	0.0156077180718443	0.0178606656816687	0.0124748025129088	0.010189624528667	0.0147713508342766	0.00254613295695032	-0.00175639373496071	0.00687780459323876	6.0689349799422E-4	-6.70102766173361E-4	0.0020426701857574	4.96193683542848E-4	-0.00157608438333555	0.00280807744978015
2010-07-18	0.171388065672472	0.160863312600901	0.18137080033155	0.180156360915495	0.166954012296406	0.193353626058056	0.203938964808164	0.19245096934777	0.215610374350539	0.122226788912451	0.114385293115078	0.130270664384913	0.09684929679261	0.085648047264177	0.107841094716933	0.0717564947091825	0.0657288524967593	0.0779639121069226	0.075390777548441	0.0693961335608233	0.0815760566354264	0.0363760025041724	0.0331691030265901	0.0399569819757756	0.0167214030969162	0.0156164638963008	0.0178395446006431	0.0125257882286408	0.0102759783540174	0.0148480870022679	0.0026164475407655	-0.00178891168236838	0.00695399740811356	6.22475046240997E-4	-6.60137670429823E-4	0.00203278851300968	5.13894595796686E-4	-0.00156601311466626	0.00285094134717394
2010-07-19	0.17149416547251	0.16037451720684	0.181502845779618	0.179773783048518	0.165533464737636	0.194013595759135	0.203873303692482	0.192049886930557	0.215944255571136	0.122174074092382	0.114152598016317	0.130352778483001	0.0968217293100477	0.0849302086795002	0.108781075145808	0.0718226236698701	0.0655958913692085	0.0783457302291093	0.0754399321403202	0.0693880652369216	0.0816399440683369	0.0363841155954356	0.0330864401321325	0.0399847246948665	0.0167174116470806	0.0155963069779158	0.0178555726432592	0.0125621515460772	0.0102789217411505	0.0149117317007917	0.00269269947508189	-0.00156615994434642	0.00702535535889694	6.35960268019782E-4	-6.57369233245369E-4	0.00208993323760411	5.27594554797276E-4	-0.00155301402250432	0.00286677340688193
2010-07-20	0.171571414939386	0.160344350983057	0.181595766085472	0.179318274817045	0.164695528676065	0.19389097809335	0.203824222101422	0.191848670675591	0.216309438782267	0.12215450442869	0.113888633657773	0.130528413227965	0.0969653643744655	0.0846499309278768	0.109044778582899	0.07189160705232	0.0656736460761561	0.0782770608717602	0.0755329601244743	0.0694298181532531	0.081817023648956	0.0363868718563568	0.0331136540157213	0.0400762380976659	0.016713484404586	0.0155664437093488	0.017835135302	0.0125996612964789	0.0103523613978138	0.014955272816527	0.00276689247500225	-0.0015269495630136	0.0071537759413228	6.50875509775655E-4	-6.41683079918701E-4	0.00211439230427325	5.44859389684986E-4	-0.00152912234314839	0.00287314220462601
2010-07-21	0.171616957541138	0.160440964822179	0.181758512399775	0.178894070937752	0.163799040994564	0.193673661607247	0.203725599452273	0.19191047090448	0.216416619081804	0.122119384383563	0.113874865718146	0.130579640545912	0.0969854429227822	0.084371784496533	0.109436273555724	0.0719758684513067	0.0658582511437491	0.0784328946314627	0.0756240784774646	0.0694740035942556	0.0819176310647345	0.0364021732144099	0.0330171336226393	0.0400907707392705	0.0167085089622998	0.0155604990629337	0.0178490838114188	0.0126385974225904	0.0103247968291962	0.0149825410313322	0.00283206584630346	-0.00143723343283005	0.00715156905332686	6.66140092154069E-4	-6.41154281371663E-4	0.00219135413018676	5.55934606963495E-4	-0.00159449241275374	0.00289373044327727
2010-07-22	0.1716947477096	0.160459151464143	0.182037841837458	0.178428900997623	0.163332363811237	0.193290494816183	0.203645569649536	0.191574645182775	0.216397767952067	0.122095852476519	0.113717456626147	0.130494712517832	0.0969929447240172	0.0843891565499601	0.109478754584065	0.0720170976001104	0.0658691176498021	0.0783085892177726	0.0756960679417517	0.0696987572413912	0.0819977583701146	0.0364004657930559	0.033021872141258	0.0400340409264651	0.0167054396770949	0.0155427777662437	0.0178612936307486	0.0126805752466094	0.0104396680351957	0.0150923102626902	0.00289272509833481	-0.00147934808618053	0.00721188587953243	6.80376728125078E-4	-6.20090478464546E-4	0.00220530202572618	5.74303980017733E-4	-0.00157057876794989	0.00296228312102035
2010-07-23	0.171704756476598	0.160666794107701	0.18190690725264	0.177973852329933	0.162537520504608	0.192262411399351	0.203507935922315	0.191547121146605	0.216106642449446	0.122071614882104	0.113868020926696	0.130557805568031	0.0969783314762995	0.0844569430779487	0.109459633681296	0.0720597914936222	0.0658509771379355	0.0785104110661149	0.0758143765013514	0.0696793644179105	0.082115804558443	0.0364122064705342	0.0330065484075233	0.0400648867709793	0.0167051531106773	0.01551054884682	0.0178428420177314	0.012712501456711	0.0103908526625764	0.0152055416430753	0.00296748658017877	-0.00148780353533819	0.00726916828565345	6.96862551869343E-4	-6.61621974057904E-4	0.00220787784760781	5.91809691599433E-4	-0.00152827606826669	0.00301907320869938
2010-07-24	0.171791602743045	0.160956640001557	0.182147859289966	0.177531223032377	0.163021628153303	0.191628029735879	0.203371930930293	0.191733043357397	0.215583741075067	0.122042692823652	0.113904555252054	0.130342925249214	0.0969947173604469	0.0848832336774777	0.108826555417862	0.0720879880861004	0.065873646720495	0.0784119346622457	0.0759113642744072	0.0698109017190688	0.0822084391148642	0.0364268010094654	0.0330054082988041	0.0401034268387968	0.0166975127527387	0.01548976655354	0.0178495980546335	0.0127487685787325	0.0104141774792352	0.0152435136627004	0.00303992210824705	-0.00141550309083405	0.00734896931168999	7.08367353692323E-4	-6.35758487779525E-4	0.00224966589082706	6.08765874028206E-4	-0.00150416033829655	0.00308851262800116
2010-07-25	0.171836001698197	0.161138233736324	0.181922437346933	0.177256584723176	0.16405392851621	0.190404569672354	0.203284893241311	0.191700936387126	0.21490758344462	0.1220275199675	0.11376284667773	0.130248877489988	0.0969761610228534	0.085877460195461	0.108058642498247	0.0721391158247316	0.0659270685215611	0.0783401849223412	0.076016779481598	0.0700446829745534	0.0822088237509256	0.0364322623714979	0.0330566003504246	0.0400036784444817	0.0166956614773429	0.0154978722869008	0.0178303183856519	0.0127846489238058	0.0104119133278471	0.0152475402860955	0.0031122974750349	-0.00131578450649268	0.0074106513627196	7.2071216194272E-4	-6.25301223707314E-4	0.00225518501559941	6.23974811595558E-4	-0.00156937214886755	0.00315781403653286
2010-07-26	0.17223402056664	0.161231545199222	0.182357198466151	0.176781222797489	0.162536012107423	0.190864186869854	0.202786249528128	0.191175515017492	0.214600216215891	0.121986641863089	0.113691434245469	0.13045339993725	0.0976811107307016	0.0855672458981652	0.109405230041988	0.0721346864509448	0.0658056942971564	0.0783465447500488	0.0760692428673131	0.0699527997243222	0.0825248864591162	0.0364442226527072	0.033047037778188	0.0399590068179593	0.0166933226054342	0.0154598903244083	0.0178362591428799	0.0128078609181987	0.0103954842032841	0.0152994795349602	0.00317500278268163	-0.00126523566123671	0.00755094317117717	7.35003935126962E-4	-6.1816585832179E-4	0.00226847424042447	6.44822944917368E-4	-0.00160246415019553	0.00321768344991222
2010-07-27	0.172598858143888	0.161642795083456	0.183024061921547	0.176369789080738	0.161673069676127	0.191149689261396	0.202229947453339	0.190718381757322	0.214432119724979	0.121960970422538	0.113588778921351	0.130552723831422	0.0983357212730462	0.0856498358489007	0.1106459583996	0.0721200580637645	0.0657173743184994	0.0783281047292492	0.0761232234098926	0.0699803274325949	0.0824932655307659	0.0364555938406485	0.0330437812289253	0.0400579322085166	0.0166926508520675	0.0154736200068682	0.0178522771742711	0.012834334937884	0.0104455936720369	0.0153548820054948	0.00324635130018664	-0.00122054033206721	0.00760460489638576	7.44900230323749E-4	-6.07253281900653E-4	0.00227711964788432	6.62720015051577E-4	-0.00161723202709283	0.00326349311080747
2010-07-28	0.173041624598926	0.161857646239798	0.183567570977945	0.175844002567689	0.161010118354738	0.190712722985524	0.201746756223012	0.190229662143644	0.213918449256194	0.121965851834815	0.113697950900803	0.130649252655028	0.0990374599979443	0.0863337508317948	0.111781841797993	0.0721022079296038	0.0659762113782937	0.0782928900666218	0.0761742989695399	0.0700353611960262	0.082468890357494	0.0364684959036985	0.0330646537611366	0.0400939002590104	0.0166919520471307	0.0154856081963299	0.0178418094301953	0.0128587762299214	0.010412529635724	0.015355706397411	0.00331303026978146	-0.00129442824989977	0.00767069295864118	7.56965449036823E-4	-6.17580355621383E-4	0.00228650918835212	6.82059233366828E-4	-0.00160852787994814	0.00329427446472484
2010-07-29	0.173457615353306	0.162079293904131	0.184237158815626	0.175476657632823	0.160945773536536	0.190371792407494	0.201231113675471	0.189402207623785	0.213319997670963	0.121922720762356	0.113562323348851	0.130462478448405	0.099699818973174	0.0869842574422338	0.112601254565106	0.0721017266811942	0.0658775497755768	0.0782957433092398	0.0762624700019112	0.0699783446558396	0.0825361734359263	0.0364741416810647	0.0330031748360772	0.0400472232809901	0.0166883305560949	0.0154556828009247	0.0178266254209775	0.0128828386072865	0.0105070164223214	0.015415086209992	0.00337753682685699	-0.00122334017777569	0.00778379694372924	7.68425612609424E-4	-6.11939136819148E-4	0.00228776148790112	7.01105490369471E-4	-0.00157865406624114	0.00333926919627287
2010-07-30	0.173836706766823	0.162798369270789	0.184680386580656	0.175032011646659	0.16077140089821	0.189528972685262	0.200651472104275	0.188895664601279	0.212403969452178	0.121941408673305	0.113381129392869	0.130362450226182	0.100317823166426	0.0877962522813603	0.113299356252685	0.0720730463357132	0.0659808211630474	0.0781733435768184	0.0763348577598709	0.0701814880476367	0.0824931672461546	0.0364817089413248	0.0330161649126923	0.0400177448447339	0.0166879923373674	0.0154475156946036	0.0178235822151898	0.0129073120697431	0.0105411754321287	0.0153732486502448	0.00343870149705822	-0.00111600119957689	0.00786040102745471	7.77438054749632E-4	-6.18251754033074E-4	0.00231684594631032	7.16532008439082E-4	-0.0016015129045389	0.00338312647234029
2010-07-31	0.174194098068056	0.163276682375912	0.184725417201316	0.174536400048339	0.160710575086496	0.188294020712579	0.200132403201529	0.188838336874429	0.211861160806518	0.121953732333035	0.113714848579357	0.130537851260211	0.100986921289719	0.0890101801559744	0.113149957557932	0.0720673058802	0.0659986381759087	0.0781647831453001	0.076418967287769	0.0703012204749287	0.0826560269896745	0.0364862348841522	0.0330546611208275	0.0400271767631967	0.0166837959554404	0.0154553838460629	0.0178226551456711	0.0129320159343576	0.0105745530935903	0.0153699581964313	0.0035013465643555	-0.00107059451632388	0.0079932624531283	7.91658455192463E-4	-6.0347159800214E-4	0.00235460638014794	7.3435355843345E-4	-0.00165878390544242	0.00343262240810923
2010-08-01	0.174633747962053	0.164162403217455	0.184836515994747	0.17407519505215	0.161071765348193	0.187233200155504	0.199614473370845	0.188597728680769	0.211062340053573	0.121928390520142	0.113895878342043	0.130573730993338	0.101692680199318	0.0903516548987905	0.113003043061692	0.0720301444311487	0.0660585670687702	0.0779330882308241	0.0765043264960377	0.0704087396100273	0.0826096091728223	0.0364841108698465	0.0331030695209628	0.0399508343742328	0.0166794899745705	0.0154157119099868	0.017832408631247	0.0129605366178781	0.0106269697549135	0.0154422920605196	0.00355248481775032	-0.00108989266004917	0.00814113566540533	8.04804515901821E-4	-5.64463282238313E-4	0.00236218279917767	7.50509564943798E-4	-0.00166710471709064	0.00348064095648354
2010-08-02	0.175151481159063	0.164358717561616	0.185622494764996	0.173159619773321	0.159373512628148	0.187173568405406	0.199214776811556	0.188008181612253	0.210647158947795	0.121747068860591	0.113748888520431	0.130369678901278	0.102589129468676	0.0904535354795939	0.114530009845409	0.0720664755786716	0.0659637050182274	0.0781439166131071	0.076540906714448	0.0704764667402127	0.0826917746691564	0.0364998455911327	0.0330483324021045	0.0399576662597364	0.0166789053412322	0.0154189429227794	0.0178414719531575	0.0129742494474549	0.0106625697451048	0.0154967736276009	0.00361693377955233	-0.0010294262964073	0.00831988380356584	8.21298929730669E-4	-5.83749152967115E-4	0.00240721727042626	7.68984996880507E-4	-0.00168900547762616	0.00348212153117536
2010-08-03	0.175681063050557	0.164743710570962	0.186515052900787	0.172190112751118	0.157585334381467	0.186809015762789	0.1987911556643	0.187448401653853	0.21048233087384	0.12157600063795	0.113241456177656	0.130115814412448	0.10356920340335	0.0908999760256854	0.116218045396858	0.0721363403019154	0.0660712000666703	0.0783930127163145	0.0765830791155933	0.0704933311592202	0.0827552358720629	0.0365136138128191	0.0330547983602879	0.0399835701096723	0.0166774216582974	0.0154183738243135	0.0178323230902796	0.0129921975333962	0.0107026795830792	0.0155470152348432	0.00368759516896992	-9.82342761369441E-4	0.00844965873384292	8.33245034589517E-4	-6.03124847019971E-4	0.00240175599925882	7.8848725918635E-4	-0.00169305810079486	0.00354340366733342
2010-08-04	0.17620484913099	0.16514320542251	0.18708876989725	0.171236761823008	0.156651446871445	0.185876224277716	0.198405658711422	0.186937960879556	0.210565595413139	0.121392482713422	0.113044193349237	0.129989290093035	0.104518058189338	0.091295734368836	0.117105820856097	0.0722099937418123	0.0660813531038512	0.0783047765573495	0.0766354863070655	0.0705304431906481	0.0828681390077746	0.0365251194187524	0.0329997910940513	0.039966059842451	0.0166752592320508	0.0154033009588714	0.0178375809878123	0.0130051184175391	0.0106523713305267	0.0156332974499526	0.00374932001153023	-0.00103105770796764	0.00858606887950027	8.44735611993977E-4	-5.86476987752113E-4	0.002401112234152	8.04270594921962E-4	-0.00167577089365647	0.00357631811412285
2010-08-05	0.176791385243178	0.165896882183825	0.187422656696742	0.170216453553236	0.155362330053482	0.184912594493651	0.197936623448825	0.186500184048918	0.20948597017855	0.121242512019208	0.112891264156265	0.129743868153713	0.105458800102896	0.092382573182977	0.118008576462041	0.0722776268443884	0.0662531495920076	0.0782726187881061	0.0766869670764835	0.0704957698532731	0.082752503096764	0.0365385231949686	0.0330257626112527	0.0400009477466582	0.0166769807975536	0.0154161283719685	0.0178379382995539	0.0130239438758289	0.0107138576400663	0.0155807973862601	0.0038064258985135	-8.66966406459044E-4	0.00865760392617088	8.61190189761395E-4	-5.66991284135782E-4	0.00244766383317376	8.21788448335795E-4	-0.00167528846744503	0.00360483205171285
2010-08-06	0.17735034114088	0.166752596610342	0.187808317415935	0.169341407516951	0.154885047765539	0.183414425465749	0.197498615906621	0.186014121914641	0.209023743207551	0.121056707828599	0.112774470659319	0.129313474723712	0.106436229455451	0.0934240655421758	0.119060057805291	0.0723204322678728	0.0662457145276543	0.0781836592695648	0.0767183300957451	0.0707244232100629	0.0826184496029415	0.0365580308113043	0.0331242233860235	0.0401031905894379	0.0166747506085285	0.0154257662030551	0.0178366898588327	0.0130489454138868	0.0107239854706174	0.015602563573629	0.00387254909245136	-8.30685416401813E-4	0.00888740831367023	8.69263554951024E-4	-6.09436453916587E-4	0.00246566825150467	8.42517554695644E-4	-0.0017132749497156	0.00367234002708461
2010-08-07	0.177992963201697	0.167471313731211	0.188177561384266	0.168341511562368	0.154988044927172	0.181726557718531	0.197097715822137	0.185983948358974	0.208142694403962	0.120879615356108	0.112551548745409	0.128863659300697	0.107502405264093	0.0956411666816274	0.119136865468078	0.0723677175833373	0.0662809817422719	0.0782799143102936	0.07676698529183	0.0708863680956485	0.0825917656528245	0.0365707535734695	0.0331254999913705	0.0400775931457728	0.0166721145840494	0.0153984814069011	0.0178399583371541	0.0130700830265334	0.0107700935691382	0.0155764927763081	0.00393334934871491	-6.77401744067964E-4	0.00897277199826414	8.76579335369424E-4	-5.74270422050912E-4	0.00244813916007608	8.58261203077284E-4	-0.00169849107062531	0.00367640109086838
2010-08-08	0.178534269894219	0.168495968016287	0.188730366453063	0.167409005638991	0.155147651860647	0.17960106728823	0.19669029565398	0.186260111788712	0.207609348487075	0.120706060997125	0.112608167273146	0.128423734205473	0.108419693956349	0.0972550006598138	0.119206322680109	0.0724291634004963	0.066499494530573	0.0783204868995137	0.0767850399509959	0.0711042750733322	0.0825518316556783	0.0365899051801034	0.0331200500425245	0.0400797483197991	0.0166675760999506	0.01535774500731	0.0178645523305463	0.0130948014689249	0.0108214332498941	0.0156166000349941	0.00398946169440419	-6.68063539712667E-4	0.00909306748868141	8.93459048535882E-4	-5.60797933448425E-4	0.0024795148322795	8.8067675550413E-4	-0.00166567315396737	0.0037398786550871
2010-08-09	0.179089022066871	0.168810496632621	0.189153611572264	0.166877904434393	0.153580752634835	0.18017798201174	0.196563033544698	0.185778241027805	0.207516808920761	0.120466330688599	0.112514990464805	0.128395052469794	0.108732959783809	0.0972395333607404	0.120075885598743	0.0723970043327481	0.0663166384433527	0.0783300680778964	0.07679244219325	0.0710962305975597	0.0824690564932335	0.0366158503508046	0.0331926974575333	0.0400287848439145	0.0166663571955431	0.0153920493859292	0.0178535257142667	0.0131029941956464	0.010795100850436	0.0156813425978212	0.00405801733632084	-5.7360261483386E-4	0.00922202962833725	9.04974102006985E-4	-5.65465455295157E-4	0.00253748491376306	8.98419402620765E-4	-0.00167096867608572	0.00382097168261683
2010-08-10	0.17968571017516	0.169280361573998	0.189767759083035	0.166335940201369	0.152728051081328	0.179506851756376	0.196424888217434	0.185648744817375	0.207086250705621	0.120279866409215	0.112487907248573	0.128283413667928	0.109027874804746	0.0974204237045202	0.120421852221274	0.0723903617209596	0.0663636737839057	0.0781809213458616	0.076792137067856	0.0711108572642377	0.0825134770471011	0.0366317426233651	0.0331490402602906	0.039994470575675	0.0166684551297763	0.015379836681347	0.0178520784363335	0.0131153878256987	0.0108142639955881	0.0156173723185279	0.00411085990817847	-5.37826106635201E-4	0.00930535182972471	9.15929522442111E-4	-5.77376784896124E-4	0.00253303304828837	9.19321709314793E-4	-0.00166421687919775	0.00384542295570704
2010-08-11	0.180217675206254	0.170046049500643	0.190262019077836	0.165825496662654	0.152479538946406	0.179164257894161	0.196361690213962	0.185407542198763	0.207251060019028	0.120083901083275	0.112476903355237	0.12807022925536	0.109258105872183	0.0977409253322568	0.120606346917793	0.0723389236455585	0.0662189624105496	0.0782385918232206	0.0767965709996782	0.0710383164399006	0.0824595739643377	0.0366500638135922	0.0331969617904505	0.0400397451771093	0.0166693790023573	0.0153829368607124	0.0178617075874726	0.0131287619176418	0.0108250537291632	0.0156344068944433	0.0041765961444432	-4.20590991638114E-4	0.00944220299048205	9.3001277358157E-4	-5.59515332371614E-4	0.00258176107221643	9.43012806331497E-4	-0.00169056246747097	0.00386695901491868
2010-08-12	0.180804300119379	0.170923226246498	0.19061833157105	0.165362221426169	0.152392255583738	0.177680854615665	0.196264267840311	0.185590561161917	0.206856667245782	0.119854305566304	0.112310809097713	0.127634922092337	0.109480749913333	0.0986105787556027	0.120299876774317	0.0723247009382056	0.0663101402908006	0.0781231556382031	0.076786064230629	0.0711910506917605	0.0823336707372969	0.0366733415642427	0.0332475360009156	0.0401474498804962	0.0166680370699222	0.0153719313377571	0.0178729661852994	0.0131377665998976	0.0108256037234614	0.0156154234701687	0.00423915217547952	-3.2978216223697E-4	0.00962127417547502	9.42896786216174E-4	-5.47164422501862E-4	0.00259719980382766	9.61658188777221E-4	-0.00170925680019023	0.00390863624172322
2010-08-13	0.180995324565265	0.171035471877896	0.190805528745618	0.166028587055468	0.152821751445717	0.179293170857999	0.195904340396983	0.185276596227116	0.2067163778873	0.119662879033928	0.112030529090594	0.127567865522715	0.109184090725553	0.0981018837941953	0.1203253974892	0.0723831583457441	0.066450046620354	0.0782018662881789	0.0768854164313782	0.071367991240367	0.0823756123000643	0.0366927962758382	0.0332375944171761	0.0402031647202407	0.0166696379478736	0.0153451515458131	0.0178674419441551	0.0131371702155159	0.0108465492314114	0.0156395173843785	0.0043030188800815	-3.01330997493095E-4	0.00969704929871157	9.53048412189594E-4	-5.48029784606686E-4	0.00262697938391715	9.7868570553533E-4	-0.00171807797958727	0.00397519201117863
2010-08-14	0.181239024548094	0.171357795897633	0.191227299155309	0.166762660865539	0.153659792180326	0.179682124129018	0.195560290790668	0.18463865376839	0.206337160744907	0.119438198506087	0.111995207210116	0.126986838682948	0.108871831351677	0.0975788381929694	0.119964460695898	0.072443817579856	0.0665211563577537	0.0781774305065501	0.0769594303133799	0.0712855537174878	0.0825646862543442	0.036718505094815	0.0333593575757472	0.0401660588392985	0.0166697250578486	0.0153683475628615	0.0178824483994273	0.0131311366839999	0.010825120014973	0.0156024673766768	0.00437548732243515	-2.71068336463531E-4	0.00986089237764181	9.6605553568882E-4	-5.4371751693486E-4	0.00266406901452645	9.97296995512624E-4	-0.0017115967654272	0.00408210485913887
2010-08-15	0.181474727767091	0.171679266760685	0.191290281897331	0.167370449409144	0.15498541756788	0.180140348447624	0.195164506939869	0.184400828566429	0.205577547067986	0.119226201107567	0.111870903017545	0.126790790355913	0.108540247329602	0.0979657283421404	0.119081676286556	0.0724936585075651	0.0666365130444223	0.0783043374686058	0.0770425621339064	0.0713600899014946	0.082594797079244	0.0367364944950936	0.0333361751811267	0.0401572658826745	0.0166669459613479	0.0153615175854039	0.0178715330082657	0.0131219788908278	0.0108009908035448	0.0155948489730109	0.00444598924470495	-1.98532424855059E-4	0.00998249653966026	9.79100766429607E-4	-4.99295121259107E-4	0.00267200874469141	0.00101448735937765	-0.00169069860603613	0.00411490508010685
2010-08-16	0.181810925796671	0.171707746404102	0.191670813648428	0.167390119375106	0.153926595987655	0.180622655234599	0.195059161536356	0.183774778790505	0.205779830470489	0.11876885457197	0.111454142335911	0.126647772154576	0.108605534328079	0.0967962158106987	0.120041961187612	0.0726122833892678	0.0667341610730367	0.0784702810898876	0.0770986774214508	0.0711601966588588	0.0826652625050225	0.0367736295306486	0.0332914863022743	0.0402814346672594	0.0166670113274282	0.015355335916842	0.0178964045517933	0.0131086614426049	0.010814565408715	0.0155694534308508	0.00449303173880502	-1.90491095639892E-4	0.0100196302390878	9.95604323150765E-4	-4.96878619626282E-4	0.00271596473022825	0.00103844534693678	-0.00168488601053317	0.00417374312850435
2010-08-17	0.182204494461025	0.171711500355615	0.192252112154496	0.167479297820622	0.153552565402546	0.181693732492245	0.194977858816942	0.183184273922261	0.206274845499178	0.11832444088924	0.110939512476448	0.126101356752252	0.108558140266072	0.0965310045574321	0.120743476115392	0.0727505788693659	0.0665618062582796	0.0787759134037754	0.077168026194783	0.071181707061403	0.0828095538812176	0.0368016723993442	0.0333453245730095	0.0402259353110174	0.0166662854352179	0.0153411076654467	0.0178827748994061	0.0130967663213995	0.0108125993559729	0.0155217405894909	0.00455699924650772	-4.9800483976281E-5	0.0101620900186948	0.00101342859278687	-5.04490947258459E-4	0.00270530288558719	0.00105674530820832	-0.00172028586958412	0.00424300565501594
2010-08-18	0.182526092659354	0.172238620235835	0.192604500899371	0.167520212286783	0.15331755053634	0.182335807864805	0.194824476137259	0.183312173170514	0.206112553389879	0.117877123811725	0.110363162260789	0.125656732509262	0.108605065748295	0.0962026245361949	0.12105608598076	0.0728680269646575	0.0666220294175851	0.0789852894861093	0.0772422911780824	0.0713327353075308	0.0826314356730898	0.0368272969191595	0.0333531461695229	0.0402905307503387	0.0166664870680773	0.0153323081771234	0.0178789863743961	0.0130793576796334	0.0107969970116293	0.0155022980219275	0.00462706256535274	2.17712847341152E-5	0.0102460515596312	0.00102945598445721	-4.84818107936529E-4	0.00278057496556308	0.00108082090341163	-0.00174542516018435	0.00433799964122639
2010-08-19	0.182894865639595	0.172441313548943	0.193235161662556	0.167555498552778	0.153264657504006	0.182318998110199	0.194623723331034	0.183123772299591	0.20596046905637	0.117401974155678	0.109802423335476	0.125369470406535	0.108648680081776	0.0960256408469347	0.120795231793881	0.0730062834002435	0.0667844501658458	0.0790449636945861	0.0773205052258207	0.0713743166687858	0.0827827655168396	0.036862982429625	0.0333573261522033	0.0404271950246202	0.0166664950842831	0.0153241851911727	0.0178674810722258	0.0130710350242536	0.0108222893758898	0.0154820444025561	0.00468682328791859	5.24109203262526E-5	0.0102202989880835	0.00104715719565398	-4.78035609514362E-4	0.00284836843474033	0.00110075037479246	-0.00172132750103278	0.00440098507022433
2010-08-20	0.183223456768868	0.172903790763665	0.193164448990733	0.16756926510615	0.153458144990925	0.181587663041601	0.19445927203812	0.18333896274257	0.205846185705765	0.116908448133708	0.109654969495473	0.124712803135324	0.108661575279378	0.0963049790324894	0.12073112487961	0.0731798286406436	0.0669976837184162	0.079251192887298	0.0774024761347849	0.0715394093426735	0.0828503095557455	0.0368876076172844	0.0334159109027019	0.0403782449041586	0.0166658938330136	0.0153046976965114	0.0178747822359831	0.0130578198301871	0.0107755099023183	0.0154931135639868	0.00474050505446746	6.97604506846021E-5	0.0103317472439061	0.00106698467681286	-4.49147873848698E-4	0.00283431915651795	0.00111874612330332	-0.00172189738882932	0.00436616497824489
2010-08-21	0.183562035706988	0.173414651369462	0.19371184549806	0.167648941977493	0.153954927222664	0.181283382141003	0.194303343564494	0.18322398071778	0.205128547745398	0.116434081468955	0.109256755768957	0.123971956962461	0.108656265106888	0.0968063480906446	0.120231321099982	0.0733452163453254	0.0671111475411102	0.0793380666556729	0.0774761969483358	0.0716111311917053	0.0827621820236773	0.036914249107293	0.0334301484545853	0.0404427163961135	0.0166646714977438	0.0153198244548806	0.0178649058174376	0.0130402469337946	0.0107741815707841	0.0153931103356159	0.0048033338778232	1.51894741888282E-4	0.0104537750098043	0.00108411201614589	-4.28143128008291E-4	0.00287773285450452	0.00113330865112239	-0.00177447598633143	0.00448296546222215
2010-08-22	0.183905709937834	0.173819672178349	0.193753322406117	0.1676135601125	0.154990058825478	0.180243874786967	0.194140996661713	0.1834442641171	0.204816035224199	0.115967746617554	0.108982546938146	0.123372904325201	0.108619489390032	0.0976542676015036	0.119379634450332	0.0734741592504342	0.0674258477432159	0.0793273675361303	0.0775636858713898	0.0718377178521546	0.0828525782778559	0.036941789152319	0.0334637808923524	0.0404487213967553	0.016664230185932	0.0153001309901545	0.0178765091099134	0.0130237227990312	0.0107828266692757	0.0153568336790614	0.00486561919987813	1.87920527314292E-4	0.010443945680509	0.00110141671197625	-3.81194483411212E-4	0.00288042986869456	0.0011516950308401	-0.00173711805207931	0.00447820742022243
2010-08-23	0.184521691447037	0.17443893417862	0.194834175135912	0.166982880482826	0.153256287998194	0.180322471928633	0.194102847258723	0.183145715748731	0.204839237694744	0.115151948660467	0.108077358767785	0.122567390186402	0.108986932720029	0.0979768321594458	0.120070337017033	0.0737469037621897	0.0677162798598191	0.0795828846732035	0.0776406044205242	0.0719493303871497	0.0830562336086364	0.0369857591687467	0.0335015370960131	0.0405686913778546	0.0166607121175106	0.0152829288268686	0.0178910887069427	0.0130054198825142	0.0107830281104118	0.0152816345030405	0.00491676795677125	1.44079997530479E-4	0.0105189146362536	0.0011155787878752	-3.99125909557614E-4	0.00292075952251339	0.00117162013510739	-0.00173278434810696	0.00457576874444641
2010-08-24	0.185102079467716	0.174612235703684	0.195373473610668	0.166378632742247	0.152895162238848	0.179994160397241	0.194150864191799	0.182935318683018	0.204994273879999	0.114333598342381	0.107250056798336	0.121640116189233	0.109268012194173	0.0978734903901893	0.120886455802589	0.0739887872578486	0.068026711066698	0.0799369907714642	0.0776974532037183	0.0719290150831541	0.0831782694525974	0.0370156917497105	0.0335471158183404	0.0406727110977579	0.0166614157382384	0.0152602391775822	0.0178964160104993	0.012973676869903	0.0107960830941126	0.0152992330960847	0.004974170377819	1.70207966234438E-4	0.01069854774413	0.00113036295497111	-3.87058335595438E-4	0.00290292543673646	0.00118840361193125	-0.00166937693801404	0.00461524430340116
2010-08-25	0.185747813617217	0.175246776535007	0.196026680951693	0.165841661696175	0.152815862284212	0.179187681867205	0.194131361422576	0.183019733197211	0.204945967858656	0.113492546892164	0.106505181003964	0.120806649358691	0.109633668292431	0.0986085983112141	0.1208740026093	0.0742403527412364	0.0682666330715109	0.080081262548007	0.0777834353024664	0.0722303332977311	0.0833293263860644	0.0370518101944759	0.033580509564895	0.0405739226721932	0.0166613650445381	0.0152370405490343	0.0178812289870331	0.012948645060245	0.0107771779190796	0.015226912112991	0.00503275304660422	2.99524578385694E-4	0.0107984704127464	0.0011473181358435	-3.70549111575921E-4	0.00288784404995361	0.00121262598831286	-0.0016624845958313	0.00466254587863063
2010-08-26	0.186363598732831	0.176368644934684	0.196220858078496	0.16511667714317	0.152777100059004	0.178082445425562	0.194098171555469	0.183160524386564	0.204584621779036	0.112651801272812	0.105486852952181	0.119870606368085	0.110035258858138	0.0994101867575788	0.120552900794923	0.0744813282756999	0.0686214457903326	0.0802982023163497	0.0778499060136841	0.0722998520832907	0.0834041493665431	0.0370844914420271	0.0336500147922458	0.040610066537254	0.0166618237722306	0.0152540381260379	0.017904351853978	0.0129151764479812	0.0107672441053936	0.0151871672591454	0.00510290638918069	3.61711637310551E-4	0.0109049303016827	0.00116442676638973	-3.79896866393506E-4	0.00291172039568666	0.00123040203634946	-0.00167861913318823	0.00469880994218055
2010-08-27	0.186538851514256	0.176303210739155	0.196575993623514	0.165049568031544	0.152219243745698	0.178113162835384	0.194655385167278	0.183468697052973	0.20556658842387	0.111787447571884	0.10467300058345	0.118999456174385	0.110137983461001	0.0993091748843526	0.120983207637354	0.0746382611072084	0.0687058552976156	0.0805459805770562	0.0780136336377311	0.0724888086574877	0.08356150396641	0.0371306276410705	0.0336680544928681	0.0406150393608799	0.0166585113019134	0.0152668445393698	0.0179176564149207	0.0128734624019197	0.0107077413445032	0.0151541057600445	0.00516296125175426	4.77401349449824E-4	0.0111395993047351	0.0011837106860766	-3.63383367499548E-4	0.00295517159253867	0.00124695815799963	-0.001726237208104	0.00476001574709838
2010-08-28	0.186785972794428	0.17629657386554	0.196759746136005	0.165065335805071	0.152393032398343	0.177645042879838	0.195144524008544	0.183777410635921	0.205771973103934	0.110923329184009	0.103681091070941	0.118135967297831	0.110270780919207	0.0994549652149649	0.121057668573768	0.0747878543028417	0.068850797659452	0.0806455491567265	0.0782212137297768	0.0727582607811287	0.0838082663082205	0.03718006164038	0.0337578288584023	0.0406153218790293	0.0166573616486429	0.015276161045154	0.0179075124552767	0.0128259578585226	0.0107275020338819	0.0150927162236188	0.00521756086835696	5.32591660936714E-4	0.0113426356611815	0.00120095790193685	-3.5425987666367E-4	0.00300497216809005	0.00126366594379321	-0.0016690220612138	0.00478342613000813
2010-08-29	0.187008550953677	0.176809047739676	0.196681150108262	0.165042326232901	0.153083964485369	0.177237525673047	0.195662480794025	0.184634750650077	0.206217266394841	0.110031486965671	0.102839034239282	0.117151328429162	0.110509718070045	0.100131105032103	0.121290396600328	0.0749166564084693	0.0689728260305174	0.0805960443673544	0.0783868089439068	0.07294770390074	0.0838356978544162	0.037229303779983	0.0337712441974174	0.0406188189792009	0.0166520494021486	0.0152629915697956	0.0179249442594073	0.0127828844723937	0.010658344126841	0.0150261810241051	0.00527386689601381	4.98049663330655E-4	0.0113499235682043	0.00121793840008571	-3.33776337996705E-4	0.00302360495763212	0.00128098157850251	-0.00161029451477111	0.00484400473345599
2010-08-30	0.187014937782142	0.176474835355906	0.196936282598926	0.1650198118953	0.151452941103692	0.178517679919395	0.196393364950431	0.185050320524173	0.207316978278523	0.109369062958597	0.102000997219104	0.116588414712123	0.110381328933882	0.0992742696179828	0.1218155805256	0.0750279960998101	0.0691866971874915	0.080837263441676	0.0784722514834046	0.073050296154954	0.0839341575869564	0.0372821764913995	0.0338026215510563	0.0407217516245722	0.0166493281479543	0.0152378576616194	0.017933798082586	0.0127229262525866	0.010640886477541	0.014942843584055	0.00534200247027587	5.30039316455218E-4	0.0114261045275326	0.00123392762276663	-3.30741057139013E-4	0.00302525361427833	0.00130405800783561	-0.00161269988563101	0.00487059769745917
2010-08-31	0.18702530291296	0.176407212605908	0.197120721619038	0.165036171030664	0.151275560069304	0.179274446279343	0.197185206110063	0.185853353140899	0.208305093297063	0.108724482482181	0.101189142918859	0.116209223420329	0.110232891613092	0.0985954116999006	0.122371983652434	0.0751442161605183	0.0690832035844761	0.0810903469603619	0.0785177460961582	0.0731307702478862	0.0840675955535591	0.0373436324726594	0.0338163340652878	0.0407691290473959	0.0166501362896336	0.0152545617776905	0.0179492136710785	0.0126658201515874	0.0105642550588612	0.0148888857948394	0.00540394213554535	7.0822654547372E-4	0.0116473274203139	0.00124709906210615	-3.13763412924389E-4	0.00302625529355631	0.00132334473185364	-0.0016127566844554	0.00497139340564482
2010-09-01	0.187020607053479	0.176408628913544	0.19713681177177	0.165101129408591	0.150650374163844	0.180137406854194	0.197972570105969	0.18676916150023	0.208826243641776	0.10812137233258	0.100629850788011	0.11565001404156	0.110049768629541	0.0982803620699717	0.122418603076574	0.0752618016508693	0.0691335143668146	0.0813461606808976	0.0785717479029954	0.0732641676445728	0.0842725146857852	0.0374085568588241	0.0339081181262278	0.0409126979790589	0.0166474912316256	0.0152517228126237	0.0179438544493872	0.0126061083322818	0.0104845721047562	0.0148173075517769	0.00546487125710613	7.04260691405735E-4	0.011671846706372	0.00126191106376261	-3.2457444566955E-4	0.00300071972239035	0.00134028327522483	-0.00163424065809442	0.00498132740675667
2010-09-02	0.187078704980687	0.176359135016835	0.19704493234562	0.165076941764563	0.151168307915191	0.179792850326746	0.198844003711569	0.187506270009768	0.209835809314456	0.107458724166871	0.0997963386890276	0.114869824525899	0.109892130466424	0.097926148887595	0.122408497131393	0.0753644984662979	0.0691815507702898	0.0814440165707237	0.0786477469133595	0.0734755790005023	0.0842281831422275	0.0374571535814597	0.0339964188619923	0.0409237349891325	0.0166437377531941	0.0152607751047953	0.0179444297396111	0.0125488982409409	0.010465856763792	0.0147441803718321	0.00552052821770993	8.38369686724203E-4	0.0119198899444431	0.00127913449482928	-3.03399859177652E-4	0.00299634303641003	0.00135702220730245	-0.00160381380366499	0.00500090460323997
2010-09-03	0.187094890505726	0.176617868553136	0.197019965435609	0.165101194552751	0.151386346189737	0.179534071759199	0.199640433071662	0.188201415586666	0.2106979672973	0.106812958105602	0.099155213178512	0.114339201386896	0.109712007140734	0.0977961772654267	0.121700129584733	0.0755013088808805	0.0693498517493343	0.0814678369025369	0.0787176176420352	0.0734756268873302	0.0844517940551739	0.0375217506304337	0.0341255946310955	0.040986408193928	0.0166415868394174	0.0152277614986948	0.0179639798896938	0.0124906333496912	0.0104530858515229	0.0146750752549693	0.00557081244629888	9.23620361291051E-4	0.012110155968614	0.00129673788113998	-2.95249286269128E-4	0.00301109624143991	0.00136864749268499	-0.00161362363086445	0.00499218355253578
2010-09-04	0.187136302197902	0.177123315222885	0.196783084784003	0.16514852315414	0.151690355627291	0.178964965690856	0.200382484631037	0.189284132105539	0.211339896046384	0.106180284349316	0.0986164579393944	0.113363842639065	0.109553319314068	0.0981224725094749	0.121249902017507	0.0756553374468623	0.0695494979842348	0.0815856678496655	0.0787893978085325	0.0735453290378349	0.0844143729773407	0.0375804390766841	0.0342736442702264	0.0410312872900365	0.0166385568997312	0.015240474810332	0.0179557475524032	0.0124366781753266	0.0103772699158793	0.0146409704573363	0.00563569207115408	9.16826165020337E-4	0.0120963826374297	0.00131512439248731	-2.8077140948965E-4	0.00300759037422094	0.00138124349171854	-0.00155066126328324	0.00498322155541146
2010-09-05	0.187145353585081	0.177282813636833	0.196799858274314	0.165012611751075	0.152690942226808	0.177884850301209	0.201196545637525	0.190870306032709	0.212001856389938	0.10555313637178	0.0979357880056717	0.11276926335471	0.10933116253325	0.0985981010456089	0.119813741886876	0.0758029769716978	0.0698270118043211	0.0816578528120479	0.0788837661158777	0.073620419979071	0.0844822944136358	0.0376446889076829	0.0343061778514138	0.0410268085090789	0.0166374664148782	0.015264007185786	0.0179633691223839	0.0123751852570762	0.0103196871308073	0.0145470676073681	0.00568479140952969	9.81120100511202E-4	0.0122244035310191	0.00133132869586328	-2.76934335513076E-4	0.00305746084801549	0.00140028162533886	-0.00160136039864767	0.00501946842853668
2010-09-06	0.18800837727314	0.177856212481312	0.197512313916079	0.164073762518272	0.151322564209561	0.177324017191365	0.201475319840166	0.190749052653551	0.212227156296732	0.105041507684036	0.0974788315302551	0.112380575452183	0.108650450932811	0.0975247489466396	0.119351739537636	0.0761444179115992	0.0703231433018382	0.0821148063653929	0.0788552810056756	0.0736838470009577	0.0843218124223305	0.0377128831739065	0.0344015696114671	0.0411213211337616	0.0166348302660882	0.01523277730158	0.0179496073343781	0.01230626290658	0.0102488545761491	0.0144563167233905	0.00573518939028381	9.88874021833256E-4	0.0122804090671773	0.00134694735056383	-2.81425251018623E-4	0.00305643394672875	0.00140762565508649	-0.00161226457870352	0.00502222127907394
2010-09-07	0.188781437746492	0.178688463404411	0.198754413497856	0.163007902545138	0.149760474026022	0.176456805736955	0.201706479163855	0.190886522010055	0.21238699533423	0.104469671807766	0.0968615864312026	0.111760874231863	0.10790471163423	0.096613217546996	0.118600621973931	0.0764371387338372	0.0705628647128759	0.082264332958583	0.078827456391749	0.0735449359062264	0.0842137105414024	0.0377858166181928	0.0344353496460994	0.0412490166312857	0.0166310406049264	0.01523555817224	0.017944300360408	0.0122290254532205	0.0101261168475975	0.0143506233409755	0.0057879370148013	0.00103853840592348	0.0125161840268902	0.00136358960722049	-2.28430135004175E-4	0.0030719157030562	0.00142287988693686	-0.00155436096328624	0.00506948398795062
2010-09-08	0.18959074031048	0.179476143061472	0.199368391445739	0.162083438394712	0.149206642881346	0.174968813691088	0.201951417081715	0.191479496892587	0.212604981480686	0.103952450810138	0.0963501255443102	0.111138546797492	0.107227231741497	0.096229820568754	0.118150051108683	0.0767472491755085	0.0707816142103242	0.0826516758002606	0.0788082836890143	0.0735702276565834	0.0842063260421909	0.0378597899131741	0.034545397645935	0.0413909170638796	0.016628409485596	0.0152494362123219	0.0179579108522695	0.0121510265513974	0.0100376807387142	0.0142861195811199	0.00585450178787579	0.00113675059080052	0.012582645902769	0.00138041795689288	-2.18699823074795E-4	0.00312248637789278	0.0014376596835134	-0.00161257474688012	0.00509862312782107
2010-09-09	0.190318469290002	0.180407927725486	0.200328797476809	0.161167632315346	0.148831710248648	0.173750969441327	0.202150497238171	0.191506586142668	0.212630501627156	0.103432256768444	0.0959483655855858	0.110442159587514	0.10644412738401	0.0960354909835446	0.116655718384869	0.0770461554439574	0.071222695856054	0.0829032940640239	0.0787847028237577	0.0736759049948928	0.0840942331366162	0.037940233506242	0.0346270550172456	0.041411176955987	0.0166266110475687	0.0152563686160314	0.0179550434494084	0.0120773263207197	0.00997816285843126	0.0141808429485983	0.00591268269549192	0.00123742346196065	0.0127353414265284	0.0013938056785735	-2.19063269012118E-4	0.00317137831483392	0.00145351652822813	-0.00162280299798004	0.00512659029379729
2010-09-10	0.190891788525224	0.180962147166725	0.200527196947826	0.16083708942139	0.148110083208347	0.173511871918418	0.202343260399918	0.191679326250298	0.213236811976649	0.103047072142012	0.0955335862161352	0.11016421138644	0.106920960312778	0.0962078462417764	0.11773271892307	0.0772602060799406	0.0712437687194347	0.0831056631224674	0.0787519834020244	0.0735953154497384	0.0841861355005923	0.0379434509348344	0.0345554631458578	0.0414837355179892	0.0166263815576646	0.0152759647714426	0.0179531930146558	0.0119996381889739	0.00991429651125025	0.0141401700157794	0.00597191673140635	0.00121130636754271	0.0128310254202215	0.00140806022857257	-2.27726464520056E-4	0.00316444883770783	0.00146891122855488	-0.00160263915946503	0.00508131130993794
2010-09-11	0.191501901822311	0.181614200078532	0.20125778187588	0.160588277456011	0.147828143969484	0.173305607296932	0.202545979215637	0.191771207447659	0.213529740401499	0.102684202275933	0.0950808283319243	0.109736103043444	0.107393613794662	0.0965160127079012	0.118140854191194	0.0774422521674259	0.0715094317218553	0.0834030832553208	0.0787280032432448	0.0735779672947346	0.0840954794001683	0.0379692136100591	0.0346236388980219	0.0414413321236332	0.0166252185100498	0.0152930632879573	0.0179678830578396	0.011927444525895	0.00983989864810281	0.0139914759449482	0.00603524148804195	0.00120410543598893	0.0129786651817123	0.00142586568632482	-2.32232730896978E-4	0.00322619626578799	0.00148175224031367	-0.00157617605643755	0.00514686772255633
2010-09-12	0.192144175542433	0.182360599162249	0.202010601391537	0.160190706886083	0.148024931841596	0.172227622085902	0.202739740502908	0.192097079440195	0.213299392391508	0.102337394614192	0.0948201346771576	0.109280382108116	0.107930273043584	0.0975568079289059	0.118505900510847	0.0776067148027954	0.0717603078511802	0.0835316908077897	0.0787132311278211	0.0736720679930936	0.0840462136221621	0.0379795450324496	0.034710382317352	0.0413150956832785	0.0166210320734042	0.0152634470410884	0.0179579310152177	0.0118553052792834	0.00980703317417208	0.0138840665433181	0.006089762908247	0.00135331232005546	0.0131237915430717	0.00144130876949763	-2.16274696509814E-4	0.00326604142169488	0.00149280613397499	-0.00156242497485698	0.00515592693825262
2010-09-13	0.192828732662442	0.182987227417097	0.202878259060569	0.160315276222991	0.147259013484809	0.173542691435505	0.202524993536577	0.191820200446375	0.213067108398677	0.102162952225866	0.0946205393433851	0.109227141669751	0.107586756744384	0.0965019554872803	0.119218012002417	0.0778355349555091	0.071889183029661	0.0837056298696793	0.0786924538836882	0.0735690971512278	0.0841636830627847	0.0380266697308575	0.0346334928607862	0.0414178958873338	0.0166193938317674	0.0152634762801109	0.0179732304472745	0.0117678966071909	0.0096859263720202	0.0138553522515299	0.00614452195621394	0.00131235238592535	0.0132961518467489	0.0014530370653964	-1.89979563063735E-4	0.00327734655079684	0.00150767490700275	-0.00156023749138562	0.00518145316609907
2010-09-14	0.193372273417691	0.18310368247497	0.203814183645591	0.160363492135771	0.146370295757136	0.174321947534888	0.202262346225627	0.191321701121177	0.213395722283733	0.102011548010228	0.094486116375657	0.109189386380488	0.107280935799104	0.0950525175819771	0.119570232701759	0.0780563016579089	0.0721016954915685	0.0839875441425831	0.0786873114711313	0.0736329176328712	0.0840596290595838	0.0380648393321621	0.0346728072222861	0.0414593961092555	0.0166175907138694	0.015273141991569	0.0179787153560871	0.0116748224410018	0.00957982103793764	0.0137463642884876	0.00619501866564976	0.00132126624638788	0.0133145445038341	0.00146668110816531	-1.62996466634496E-4	0.00329366391088502	0.00152162415912738	-0.0015941286509404	0.00517970152824081
2010-09-15	0.194061946358257	0.183715858621068	0.204253756302737	0.160321840246555	0.145832360717212	0.17417673504602	0.202031930607591	0.191316258156971	0.213215295947241	0.101805132759157	0.0942419375260095	0.109141863104971	0.106937609321326	0.0946745543712522	0.118945567198979	0.078280533158543	0.0724225815091564	0.0841247049151493	0.0786705297400952	0.0735267979404494	0.0840370672146689	0.0380850275133535	0.0347089213106627	0.0414305485975002	0.01661660778906	0.0152590140732304	0.0179805150700146	0.0115786332022158	0.00948357953518815	0.0136806095093889	0.00625399962359717	0.00128995164026815	0.0134837510864532	0.00148349965691499	-1.49588199426828E-4	0.00331819239425875	0.00153353830036777	-0.00163732808531386	0.00519415278850816
2010-09-16	0.194711912074427	0.184503008747807	0.204959518225333	0.160248717821026	0.146184362406144	0.174014543644818	0.201842761525937	0.190802028754092	0.213091616307717	0.101634760555264	0.0940615763223803	0.108827344844828	0.106508071815158	0.0938954950554948	0.118509388464665	0.078490716700664	0.0724790689732341	0.0844239522544381	0.0786415299827978	0.073439660420505	0.083939554731473	0.0381193618267211	0.0348060413302213	0.041525972159198	0.0166167565460942	0.0152637612255199	0.0179705862950845	0.0114810456424555	0.00936894852463718	0.0135674674852389	0.00630641013414988	0.00136554075390593	0.0134936711079772	0.00149959645527571	-1.51389870475791E-4	0.00338670307948302	0.00154263741328236	-0.00160060880471079	0.0052415570153678
2010-09-17	0.195367135831375	0.185200938250835	0.205720123159288	0.160205374783004	0.146499499472995	0.173582819899759	0.201557721046358	0.190719034529695	0.212788502625743	0.101431108359313	0.0938904026472138	0.108690476269044	0.10617956373297	0.0937000948475264	0.118269925774675	0.078728904238486	0.0728295345177323	0.0846807134768107	0.0786338293659692	0.0735471776882391	0.083965781624951	0.0381587772056709	0.0347969612927511	0.0415162647395818	0.0166152000353614	0.0152447425597864	0.0179903667893404	0.0113924941635343	0.00931598169644624	0.0134321135924558	0.00635175764866637	0.00138093931391081	0.0136039938950997	0.00151636634933326	-1.47010730901697E-4	0.00343962889139862	0.00155387185968137	-0.0016062924243879	0.0052360523099339
2010-09-18	0.195959571758736	0.18587324618044	0.206156273225974	0.160256222717513	0.147138624378515	0.17365261493637	0.201295611027163	0.190565209654552	0.212320175817176	0.101272223982836	0.0937551008490152	0.108445103055903	0.105858434556091	0.0939951239201791	0.117396882960964	0.0789343953926155	0.0730731582704464	0.084807405787089	0.0786246945556506	0.0733591293785407	0.0837760181955412	0.0382009758365253	0.0348021435483632	0.0415821201100174	0.0166137140878257	0.0152422371423904	0.0179866355839076	0.0112976700851186	0.00922446722558289	0.0133835452248516	0.00641112017443145	0.00142068309878063	0.0136100443718814	0.00153162733572135	-1.39325527697598E-4	0.00345962693896147	0.00156343913164616	-0.00158776111500411	0.00517726924052817
2010-09-19	0.196560246576642	0.186737776357525	0.206750445585602	0.160351221634767	0.148368410817689	0.172474617384539	0.200995503635454	0.190730388671339	0.211701167768888	0.10104317732884	0.0938287758878566	0.10807913737587	0.105529798893145	0.0945624142771258	0.116121245937622	0.0791396660349242	0.0734592592039065	0.0852258205231779	0.0786157771202711	0.0733744202350858	0.0837946875932839	0.038225276303842	0.0349015132446157	0.0415227591304579	0.0166098827075783	0.0152394371252441	0.0179962147041089	0.0112051582444969	0.00911595760520506	0.013239108863769	0.00647371005400289	0.00146441264647558	0.0138610633764529	0.00154892168807445	-1.10623709072995E-4	0.00349627622895213	0.00157577767091526	-0.00155249339329446	0.00518006665881062
2010-09-20	0.197185280119558	0.187156595366211	0.207223297377124	0.160681778425483	0.148055911755146	0.173106782458145	0.200616400157939	0.189902411532529	0.211341886203676	0.100771644149895	0.0934570625628492	0.107779312718999	0.104991199623987	0.0938336800341792	0.115960013592744	0.0794310455089831	0.0735707349856468	0.0852146686897481	0.0785140172959522	0.0733191757070743	0.0837146801948085	0.0382942241355264	0.0350280815482828	0.0415316617826856	0.0166066431644598	0.0152390856198294	0.0179697718302997	0.0111350788726218	0.00911938312371944	0.0131629587813179	0.00653033157348487	0.00145332911387516	0.0139443960398081	0.00156430447436325	-1.0107057127742E-4	0.00353662104907603	0.00158796730465107	-0.00158595498086164	0.00519786098014765
2010-09-21	0.197815216750211	0.187952240959634	0.207843388513905	0.161105058099909	0.147947236064793	0.174121078377059	0.200215990686072	0.189434418352496	0.211019230695661	0.100527374480141	0.0933481332134582	0.107417610278183	0.104458402138395	0.0932899704804273	0.115614196334891	0.0796995415663915	0.0737295221659629	0.0855157087240382	0.0784088626182876	0.0732127620169105	0.0835357275032061	0.0383392872013352	0.0350743185913479	0.041602934456098	0.0166041548724699	0.0152295415087435	0.0179682776091064	0.0110730207861795	0.00902300054109901	0.0131086005894718	0.00658071039405294	0.00148741284879472	0.0138498526364943	0.00157934748934514	-8.30259984988517E-5	0.00356672677330659	0.00159471338616315	-0.00161088854431415	0.00521747764206965
2010-09-22	0.1984266411492	0.188598795825105	0.208513848807748	0.161356269441959	0.148606301292785	0.174139814508958	0.199825481579131	0.189187290564577	0.210223720426499	0.10028377762945	0.0932322006650554	0.107010895949485	0.103982285624526	0.0932203960840406	0.11470919943467	0.0799857232754252	0.0741630583016372	0.0857282035853781	0.0782997758482241	0.0730933417682691	0.0833055173604305	0.0383857728887368	0.0351809244251045	0.0416499856286349	0.0166046599982221	0.0152330349105339	0.0179702413759682	0.0110050221643634	0.00896502205858751	0.0130101000489013	0.00664507491968398	0.00156580645149231	0.0139621953020396	0.0015933700303894	-8.1779807989422E-5	0.00357121265545613	0.0016063315311598	-0.00156993350967795	0.00524334048602424
2010-09-23	0.199059592480033	0.189441393760943	0.208939431618109	0.161760063323926	0.149548586511081	0.173760875338174	0.199354671704355	0.18916581205195	0.209584957335735	0.100061067249792	0.0932202945692637	0.106923611258932	0.103465734807465	0.0932218135153246	0.113755975074693	0.0802758752003506	0.074499138353402	0.086074997101394	0.0781842386617051	0.0730625358237792	0.0831812581795305	0.0384431611489564	0.0352695706129252	0.041697298477857	0.0166063522177624	0.0152188879782271	0.0179466171403185	0.0109431222913406	0.00886817401465908	0.0128884835172776	0.00670471976676688	0.00161456633087189	0.0140187681669816	0.00160744835800596	-8.09869165340409E-5	0.00360386507680451	0.00161614088571536	-0.00155444765417216	0.00527642244711984
2010-09-24	0.199645885280677	0.19014540460622	0.209613422711153	0.161646092742996	0.148966914338469	0.174054554883022	0.198917477130126	0.188567176562166	0.208924304294254	0.0999926499662283	0.0931917151255971	0.106881047357353	0.103344474003769	0.0928137914674833	0.114097273741191	0.080419578333795	0.0747841586084765	0.0862261775212441	0.0781280735138009	0.0731591088842479	0.0832245296528362	0.0384412723421631	0.035132677905867	0.0417072046263848	0.0166041554332892	0.0152063073794428	0.0179320215494485	0.010930262830936	0.00883794043590106	0.0129427817650011	0.00675135787118866	0.00164915475453683	0.0141458406315636	0.00162201882789802	-7.10845787856334E-5	0.00366191117862058	0.00162604725160257	-0.00150025945041334	0.00529503753431359
2010-09-25	0.200230871899929	0.190664078369395	0.209857436113248	0.161571993313273	0.149710691940051	0.173300326230726	0.198561629959293	0.188323346265638	0.208562383141535	0.0999570953893878	0.0929326214555934	0.106675481368397	0.10322696659658	0.0929351662174011	0.113613590353077	0.0805356443687063	0.0749013547686255	0.0862006593525756	0.0780491036900176	0.0729503010869853	0.0830555439099332	0.0384557178242541	0.03519657684021	0.0417167951570009	0.0166066384885201	0.0152145073490262	0.0179217928269759	0.0109181240413626	0.00881870015087141	0.0128640720753979	0.00680242585212359	0.00164120525144641	0.0141715915838358	0.00163513640002886	-5.27422315706508E-5	0.00367459604393435	0.00163244850377273	-0.00148953986457545	0.00527286391264114
2010-09-26	0.200838957410082	0.191418401202778	0.210041829560863	0.161671807809085	0.150576868688433	0.172536055226419	0.198187738913706	0.188104198499986	0.207892814430769	0.0998698276617246	0.0929402775344807	0.106573335484033	0.103131039414302	0.0935799262191841	0.113120758343001	0.0806888892850035	0.0750847796183164	0.0862126802371895	0.0779660300916905	0.0729870858462003	0.082897731739999	0.0384830676771533	0.0351999884116496	0.0417681680897347	0.0166060583042317	0.0151928312106573	0.0179395796879324	0.0109061413292793	0.00884384567059877	0.0128293029177298	0.00685418769019768	0.00166481838509905	0.0141857320363205	0.00164860857316168	-5.62425708614957E-5	0.00374361749540176	0.00164739200432061	-0.00150816430657311	0.00529114882369471
2010-09-27	0.20100352746155	0.191454386137631	0.210253940671074	0.163364508664515	0.151880284558269	0.1746669519196	0.197810384008081	0.187817558251602	0.207573995305408	0.0998988834202496	0.0929375786506892	0.106713018380628	0.101476175503113	0.0915589858217244	0.111239267769522	0.080802853672017	0.0753026920554575	0.0864670410146884	0.0778752904500453	0.0728553232947462	0.0828688010115875	0.0385083536342911	0.0351852346227238	0.0417477943593574	0.0166080327878731	0.0151806946076238	0.0179597116631472	0.0109096013978471	0.00887711320733378	0.0128808189050964	0.00691154882453022	0.00172818353541116	0.0141988251594559	0.00166152106995885	-2.78208682787032E-5	0.00375916672012328	0.00165942943991926	-0.00148234480211306	0.00531697275391342
2010-09-28	0.201365607506543	0.191593869614543	0.211156109787067	0.163307099202965	0.150772236458437	0.175972874810394	0.197442374514069	0.187077014695623	0.20759614030461	0.100448070575534	0.0934990761075157	0.107200830342785	0.101298447679456	0.0906665205587027	0.111888661966975	0.0808469125632486	0.075195547316026	0.0866737809939694	0.0778662912299088	0.0728603112860509	0.0829899168997685	0.0385280803240544	0.0352377831181511	0.041773606830993	0.0166062734554065	0.0151690756454583	0.0179452691526724	0.0108747140434439	0.00877722991219979	0.0128384593101297	0.00696531829930585	0.00174132810662742	0.0142548090496402	0.00167596155173472	-1.52593249477907E-5	0.00374797790760174	0.00166992570028095	-0.00147067177392091	0.00532730748668854
2010-09-29	0.201714482148852	0.191886319565465	0.211804845225032	0.163042762002324	0.150056142872001	0.175845372680646	0.197039453619041	0.186438794002246	0.207330589968428	0.100972247095409	0.0939396192024752	0.107832331523811	0.1011193372992	0.0901803037826331	0.112524993084698	0.0808687478641286	0.0752235430676468	0.0867964243760512	0.0778221063948464	0.0727779618833841	0.0829926417906537	0.0385395328319134	0.0352783173209681	0.0417941852773981	0.0166047073885389	0.0151545490081269	0.0179477171338261	0.0108399363225254	0.00874610133063619	0.0128304661448535	0.00702061402935475	0.00177278470541472	0.0143770019367243	0.00169003052934577	-2.11323122678301E-5	0.00373030253244482	0.0016836878156711	-0.00146625590839046	0.00530090974558327
2010-09-30	0.202062177456624	0.192076002907369	0.212234419830204	0.162993506087201	0.149593542823407	0.175839229490777	0.196715656390641	0.18609291493212	0.207236098899874	0.10151442872164	0.0944197344745936	0.108524831818838	0.100940854095956	0.0897263239739283	0.11250219467898	0.0808833896864155	0.0753182295038868	0.0867643622728543	0.0777837396793548	0.0728082074977522	0.0829592878792147	0.0385594149273908	0.0352984873277823	0.0419410663761713	0.0166038825458878	0.0151590989613852	0.0179257230852752	0.0108045289236168	0.00875418989627867	0.0128623000998644	0.00707432906350352	0.00175579757676955	0.0144589375934788	0.00170394991595944	-5.42395473508926E-6	0.00381810059439869	0.00169357636517671	-0.00148232927554245	0.0052880572172356
2010-10-01	0.20239495448932	0.192376217319332	0.212152664273339	0.162765694709077	0.149935184336348	0.175450690109601	0.196393431002042	0.18599232621998	0.206607464453537	0.102073858950484	0.0952131189100226	0.10882282235387	0.100732405251399	0.0896188071079341	0.11215675211253	0.080896091033505	0.0753213000878418	0.0868282029634352	0.0777474630554696	0.0726301232022361	0.0829663356747862	0.0385692530790139	0.0353375427394906	0.0418680096847656	0.016603568026705	0.0151222397712181	0.017918065834079	0.0107757115449995	0.00872886788924371	0.0128254580584872	0.00712251781816663	0.001748644893299	0.0145473899400908	0.00171318278702266	2.40081174371532E-5	0.00379461886981438	0.00170780908461998	-0.00144834470520362	0.00530217718043818
2010-10-02	0.202695272421853	0.193116526881524	0.212209611484142	0.162645319852669	0.150022841078175	0.174642108579762	0.196036570612811	0.185844389604141	0.20575293923173	0.102588333374364	0.0957030735231751	0.109127241355004	0.100674714548738	0.0899939535657352	0.111378547433021	0.080925678385633	0.0754116167314674	0.0868985292668851	0.0777125986874089	0.0727029198978055	0.0828553892387237	0.0385759881809953	0.0353282361171563	0.0418473684100934	0.0166017101808941	0.0151061918277819	0.0179201829623534	0.0107403625585983	0.00866071353716783	0.0127866023128891	0.00718070036495128	0.00180196869931494	0.0145465088204252	0.00172252379745545	4.98424876606684E-5	0.00380313993930041	0.00171638313061904	-0.00143140557559214	0.00532365369138384
2010-10-03	0.203038079343748	0.19364210501238	0.212331040087879	0.162540489442314	0.151718427884595	0.173579227359301	0.195665476181022	0.185995443485917	0.205010966355025	0.103128373062028	0.096448565203026	0.109585527097909	0.100555758515023	0.0907752027233231	0.109996089516646	0.0809554736644812	0.0755077920796746	0.0868471228699579	0.0776992477379472	0.0726803791474788	0.0827239434568993	0.0385979343601268	0.0353836110316411	0.0418888742499564	0.0166019027446106	0.0151363028449193	0.017924954392147	0.0107079306594315	0.00864995040565323	0.0127445791164238	0.00723199239271683	0.00188612391550021	0.014575946571785	0.00173204539256122	4.23095765074194E-5	0.00384254870036699	0.00173300656894967	-0.00145343079167077	0.00534092215855011
2010-10-04	0.203325383148676	0.194265107948723	0.212571917432561	0.16309723247353	0.151321071060041	0.174487373085609	0.195495367434518	0.185886767234436	0.205171003994864	0.103472834190989	0.096907948762137	0.110058847623196	0.099497465915254	0.0898250116177199	0.108672790042746	0.0809719806526854	0.075543296112389	0.086766928562162	0.0776418803839841	0.0725573579239539	0.0827326348251555	0.038634594964299	0.0354875447393648	0.0419530699369233	0.0165990218786714	0.015133298553524	0.0179221900938174	0.0106957592481884	0.00863112852041134	0.0127979961925015	0.00727439813556817	0.00183142807814314	0.0146751277382	0.00174602239470029	6.83239173294776E-5	0.00389955726369515	0.00175577400127895	-0.00143573582610839	0.00541531455433935
2010-10-05	0.203680211242548	0.194293887911462	0.212972642804484	0.16233878103182	0.150194512086624	0.174343090831195	0.195516528306503	0.185721724291384	0.20563291788889	0.104197525963305	0.0974218028190796	0.110831248656869	0.0987538286615973	0.0888043873320336	0.108381903919258	0.0809576647929457	0.0754534516838816	0.0868898992193534	0.0776582594760185	0.0726370251336998	0.0827780308524853	0.0386490283345667	0.0354349219945993	0.0419723018538623	0.0165954789873056	0.015125885674742	0.0179415643972803	0.0106341105408479	0.00851643492732328	0.0126828062258114	0.00732506563717876	0.00190266629994995	0.0148058201036453	0.00175633431815687	4.11573201152822E-5	0.00391636821259385	0.00177456134768321	-0.00142653967606519	0.00549629468146144
2010-10-06	0.203995778101247	0.194449653152168	0.213373788977017	0.16163854041354	0.149195195913544	0.174111941345495	0.195547121212747	0.185427166485736	0.205524404688365	0.104973221913937	0.0981993386924979	0.111818246644471	0.0981535913859308	0.0880301482232509	0.108094896593246	0.0809448460259651	0.0753031328448861	0.0870431025652186	0.0776587543631371	0.0725661707108623	0.0828255317411119	0.0386594376974213	0.0353240498122051	0.0419624600604765	0.0165923508506268	0.0151062268818048	0.0179597907794003	0.0105755736910292	0.00848558422668563	0.012621475260642	0.00738406083760701	0.00202817486518443	0.0148536241364663	0.00176649565727137	6.19709470763385E-5	0.0039843475306221	0.0017864208145902	-0.00143106648041645	0.00548630192952601
2010-10-07	0.20431044157067	0.194753257559272	0.213746756450891	0.160972168613284	0.148948773885648	0.173004031956226	0.195600684479599	0.185623519094492	0.205580576516022	0.105712566790307	0.0988328609161083	0.11245800733621	0.0974283142289539	0.0877704549983539	0.106799347751569	0.0809378860978502	0.0753802342385093	0.0869580735061701	0.0776334915183661	0.0725102809297699	0.0828398988879196	0.0386774055678098	0.0353497711850657	0.0420176159841062	0.0165889186864055	0.0150945079492226	0.0179665646300456	0.0105182213035268	0.00838293804771019	0.0125253485945539	0.00743370306305398	0.00203827926643872	0.0148112693769365	0.00177783169503515	5.65978334820249E-5	0.00403213816958039	0.00180538069808536	-0.00139416364922392	0.00560556667991331
2010-10-08	0.205006796004631	0.195275397972594	0.214385385457805	0.160789022209912	0.148276289014752	0.173405349513228	0.195415637524266	0.185455130364383	0.205575510454386	0.106265583909433	0.0994425717387566	0.11296108183198	0.0977201556097221	0.0875065070148777	0.107990211306545	0.0807643615257842	0.0750673462002729	0.086886402466817	0.0776517723249592	0.0725118372084803	0.0828629016111047	0.0386796926074697	0.0353588058794136	0.0420872403432353	0.0165888205057558	0.015109334821358	0.0179865979911425	0.0104668578572791	0.00835598238338873	0.0124868369340496	0.0074845417470625	0.00207601340411765	0.0148719528294397	0.00178710460327017	7.81481000063068E-5	0.00403175080012333	0.0018178569664132	-0.00137410736506714	0.00556355617941135
2010-10-09	0.205705164027144	0.195801371263674	0.215425074604888	0.16066315931805	0.148310242498088	0.173427708839393	0.195269995093464	0.185264960330857	0.205281156468914	0.106838647119928	0.100030006688514	0.113893130583618	0.0979296229823078	0.0875603757179257	0.108121923134626	0.0806082936198296	0.0749105156493145	0.0867723054927913	0.0776743399290215	0.0726571955269151	0.0828464828420095	0.0386647740863332	0.0352557177792501	0.0421032563890742	0.0165864175197992	0.0151114630319428	0.0179769131900953	0.0104237567249353	0.00829190745898182	0.0124091574155296	0.00754536680151828	0.00211204822533416	0.0149269805420296	0.00179516900570342	7.33977411208713E-5	0.0040833295861574	0.00182865433317195	-0.00141226979787251	0.00554231807896543
2010-10-10	0.20644676884525	0.196652565366847	0.21610515909584	0.160384912490968	0.148381276090556	0.172459790969995	0.195175198449352	0.185047594836088	0.205521407830377	0.107368312141108	0.100508423724263	0.114523063066536	0.0981329573215587	0.0881128094094442	0.108365902485612	0.0804088784071548	0.0747334376436777	0.0864519472175239	0.0776768295563368	0.0725971464680554	0.0829948899879597	0.038650652185964	0.0353738892568229	0.0420734813377669	0.0165830056555729	0.0150813357230783	0.017975112237535	0.0103752031572207	0.00820006625553965	0.0124072409964345	0.00759357107920859	0.00214939323556658	0.0149383753226273	0.00180330483261342	8.33132871263933E-5	0.00410031849512615	0.00183820948760516	-0.00128129559778214	0.00559098697059918
2010-10-11	0.20703029646726	0.196947424808782	0.217124000695701	0.159449103573808	0.146466282147766	0.172964505058113	0.195223573392889	0.184798631778387	0.205666009443672	0.107843021849924	0.100853902605979	0.115090505858112	0.0979878710774518	0.0870473255157138	0.109292392873516	0.0803337668494389	0.074550286815055	0.0865252381701632	0.0776877135657027	0.0726084428326111	0.0829815768633832	0.0386759696384311	0.0353373037825907	0.0421558922298159	0.0165789484466528	0.0150801913938282	0.0179961549608604	0.0103397880339959	0.00813326674597118	0.0123794631827285	0.00765445513589903	0.00216927721017848	0.0150055778306762	0.00180939602361223	8.06409257428564E-5	0.00407534196502509	0.00185552137401568	-0.00125251069664527	0.00557989039631736
2010-10-12	0.207571292468996	0.197032112145054	0.217852217941114	0.158582684336579	0.144582178028797	0.172448152168351	0.195305470433958	0.18484999276545	0.206040008725529	0.108341703645887	0.101073735084567	0.115582204752365	0.0978299617216451	0.0863447739004938	0.109381146675615	0.0802411713185655	0.0742577891001252	0.0865000618738614	0.0777159955642384	0.0725225332219541	0.0830842181503772	0.0386827065390027	0.0353785910231469	0.0422007860687847	0.0165780252322452	0.0150828766497983	0.0180388379778064	0.0103109927204194	0.0080621911758196	0.0124271598482422	0.00771728848203239	0.00236963276865353	0.0150214201128609	0.00181160871590193	6.65286972151305E-5	0.00409127264845399	0.00187325964379293	-0.00122876098501021	0.00557626107552687
2010-10-13	0.208187183233759	0.197635544584257	0.218616963548898	0.157658790746176	0.143459168441916	0.172067091300572	0.195323280826863	0.184478284169864	0.206223567813128	0.108818093743287	0.101613659021725	0.11638123798848	0.097720077561119	0.0860698953686255	0.110049674005122	0.0801496690375493	0.0739164044472472	0.0864663962101732	0.0777077425592644	0.0723336942862935	0.0831734630723611	0.0386873162072673	0.035354247896975	0.0421747811823979	0.0165751327060841	0.015080852542381	0.0180240549356831	0.0102786765749372	0.0080330344573937	0.0123223732241986	0.00777738153750531	0.00233841223383418	0.0151196728269752	0.00181619395783725	5.97015420556842E-5	0.00409844801540535	0.00188859150049325	-0.00120188712416306	0.00561374322411585
2010-10-14	0.208731474734925	0.19846325052961	0.219142254411487	0.156796190421443	0.142309434640521	0.170754129905997	0.195315917100317	0.184296048998379	0.206103034547395	0.109315091148592	0.101999083744968	0.117026259730324	0.0976163848339489	0.0856908807472326	0.109905160765402	0.0800678220156646	0.0739393212606995	0.0863771296073788	0.0777276094174645	0.0723566289534712	0.0832399043538564	0.0387081167948645	0.0354210896822004	0.0422345772126155	0.0165731987601654	0.0150819928818285	0.018012408996605	0.0102459877627005	0.00799313332761646	0.0123230535183282	0.00783320594355599	0.0024402897537682	0.0150439445660294	0.00182532786048364	7.62659299347218E-5	0.00405534554961666	0.00190759277909396	-0.00118396263147765	0.00568222230670729
2010-10-15	0.209233119680285	0.198958933734157	0.2196019509953	0.155860738853574	0.141965731005188	0.169837437738781	0.195326340467149	0.184639840852481	0.206329703340959	0.109796498591031	0.102524726259264	0.117379454743845	0.0974649918068751	0.0859107411149353	0.109793691287423	0.0799990017656415	0.0738027129262546	0.086385728192021	0.0777372402073803	0.0722801009756646	0.0833593941418794	0.038731199701918	0.0354545580634083	0.0422534065415621	0.0165711030105873	0.0150694654125803	0.0180232992267502	0.0102140465574612	0.00797978701614581	0.0122536162357699	0.00789077182924285	0.00235469730679319	0.0150599810726074	0.00183366158717256	8.79468650075738E-5	0.00409557503947272	0.00192643552783723	-0.00108658840496771	0.00564628115132407
2010-10-16	0.209764706280715	0.19958488361924	0.219973783022395	0.155100265927694	0.142036154094414	0.168316129530395	0.195336868623154	0.184844448256937	0.20605252597891	0.110276059276407	0.103015818959159	0.117746544435376	0.0973498888818139	0.0862141213915663	0.108612666771702	0.079905754238046	0.0736402509587834	0.086206669213804	0.0777448046010796	0.0723427270877864	0.0832657086143593	0.0387365258257325	0.035385521203714	0.0422724940203026	0.0165687780151159	0.0150679244901717	0.0180129963376635	0.010175128413036	0.00792435418955391	0.0122319472389115	0.00795174185833497	0.00248374776402432	0.0151206029437605	0.00183970265643206	8.57068378246858E-5	0.00408681117078951	0.0019437328763506	-0.0010437248629845	0.00566050886411064
2010-10-17	0.210350751925962	0.200711899650488	0.220127370219768	0.15426320619383	0.142355606703851	0.166769762909735	0.195438044420448	0.185254163537574	0.205573941239452	0.110790308477904	0.103640075939074	0.118377367760949	0.0971897890101037	0.0869519834332185	0.107681593407918	0.0797999237675167	0.0734932832436099	0.0860153680785763	0.0777468689697757	0.07240054899972	0.0830592186006509	0.0387416558568198	0.0353859275958563	0.0422690589896379	0.0165652454853793	0.0150625276884264	0.018014151663317	0.0101399875481896	0.007901784637017	0.0121786658951227	0.00800842582323242	0.00246534507983084	0.0152025897544809	0.00184823180587326	1.11346612332657E-4	0.00407953079113352	0.00195957162244284	-9.80883852344E-4	0.00572279427856624
2010-10-18	0.210851020852041	0.201008657680028	0.220983129990168	0.152509845825486	0.13977051637514	0.16565936396867	0.195749274386965	0.18516538021431	0.206502368900499	0.111075488611975	0.103980902710555	0.118535953132839	0.0965237497600776	0.0856023967949254	0.107305487627849	0.0798315755144185	0.0735618966228559	0.0861020854938538	0.0777698308857385	0.0723963340654481	0.082953681490798	0.0387963376505944	0.035416578923591	0.0422617164976915	0.0165640178872744	0.015058864469131	0.0180169301084924	0.0101115498401617	0.00787469722676512	0.0121545181254554	0.00807449674054016	0.0026511046805374	0.0151717797528638	0.00185264376193504	1.14840254641029E-4	0.0041350126118454	0.00197404841021071	-9.07234524512029E-4	0.00574722132448781
2010-10-19	0.2113903731809	0.201506469759783	0.221594148400632	0.150911960627044	0.138170766657701	0.163645903560882	0.195991138259302	0.185476298922212	0.206985355290085	0.111430381570383	0.104248936290212	0.118767950997977	0.095913125057367	0.0850413459147037	0.106945353421407	0.0798891520188615	0.0736386198743931	0.0862542601765465	0.0777886659388837	0.072464065438752	0.0829219664331283	0.0388266734004825	0.0354792947231946	0.0422267448644714	0.0165628659775999	0.015066784482974	0.0180185727494156	0.0100803727181744	0.00783602777063022	0.0121045553736098	0.00813626045078769	0.00270220156006603	0.0152298756894341	0.00185482046934195	1.21831685299042E-4	0.0041245072064372	0.00198787574569743	-8.55777851880816E-4	0.00571392540529454
2010-10-20	0.211902073751535	0.20215557773459	0.221835595630678	0.149221166009358	0.136693296058491	0.162068762199056	0.196330995493815	0.186162595793155	0.207075967566952	0.111767239947617	0.104646619095871	0.119358800228894	0.0953616185939697	0.0844663555607592	0.10593460968689	0.07990926898175	0.0735756214758949	0.0861222434191909	0.0777766863056918	0.0725744638474324	0.0830784114038433	0.0388711882200073	0.0355268401355399	0.0422165580990137	0.0165618789955154	0.0150852223848464	0.0180110409125319	0.0100584335696309	0.00782394682438159	0.012099988820992	0.00820312940727363	0.00279815402035582	0.0152239567061828	0.00186332483588306	1.28391649981024E-4	0.004126434855568	0.00200517765683273	-7.91177335303109E-4	0.00573152992160165
2010-10-21	0.212448731466969	0.202506045626115	0.222301514623582	0.147650292822237	0.135786611100481	0.159554605006802	0.196549306261726	0.186373002585131	0.207059597015031	0.11210478019349	0.104979397207036	0.119537942746455	0.0947242402392691	0.0849796372505029	0.104728963979802	0.0799192925432195	0.0737461937027679	0.0859170902456933	0.0777824565898205	0.0726997026560725	0.0829821555875526	0.038913551252571	0.0355709112333014	0.0423175022784107	0.0165604786998779	0.0151121803546689	0.0180069966189826	0.0100321585620651	0.00777253628285724	0.0120455702782206	0.00826862353571265	0.00280008816589545	0.0153530327916745	0.00186863595285543	1.3206554737547E-4	0.00413659165206354	0.0020210900287067	-7.81351346882246E-4	0.0057071526556771
2010-10-22	0.212968360760294	0.203083917227075	0.222894866930676	0.147264291303463	0.135003686461938	0.15942741291727	0.196705744242053	0.186363323124853	0.207066001217236	0.112134421493983	0.105048649215605	0.119367666990227	0.0948214439950718	0.0842897365247763	0.105097151114085	0.0800493737086833	0.0738583690718194	0.0862015597783381	0.077856682039478	0.0727862896848969	0.0831746790140985	0.0389033725587008	0.0355226995099646	0.0423202733745735	0.0165588301107874	0.0151113958356068	0.0179928240181483	0.0100228274353906	0.00774078767660645	0.0120519130036022	0.00832604386368883	0.00287364486300639	0.0153451675953384	0.00187421269559215	1.20264646665623E-4	0.00411441528155757	0.00203150410934967	-7.15541512802921E-4	0.00572910782602532
2010-10-23	0.213462240273631	0.2034331567036	0.223390820553214	0.146802635436577	0.13485207623813	0.158616039944732	0.196897314890873	0.186670576982744	0.207386481319431	0.112172664304781	0.105041684763925	0.119458414861088	0.0948114172241235	0.0842230636854332	0.105251857143729	0.0801692890264636	0.0740081526572745	0.0862842840174777	0.0779180540612235	0.0728884212003283	0.0831712101029523	0.0388888171196169	0.0355029818862997	0.0423568288097961	0.0165553702157915	0.0151273867363758	0.0179936935512516	0.0100119416431885	0.00776570382792117	0.0120567962080796	0.00838127730609989	0.00285419516847944	0.0153240052849429	0.00188199799101782	1.50056166841855E-4	0.00414875859117427	0.00204900037748941	-6.96681013275885E-4	0.00577913174385561
2010-10-24	0.214023143237127	0.203906290360741	0.223464797332345	0.146404539049875	0.135232795373014	0.157660214372216	0.196974656739741	0.18674165445699	0.207359467805319	0.112204313435344	0.105268483818152	0.119216889097727	0.094781602519069	0.0850579761925332	0.104275277733379	0.0803233672980357	0.0742184634305583	0.086392720784597	0.0779849814468802	0.0729278168449551	0.0831148926781904	0.0388756981168012	0.0354779187779182	0.0423184210204513	0.0165520906289398	0.015115043908921	0.0180089774282615	0.0100099082224305	0.00772281848734949	0.0120180017320284	0.00844445087255757	0.0029232889063295	0.0153909291265956	0.00188655803818608	1.1788774787737E-4	0.00414330753913221	0.00205853303768766	-6.38240800904888E-4	0.00571554059184154
2010-10-25	0.214650511220965	0.204692011927508	0.22438500987005	0.1461551797141	0.133762161346251	0.158323350397031	0.196688412207827	0.186413917606756	0.207441353147816	0.112150667439302	0.105126141904713	0.119271544286937	0.0949737506653206	0.0845664798359797	0.105204971741821	0.0804311436516588	0.0742915209007355	0.0864149745919834	0.0780511714614405	0.0730567711060541	0.0832569198716354	0.0388966379627991	0.0354581169886846	0.042317987153187	0.0165506554056002	0.0151311042011623	0.0180303882457856	0.0100142312008186	0.00771751002459839	0.0120224400921868	0.00850435938760003	0.00289156343817733	0.0154444044190742	0.00189774739049206	1.49992329182317E-4	0.00417002130023131	0.00206924521736466	-6.09065914043699E-4	0.00572327602826866
2010-10-26	0.215316098721055	0.205429007050297	0.225112172873361	0.145816205487911	0.13313515049089	0.158178867658338	0.196407110290968	0.186190844258944	0.207104386138545	0.112023341727183	0.105035250653232	0.119311052534151	0.095115121346389	0.0840717928015086	0.105617792760087	0.0805006220460915	0.0744657482328967	0.0865378911522083	0.0781260277161335	0.0731241590646006	0.0832571941104914	0.0389156870018241	0.0354491094611704	0.0424428587904557	0.0165501369248946	0.0151061564981409	0.0180333227642695	0.0100136178751915	0.0077426368232814	0.0120592024861101	0.00856007643845145	0.00301469781706079	0.0154787443760941	0.0019074973214234	1.4210383635611E-4	0.0041554475315445	0.00207908636352894	-5.69536612493792E-4	0.00572219059762533
2010-10-27	0.215988579524046	0.206065703340349	0.225504010986995	0.145600860179734	0.13323244645331	0.158116217800613	0.196241924752376	0.186151746955281	0.206925506827477	0.111950937574625	0.104914036994571	0.119076583162036	0.0954031118061733	0.0848233495069401	0.105837223383697	0.080572838430682	0.0744595580983204	0.0866419338515545	0.0781913725156111	0.073129279287635	0.0832689227133337	0.0389385535783874	0.0355230198053798	0.0424262965983913	0.016550938552924	0.0150964772551052	0.0180590146858972	0.0100092648544883	0.0077388764347221	0.0120359499963951	0.00862815461720354	0.00313899513366664	0.0155560972480468	0.00191417429312697	1.46447634404626E-4	0.00414030463572339	0.00209424440292821	-5.49501388734777E-4	0.00570552109618575
2010-10-28	0.216606104203844	0.206850020644214	0.226197431412591	0.145302175754341	0.133644048875105	0.156959077493348	0.195903112556414	0.185857347502126	0.205847391633945	0.111836516349522	0.104834996034606	0.118800294712566	0.0955609715599068	0.0855683167716301	0.105595155500025	0.0806250337845074	0.0745484061790034	0.086734273959221	0.0782550353576333	0.0733051305372372	0.0833592288284906	0.0389535329288957	0.0355804075100555	0.0424639000156544	0.0165505302750133	0.0151107460411926	0.0180593641104223	0.0100132937696227	0.00782255769835876	0.0120397759879546	0.00869156360549594	0.00316394523784427	0.0156447481542807	0.00192035149040149	1.49112383903295E-4	0.00415742817966266	0.00210252336286496	-5.14698071625967E-4	0.00570893030700855
2010-10-29	0.217317516519995	0.207421581462181	0.226868744768311	0.142323415596701	0.130376127486325	0.154421082002013	0.195015423373895	0.185162046895738	0.205111935100632	0.112014147862674	0.105073564470708	0.118921809394874	0.0966284757758022	0.0861693157175039	0.107327334828391	0.0809265824467815	0.0750129234951206	0.0870339999716185	0.0783697013164165	0.0732564389141277	0.0833866835700534	0.0390108911702156	0.0355531780249637	0.0426585436767482	0.0165507886184634	0.0151254755579306	0.018045710713114	0.00998943308695267	0.00780364124666036	0.0120356481667268	0.00874975696869899	0.00326361345372485	0.0156358001060864	0.00192760392353693	1.58057133912769E-4	0.00413083177527091	0.00211360145015842	-4.60182523581908E-4	0.00571277499843762
2010-10-30	0.218002947592783	0.208298767138514	0.227542230381641	0.139211196401874	0.127426322931081	0.15106288554044	0.194088116515463	0.183950866949965	0.204303775169852	0.112196158940206	0.105287593787716	0.119296889894797	0.097676927553703	0.0870063401524148	0.108165988353597	0.0812352777510958	0.0752621195323845	0.0874226256586158	0.0785028127146716	0.0733642651928225	0.0836296982094618	0.0390679760165959	0.0356183316293264	0.0426986442234072	0.0165508909801824	0.0151204496452148	0.018046698191033	0.00996783449003638	0.00779496870708898	0.0120148804017317	0.00880849184413371	0.00334010222451873	0.0156932562057542	0.00193627624145432	1.45967601015979E-4	0.00415570062532102	0.00212569590047985	-4.1803197742434E-4	0.00571558736717342
2010-10-31	0.218730761268979	0.209004229275538	0.228165182242705	0.136195026590435	0.124609751087403	0.147063883554941	0.19323470568843	0.18342816790156	0.20311506918743	0.112356890649964	0.10554287125128	0.119487250048559	0.0986838810263762	0.0889546859095805	0.108507691238576	0.0815479198758195	0.0756705981145211	0.0877585249403859	0.0786267061677326	0.0735593617886221	0.0837066044444279	0.0391126825909362	0.0356941353316165	0.0427818857043148	0.0165513144172956	0.0150851834825839	0.0180616459859914	0.00994155312871194	0.00773839300953372	0.0119914578787676	0.00888117562509465	0.0033156451661725	0.0156862891219408	0.00194324977885534	1.59923552970592E-4	0.00415906143355547	0.00213195074639328	-3.96151995188772E-4	0.00572353830526236
2010-11-01	0.219281992591612	0.209274285001652	0.22884360142062	0.135199983201019	0.122578231085405	0.147156326393181	0.192465936636399	0.182022054363065	0.202709173369538	0.112417100714845	0.10548241920097	0.11954862412664	0.0995016570161963	0.0891713229230298	0.110003391304009	0.0817277755346828	0.0759469402987658	0.0878437051169858	0.0786610436686811	0.0736277389784493	0.083782994830396	0.0391881087571333	0.0356943095088119	0.042872923140706	0.0165504060880678	0.0150941075296613	0.0180653734338028	0.00993145666584725	0.00771265883273768	0.0119794593507981	0.00894354588745421	0.00329115726511949	0.0157060261541324	0.00194718172349602	1.58618204666522E-4	0.00418028079517441	0.00214147442525274	-4.02091997686206E-4	0.00565000344807229
2010-11-02	0.219829250248901	0.209694877259489	0.229422726854212	0.134161891181189	0.121607566737097	0.146828440594986	0.191744270802403	0.181313012779341	0.202188692919459	0.112484518091455	0.105387008045359	0.119926828369991	0.100317979880685	0.089473443394339	0.111285187249032	0.0819025086989438	0.0761334708091684	0.088079925118429	0.0786807617331893	0.073512645221469	0.0837488399427856	0.0392655871059359	0.035775688010761	0.043052479944705	0.0165511177773893	0.0151053163222971	0.0180698385380315	0.00991524100027733	0.0076648571426349	0.0119990599367266	0.00901340146561365	0.00335266012322885	0.0158228601180856	0.00195214287917729	1.23765364965422E-4	0.00416612715514605	0.00214479811590872	-3.59846016273403E-4	0.00567352669072752
2010-11-03	0.220365055955225	0.210422750354855	0.230060852926949	0.133105288728586	0.120529979420435	0.145213266155289	0.19092877440063	0.180687340073886	0.201386084526746	0.112576787813204	0.105373321941539	0.119960407960935	0.101131689885643	0.0904787234040948	0.111727056778151	0.0820631874795194	0.0763646100565412	0.0882283930646303	0.0786946098712883	0.0735348121059784	0.0838532940882099	0.0393390849702489	0.0358662035295803	0.0431382883820383	0.0165522890396768	0.0151076401521236	0.0180676252324455	0.00989848072002791	0.00760911908196653	0.0119721632230127	0.00908307417154511	0.00340020418830067	0.0158255606762564	0.00196068892527299	1.21055380510635E-4	0.00418725157468573	0.00215816026871806	-3.35841601624411E-4	0.00567299507004786
2010-11-04	0.220906841087109	0.211083549806772	0.230529363713795	0.132123648319822	0.119867766903006	0.14399650088215	0.190152582325962	0.180121974221271	0.20045049282952	0.112660225724633	0.105576618841478	0.120116353234194	0.101909066211101	0.0918238476923979	0.111980158814741	0.0822540552031867	0.0766183912213281	0.0883581853468651	0.0786943384316444	0.0734243625557463	0.0838620658940251	0.0394219028904886	0.0358938975322243	0.0431923391915887	0.0165518791762222	0.0151294275216405	0.018044039837094	0.00988265680792866	0.00758756200452307	0.0119679305865821	0.00914667487896966	0.00344742006964277	0.0158726837971853	0.00196757152478846	1.07242808896189E-4	0.00420674688466272	0.0021705508784093	-2.82731538745072E-4	0.00569430519242524
2010-11-05	0.221828545199779	0.211861280205091	0.231505812827139	0.130164328377875	0.118002493149657	0.142274330441716	0.189283001681532	0.179358546277202	0.199842836400403	0.112506557296707	0.105406174575743	0.119967712570959	0.102319293853404	0.091803230701644	0.113063398787106	0.0824683059058284	0.0766687669170857	0.0887839116689342	0.0788734179527619	0.0736430778629061	0.0840861506587126	0.0394646062607519	0.0359050061118521	0.0432317992429336	0.0165467886345871	0.0150621798139771	0.0180347072387538	0.00992516494706546	0.00765576006788506	0.0120323850295071	0.00920780840016616	0.00347459886497775	0.0159207774260007	0.00197556852479014	1.23913541122602E-4	0.00421736251180373	0.00217728367513386	-2.47758303124638E-4	0.00568951112363937
2010-11-06	0.222683683133225	0.21250706720951	0.232710130905414	0.128274927904337	0.116150949926224	0.14036749263785	0.188432391849413	0.1784642062291	0.198887539834121	0.112348929698291	0.105126543841905	0.119696430857772	0.102769659817338	0.0921428378564076	0.113219407374454	0.0826380012835304	0.0768728521963573	0.0888171998806181	0.0790618936289597	0.0737778236076962	0.0842592172915906	0.0394996384005687	0.0359103480372944	0.0432254864917057	0.0165452115603246	0.0150904590579633	0.0180073401840487	0.00996694221310047	0.00767565836334586	0.012073770937323	0.00927265972865961	0.00364449509533868	0.0158791638474168	0.00198289721039563	1.19148298470497E-4	0.00424377947390016	0.00218681817332246	-2.47474428872898E-4	0.00568409987263121
2010-11-07	0.223674365749905	0.213539118614974	0.233491088831555	0.126479739065451	0.115154883572809	0.137564659688728	0.187578691726349	0.177657580004215	0.197895279834418	0.112213757653693	0.104972008603325	0.119384698060377	0.103188551820629	0.0930413530328975	0.113491571850531	0.0828263103282068	0.0769629458075068	0.0888841605838121	0.0792236416923887	0.0738827412524224	0.0845151278850707	0.0395243095382889	0.0358824833398579	0.0432355293949294	0.0165448058244761	0.0150865622917778	0.0180092512597018	0.0100115296503756	0.00775912190359196	0.0120964472482294	0.00933127478824092	0.00361756503414589	0.0158579750419049	0.00198779492890084	1.28899250169494E-4	0.00424878378176285	0.00219531036848823	-2.16868844710286E-4	0.00564420346994379
2010-11-08	0.224323766765245	0.21395726567182	0.234600810061183	0.126018216361518	0.113495519133302	0.138365074316842	0.186453042505988	0.176065225310634	0.196968467860188	0.112209988498854	0.104947265870351	0.119417764376957	0.104237852055561	0.093099614513074	0.115525186632087	0.0829196389523739	0.0770137372834679	0.089228344170461	0.0793145813021601	0.0739546387145118	0.0847568645654107	0.0395376541225746	0.0359487800689722	0.0433073419513594	0.016544174501005	0.0151265869930738	0.0179982527759497	0.0100657258553837	0.00777746523502109	0.0121660913867184	0.00940010592334349	0.00363683320966593	0.0158389365949676	0.00198818842263344	7.24619643476773E-5	0.00425051609468094	0.00220551369237532	-1.7968718124728E-4	0.00566891656955329
2010-11-09	0.224985299446709	0.214447088786594	0.235923411257305	0.125585657924754	0.112338142214343	0.138789570517421	0.185299297211064	0.174625369348943	0.195911427535333	0.112196167889256	0.104652901305565	0.119528456184551	0.105184315829529	0.0930701264299842	0.116927224133845	0.0830119159979541	0.0769560022639018	0.0892566449729692	0.0793908204578795	0.0738980351911141	0.0849094034291801	0.0395465765898262	0.0359107506303135	0.0433279924264776	0.0165431284123269	0.0151080029641742	0.0179880318307202	0.0101191718124943	0.00790694957864522	0.0122040905353546	0.00946694140845502	0.00371020335749496	0.0158139989390851	0.00199433611677145	1.11149325160428E-4	0.00426738042596087	0.00221755684675726	-1.76579816320916E-4	0.00567057311236213
2010-11-10	0.225663651777117	0.215177091768251	0.236877487633466	0.125185243743298	0.111330682768571	0.139105134323003	0.184275843484871	0.173633943078292	0.194981448825091	0.112142225637607	0.104917025780247	0.11942239032042	0.106137053124162	0.0939676869576538	0.117916804555522	0.0831074055917792	0.0769681482760757	0.0893161754314008	0.0794639771959016	0.0740107789317164	0.0850467655807369	0.0395604743514671	0.0359450935822768	0.043343937240049	0.0165429300166032	0.0151020419754765	0.0179795850065705	0.0101769884203364	0.00792740866874847	0.0122558818098899	0.00953250571537689	0.00380080874301777	0.0158411280677876	0.00200282858679328	1.0453812599794E-4	0.00428895391712583	0.00222852492442403	-1.69497174690193E-4	0.00576295417354451
2010-11-11	0.22628498997453	0.215700125091004	0.237453434399432	0.124664436957103	0.11052588067566	0.138349942791296	0.183258051438273	0.172691684548047	0.194221421465296	0.112113139113378	0.104817179712742	0.119244330528476	0.107150287727767	0.0947397753365289	0.119230698998818	0.0832034040670767	0.077239628246435	0.0896336718338966	0.0795585763070319	0.0740605098524104	0.0850705446508159	0.0395816702297846	0.035849116592831	0.0433310224932354	0.0165391820911442	0.0151094088940609	0.0179754926626149	0.0102337275420641	0.00797583137801273	0.012341748898432	0.00959315481086345	0.00380390808249095	0.0158584548354658	0.00200978142290021	6.73585692832868E-5	0.00432628716274569	0.00223843991887843	-1.83563354725825E-4	0.00575549445124459
2010-11-12	0.22693348087587	0.21650780364406	0.238061626434584	0.124258800111489	0.110936672565438	0.137639774783678	0.182225621081994	0.171645856402223	0.192905478303215	0.112060243498227	0.104659230489831	0.119145831252986	0.108204365464743	0.0959383496128936	0.120526275429047	0.0833258835971816	0.0773307883193906	0.0895623183994237	0.0796416174732811	0.0741838881521992	0.0851616359818746	0.0396001285089904	0.0359329948759529	0.0433338844625479	0.0165365987469291	0.0151240930809463	0.0179627637845436	0.0102978544865569	0.00805403025037122	0.0124037367031113	0.00965841894322095	0.00375334179471027	0.0159160754889554	0.00201298946598269	7.24589443407918E-5	0.00435022777163223	0.00224759684634078	-1.65611963877444E-4	0.00571582041598511
2010-11-13	0.227592039786497	0.21729298143496	0.238902498177345	0.123854563547599	0.111133652561155	0.136504712055406	0.181158518202304	0.170863285942691	0.191997321214965	0.112017593889789	0.104744026665135	0.118972724982976	0.109230762074181	0.0977401828674253	0.121141259457119	0.0834379479492742	0.0773255495948711	0.0897227859847129	0.07971423219258	0.0743286529674994	0.0852027321969498	0.0396138157247891	0.0358930910791595	0.04334942788481	0.0165339948577373	0.0151113960667953	0.0179619429753031	0.0103609506633824	0.00817557571483699	0.0125058975474934	0.00972257919615972	0.00377786154870405	0.0160652273419677	0.00202313095554673	4.08583085257981E-5	0.00439252713666403	0.00225611964701353	-1.4659381749949E-4	0.00574030442464118
2010-11-14	0.228224114730744	0.218369896956639	0.239187693129955	0.123339453790808	0.111823154501271	0.13447244893931	0.180122273227961	0.170096325655214	0.190353447331455	0.111976043203693	0.104892997157219	0.118840004135632	0.110179720670108	0.0994439431086973	0.121192442085907	0.0835735272297581	0.0774778093305164	0.0896702759707503	0.0797977896465267	0.0744851788450308	0.0853655638155197	0.0396312916795577	0.0359649738497946	0.0433576206868399	0.0165341257858086	0.0151261030585805	0.0179592933508216	0.010425406888362	0.00826102546436464	0.0125966640120567	0.00977621444926038	0.00380029624810231	0.0159777342646693	0.00202857577266322	7.30397892989411E-5	0.00439079949257856	0.00226524076076244	-1.53063559910366E-4	0.00573277903128001
2010-11-15	0.228922823626567	0.21899280367185	0.240191863071118	0.123619716754178	0.11157313854129	0.135394493489618	0.178423095132224	0.168279507738176	0.188963320348184	0.112258443490958	0.104869512498266	0.119066059468909	0.110667901945821	0.0993405453289105	0.121948607368934	0.0836950725832519	0.0776580936880283	0.0899852717825262	0.0797944511665604	0.0745154214127193	0.0852169661545848	0.0396271535491	0.035912817474845	0.0433659297827807	0.0165305442896038	0.0151289266094651	0.0179297046648552	0.0105005085390483	0.00831717456559009	0.0126490920558432	0.00982987089455813	0.00393349376936171	0.0159645951202689	0.00203278044034132	7.33339856319076E-5	0.00442057097923653	0.00227862235828462	-1.49530273515033E-4	0.00575795722058861
2010-11-16	0.229554826902717	0.21956204141711	0.240409750357707	0.123838269056554	0.111536675892322	0.136203024795118	0.176800729226141	0.166695471791968	0.18713189032187	0.112540479838033	0.105159346967973	0.119453779855213	0.111190987288289	0.0998437679456265	0.122220187187289	0.0838221371878837	0.0777840810103455	0.0900646971536117	0.0798103114597808	0.074504237371902	0.085337662451684	0.0396260236254724	0.0360057358936191	0.0433708327296318	0.0165276027955769	0.0151208970177774	0.0179252472402531	0.0105808724336321	0.00838387817899163	0.0127655188501686	0.00988414882984679	0.00405078451111808	0.0159411837652241	0.00203698020800489	2.01935256899133E-5	0.00441152759145916	0.00228316256241078	-9.27788481008388E-5	0.00578136564844614
2010-11-17	0.230222314413098	0.220328919090628	0.241165144038337	0.124171689401009	0.112112852552828	0.136444098138218	0.175095282629964	0.164829852507805	0.185149277289561	0.1128154400974	0.105664688156525	0.119968461191745	0.111687050043417	0.100311037065314	0.122485439875039	0.0839470965601101	0.0781274937393822	0.089985216934163	0.0798137804610686	0.0746402108144147	0.0851881803939348	0.0395988935945699	0.0360237604937361	0.0433240857615882	0.0165272606177964	0.0151460516158234	0.0179336213809175	0.0106553149866786	0.0084730040789772	0.0128076451574663	0.00993656580437423	0.00417308728747101	0.0159451134825009	0.00204267989353712	1.07586628452548E-5	0.00449142732481256	0.00228904887126005	-1.10475268878765E-4	0.00573381575237729
2010-11-18	0.230846533747776	0.221257452322648	0.241413738716336	0.124461528016229	0.112931306104914	0.135902049486712	0.173418213766861	0.163329321525814	0.183349178408959	0.113088546933942	0.10589365096367	0.12025538176353	0.112188883569167	0.102122781054769	0.12203978419026	0.0841007192944471	0.0783177598923384	0.0900663205522658	0.0798045616648017	0.0745818268653732	0.0850754571146892	0.0395886845521522	0.0360118082954108	0.0432121828288472	0.0165287114195696	0.0151261813163258	0.0179239292084578	0.0107382819189757	0.00856763998111135	0.0128350769889835	0.00999562683313168	0.00420319094274403	0.015871047403087	0.00204938110242376	5.88749130719547E-5	0.00451960449738489	0.002294545889531	-1.21777667401234E-4	0.00577993444895286
2010-11-19	0.23147948755147	0.22202363418105	0.241758995931605	0.124324495228001	0.112854980034029	0.136149247794095	0.172274596399869	0.162149821766115	0.182155275931668	0.113249368492362	0.10627246061878	0.120483285941084	0.111886442174936	0.10142792031053	0.122435406206735	0.0841359573656247	0.07837276734341	0.0899267907579248	0.0798820369311442	0.0745006234370014	0.0850947541163955	0.0395547734914161	0.036020287068484	0.0432218024047904	0.0165258513962907	0.0151223581302581	0.0179476338796142	0.0108594629442948	0.00871667527837613	0.0129699636112498	0.0100610681395069	0.00428979856282368	0.0158356481863198	0.00205867070901101	5.24123999956799E-5	0.00456830702972445	0.00229823730681091	-9.14847323001556E-5	0.00579616427729258
2010-11-20	0.232145182576476	0.222709221534578	0.242306763698227	0.124001877137715	0.112671888614331	0.135393474261916	0.171115994894654	0.161378625636255	0.180812923921655	0.113442996323994	0.106610000693795	0.120451218927141	0.111513335110727	0.101197131083572	0.121955986291469	0.0841815392381362	0.0784517963823081	0.0899819952290631	0.079967866804803	0.0747711619450894	0.085159470531408	0.039527145241882	0.0360056305179063	0.0431833986335865	0.0165211850035686	0.0151107139857297	0.0179335903167751	0.0109889878602574	0.00881265328888701	0.0130638281117859	0.0101176773264868	0.00443598132017494	0.015837465267458	0.00206111559059901	5.45027032382575E-5	0.00458110978824798	0.00230265112864572	-8.71873212605324E-5	0.00578957845917642
2010-11-21	0.23278181426802	0.223652223702282	0.242892441879625	0.12378312706116	0.11361568908653	0.13416415282351	0.170022422959918	0.160564393889909	0.179746978459663	0.113571237837978	0.106646038893116	0.120354124880482	0.111210016655977	0.101650971735245	0.120629182604507	0.0842128717255767	0.0784793754886634	0.0898985403177244	0.0800803288496846	0.0748572887301107	0.0852605084580557	0.0394863051700365	0.0359410229637757	0.0431385852023492	0.0165190664973564	0.0151100658776065	0.0179590157410449	0.0111154336223112	0.00895048786948555	0.0131795073460591	0.0101816717736833	0.0044280182397669	0.015895686025615	0.00206556099922703	7.18149175442447E-5	0.00453864733576995	0.00231246696723355	-7.92543988730511E-5	0.00579851763547047
2010-11-22	0.233100222790072	0.223834680198284	0.243333194450449	0.125747654327611	0.114751108789721	0.136298632046333	0.168757331035236	0.159032028774756	0.178460505900415	0.113869196839421	0.107172044839421	0.12064711099653	0.109772939336898	0.100120136478765	0.119441579118868	0.0842954770220367	0.0785945675372698	0.0900581329332985	0.0800995229418622	0.0747957343619373	0.0854114212481928	0.0394337041759641	0.0358458525235102	0.0431706508890391	0.0165160050083581	0.0151084677766113	0.0179297429977189	0.0112526311169867	0.00908045956066504	0.013338566123692	0.0102408159775769	0.00451652978181186	0.0159576839403871	0.00206932319809687	9.84109628825107E-5	0.00460426478870369	0.00231704690236748	-6.57522292030177E-5	0.00576259110033038
2010-11-23	0.233014779808077	0.223488300108189	0.243667296989089	0.125428554143884	0.113397842597644	0.137634146559219	0.168380452035079	0.158290680743486	0.178244276552168	0.114125142956058	0.107156998079116	0.121012114906285	0.110013542226225	0.0992073862429187	0.120798832985728	0.0842415054045768	0.0784260425375045	0.0899072243412791	0.0801351121066546	0.0746646810539416	0.0856178796967775	0.0394084590061617	0.0358740807648586	0.0431181670649567	0.0165218217314887	0.015110949381188	0.017933033985362	0.0113497593099198	0.00915152154537431	0.0133979738872958	0.0103106089633821	0.00450006509086607	0.0159711670416391	0.00207678028067385	1.10138246127788E-4	0.00458555316723543	0.00232253106650006	-7.84635472946683E-5	0.00581559026069963
2010-11-24	0.232930158758572	0.223087822242092	0.243709823480958	0.125138974843691	0.112021128238964	0.137472999898482	0.167894806836349	0.157346854693674	0.178238734830598	0.114418454457024	0.107273658848342	0.121600029361454	0.110293806061069	0.0989200550316169	0.121783820074045	0.0841981516769637	0.078323065686781	0.0899178398398833	0.0801434865695424	0.0745909221185277	0.0856014416525687	0.0393973366789827	0.0357573347789495	0.0431308025384669	0.0165248699246378	0.0151222406593582	0.0179420172043062	0.0114480755906285	0.00923392228998959	0.0134584057072947	0.0103862042730961	0.00469429446402479	0.0160802512341697	0.00208352172844816	1.2317375638784E-4	0.00458825261996408	0.00232619518857348	-8.16148716563744E-5	0.0057905859461038
2010-11-25	0.2329001390947	0.222695994800951	0.243921812648544	0.124862118818014	0.112077182173913	0.137430038028656	0.16757197005571	0.156890609801704	0.177937369883845	0.114700279376607	0.107650474819063	0.121849952932634	0.110498062459757	0.0988527635081515	0.12254555738804	0.0841415141374794	0.0783167278657086	0.089972651343779	0.0801606618006663	0.0747373349654381	0.0856661253228428	0.0393767475115375	0.0357819116170803	0.0430465815863259	0.0165263496199044	0.0151098963151204	0.0179350731806104	0.0115407623250894	0.00934269494277838	0.0135783525513988	0.0104561315716952	0.00475073550110578	0.0161197670987586	0.00208551575790326	1.40206640113529E-4	0.00460467865404647	0.00233692581111185	-4.69297999469859E-5	0.00578184777990415
2010-11-26	0.232875471340231	0.222893011957196	0.243662816011732	0.124603516135344	0.111842448886524	0.13730442545906	0.167245944865428	0.156573462318749	0.177836875071748	0.114944179717864	0.107922877818268	0.122105630749723	0.110691964034291	0.0992882824124282	0.122073326900133	0.084108011710775	0.07836332435996	0.0899129161409061	0.0801748293909828	0.0748308612054399	0.0856180760534139	0.0393494564579163	0.0357283074420136	0.0430700561924498	0.0165284620622617	0.0151289888782914	0.0179488633254608	0.0116368347033115	0.00947623672549905	0.0136890534001763	0.0105172419459154	0.00480552673834079	0.0161478668144609	0.00209182340973783	1.40309572012529E-4	0.00458065124072549	0.002341737249195	-7.60119793760317E-5	0.00578129836888239
2010-11-27	0.232768722267029	0.222821239509951	0.243275194707294	0.124393269142828	0.112444783651102	0.13672688387355	0.166900209698401	0.156660156039706	0.177210399683002	0.115210652327226	0.107966796790868	0.122459625908525	0.111001924875668	0.100019351192567	0.122558958967201	0.0840352328640559	0.0781532561720738	0.0897250860966355	0.0801989262604511	0.074887305429164	0.0856106018251649	0.039340770995259	0.0358514022484631	0.0430125711265772	0.0165298202327885	0.0151203452659593	0.0179631080986081	0.0117393067380763	0.00954562184028091	0.0137767464782052	0.0105933863337096	0.00494725753374433	0.0162444751342189	0.00209971002445226	9.7770704681139E-5	0.00459007574068732	0.00235172828918867	-3.31709635654629E-5	0.00579996379351401
2010-11-28	0.232672830587686	0.222860547501609	0.243095523442255	0.124100184793906	0.112779759675677	0.135446392058375	0.166519132919216	0.156346502748915	0.176527396191772	0.11549501547686	0.108465209638443	0.122602568700442	0.11121312864035	0.100971828261774	0.122194571751393	0.0839650178965032	0.0781747881796512	0.089689029448983	0.0802201581964157	0.0748085267382975	0.0855406505962998	0.0393247733438483	0.035796891554103	0.0430198940555429	0.0165308200114799	0.0151291328392656	0.0179323569615208	0.0118358613576575	0.00960540244848394	0.013902885483101	0.0106714664605064	0.00502974620568592	0.0163351667278143	0.00210677557806129	1.14352627530602E-4	0.00461724224338275	0.00236224583697226	-5.70620985313346E-5	0.0058465366236097
2010-11-29	0.232384195473571	0.222633302855945	0.242757373328919	0.124699176988031	0.112705789011948	0.136647339960261	0.166192402520045	0.155569738162652	0.176527221366727	0.115789582111344	0.108797493999235	0.123154262290392	0.111235479949633	0.100048761629898	0.122639655916829	0.0839391820264355	0.0780456601412026	0.0897333547345097	0.0801750535590871	0.0747205987726456	0.0856150278192935	0.03928211234482	0.0357819455127161	0.0429294516007436	0.0165364865373905	0.0151268137861714	0.0179389616968076	0.0119214575252595	0.00968720444866928	0.0140001111688647	0.0107340353841508	0.00504574046062856	0.0163368161673672	0.00211071139970325	9.04147013894255E-5	0.00463003920269928	0.00236965500534238	-4.8758288454948E-5	0.00585081072275732
2010-11-30	0.232205082495586	0.222305138720037	0.242605743036893	0.125319132454454	0.112724165267272	0.138142823157997	0.165744328358877	0.155088052492019	0.176273280676387	0.116031509260967	0.108852547233189	0.12348255250845	0.111144740032827	0.0999000912369057	0.122791329811204	0.0839162801743294	0.078036863215957	0.0896363081287317	0.0801289544805594	0.0744707438905539	0.0856107929361796	0.0392416229799692	0.0356530327221597	0.0428769477835369	0.0165384372657985	0.0151236515904098	0.0179225447353921	0.0119936508253694	0.00979940840599748	0.0140704976596319	0.0108129661688406	0.00510933271058321	0.0164757835859063	0.00211805586788843	9.50910592879384E-5	0.0046587365746702	0.00237843847057974	-5.94601387117314E-5	0.00583102858694051
2010-12-01	0.2320007864619	0.221824859521675	0.241943548811358	0.125780316765756	0.113074556644204	0.138358538366129	0.165482789865557	0.154819193187283	0.175821616184069	0.11629791855183	0.109130121822405	0.123640256073992	0.111125280649604	0.100084383050066	0.122628599894639	0.0838914044366405	0.0779470399085965	0.0896040917307421	0.0800706807388646	0.0746076031114248	0.0856303756403953	0.0391988326089331	0.0356419530184111	0.0428552052594449	0.0165407981842157	0.0151130190667551	0.0179166142744445	0.0120725710614045	0.00984643726140934	0.0141525009643479	0.01088219352058	0.00511103161847235	0.0166192015266315	0.00212526176416179	1.19268059242897E-4	0.00468850073518165	0.00238745288997527	-8.0219594550968E-5	0.00585454236443252
2010-12-02	0.231790456461348	0.221777417939145	0.241701414552436	0.126382788340443	0.114135925939726	0.138263830982544	0.165064175077764	0.154629247140238	0.175283392034756	0.116611993983519	0.10950923527732	0.123909241296659	0.111117903301458	0.100438881375287	0.122269888465898	0.0838763008729764	0.0779922913203721	0.0895668046552381	0.0800364454651195	0.0745829030956866	0.0857205555697636	0.0391683482716053	0.035613931584861	0.0428643553635083	0.016545376738714	0.0151037868782334	0.0179353033774087	0.012151055381808	0.00991105492244642	0.0142455886726181	0.0109433039513462	0.00511845145046506	0.0165723663068878	0.00213208594069095	1.06649731243449E-4	0.00469594692521964	0.00239960869293478	-3.39533649821475E-5	0.00588649429741302
2010-12-03	0.231785155611833	0.221714792594687	0.24191381207599	0.125876031126157	0.11348292046386	0.138131147419528	0.164909935450803	0.154308036699378	0.175484198475377	0.116740694146844	0.109469146113821	0.124455074678177	0.111111983286716	0.0997919339768193	0.122363641553112	0.0837465365733668	0.0778011743290261	0.0896398035246679	0.080025673537368	0.0746406108250858	0.085616188978799	0.0391248066110824	0.0355859907746178	0.0429388056543883	0.0165440665609799	0.0151327340447454	0.0179293680685357	0.0122546907090137	0.0100555550602115	0.0143741739517437	0.0110117766597467	0.00514585509834568	0.0166635798649274	0.00213800585659971	1.15012460246952E-4	0.00468666487057705	0.00240806903644242	-3.85584816926765E-5	0.00583342906755573
2010-12-04	0.231780306116304	0.221823604767349	0.241777426195381	0.125462183544587	0.113295598862296	0.137481135994576	0.164745980042651	0.1539945572645	0.175169416989976	0.116864230143117	0.109663646148354	0.124475207250276	0.111062983043412	0.099888836104384	0.121717108624748	0.0836065388094151	0.0778128738227457	0.0893573844414002	0.0799965486556747	0.0745172152151114	0.0856933502704009	0.039081113617327	0.035491790370301	0.0429143205454855	0.0165465335609853	0.015131860412815	0.0179317682859548	0.0123553935338359	0.0101125598766301	0.0144703197393824	0.0110785620800329	0.00522151912819209	0.0167596275276814	0.00214439559166804	1.50663063342774E-4	0.00468522899124997	0.00241399063301208	3.08752309134867E-6	0.00586404645284565
2010-12-05	0.231772043300105	0.221810146665485	0.241593938130312	0.124950834427407	0.113812958183317	0.136564775808474	0.164540579842628	0.154116609691202	0.175174925821511	0.116984632670371	0.109630574892169	0.124410626118579	0.111048981217131	0.100009401605934	0.121808598725525	0.0834552278624613	0.0776032856510905	0.0891706442163166	0.0799722761090405	0.0744428714089489	0.0855233210794856	0.0390406644701696	0.0354872455040088	0.0428965616046799	0.0165492254511246	0.0151171342150563	0.0179216289895178	0.012464961527893	0.0102101418957864	0.0145540662970958	0.011158884698407	0.00529015328091357	0.0168061708535355	0.00215355897203969	1.58735989888545E-4	0.00472761825505912	0.00242279137231425	-2.07106729612036E-5	0.0058549786753619
2010-12-06	0.231619037924439	0.221387886072492	0.241902359777983	0.125471968421282	0.11302458256751	0.138456189659514	0.164766273776732	0.154231672642972	0.175506584065195	0.116913417770328	0.109504550738959	0.124771933028952	0.110784516096532	0.0990935526021826	0.122547913702974	0.0833654263058011	0.077493133154815	0.08919621355932	0.0798830890939265	0.0743701807098917	0.0854676714793871	0.0389607743820311	0.035326717175117	0.0427691315256424	0.0165506222880912	0.0151142529384566	0.0179238206255381	0.0125549135796634	0.0102893611919244	0.0146938205093105	0.0112260649463576	0.00536946449062208	0.0168762540308364	0.00216308138647949	1.72621784850497E-4	0.00476762292082666	0.00243357724073492	-3.86638661385111E-5	0.00585692253425155
2010-12-07	0.231396460101487	0.220878331222419	0.241391752417505	0.12603353945435	0.112520687572733	0.140104013043399	0.16490316107769	0.154066576361894	0.175981168547967	0.11689070032778	0.109228301888783	0.124687523649501	0.110468281208142	0.0978407543877443	0.122689235885201	0.0832666588957084	0.0774440731523274	0.0892023676909068	0.0797907811523399	0.0741124097170118	0.0854893848457234	0.0388810918669107	0.0351025556043334	0.0426989045095962	0.0165556195011733	0.015127706235245	0.0179131148726497	0.0126372453481151	0.0103994152948691	0.0147823394096139	0.0112914155735526	0.00540278347722347	0.0169748906772025	0.00217132279063318	1.99059365086531E-4	0.00477191041954633	0.00244404371369291	-3.37339676675976E-5	0.00585804561698879
2010-12-08	0.231234740304629	0.220923319126389	0.241502281193703	0.126663366621521	0.112556719851929	0.140921529862845	0.165079955262366	0.154160890487829	0.176376721559837	0.116832248357925	0.109355971328491	0.12480681242126	0.110209730359997	0.097116590424579	0.122899024641753	0.0831680448129416	0.0773804053281018	0.0891734915408046	0.0796664796388064	0.073925568358166	0.0854669963738102	0.0388210678370479	0.0351597621249963	0.0427434242475849	0.0165576725198304	0.0151220111180881	0.017919637044195	0.0127288282946579	0.0104665493750842	0.0148989491032245	0.0113463866479626	0.00556471318463988	0.0170827437131025	0.00217622959670137	1.73720297436236E-4	0.00480750949867652	0.00245502136240775	-2.61545827459854E-5	0.00589336817743125
2010-12-09	0.231037758430519	0.220682709503795	0.241533476980206	0.127354449378668	0.112912364475515	0.141948802118941	0.165242109700685	0.15397236564205	0.176797582100139	0.116791278402346	0.10928606255651	0.124515436573866	0.109998973857165	0.0971831377093236	0.122700359034999	0.083061284883301	0.0770714443613883	0.089014769625808	0.0795714033062175	0.0739247671880426	0.0853627132787471	0.0387325342108078	0.0349964084226089	0.0427212787906773	0.0165607893170567	0.0150977456039276	0.0179178306930734	0.0128102835739673	0.0105828029987006	0.0149992815172861	0.0114010159537111	0.0055217875249876	0.0171790144664693	0.00218602297262886	1.95735048558507E-4	0.00476474517344965	0.00246433770965207	-1.51178726558675E-6	0.00590002196166809
2010-12-10	0.230857098948146	0.220247649510536	0.241217598318824	0.127989930816449	0.114264520082692	0.141684227103933	0.165461203584208	0.154431748348675	0.17651610805354	0.11675624423889	0.109223478556159	0.124454790631453	0.109744491852484	0.0969142170680765	0.121909481096605	0.0829432349047204	0.0768552732822487	0.089067839373228	0.079455569605137	0.0738169184913642	0.0852715017027647	0.03865905817595	0.035002424577296	0.0426898288263184	0.0165613072894207	0.0151394882044547	0.017936700037188	0.0128958126628624	0.0106948625047667	0.0150584674700629	0.0114722179047118	0.00568414619622283	0.0172093213853714	0.00219247432643621	2.04807350789581E-4	0.00475914622791261	0.00246890627818462	-4.70796626183296E-5	0.00588105353726208
2010-12-11	0.230740652655615	0.220588267216813	0.241179995167563	0.128593057872867	0.115679677836908	0.141410724741848	0.165599808591615	0.154563674980775	0.176496306544513	0.116695778224364	0.109125668239156	0.124753108614778	0.109394696148592	0.0974546324390249	0.121045565116812	0.0828464609841142	0.076721016050299	0.088909948594197	0.079361205882606	0.0737500561031961	0.0851388229025144	0.0385974325613244	0.0349044434277405	0.0425755539486178	0.0165637924193231	0.0151629155546916	0.017925514431564	0.0129799970258428	0.0107875970184076	0.0151629827331422	0.0115307303992521	0.00581955142344857	0.0172609237865604	0.00220004096130236	2.0558038068657E-4	0.0047772315108935	0.00247900915245384	-4.93582350385537E-5	0.00584717457897557
2010-12-12	0.230588078995857	0.220705505739406	0.240814319208114	0.129309323321765	0.117677891368289	0.140711158579417	0.165790892008139	0.155121827034173	0.175942407400755	0.116624811504437	0.109076367593648	0.124352991040187	0.109131650415677	0.0979706390080853	0.120051606157283	0.0827642466460459	0.0766518988110098	0.0889219684401377	0.0792755755663217	0.0736616062517136	0.0849773335857864	0.0385326289562013	0.0348754383108202	0.0424947511250131	0.0165663696912811	0.0151645814563541	0.017929117185439	0.0130641932586157	0.0108817686541319	0.0152438807052228	0.0115835999425184	0.00582305907047184	0.0173193920856929	0.00220545673721245	2.59422115908306E-4	0.00478765352453225	0.00248941125438826	-3.1994399791702E-5	0.00587342950513838
2010-12-13	0.230179045297193	0.220042466608397	0.240478469407407	0.130418363184311	0.117753050838944	0.142957713577883	0.165866373694934	0.15501925685374	0.176358055140418	0.116628769308376	0.109088974134332	0.12453067699011	0.109307428758721	0.0978435487938611	0.120513303571629	0.082700737365404	0.0764760229533009	0.0887171393414241	0.0790834112221061	0.0734230352339209	0.0846554386309736	0.0384240380360739	0.0347779277495031	0.0425294167738458	0.0165662481520076	0.0151682612057063	0.0179350108670691	0.0131423752789579	0.0109122945377998	0.0153684229825606	0.0116275059122482	0.0057787624964312	0.0173589708294143	0.00221078270383251	2.38840740321214E-4	0.00476513826338168	0.00249953829658174	-2.48808566472804E-5	0.00588654062724947
2010-12-14	0.229822108632721	0.219483769416229	0.240094449767531	0.131732032928348	0.118957130777655	0.144316055596702	0.166100940820151	0.155020091560828	0.177009282346987	0.116625977420539	0.109056593099684	0.124796042747077	0.109577830950312	0.0980532083215716	0.121368304796697	0.0826433774568106	0.0764074303206714	0.0886418182720377	0.0789112796463308	0.0733361546739753	0.0846834014026518	0.038323801633636	0.0346661583725549	0.0423470728667851	0.0165670853565902	0.01514662765485	0.017943642352074	0.0132222139198949	0.0110364018619258	0.0154650149587639	0.0116899083056606	0.00571325417834865	0.0174174762123792	0.00221420077406877	2.75247646848731E-4	0.00473619432630769	0.00250921736743033	-6.41162085549676E-6	0.00591289024816186
2010-12-15	0.229421461179189	0.218975311233005	0.240048425194568	0.132984380469882	0.120062208606156	0.145540640022749	0.166211463803991	0.155124942225726	0.176871545946003	0.116623433565898	0.109022134060504	0.124648584974617	0.109734114677956	0.0984015977247254	0.121202444144426	0.082559698832212	0.0763260429253255	0.0884366089593915	0.0787161372284005	0.0730934371512334	0.0844362348587844	0.0382185398477566	0.0345626454639485	0.0422435183341792	0.016569518397182	0.0151524745263557	0.0179393348332324	0.0133037644012984	0.0111145547005164	0.01558674416856	0.0117565656929226	0.00573863063019442	0.0174296218228648	0.00221712796869645	2.90998734031617E-4	0.00474659867072083	0.0025228900134547	-8.46122374277312E-6	0.00594106732476766
2010-12-16	0.22902353124548	0.218618415563813	0.239736337285478	0.134212459009427	0.121962808684494	0.146623875241419	0.166301827304925	0.155330036579171	0.177147811978648	0.11663826791369	0.109126992101929	0.124714902661388	0.10989481691848	0.0991684980540707	0.120800098310853	0.0825132626119045	0.0764394757686141	0.0883955547802669	0.078524614060104	0.0728621932997979	0.0841790109888691	0.038113448477432	0.0345719740538647	0.0421404613703988	0.0165690910557795	0.0151397528239598	0.0179268879730978	0.0133807664965273	0.0112014273583652	0.0155999364779137	0.0118139583557414	0.00580947547251498	0.0175566947055191	0.00222169574316635	2.74566006195299E-4	0.00477433727148003	0.00253387105767712	-1.87257708740685E-5	0.00597091635794744
2010-12-17	0.228976054266237	0.218256881059751	0.239800403432598	0.134469763322497	0.121765998803233	0.147293271524754	0.166221991497636	0.155040442851576	0.177135511342558	0.11658360460412	0.109116985465898	0.124401280745118	0.110084293231475	0.098635808751478	0.121892010769481	0.0824202245137536	0.0761672721904503	0.0885708315951833	0.0783048216156776	0.072667224386353	0.0839498265478735	0.038028939268124	0.0344245165503333	0.0421096711978363	0.0165671543514977	0.0151481362665322	0.0179349171279602	0.0134792172656796	0.0113284278524252	0.0157096007885227	0.0118773450085046	0.00595100560999384	0.0176110745855572	0.00222791763628634	3.07446745500106E-4	0.00479471917982595	0.00254164803309227	9.94803619952678E-6	0.00599597824584633
2010-12-18	0.228896092664924	0.218125514660006	0.239802411780253	0.134717308821174	0.122063938114684	0.147087271028884	0.166162724995047	0.154946110669136	0.177173058368235	0.116528176562359	0.108870744026914	0.124622866414222	0.110346972273042	0.0988259029469276	0.122151240208213	0.0823453282287861	0.0760500448026274	0.0883737548932303	0.0780908419424448	0.0723034528759774	0.0836943082416714	0.0379259639102812	0.0344202226847779	0.0419989503463988	0.0165646677305357	0.0151251955134658	0.0179448695511706	0.0135699605622891	0.0113860022548127	0.0158337075644551	0.0119362710453993	0.00608314041785659	0.0176616271874359	0.00223830937366074	3.22625019064659E-4	0.00479838264188973	0.00255792024829619	4.66643444386451E-5	0.00603415052586808
2010-12-19	0.228886813351976	0.217891604118526	0.239745927799441	0.135010048010021	0.122857546367681	0.147256946713394	0.16610663463457	0.154698534124849	0.176969951254165	0.116487080694178	0.108819747160266	0.124396410066997	0.110634647083666	0.0993665165758104	0.122230470270864	0.0822875576874044	0.0757736161899264	0.0883794346763271	0.0779018319164922	0.0720814543446363	0.0836131636599219	0.0378388909693669	0.0342281652520198	0.0418968380251961	0.0165620985609532	0.0151278137914555	0.0179448630087726	0.0136659573527927	0.011419635376195	0.0159904559917927	0.0119998452011605	0.00605324752099673	0.0176403311649818	0.00224310139862803	3.52045641853272E-4	0.00480195281795719	0.00256990112033997	4.68980634835725E-5	0.00608346702722962
2010-12-20	0.228793971754931	0.217717175855194	0.240257338531333	0.135675726879183	0.121928241463033	0.149628624455749	0.165982873892488	0.154024409132561	0.17744507745115	0.116265503123697	0.108381432350018	0.124479212501783	0.110499962499613	0.0977221834073566	0.123257096238232	0.0822347112557108	0.0755874106218206	0.0885219757132557	0.0776856901701668	0.071802867038257	0.0834647771673494	0.0377610617226729	0.0341462165395681	0.0419153129039581	0.0165590270015051	0.0151125250269033	0.0179484172086184	0.0137509457264812	0.0115074025758058	0.0160827615163807	0.012063644227115	0.00614718616691499	0.0177654334519062	0.00225003750898251	3.6246688344903E-4	0.00480051911999416	0.00257802888330287	9.22653812089303E-5	0.00603962768900182
2010-12-21	0.228646572353046	0.21709751151005	0.240581408781555	0.136268421020498	0.121688129249503	0.151355996504143	0.165961762188654	0.153330193533663	0.177583373851769	0.116010156981163	0.107761586532161	0.12440340586377	0.11038526094265	0.0965358190456289	0.124006176069872	0.0821535412609821	0.0752865032769409	0.0885846806127657	0.0774982368588982	0.0717225162633721	0.0832422770233686	0.0376852177851153	0.0340344911876747	0.0418768781800836	0.0165584582793755	0.0151216844275983	0.0179549126386185	0.0138466827191571	0.0115954404655118	0.0162547042936121	0.012125585638496	0.00620436085753519	0.0177634828210897	0.00225343320108331	3.75609660202632E-4	0.0048377251140009	0.00258223227299809	1.33120484390995E-4	0.00610720310878592
2010-12-22	0.228588961143826	0.216740879576461	0.241071322857015	0.136981560231962	0.12133065088758	0.152641733097079	0.165898873979292	0.15304471730347	0.178044912334866	0.115765465546933	0.107461656673402	0.12434774392454	0.110302506094065	0.0957934167643566	0.125175525221273	0.082098260496529	0.0751142694871068	0.0885187923569185	0.0772863209601423	0.0712383614904514	0.0832831798848334	0.0376065318861776	0.0339533522776495	0.0417201824765896	0.0165576407954168	0.0150844124638538	0.0179785413539763	0.0139329906699212	0.0116052797015627	0.0163472960174693	0.0121825180276732	0.00627115943872936	0.0177529861760005	0.00225411601581636	3.61344763643784E-4	0.00480837530734477	0.00258863698914545	1.30459655919296E-4	0.00611940189453501
2010-12-23	0.22846377689977	0.216341924117871	0.241145696151709	0.137816047568303	0.121294736234191	0.154557643656045	0.165801196750522	0.152602540134013	0.178415949608968	0.115534431983755	0.106937839805866	0.124353475398256	0.110171884917172	0.0950971889457944	0.125211885464797	0.0820378860180174	0.0750097916196712	0.0885832060029987	0.077058209962025	0.0711980260090483	0.083106440288413	0.0375338796788431	0.0338876140382027	0.0416400982786825	0.0165528454197704	0.0150866761734019	0.0179697060222766	0.0140235330240512	0.0116702112254948	0.0164399673405622	0.0122554721458904	0.00626361174075964	0.0177476535939942	0.00226013529956693	3.82965697559243E-4	0.00481168591765575	0.00259708886702405	1.21869972629978E-4	0.00611758271750897
2010-12-24	0.228445697053121	0.216362984368241	0.241346226852632	0.138486000602579	0.12110187374249	0.155512046228853	0.165732630698723	0.152398558574457	0.178725100448245	0.115277146578754	0.10678819299833	0.123999864812486	0.110063532079264	0.0941793268439797	0.125464814570755	0.0819704951749364	0.0748375894876782	0.0886134865012217	0.0768509872361629	0.0707925893732149	0.0830501360660187	0.0374491023568488	0.0338048556943659	0.0416516062369386	0.0165494839083465	0.0151002274572357	0.0179698273885283	0.014113412318046	0.0117735573686232	0.0165456985592782	0.0123153105523788	0.00633469962970596	0.017890552528618	0.0022680461639471	3.91060137310924E-4	0.00483314847786688	0.00260872277952379	1.28769827957196E-4	0.0061087022091278
2010-12-25	0.228442855061581	0.216304534134954	0.241383946886355	0.139166800075248	0.121343708315103	0.15669779637729	0.165657926104772	0.152151697375645	0.179038572363143	0.115055816877594	0.106538063385432	0.123778783384005	0.11000743534591	0.0940271660291292	0.125488886569476	0.0819120798875717	0.074713130257368	0.0885429312964808	0.0766401965359102	0.070536347582528	0.0827304733832427	0.0373713744687085	0.0336330707394776	0.0416663049870845	0.0165448913558235	0.0151179838678446	0.0179659001566548	0.0142096089232996	0.0118519618638855	0.016661515672039	0.012376764914628	0.00645295401644163	0.0178039534334241	0.00227132563540373	4.11160931520613E-4	0.00479747648934783	0.00262097069097362	1.60820199263106E-4	0.00613550780708985
2010-12-26	0.228399830883487	0.216197864819521	0.241215206491667	0.13981996928224	0.122107155698637	0.157815134262649	0.165548574741821	0.152168533100009	0.178911606783607	0.114804064139814	0.106079558144272	0.1233892524622	0.109846703163079	0.0934597982975686	0.125829969937253	0.0818341077569718	0.0747384782045133	0.0884813681239815	0.076446496217408	0.0702133269733168	0.0826680183535617	0.0372967660044653	0.0335597315051755	0.0416072494319507	0.0165408842236642	0.0150946230414828	0.0179633366525047	0.0142952353462037	0.0119463589339394	0.0168056429432747	0.0124413792755146	0.00641187887819624	0.0178789320137017	0.00227434751273538	4.04843592647117E-4	0.00481888747928911	0.00263045057229867	1.54035781602361E-4	0.006170284089858
2010-12-27	0.228310864912781	0.216196736495385	0.240866798138365	0.140574762539789	0.122685977900614	0.159142329851957	0.165456129712475	0.151917787866822	0.179212709931944	0.114582757886914	0.105804150271085	0.122872132079101	0.109756482070535	0.0934902577776904	0.126118698566226	0.0817930413822375	0.0746660030417973	0.0885865865045724	0.0762177360402681	0.0700191947792309	0.0824818732375774	0.0372227712560027	0.0335158331189862	0.0414765763422055	0.0165379051407039	0.0150832054522987	0.0179565156099604	0.0143735113222224	0.0120224148114663	0.0168767186412269	0.0125055736780246	0.00656293596941467	0.0180555628122669	0.00228079856490148	4.09091681679995E-4	0.00483640050181484	0.00264323039469576	1.66918513131128E-4	0.00619684857019655
2010-12-28	0.228268559664598	0.216250636347234	0.241323370175376	0.14132424204629	0.123736069893949	0.159817479714972	0.165315333906088	0.151908281586979	0.178897588621934	0.11433745831119	0.105511298218669	0.12268263006174	0.109587227747487	0.0934142708232342	0.125867380673593	0.0817567406965414	0.0746861335667252	0.0883183924452457	0.0760303860597466	0.0699019855438802	0.0822978958448427	0.0371373502751078	0.0333337530039751	0.0413072453184676	0.0165382054272065	0.0150970803541746	0.0179607533025843	0.0144616829420987	0.0120840581067313	0.0169858809657424	0.0125698696694085	0.00669452802809952	0.0180520756432554	0.00228402606627854	4.16849060318696E-4	0.00485339284667268	0.00265447213812424	1.93217886979609E-4	0.00623454137198156
2010-12-29	0.228172151676912	0.216375270070919	0.24078656934409	0.142086051452986	0.124559871979875	0.160171003847133	0.16523037881042	0.151707285246879	0.178788789009669	0.114130723495255	0.105296661490252	0.122520362052107	0.109457413541807	0.0935092449824148	0.125502861094597	0.0816851517371967	0.074779425862162	0.0882807968532643	0.0758323846328177	0.0696179445942799	0.0819687338675438	0.0370639339954107	0.0333407164634475	0.0411756925561337	0.0165363495848372	0.0150803217978836	0.0179555841529292	0.0145518211298139	0.0121455813310324	0.017103018566782	0.0126332786945838	0.00678777430792006	0.0181520398120387	0.00228987358544572	4.15455014690445E-4	0.00483886224597773	0.0026627440370814	1.93819710737351E-4	0.00621663464537077
2010-12-30	0.228075485367679	0.216406445842225	0.240279609747631	0.142859567594014	0.125559461491213	0.160337346785181	0.165146014088812	0.151953904089412	0.178234454230577	0.113886437075647	0.105362361674506	0.122226694746956	0.109424031546469	0.0936436976633212	0.125039604207122	0.0816065404851457	0.0747380638341688	0.0882638233582395	0.0756136555708386	0.0695176191402038	0.0817729065005471	0.0369959860295462	0.0332845193559272	0.0410671188244031	0.01653095982325	0.0150869273275781	0.0179456874974874	0.0146375127462851	0.0122432736251517	0.0171713316736207	0.0126972896374215	0.00682208393778239	0.0181837560664558	0.00229196798320769	4.24870667157487E-4	0.00480835170934657	0.00266544551324946	1.79097487643967E-4	0.00623062791839798
2010-12-31	0.22798379961563	0.216576185133786	0.240310770908778	0.143656598964862	0.126667272271663	0.160905953382126	0.165043972108441	0.15195879352981	0.177778605230815	0.113658337382426	0.105292034871897	0.121880393472683	0.109365901927856	0.0944203099461266	0.124510744260402	0.0815260408655244	0.0744771309380933	0.0879885377891874	0.0754092357903322	0.0693095134243441	0.0813384953498308	0.0369022872608954	0.0332120140922401	0.0410319168718152	0.016529653537601	0.0150712435266599	0.0179292817124248	0.0147241332834828	0.0122790051619154	0.0172379867610068	0.0127488433173445	0.00695423698578152	0.0182419784305647	0.00229554619232508	4.01727785162659E-4	0.0048134752768331	0.00267754497402555	1.8273254699771E-4	0.00623892040724569
2011-01-01	0.22789628641182	0.216552453736614	0.239735382479661	0.14439932826741	0.127820244802839	0.160752227147462	0.164886195308727	0.152437901634229	0.177342150763487	0.113402811429582	0.105073618624837	0.121486300675569	0.109180761810728	0.0945490488043453	0.123576368781233	0.0814664246132587	0.0745788560662456	0.087908361698648	0.0752098654167772	0.0692089172756049	0.0810816003930287	0.0368307986793267	0.0331378513065801	0.0409447743662334	0.016529444617834	0.0150798922629274	0.0179221338107248	0.0148139622328866	0.0123848482982316	0.0173436805845965	0.0128009116059057	0.00701429290139931	0.0182660832241058	0.00229430553695008	4.08309503998314E-4	0.00480793105735532	0.00269013897729888	1.97590163348192E-4	0.00625947299363098
2011-01-02	0.227748010715218	0.216661160482363	0.239359071967765	0.145188343582398	0.129089165747094	0.161190678426528	0.164735847870592	0.15263284643568	0.176383946689831	0.113167038228819	0.105186652281193	0.121194088531029	0.109042869705532	0.0951105121730584	0.123161062116198	0.0813932335668476	0.0745813728923515	0.0878372972355058	0.0749922509078479	0.0690173018778466	0.0807844281473718	0.0367504681249271	0.0331787623502061	0.0407382322490893	0.0165278531554319	0.0150881332954391	0.01794279633456	0.0149030177639807	0.0125013723227663	0.017438586372203	0.0128593896964852	0.00711487399867885	0.0182014559012329	0.00229613915468769	4.0841523912804E-4	0.00482366598196011	0.00270601697615119	2.38489857633522E-4	0.00625148019047003
2011-01-03	0.227648292946309	0.216885216657699	0.238774724060774	0.145943998446394	0.131041611563347	0.161150114553523	0.164580798672002	0.15275964718683	0.175971449832818	0.112904927981064	0.10503694156985	0.121028091316463	0.108933964595957	0.096172543315789	0.122001292000786	0.0813286762307682	0.0747336951250575	0.0876816776511219	0.0747715901420315	0.0688924886995434	0.0805408813937989	0.0366677506437669	0.0330784445605721	0.0405290209843882	0.0165258579673221	0.0151000178174934	0.0179266466283972	0.0149889113010928	0.0126058383898924	0.0174711907138013	0.0129228579875157	0.00719626384805329	0.018374136179392	0.00229903019437276	3.94757436344771E-4	0.00481781178444519	0.00271693672198268	2.65246769496233E-4	0.00627498117504778
2011-01-04	0.227514481299462	0.216940543252329	0.238241333055324	0.14668296507533	0.133438764418229	0.160015775335178	0.16446044824057	0.153223466069898	0.175239484243231	0.112674036190524	0.104974408869838	0.120242732547132	0.108714733258611	0.0970617317169556	0.120198801024186	0.0812820110871236	0.0750446915925844	0.0873860812067122	0.0745685370692338	0.0689272139255507	0.0802980329936433	0.0366006869892689	0.0331448359627837	0.0404227802529478	0.0165255630332454	0.0150851143654208	0.0178983205386353	0.015075066785803	0.0126781656177187	0.0175434709094697	0.0129859465498264	0.00713067207545295	0.0183574513076991	0.00229895426680674	3.91394515870594E-4	0.00484539604136465	0.00273062065293894	2.90143696186536E-4	0.00632245175686408
2011-01-05	0.227214734977592	0.216814806876413	0.237642553250818	0.146407580942313	0.13317939276682	0.159779920474505	0.165421165101062	0.154579264420802	0.176019743311994	0.112693454213299	0.105368422804043	0.120259684192818	0.110329275817739	0.0983000150188025	0.122169320609082	0.0809641782235157	0.0746919231214305	0.0871857913005396	0.0741662804340233	0.068670296565771	0.0798455840287415	0.0365932342933473	0.0331134004791109	0.0404085529266293	0.0165235397828141	0.0150945747119005	0.0179158173420535	0.0151312603610442	0.012765086050605	0.017545524536264	0.0130468743723589	0.00718396097562402	0.0183422727647535	0.00229887385209146	3.7576738015083E-4	0.00483473254638977	0.00274687637033159	3.05796659474913E-4	0.00630670854450486
2011-01-06	0.2268958610457	0.216775281865814	0.236885183826188	0.146043953586031	0.132733500888466	0.158959111174239	0.166331629430119	0.156107295684103	0.176560406833055	0.112772412252708	0.105472801349378	0.120228058508423	0.111970257869737	0.100382287705689	0.123563595460106	0.0806280574377405	0.0743714088772226	0.0866491726400915	0.0737636704332098	0.0683852334553484	0.0793988330608162	0.0365938050801984	0.0331570334783006	0.0403818185894059	0.0165243481049107	0.0151093281911352	0.017898498635203	0.0151944221811528	0.0128253659815948	0.0175601908690855	0.0131096299066035	0.00734058098282991	0.0183205154201263	0.00229815058242808	3.55772945699935E-4	0.00480896682643367	0.00276183211463321	3.04282338576629E-4	0.00635348542042464
2011-01-07	0.226596873848006	0.216734112503866	0.236246953676563	0.145746244204878	0.133253251877758	0.157926189944727	0.16721406281435	0.157388312029109	0.177184908294737	0.11280899046147	0.105469806591042	0.120200819685678	0.1134541936007	0.102772092798262	0.124455099469336	0.0803091031601091	0.0742150290630271	0.0861588710517049	0.0733605281852638	0.0680770355420196	0.0788594408351651	0.0365837428211275	0.0331451881006984	0.0403860485619311	0.0165221109065749	0.0151090838330527	0.0179080774109959	0.015253654063222	0.012893065950037	0.0176140685788512	0.0131708526903982	0.00747948779079163	0.0183655937311453	0.00229815587092252	3.39889908857046E-4	0.00484020781960399	0.00277347098574098	2.88992260419E-4	0.00634585986522424
2011-01-08	0.226304927899288	0.216844026279118	0.235283492811437	0.14537955693206	0.134491019448393	0.156204113472077	0.168124712215678	0.158919694579489	0.177668136878104	0.112821029054551	0.106014783726978	0.11986843730432	0.115002861629777	0.105290524845166	0.124676158876111	0.0799498444131177	0.0738564618230166	0.0854937248072931	0.0729435847887817	0.06767481996224	0.0783582020002478	0.0365790672741794	0.0331878301689125	0.0403186449143883	0.0165222021626484	0.0151262686527944	0.0178941707024384	0.015315586898309	0.0129849923254221	0.017675521256785	0.0132366527012108	0.00754860155864866	0.0184238481037182	0.00229748589974554	3.34574241900965E-4	0.00483966629798756	0.00278807688843235	3.02725033806106E-4	0.00637385045620766
2011-01-09	0.225981174044119	0.217317520647711	0.234392375817164	0.14504507318422	0.13613390959676	0.154083397610879	0.169135472918771	0.160726561773814	0.177845678944953	0.112863372332738	0.106303791517324	0.11946301236805	0.116508720726839	0.108097947172483	0.124802093501215	0.0796169991057925	0.0738080613101031	0.0849239123700629	0.0725389435444819	0.0673882640555663	0.0776635714189457	0.036565352436579	0.0332232545121398	0.0401947719421582	0.0165233012891581	0.0151181625836008	0.0178935763278458	0.0153700846468917	0.013069544690628	0.017630915306613	0.0133002293195572	0.00760613564842883	0.0184381029148373	0.00229879719625068	3.21698906789837E-4	0.0048731671551159	0.00280188138603594	3.11049392060836E-4	0.00641732799566589
2011-01-10	0.22607973780598	0.217040355960653	0.234775283615762	0.144243676710479	0.132999522330356	0.155040477755374	0.169433187712707	0.160357504071419	0.178602755744418	0.112617593275726	0.105896296579566	0.11938483608337	0.116739772786632	0.106738201247872	0.126751476520005	0.0795548418743676	0.0735815186729574	0.0851169471942214	0.0721696179395135	0.0670619196442154	0.0773543144588444	0.0365721299717551	0.0331715431915227	0.0402461268667305	0.0165234063059739	0.015132763340893	0.0179010909692857	0.015430514170277	0.0131141492058015	0.0177596855172612	0.0133681762207879	0.0077979615458475	0.0184874093366469	0.0023041165027377	3.3838008007569E-4	0.00485482503842397	0.00281594952164265	3.39810937785179E-4	0.00642203898192363
2011-01-11	0.226151270613729	0.216703277836855	0.235530759493994	0.143498990753825	0.131245154659512	0.155640639484532	0.169767107558111	0.160265088988843	0.179463923439273	0.112412541393994	0.105402370228279	0.119440061396144	0.117012280467919	0.105912366060245	0.127879367087124	0.0794984946929566	0.0733566592215567	0.0850305002286672	0.0717966856045237	0.0666084170392525	0.0770758834185885	0.0365856403703994	0.0331805913446228	0.0403181885708932	0.0165233033050109	0.0151604124297081	0.0179044256527552	0.0154838531209728	0.0131533901546681	0.0178043414111522	0.013442350310378	0.00786631326752274	0.0185626897627406	0.0023066155801004	3.43868790640379E-4	0.00485967573192475	0.00282772757435632	3.7051020930963E-4	0.00639267009886806
2011-01-12	0.226229350164997	0.216418057063767	0.236074385643891	0.142759178257675	0.129911874815234	0.155163521215573	0.170081216074854	0.160232237763135	0.179917038011548	0.112217257845527	0.105304176108533	0.119282244478167	0.117240876144544	0.106003551136329	0.128595083301029	0.0794496094967173	0.0732974486014163	0.0850393159773478	0.0714181677644569	0.0661993677048368	0.0767722115001177	0.0365979807280944	0.0332322360681709	0.0403358651682129	0.0165280836201724	0.0151643819682155	0.0179120263424111	0.0155427949487212	0.0132087147274921	0.0178443884862879	0.0135093314002443	0.00777000055829099	0.0186402831596085	0.00231196753251432	3.55255243134188E-4	0.00487853094556186	0.0028415175619265	3.74484069071147E-4	0.00642449994359272
2011-01-13	0.226319343367661	0.216224003988487	0.235930537713818	0.141999514374339	0.128874567803914	0.154642970315807	0.170485557656246	0.160057345626635	0.180829045683748	0.112012943743754	0.105081967084869	0.119115297078539	0.117444929746126	0.106089920985927	0.129097617705597	0.0794097521410544	0.0732921841359586	0.0850972945170282	0.0710381836008735	0.0657776109966389	0.0762306396977009	0.0365925092769446	0.0332264376177575	0.0403360106527151	0.016530402204169	0.0151705371385088	0.0179000101390646	0.0156090861707843	0.0133095390278298	0.0178732325690572	0.0135831439940391	0.00787994303284619	0.0187535552706144	0.00231382332998488	3.27868105036194E-4	0.00486332849022835	0.00285502647835134	3.76129755879115E-4	0.0064211159706441
2011-01-14	0.226305288066405	0.216121805132738	0.235920139731026	0.14126631400749	0.128222634057978	0.153736926349339	0.170850946526702	0.160565151081248	0.181217840603432	0.111799120018748	0.104934281475551	0.118891177432307	0.117749064371816	0.106416993859098	0.129126824961859	0.079356223412709	0.0735122198904017	0.0850000032789827	0.0706688922566605	0.0654033166169422	0.0758717752044788	0.0365925308628493	0.0332363753507069	0.0402444523039188	0.0165310167619621	0.015181229909359	0.0178901109233568	0.0156666410243	0.0133675128746769	0.0179326311362763	0.0136530178095893	0.00796009880412455	0.018819148598779	0.00231896169409902	3.3717314193689E-4	0.0048836928089411	0.00286925994729588	4.24136767435934E-4	0.0064617982477871
2011-01-15	0.226357051533085	0.216471381340969	0.23594050825589	0.140525202376283	0.128099490113389	0.152699278467866	0.171191104905324	0.161284491885615	0.181434759442003	0.111631699110759	0.104727517569117	0.118836426903453	0.11799769250294	0.106759546701791	0.128781688518745	0.0793128272728114	0.0734571700602754	0.085026071504081	0.0702842129576494	0.0651745187265397	0.0755278902321088	0.0366031992478715	0.033315138049857	0.0402870508310695	0.0165326704663545	0.0151989498721984	0.0178993083929758	0.0157232286419718	0.0134334849290528	0.0179758857568976	0.0137204569558921	0.00807915017633083	0.0188457780077729	0.00232453690797372	3.48991510839227E-4	0.0049433298263632	0.00288483435038838	4.4932449248442E-4	0.00643944262956579
2011-01-16	0.22641366764411	0.216946454926231	0.235623161119534	0.13975791125789	0.128556092749267	0.150845545834787	0.171561589559091	0.161951750520172	0.181447802510084	0.111466182022793	0.104712711009305	0.118321712690045	0.118267261452594	0.10805624671386	0.128168559792986	0.0792806696589085	0.0736120016076796	0.08480685485132	0.0698957690032582	0.0648051299477963	0.0750418483594188	0.0365961721880114	0.033309727807399	0.040224610032487	0.0165355742659211	0.015207222779583	0.0179046801779486	0.0157842010912098	0.0134997624475241	0.0180396981365113	0.0137811672547878	0.00818941760959009	0.0188895733506225	0.00232581384894877	3.27491005732188E-4	0.00491807958312472	0.00289459921998107	4.50493052799648E-4	0.00647163660193451
2011-01-17	0.226662597663593	0.216902056896535	0.235808877064094	0.139067974740349	0.127222463579086	0.1503919049644	0.171837523881453	0.16217512095189	0.182087140483925	0.111155764340331	0.104282893641948	0.118165383136257	0.118357932535788	0.108455428592732	0.128523161681931	0.0793230054650576	0.0735202691345632	0.0849953871109516	0.0694795991395351	0.0643572088415172	0.0747077110320631	0.0366091789166759	0.0332921982014928	0.0402755401970216	0.0165380854020937	0.0152157848312289	0.0179026176655045	0.0158545907482873	0.0135831181767008	0.0180853538668174	0.0138541986464187	0.00828733837924406	0.0188923148109405	0.00232773620389908	2.78885990097016E-4	0.00494874405225093	0.00290887605587485	4.51014647922975E-4	0.00651217046211292
2011-01-18	0.226985175731526	0.217162338292052	0.236351106650973	0.138369830702842	0.125248559303711	0.150871062722128	0.17166881615474	0.161761872210496	0.182364350326041	0.110937015528203	0.103723537621292	0.11812127097323	0.118561710176354	0.107378072998166	0.129482096230287	0.0794243051197883	0.073545044533172	0.0850998233526331	0.0690038110173253	0.0637957032826128	0.0741503984794873	0.0366130105092244	0.0332972282006064	0.0402549672307449	0.0165437566901132	0.0152252968941851	0.0179108268437117	0.015921407870889	0.0136845923258101	0.0182269551060338	0.0139312382546722	0.00839546437865659	0.0190281229614167	0.00233036928069617	2.61905965883304E-4	0.00493157179421337	0.00291826963104698	4.60103529363621E-4	0.00656232900231375
2011-01-19	0.227283073514578	0.217415516512791	0.236744248452928	0.137562222471018	0.123934986231579	0.150685110207995	0.171490219330885	0.161157784650635	0.182223106947495	0.110678338359638	0.103475109044938	0.117993348323506	0.118895702390648	0.107173170952004	0.130618465548903	0.0795031306166533	0.0735812899542005	0.0852393589169162	0.0685372729106885	0.0634550170889022	0.0738668730569747	0.0366315518488817	0.0333205452360873	0.0403213122774244	0.0165476019443495	0.0152414835745358	0.0179220573445801	0.0159961750535568	0.0137389474328294	0.0182601400111665	0.0140074933384238	0.00844502847288114	0.019025896979892	0.00233096758110122	2.64850466625991E-4	0.00493944434014064	0.00293275399562697	4.66671648147365E-4	0.00654128472479961
2011-01-20	0.227550714068303	0.217661501851141	0.237286325687294	0.136826015549127	0.123488116066018	0.150157239883024	0.171340117519448	0.160975872430806	0.182149828972653	0.110458875594802	0.103177081519987	0.117663994082826	0.11912249376026	0.10706680602732	0.130754845689631	0.0796308271909485	0.0736361846817854	0.0854010598441127	0.0680422152206945	0.0628727817896308	0.0733747497847341	0.0366289471269054	0.0332544588242783	0.040197471489763	0.0165539799878411	0.0152444047377507	0.0179237716690661	0.0160707897597215	0.0138378256962236	0.0183903802635476	0.0140785039517179	0.00857151330034003	0.0191033669240488	0.00233339880399509	2.47655741237257E-4	0.00493976794794137	0.00294751666847289	5.00409751937319E-4	0.00656355804793591
2011-01-21	0.227804192309087	0.217965052397907	0.237653922435775	0.13612575602275	0.122896813892819	0.149103058287252	0.171163781172519	0.160843450871756	0.181765883566335	0.110265450113589	0.103157741523537	0.117357528415649	0.119373866540959	0.107631140005472	0.13132041422159	0.0797129640531599	0.0738480703629523	0.0853945059242232	0.0675534353190887	0.0624686874741439	0.0728659924252262	0.0366283252116692	0.0332545900111352	0.0401943602389337	0.0165560115476589	0.0152698913768712	0.0179095671661652	0.0161269660391901	0.0138720896421057	0.0184676505559979	0.0141582242408877	0.00874618551952815	0.019207632099567	0.00233619062905806	2.09821571701081E-4	0.00494320666462772	0.00295582147073041	5.12599461194236E-4	0.00659010163169976
2011-01-22	0.228071386203821	0.218196773397468	0.23789599683063	0.135391012151631	0.122560925171933	0.147773379952175	0.171008840494996	0.16112032383543	0.181344895296187	0.110027127113387	0.103016180720009	0.116972571888135	0.119553842585378	0.108131376513501	0.131101227660818	0.0798177424177375	0.0740480555846954	0.0853598127743982	0.0670339381405003	0.0619930037988683	0.072176040645614	0.0366385835977092	0.0332513798535559	0.040134881963344	0.0165576042880354	0.0152746500915941	0.017894989528496	0.0161900978817641	0.0139705314159666	0.0184674495280706	0.014235043074121	0.0087977357933999	0.0192352525193695	0.00233874597226128	2.17362479940069E-4	0.00497940696308503	0.00296349583231526	5.09480011017131E-4	0.0066085368959409
2011-01-23	0.228337366599943	0.2189062008639	0.237938711776799	0.134628638118486	0.122769146235634	0.145847855318717	0.170840735484426	0.161211781171518	0.181074399384665	0.109822589210336	0.102908014385451	0.116596127529156	0.119716422035478	0.109132347621386	0.130604291869043	0.0799258101201459	0.0741615700672806	0.0856541688458738	0.0665211837705432	0.0615915930607174	0.0715316608202947	0.0366565351270278	0.0333116902300064	0.0400628191469737	0.0165621358732274	0.0152834340652104	0.0178938199376276	0.0162479716239423	0.0139989129777617	0.0185499279929	0.0143007091240328	0.00888709702367785	0.0192604639244782	0.00234524978300421	1.65727084991726E-4	0.0049871569129885	0.00298098904769817	5.38494643242516E-4	0.00662388442745823
2011-01-24	0.228380907608103	0.218729653327452	0.237768394048534	0.135551007224154	0.123452105553191	0.14753162833824	0.170975266757147	0.160964675655224	0.181349802867282	0.109390909485608	0.102328183942473	0.116403895215817	0.119933449276733	0.108612574239921	0.13104662534941	0.0799915721709897	0.0742532246518701	0.0857058504140785	0.0659261008161076	0.0609523979297549	0.0709090196784408	0.0366730157166424	0.0333700953434468	0.0401226907483028	0.0165683213299131	0.0153010364295184	0.0179113078074963	0.016314830791151	0.0141068336761485	0.0186579111434437	0.0143739459441002	0.00892590626909787	0.0192660238419301	0.00234621076656389	1.44693364313417E-4	0.00500449276979617	0.00299220699677462	5.38808920821744E-4	0.00666168395122631
2011-01-25	0.22837624554794	0.218676188445591	0.237680118970986	0.136434991768389	0.123782050900045	0.148825135468837	0.171053444212081	0.161090305408758	0.181021023228874	0.108974744564698	0.101987676579933	0.115894711571715	0.120209930014964	0.10894160696481	0.131575629317298	0.0800337213388459	0.0741082520087298	0.0857803106412304	0.0653071078522427	0.0604227462505519	0.0702458724477776	0.0366880818461519	0.0333912810710028	0.0400729437485033	0.0165726978938209	0.0153268079608765	0.0179246583039724	0.0163930420639005	0.0141826844207968	0.0187109249125991	0.0144493245460916	0.00912092072337009	0.01932597117832	0.00235060455864976	1.28420049799194E-4	0.00507762404989797	0.00300362701511237	5.24680600928267E-4	0.0067111495877979
2011-01-26	0.228348848359038	0.218877973508176	0.237577988500135	0.137362527681468	0.124971745863447	0.149372690689251	0.171183876751465	0.16119764051853	0.180765722860244	0.108577386816742	0.101740191781948	0.115452078316071	0.120529638357529	0.109680055586285	0.13162583934798	0.0800850186768631	0.0742966530296609	0.0857901065323919	0.0647056478638804	0.0597758059575552	0.0695877740333296	0.0367030776829587	0.0334263421188231	0.0400177639406313	0.0165777999211266	0.0153384797276407	0.0179255581356192	0.0164585272101666	0.0142964907423228	0.018729897768796	0.0145187692236701	0.00923553456844038	0.0193723585545329	0.00235184308799571	9.03306592784364E-5	0.00508857358483352	0.00301563974170607	5.3924598578045E-4	0.00668597391526921
2011-01-27	0.228445377236237	0.219050542819904	0.237463705899414	0.138328152327476	0.126793996012435	0.149944789948202	0.171329618855282	0.161654448602515	0.18074828514755	0.108153598831214	0.101363823767375	0.114955659503735	0.12083214842129	0.110891569062328	0.131036835063899	0.0801347609712155	0.0745013989073981	0.0858058952952742	0.064115261315268	0.0591590640494123	0.0689113467009572	0.036720414879184	0.0334900490149656	0.0400841254151923	0.016577204000965	0.0153517532970168	0.0179058887936838	0.0165302402114641	0.0143516939430778	0.0188334077702401	0.0145872193303013	0.00942669443185318	0.0194448407772502	0.00235691223377833	9.63236344540466E-5	0.00506673089390337	0.00302641526676027	5.3916545322062E-4	0.00671057428619334
2011-01-28	0.228369961303068	0.219060174643963	0.237554310549142	0.138913607521403	0.127391415037338	0.15027662391647	0.171764138770832	0.162376448163937	0.181033337545246	0.108126491037134	0.101243982623311	0.11492370152862	0.121374005515254	0.11157524609848	0.131534594166322	0.0800662636814486	0.0743268021514157	0.0856284808018264	0.0633329261618648	0.0584118135619699	0.0680564306333853	0.0367294292701341	0.0335175952930085	0.0400562422971134	0.0165820205295732	0.0153580698351398	0.0178963193327347	0.0166025425734982	0.0143855700416171	0.0188887268147755	0.0146573533219049	0.00952906272581319	0.0194835030851164	0.00236134658127723	6.90457763862437E-5	0.0050849035441095	0.00303577274056044	5.13926686168264E-4	0.00675835465317571
2011-01-29	0.22831225095534	0.219210407884708	0.237491382657786	0.139581844433106	0.128975856115636	0.150448109449322	0.172168074030995	0.163220150013537	0.181529949653227	0.108064289184287	0.10139722356297	0.114783818207253	0.121953719793378	0.111927893245561	0.131695297268717	0.0800223445000604	0.0744014644467204	0.0855346729327437	0.0625433331868012	0.0577774431345567	0.0672155516539662	0.0367387104223656	0.033599432010573	0.0400619020932069	0.0165873899392747	0.0153657522565508	0.0179007520570832	0.0166821219751749	0.0144947657105237	0.0190045732886509	0.0147187271439997	0.00961658769369683	0.0195330723400284	0.00236410232952106	5.10847581580911E-5	0.00512994008024681	0.0030434060086401	5.37544291648374E-4	0.00670075683649266
2011-01-30	0.228205725908137	0.219508646958033	0.236769111191537	0.140339345749342	0.130833815027289	0.149906469991558	0.17249276187574	0.163872777081796	0.181350871809989	0.108011066535899	0.101588937264023	0.114572230071506	0.122485497917212	0.113784851377869	0.131238884797799	0.079961361224414	0.074616442542084	0.0854172710975622	0.0617722579792488	0.0569987814255298	0.0662553396225764	0.0367532576859216	0.0335122499531838	0.0400577758099986	0.0165904853139107	0.0153747125486372	0.0178953376185376	0.0167620259355264	0.0146018378756388	0.0191406694117532	0.0147824173834248	0.00962477818693321	0.0195922073900178	0.00237096233158394	7.08239122108328E-5	0.00515336597229109	0.00305186289583859	5.47471406529377E-4	0.00675247639360949
2011-01-31	0.227997902234166	0.218828636546501	0.237022298300649	0.141492982497883	0.130484400111242	0.152623774944567	0.171992977680483	0.162492781703818	0.181339185026083	0.107896934283197	0.10127863989653	0.114579700057424	0.121955257299181	0.111933059196686	0.131607337056871	0.0801272351688283	0.0745756633608432	0.0857458420354247	0.061417716678853	0.0565993589855627	0.0660439096969464	0.0367906167458441	0.0336187762865482	0.0401028585362664	0.0165958932411069	0.0153932017829627	0.0179409402305864	0.0167926478809671	0.0145937578606241	0.0191821048671862	0.0148519343056791	0.00976645113458531	0.0195610799126149	0.00237105413131046	4.53984309922146E-5	0.00514028545402813	0.00306057432491941	5.48482090058139E-4	0.0066812947825886
2011-02-01	0.227822206030592	0.218591020041579	0.236817242884279	0.142707923460849	0.130863402310397	0.155032413775554	0.171537787429597	0.161765166658692	0.181344951371976	0.107747814810215	0.101035887193759	0.114678861933822	0.121489675959569	0.110823421769773	0.132372642331466	0.0803175509905392	0.0747785646095793	0.0861153004252306	0.0610936891627263	0.0562071039579596	0.0657374974658488	0.0368182724166107	0.0335480938440772	0.0401655213628499	0.0165996363300109	0.0153828643716869	0.0179315508431319	0.0168283916713809	0.0146586368564138	0.0191848243487932	0.0149162862975566	0.0098548730831147	0.0196331538636196	0.00237532292070892	4.02468811317516E-5	0.0051130876078006	0.00306971284008956	5.80324074963838E-4	0.00670378580785639
2011-02-02	0.22764986344926	0.21824095881696	0.237208124864319	0.143806492365748	0.13157544023611	0.156155913995974	0.171136215467731	0.161367969179843	0.180877662069852	0.107577105049835	0.100570690014781	0.114369569848973	0.121109076538194	0.110048349156178	0.131783614946711	0.0804719486249647	0.0748515724407514	0.0863253910425418	0.0607427885103415	0.0559127768597104	0.0655067833630041	0.0368416613440515	0.033550979449999	0.0401825764769745	0.0166037082137123	0.0153946131592629	0.0179311793249342	0.0168653078921206	0.0146165163431432	0.0192377063474563	0.0149780140930415	0.00999363341280998	0.0197985614606505	0.00237769324593713	7.1919463684531E-6	0.00511189253316704	0.00308171572453289	6.12918397102657E-4	0.00670050920415761
2011-02-03	0.227447973348422	0.217815080247314	0.23695326244532	0.144958980684264	0.132884130653021	0.156948191075411	0.170742001230875	0.161236920415616	0.180557484817878	0.107434275798004	0.10050288861412	0.114263441506039	0.120790326513313	0.11009751186984	0.131437285545376	0.0806366082216151	0.0750543027764639	0.0863750672008489	0.0604357641780363	0.0555335078512528	0.0652424776764481	0.036873939324562	0.0336142232355666	0.0401831024218616	0.016608864282028	0.0154068728142277	0.0179448070414853	0.0168998359401737	0.014630425488542	0.0193011487693877	0.0150422018950418	0.0100786821140659	0.0198071241902876	0.00238235653178571	1.41564116997818E-5	0.00515258455534205	0.00308954005524781	6.13321230688867E-4	0.00669701824404514
2011-02-04	0.227439773150697	0.217636255294384	0.237233183662987	0.145653409171697	0.132506960484926	0.158830575070054	0.170930862310432	0.160995060267339	0.180878657841815	0.107359872692163	0.100326773619548	0.114102107219629	0.119858446731322	0.108545531375915	0.130976816699143	0.0806915689433089	0.0751106786265991	0.0866143498555216	0.0599457257704331	0.0550360740214651	0.064753129007194	0.0368861924083909	0.0335898796382626	0.0402370014121062	0.0166116366427842	0.0154028095408457	0.0179224596901152	0.0169525264611381	0.0146908764237674	0.0193532383145724	0.0151122677283944	0.0101669748531487	0.0198200347795592	0.00237865472386269	-2.15993507620601E-5	0.00513157244104044	0.00309846231559885	6.09437147280472E-4	0.0067255071304576
2011-02-05	0.227380578157623	0.217277560343204	0.237280616648174	0.146426249855483	0.133379714247415	0.160164227878358	0.17113422536902	0.16090732209366	0.181440366511709	0.10733339461046	0.0999973891930734	0.114290930088195	0.119004603841699	0.107222237973451	0.13051922649823	0.0807865065725476	0.0752426855498652	0.0867047109692936	0.0594714172782215	0.0545133526901761	0.0642886061112617	0.0368825205046459	0.0336032948225629	0.0401576880846341	0.016611466324627	0.0153999658135076	0.017941535755852	0.0170018775633393	0.0147535803087838	0.0194326623529847	0.0151867311074375	0.0102921377677665	0.0199389610768975	0.00238435463960851	-2.15461224175138E-5	0.00515921629388144	0.00310760652189299	5.86803534561506E-4	0.00682279557936667
2011-02-06	0.227418418275973	0.217274828021416	0.237461255665333	0.147087286755125	0.134369742530929	0.159940645084866	0.17138505018322	0.161293848608141	0.1816852884166	0.107269111744125	0.0999847812435648	0.114285840347132	0.118193527126632	0.106377834883649	0.129882490626063	0.0808561757815765	0.0752135971876796	0.0866435937466639	0.0589944957115355	0.0540508734030193	0.0638387092555787	0.0368967636972375	0.0335959171843415	0.040158004323332	0.0166142451513306	0.0153949268031841	0.0179321163550229	0.0170481171579271	0.0148018644736931	0.0194347283811071	0.0152602194973484	0.0104269046988449	0.0199387695802697	0.00239361595143297	-1.52615861635918E-5	0.00515982874823049	0.00311512362507525	5.73995844208835E-4	0.00683657866075413
2011-02-07	0.227370464085817	0.217402751634001	0.237242691316192	0.147835792922253	0.135430360663715	0.160342825418514	0.171616711409579	0.161858144875986	0.181712875328484	0.107193732478156	0.0999337782409742	0.114026495530996	0.11735553652811	0.106102335809249	0.128724172612657	0.080942292731509	0.0753223786197698	0.0866803121971741	0.0585420658869047	0.0536454446009486	0.0633699320481956	0.0369040628187509	0.0335959563486121	0.0401754353916074	0.0166169913304813	0.0154032940350985	0.0179487527671938	0.0170993331166303	0.0147910598497469	0.019528821165831	0.0153313314263482	0.0105421081427992	0.02004692277079	0.00239761173967933	4.88881211084068E-6	0.00514036018978626	0.00312459364456171	6.1765337139253E-4	0.00685215972656989
2011-02-08	0.227299618088965	0.217533474745878	0.237042300341388	0.148548985095836	0.136769507642862	0.160220079546811	0.171796908207804	0.16230286606423	0.18162257355614	0.107158444936674	0.100085680286543	0.11394440449746	0.11655604601139	0.106317773312501	0.126697861043789	0.0810530765736491	0.0755235919660433	0.0868109449423636	0.0580427869605748	0.0530450618851736	0.062770007826157	0.0369262098622045	0.0336787778561292	0.0401733070661887	0.0166187739522559	0.0153931056357046	0.0179494848332869	0.0171581841571536	0.0148623794780728	0.019629612016622	0.015389162253301	0.0106491268790817	0.0200209856132396	0.00240019741503734	-1.42515302827122E-5	0.00518826854548071	0.00313072701538116	6.22196306888075E-4	0.00683747801072231
2011-02-09	0.226919598960591	0.217315165741858	0.236588327463985	0.148548701667268	0.13648253096542	0.160661402878104	0.171262146038767	0.16142922160629	0.181245637795518	0.107280188468575	0.100262403605581	0.114144345736113	0.116334640080091	0.105746375183089	0.126791044506236	0.0812861506278501	0.075606895966266	0.0871424602601833	0.0578688556477477	0.052852558107784	0.0626719665837203	0.0369404153770143	0.0336809087099687	0.0401660316350094	0.0166195529855195	0.0153757628177956	0.0179657272828421	0.0171882367628733	0.0149130511389594	0.0196359753242299	0.0154586226566348	0.0107754047997226	0.0200527126599454	0.00240554307825309	-3.30525964380905E-5	0.00521452499402764	0.00313953863856678	6.29495589725992E-4	0.00687584876873604
2011-02-10	0.226579510492427	0.216936954292683	0.236495607097646	0.148536223899458	0.13680006618936	0.160577207254118	0.170670362247442	0.160737181853555	0.180698604758621	0.107392163288941	0.100389916728048	0.114171741429575	0.116127747632516	0.105855703287363	0.126387362332286	0.0814958143015332	0.0757773122331207	0.0873680164209851	0.0576839942463083	0.0527430607029078	0.0625881538284819	0.0369781053897678	0.0337264480599852	0.0401918506948946	0.0166235764803531	0.0153945191559244	0.0179573428788186	0.01722512276006	0.0148971705230526	0.0196226802305486	0.0155149644828089	0.0109115789892079	0.0200734940437525	0.00240920061980639	-4.9245088940998E-5	0.00524070777944601	0.0031468344416574	6.65461603318421E-4	0.00690397441697524
2011-02-11	0.22598664707701	0.215960709207779	0.236046681984892	0.149362710403937	0.137040683688289	0.162309793958339	0.170776147459108	0.16055943527883	0.181099807336591	0.107495886027232	0.100499227923069	0.114405389926588	0.115707326071672	0.104952646284065	0.126368291942882	0.0816167494322693	0.0758724781945957	0.0875703643999955	0.0573831978863873	0.0522964233465169	0.0621878448025532	0.0369866336153842	0.033770914470925	0.0401818512349006	0.0166217009860546	0.0153743572203336	0.0179532744176203	0.0172605055394909	0.0149708646056085	0.0196515585058678	0.0155769633882307	0.0110341859439626	0.020047241879057	0.0024131931777937	-6.50969104464248E-5	0.00527167525195537	0.00315649266423162	6.53958543554306E-4	0.00693152077110926
2011-02-12	0.22547594621448	0.21559218403432	0.235577299301321	0.150163071270391	0.137326702264154	0.163161252181555	0.170858633054621	0.160603748346473	0.181317222915861	0.107543434670885	0.100433531711114	0.11449334717323	0.115386883655917	0.104181756707829	0.126662316441016	0.0817467615709288	0.0760969796876145	0.0876133648424974	0.0571110869498795	0.0520418631540049	0.0620392848018406	0.0370020279101856	0.0336941512120017	0.040217750702853	0.0166246149749824	0.015378622671703	0.0179194559537387	0.0172913543920845	0.0149858789333621	0.0196685765133388	0.0156479637638287	0.0110779387078277	0.0200657751678233	0.00241785690774398	-3.47017633301423E-5	0.00530676979861017	0.00316461935927254	6.22466555590663E-4	0.0069751410934952
2011-02-13	0.224908903269055	0.214984725086362	0.235092510392811	0.150968322903098	0.138049486249394	0.163968573240668	0.170940786806116	0.160492197430072	0.181308315181319	0.107604335248448	0.100576723388738	0.114408602261588	0.11506010775796	0.103516484069605	0.126364352299359	0.0818651827934823	0.0761146147137749	0.0876713165754128	0.056822606837058	0.0517601940322752	0.0616107231583398	0.0370115720373519	0.0337959772125396	0.040189321825791	0.0166264082672316	0.0153776101064692	0.017938624023022	0.0173275391700159	0.0149743577372235	0.0196487790978643	0.0157152949445581	0.0112044818921205	0.0201083944873518	0.00242006133087187	-4.25752343465947E-5	0.0052911206169577	0.00317468481231925	6.18401979439782E-4	0.00696233609446375
2011-02-14	0.224382582460708	0.214787776278322	0.234346551169488	0.151683434354017	0.139390328632485	0.164245584086938	0.171068727633084	0.160900675882906	0.181144356657392	0.10766670144514	0.100688995272297	0.11441127423555	0.11468883965708	0.103654047743606	0.125619284455461	0.081981421228696	0.0763361994157003	0.0876715462820245	0.0565388130480931	0.0515428551692855	0.0613288370627285	0.0370212665039514	0.0337765741512476	0.0401784157657171	0.0166271016216714	0.0153824950808749	0.0179281594871864	0.0173652331188652	0.0150379138224947	0.0197048538840695	0.0157700594538479	0.0113101979398027	0.0201179262415509	0.00242440496230054	-5.01049705145676E-5	0.00533593853409951	0.00318160404500416	6.02629911442723E-4	0.00699134684201525
2011-02-15	0.223853884653387	0.214300152253111	0.233564914553579	0.152412502183733	0.141108532473825	0.163995162228015	0.171158826971934	0.161178260930515	0.181128867781311	0.107725017289301	0.10083314737274	0.11449703226151	0.114323874264953	0.104099698829435	0.12439450753036	0.0820985473031304	0.0764358755839929	0.087765761065398	0.0562309130104119	0.051407529339769	0.0608325589285234	0.0370347183157009	0.0337877067662759	0.0402494931672136	0.0166291498672328	0.0153665824587575	0.017940316795801	0.0173949557705847	0.015022655684506	0.0196968499387598	0.0158394602612928	0.0115435735377986	0.0201947910467019	0.0024281001991188	-4.33581663077501E-6	0.00535960256549607	0.00319391948180673	6.09811952579509E-4	0.00703670958008178
2011-02-16	0.223133022171844	0.213542201542074	0.232962091861539	0.152165201140476	0.140226325530539	0.163948005724183	0.170825016437207	0.160709341355394	0.181204129365606	0.10771751897761	0.100724143847824	0.114422194090768	0.115248778967611	0.104628406277882	0.125527762764829	0.0824332513101554	0.0769692360353457	0.0881635520073624	0.0561905328311315	0.0513984302727638	0.060854838599426	0.0370604867114772	0.033748460310661	0.0402962612216315	0.0166317060223716	0.0153655515835795	0.0179300065215931	0.0174117615288201	0.0150440569325005	0.0197250044014824	0.0159027419143798	0.0117128505292728	0.0201922194983514	0.00243428694142162	-2.74747174421176E-5	0.00539304310037021	0.0032041374615082	6.03981354337397E-4	0.00701230392625618
2011-02-17	0.222406359510043	0.213109762372815	0.232298247473254	0.15193480083501	0.140321060386044	0.163518699319639	0.170476696203838	0.160495104825984	0.180642429707902	0.107703207925636	0.10090548979287	0.114445797128252	0.11621809796798	0.105901948920622	0.126843629922058	0.082754302953675	0.0772197968703671	0.0884090265270278	0.0561727935483356	0.0513752474208954	0.0608464832126689	0.0370773187005252	0.0336841317224931	0.0402760558650921	0.0166336703647956	0.0153598934864437	0.0179301849987654	0.0174244633090778	0.0150797761383078	0.0197231183954916	0.0159798837764668	0.0117927849908447	0.0202809390681787	0.00244220880309204	-2.57425779675554E-5	0.00542420684161031	0.00321302131395544	6.39492878729847E-4	0.00707072797238295
2011-02-18	0.222078100943437	0.212453018177534	0.232230334694778	0.152163233617148	0.139867736599288	0.165071485108065	0.170143330004157	0.159681416481321	0.180791184288964	0.10786690555028	0.10099101774273	0.114619027140669	0.11616230977009	0.105068488948348	0.12742236558302	0.0829700037648744	0.0772618947872275	0.088622435608409	0.0560049881951852	0.0511749925639634	0.060688292207369	0.0370881793240389	0.0337022172026121	0.0404628844204933	0.016630418647142	0.0153585320259341	0.0179155337939676	0.0174229938672474	0.0150613748860404	0.0197396764314772	0.0160509534145514	0.011997238275945	0.0202436084292711	0.00244578634422539	-2.09637581914438E-5	0.00548708703356338	0.00321570740625646	6.31217657281984E-4	0.00698373663738931
2011-02-19	0.221786535814777	0.212205445796646	0.231834436006196	0.152601151519101	0.139768772403135	0.165909082667673	0.169767293070846	0.159237701208959	0.180184372447772	0.108016525197444	0.101117249968514	0.114947226394219	0.116052410673764	0.104835079720032	0.127755613370284	0.0831956342852662	0.0774267483520738	0.0888646774711696	0.0558432765268122	0.0509918783850809	0.0604859241702315	0.0371002474112134	0.0337201121195549	0.0405093785378362	0.0166284467604991	0.0153629253278917	0.0179158398087736	0.0174254768394851	0.0150953189800183	0.019712985189337	0.0161105235716956	0.0120815878197005	0.0202626412157691	0.00245238568466784	1.43405387573752E-5	0.00547754712815503	0.00322227347814506	6.16495545045678E-4	0.00705357216429478
2011-02-20	0.221442267590471	0.211670407747059	0.231661595990457	0.152971910776278	0.140215156712426	0.166061907295139	0.169422971494842	0.159167745195334	0.179786705859327	0.108138142916024	0.10131070795136	0.114921511891436	0.115936534279679	0.104963035653493	0.1272629553847	0.0833862318162606	0.0775555071231064	0.0890975070776161	0.0556999022594572	0.0508612035104931	0.0603941416751068	0.0371040419674627	0.033820254168471	0.040546728342163	0.016632088567851	0.0153672682138417	0.0179220069261289	0.0174285858125673	0.0151073824350865	0.0197596426512358	0.0161772760979588	0.0122657392317738	0.020215806536569	0.00245773886455402	-3.64634229797916E-6	0.00551184974744285	0.00322599931447402	6.305642700305E-4	0.00706839269565193
2011-02-21	0.221099292058178	0.211522463120807	0.231364827786322	0.153317320836419	0.140971670390421	0.165965296392649	0.169150887704827	0.158902944308762	0.179442973529489	0.108282466791187	0.101590518788538	0.11496583105892	0.115792969180503	0.104891359613328	0.126678638606692	0.0836109301875782	0.0778953100723436	0.0892807941771006	0.0555534461971209	0.0507079439705131	0.0601611970493992	0.0371076008225845	0.0337670968436023	0.0404723878074696	0.016632216828869	0.015368665080795	0.0179030494508944	0.0174356665088785	0.0150945472719203	0.0197024190803015	0.0162462535608531	0.0123519734595808	0.0202806487376133	0.00246349377672204	-7.60669563892521E-6	0.00551984374844531	0.00323398998794896	6.14093452797779E-4	0.00706493002610112
2011-02-22	0.220663025953914	0.211331138094655	0.230440167694199	0.15363323752287	0.142261479766889	0.16505274973725	0.168884604373465	0.159344835332898	0.178646367900768	0.108385117658585	0.101593584631133	0.115101990365011	0.115674286477027	0.105914766981731	0.125834727745165	0.0838227852536133	0.0782669571063816	0.0894119655904559	0.0554083700592785	0.0506591553613469	0.0599453539072169	0.0371172134556728	0.0338080635350425	0.0404488767163988	0.0166326406842435	0.0153413234624345	0.0178856650744313	0.0174294965825014	0.0151213023880369	0.0197495601298213	0.0163053672499838	0.012461908481114	0.0203331661440008	0.00247029617625276	1.72031810427412E-5	0.00553459329927813	0.00324204352689526	6.40310577689783E-4	0.00702348395958116
2011-02-23	0.220250433505392	0.210860701376538	0.23005893841778	0.152066563003818	0.140282607665355	0.164117404085829	0.168333760332122	0.158700093740262	0.178466838983963	0.108671088274044	0.101872577006745	0.115369390434312	0.116069744401929	0.105527918947044	0.126618485760846	0.08409348463292	0.0781677304382953	0.0898408141689508	0.0554640929584154	0.0506563792093907	0.0600211993721268	0.0371223474963286	0.0337828420350097	0.0404869204358872	0.0166302130619361	0.0153568315963887	0.0178905876088248	0.0174083213200411	0.0151143356542644	0.0197419624408862	0.0163720425396569	0.0125880184268111	0.0203587684504351	0.00247460607349792	4.32457890492618E-5	0.00560021589921228	0.00324406694152026	6.55376073431273E-4	0.00703241821378866
2011-02-24	0.21980378674349	0.210388907352524	0.229580574858164	0.150434415823964	0.138399575290142	0.161769636971402	0.167804709220177	0.158108235201827	0.177892266313982	0.108960289756371	0.102110133584323	0.115683041913898	0.116448729107844	0.106217786775618	0.126694968375896	0.0843459649660993	0.0785515810066217	0.0901793087618479	0.0555235122753021	0.0507505067800658	0.0600932175200609	0.0371474037056464	0.0337905157432154	0.0405119448105105	0.0166330802277598	0.015360882512936	0.0179016046688806	0.0173820481856553	0.0151082371853383	0.0197034428327597	0.0164436742090664	0.0127312540306398	0.0204251280727536	0.00247955943182625	3.92184911785093E-5	0.00560860197013336	0.00324656540334725	6.44124658356817E-4	0.00701864444042773
2011-02-25	0.21969628773015	0.209985044089114	0.229438103971577	0.151661582157417	0.139263985161051	0.163790771987066	0.167229998733306	0.15744705844082	0.177247038323459	0.109118761036327	0.102252613195878	0.116049269396019	0.115805506598889	0.104791145396239	0.126622616144869	0.0843697843678289	0.0787036547235357	0.0902174028759708	0.0555477840641446	0.0507291794720048	0.0601372515562141	0.0371691975797653	0.0338377361320546	0.0404998091276231	0.0166304847057703	0.015349659574836	0.0178737248819206	0.0173406303553541	0.0150660395017541	0.0195980369925018	0.0165045861106185	0.0128222330646078	0.0204525238686107	0.00248380274553502	7.21073754339028E-5	0.00566446450696625	0.00324991738177817	6.39586880772768E-4	0.00702126630979917
2011-02-26	0.219668962702914	0.20999296488745	0.229692627445631	0.152843698871777	0.140653745567741	0.165043261592212	0.166594892568819	0.156942832793307	0.176481022306066	0.109291680466993	0.102435171929428	0.116125034820536	0.115143723238947	0.104151487596202	0.126329027286724	0.0844330292827691	0.0787289725357039	0.0902354213016169	0.0555897274694257	0.0507428565617718	0.0601676415050778	0.0371926348843218	0.0338493877966743	0.0405871532203756	0.0166298256131793	0.015354009403508	0.0178484419181129	0.0172959494840951	0.0150049636412937	0.0195554418387713	0.0165659134345233	0.0128905954382807	0.0204218421714109	0.00248785751117201	4.74886803762535E-5	0.00571360819630056	0.00325632413172094	6.5539874700758E-4	0.00703785580038146
2011-02-27	0.219621242025101	0.209993343331064	0.2294628636731	0.154099382457229	0.142173704958324	0.16645927104504	0.166010954201296	0.156296164593282	0.175804184883163	0.109457486389832	0.102603527222401	0.116285219110772	0.114561911493019	0.104162075903864	0.125381003058435	0.0844791073212124	0.078605194812212	0.090404543104671	0.0556719139330963	0.0507284731900343	0.0602661570904988	0.0372080669673818	0.0338285675351136	0.0406732875684571	0.016626188583477	0.0153508424127757	0.0178358287774893	0.0172621123599778	0.0149978114908369	0.0195287492005198	0.0166361956138688	0.0130101996540337	0.0203938296315528	0.00248824016567285	7.37435105574098E-5	0.00568450809297763	0.00326311319843319	6.59514529845894E-4	0.00709583425733597
2011-02-28	0.219512222436218	0.210049605955406	0.229293778657633	0.155292559291055	0.144195821043387	0.166661094556551	0.165354114466814	0.156096354612285	0.175034421174855	0.109620372156125	0.103115411724798	0.116377028194454	0.11398667634181	0.104215900601995	0.123737798073202	0.084526157049131	0.0787452424684294	0.090275404710172	0.0557086323536429	0.0509282791491523	0.060311515169024	0.0372376069871867	0.0339122429359908	0.0406862489728482	0.0166258629478949	0.0153509983831993	0.0178486304070644	0.0172223685701299	0.0149388778247053	0.0194618184969677	0.0166943694886828	0.0131499197741496	0.0203186607966131	0.0024929283595923	9.90460126465369E-5	0.00572113096472169	0.00326818316489673	6.57026515631469E-4	0.00717854735910284
2011-03-01	0.219030251854024	0.209383527143398	0.228558842572401	0.156414589999973	0.145199690554575	0.167850306424331	0.16539723730152	0.15590813654086	0.17502670513681	0.109698724295466	0.103073394619583	0.116497563058876	0.114628469392514	0.104955488243051	0.124359501116232	0.0843429675139591	0.0787308471297565	0.090083348736248	0.0556741976681872	0.0509354977787774	0.060246408523781	0.0372340936445658	0.0338670269379168	0.0406818612688208	0.0166251312308814	0.0153535339155505	0.0178621897851732	0.0172076704788774	0.0149148248932807	0.0194654989781785	0.0167564492988821	0.0132324638968753	0.0203819544990072	0.00249571852803062	1.08317464184176E-4	0.00573024212247036	0.00327501717220293	6.58370895582275E-4	0.00714347638376468
2011-03-02	0.218409122637978	0.208782647638938	0.228057922760203	0.157120369364968	0.144854341548487	0.169513043177641	0.164985830679863	0.155303363251463	0.174917765820567	0.110000132778966	0.103085716873983	0.116946876788143	0.114582631817458	0.103962869956535	0.125310732164933	0.0843551408405463	0.0785186430895022	0.0904023335396481	0.0557341894585017	0.0507808695284679	0.0604471377136695	0.0372342379411094	0.0339079309284984	0.0406636433575881	0.0166243821963936	0.0153218392367064	0.0178688573965664	0.0171792437304626	0.0148573298689538	0.0194875298275106	0.0168139331131767	0.013386679167361	0.0203641957751837	0.00250129154943329	1.20086437925838E-4	0.00572783182979884	0.00328638197791154	7.06268473874776E-4	0.00714204608739548
2011-03-03	0.217821387477643	0.207843596490847	0.227797356493929	0.157925477142017	0.14546565849871	0.170670313672158	0.164652963030396	0.154554189409286	0.174960653804611	0.11031989173083	0.103291271249186	0.117320199394444	0.114683419778644	0.103338348775095	0.126049277511879	0.0843677989524134	0.0785823073137876	0.0903982192072429	0.0557629084496023	0.050858158468867	0.060463155549377	0.0372401548608163	0.0339176306325546	0.0406684592286402	0.016627170049881	0.0153328952970196	0.0178672397658953	0.0171474510053498	0.0148119387446893	0.0194232025920975	0.0168832357326208	0.0135551275203134	0.0202819767336857	0.00250119168126957	1.19226226021544E-4	0.00577346976534071	0.00329210470835988	6.69652796245749E-4	0.00711715696125273
2011-03-04	0.217182483389367	0.207220569691316	0.226969303515142	0.158781710631519	0.146220888270742	0.171928239001365	0.16432405414998	0.154055541080808	0.174381424751316	0.110622335778798	0.103642987975879	0.117638355463663	0.114666289167021	0.103108466516851	0.126111809618701	0.0843918737391184	0.0785209946819049	0.0904009243264624	0.0557966193023436	0.0507704734671385	0.0605748948246776	0.0372578275876475	0.0338837994007257	0.0407066746611307	0.0166258138655078	0.0153275211278677	0.0178618384230664	0.0171224510365465	0.0147659489976839	0.0194157579734804	0.0169426814442734	0.0137141439245824	0.0203160266179615	0.00250001192179572	1.61244248122868E-4	0.00575261402399671	0.00329644711849063	6.7021002872178E-4	0.00717641569248869
2011-03-05	0.216596744438634	0.206673976552161	0.226346168707617	0.15946365666577	0.147389048453857	0.172123454402839	0.164000722892966	0.153913436426289	0.174335254650852	0.110921945306915	0.103769082077714	0.117860478526391	0.114696591443101	0.103321634143659	0.126003638678889	0.0844122644689413	0.0785432816816108	0.0902929478393914	0.0558562972560284	0.0508244753867914	0.0605317160378232	0.0372825127810657	0.0339051731406961	0.0407609326915401	0.0166254734001078	0.0153070631272561	0.0178377098110548	0.0170943586042935	0.0147142507620869	0.0193842485197871	0.0170093352789202	0.0138041486696646	0.0203018626329299	0.00250019791617698	1.53308765753097E-4	0.00582087612977805	0.00330498259676208	6.65137531017343E-4	0.00717748321136583
2011-03-06	0.215966611621229	0.206295140067156	0.225681414000249	0.160243584915411	0.148607160385898	0.172694900013463	0.163685003209333	0.153687103275532	0.173632463025013	0.111223847445216	0.103818518278021	0.118203081415631	0.114679259168626	0.103743237966681	0.125160631735141	0.0844411059471507	0.0785845798352153	0.0903606214403848	0.055913536877512	0.0510177972144721	0.0606379405369491	0.037293606744389	0.0339881976935376	0.0407146098178636	0.01662450120222	0.0153053624745838	0.0178581784736888	0.017062889564395	0.0147158479542712	0.0193517670469946	0.0170690730605027	0.0139954533074082	0.0201763229747627	0.00249938885574977	1.54588288328681E-4	0.00582577508036634	0.00331000145465743	6.49013074099926E-4	0.00725355704094172
2011-03-07	0.215561468516213	0.20535032779089	0.225381369252992	0.15929215195415	0.146446249531385	0.172573792032387	0.163564918211513	0.153479520116238	0.173618467752888	0.111411509006953	0.104165229326078	0.11859052155364	0.115072360826485	0.103709594857985	0.12623111663997	0.0846740338869008	0.078956965894818	0.0907221468192524	0.0558719242659438	0.0508676038829506	0.0606938996397114	0.0373181558417523	0.0339914609517868	0.0407476503493193	0.0166257382268994	0.0153044160177532	0.0178522924287218	0.0170534229756889	0.0147325648220959	0.0193532560247451	0.017067765403127	0.0140127292272558	0.0201579208330874	0.00249966743941474	1.40787680689478E-4	0.00582837447087899	0.00332070808494623	6.66012817181063E-4	0.00721355472354263
2011-03-08	0.215197404824777	0.204753104797008	0.225038532283321	0.158317043787597	0.145449452379482	0.17133637096193	0.163462758609934	0.153166605131815	0.173814415352902	0.11155569221883	0.104320905315595	0.118952653489892	0.115392154439513	0.104008837523062	0.126793930714219	0.084917803571528	0.0790556342244205	0.0909380556221149	0.0558556545536789	0.0508158395956389	0.0606589865554894	0.0373317046335297	0.0340061762137734	0.0407350012391706	0.016625790403923	0.0152824976256397	0.0178742460067638	0.0170323941098483	0.0147007776340566	0.0193058745553849	0.0170586282900847	0.0140214931226916	0.0200296946735029	0.00250150989682439	1.54197167268069E-4	0.00584062209719885	0.00332209707268788	6.39241441369964E-4	0.00718732664445957
2011-03-09	0.214811875243663	0.204549955036452	0.224845413442599	0.157332367602801	0.144207674560235	0.169957731101361	0.163329222981983	0.153009317745326	0.174017529675841	0.111755100046406	0.104277662274748	0.119034666012821	0.115640453217573	0.104515038652612	0.126725074381426	0.08518123300627	0.0793834395468338	0.0914301271117306	0.0558251343717834	0.0507552950133172	0.0606812760296704	0.0373569929026436	0.0340126752667468	0.040688182901767	0.0166231138901581	0.0152814131697279	0.0178559339974646	0.0170178695001078	0.0146288792330611	0.0192974115784578	0.0170523378463228	0.0140903447846314	0.0199465525125257	0.00250534810536498	1.56054924477567E-4	0.00579035736793926	0.00333115371719993	6.70682874340821E-4	0.00719129848763935
2011-03-10	0.214401459587332	0.203983470242845	0.22430637067211	0.156325971072628	0.143816764373376	0.168764652736613	0.163212096287615	0.153139133826756	0.173802892065152	0.111965162055531	0.104393505595236	0.11928607156574	0.115937793659186	0.10539750556904	0.126724630734392	0.0854312355431693	0.0796515342839591	0.0914901524479702	0.0557836819685492	0.0506691244751137	0.0606521047170534	0.0373775194083234	0.0340420720858708	0.0406665922566229	0.0166235344078866	0.015261898695817	0.0178625742434775	0.0170019485650598	0.0145798524894489	0.0193206213698903	0.0170393643816836	0.0141218348286454	0.0199532253347482	0.00250554886848597	1.32600410290932E-4	0.00581271172041053	0.003338425897251	6.54867813628422E-4	0.00720862937466839
2011-03-11	0.214275186438966	0.203788856065594	0.224459540684139	0.158170067546431	0.145010913496915	0.170907873157152	0.162709284254091	0.15247751358486	0.17325307374815	0.112013977739036	0.104436222000635	0.11957717814054	0.114917157770016	0.103979671794723	0.126057347947714	0.0853954835292163	0.0794602034407985	0.0915272069390535	0.0559376626957956	0.0509253237348341	0.0608222800473421	0.0373985606514829	0.0340537653775978	0.0406197322803289	0.0166247962796982	0.015254966270785	0.0178664506575288	0.01699476341698	0.0145750554135661	0.0193034454504859	0.0171681424183818	0.0142302910072598	0.0201179884902416	0.00250794658517991	1.28503549272372E-4	0.00581049062696871	0.00334118205199088	6.7655879876576E-4	0.007249882060363
2011-03-12	0.214175272480752	0.20366191929468	0.224226217146188	0.16006204201518	0.147038895097797	0.172812005174088	0.162143072648945	0.151896419642961	0.172693140421482	0.112054410000393	0.104540734067527	0.119563635699652	0.113946131004019	0.103002285147026	0.124932747168094	0.0854087178536632	0.0794264017379456	0.0914380060113064	0.0560727997145241	0.0511161386787923	0.0610901867466606	0.0374132635863999	0.0340315853329004	0.0408454727167827	0.0166241209093969	0.015254551670348	0.0178778023094002	0.0169856591675098	0.0145808161819516	0.0192898009110327	0.0172929295931875	0.0143786042536202	0.0201941053396883	0.00250849738069955	1.16995185043863E-4	0.00578854790675869	0.00334962331393106	6.75142845886416E-4	0.00723979141895439
2011-03-13	0.214037770754546	0.203526941906748	0.223830611234621	0.161982633419266	0.149384527319753	0.17416654638599	0.161587093931777	0.151334925950003	0.171637302097913	0.112110826905523	0.104730615575016	0.119570024546112	0.112995812378662	0.102565426176268	0.12356955361327	0.0853693522426019	0.0793166161006208	0.0913728139627992	0.0562027781902198	0.0511911899456727	0.0610380515086149	0.0374171070317217	0.033981404360827	0.0407347218409175	0.0166232525468135	0.0152607151407655	0.0178657236573757	0.0169738459808279	0.0145346798615519	0.0192351914950369	0.0174287027883143	0.0145279832426355	0.0203626630328515	0.00251119798900216	1.30259100524626E-4	0.00582520181156746	0.00335437253442047	6.93860468755762E-4	0.00727367772962933
2011-03-14	0.214079853835392	0.203191545972959	0.224285610821401	0.162483423924803	0.148559372726673	0.175577284053821	0.161188274024374	0.150413648602137	0.171772014350479	0.112084628039613	0.104538265007457	0.119700195488578	0.113126810983011	0.101449759291006	0.124696861727389	0.0854249278042848	0.0793748133898276	0.0913544223928796	0.0562953132312531	0.0512436630074726	0.0611894691240226	0.0374418149495811	0.0340482491943463	0.0408063376653147	0.0166202671195308	0.0152402380966387	0.0178515178238524	0.016982113196627	0.0145250316723162	0.0192243600481936	0.0174909594336931	0.0146375745427886	0.0203878317097626	0.00251514133099831	1.58410994756816E-4	0.0058933068156725	0.00335604120422976	6.76616386169044E-4	0.00722017478278093
2011-03-15	0.214097436947779	0.203099201490188	0.224544484309282	0.162823414989179	0.148360888661051	0.176644398803469	0.160749893362885	0.149972409472089	0.171647756507062	0.112024696123639	0.104499454780492	0.119965129994028	0.113262121261813	0.101231072879495	0.125554941967129	0.0854893720319699	0.0793633876616764	0.0915404013149316	0.0563577472300217	0.0512112765149912	0.0613515909528183	0.0374543645529913	0.0340550973769981	0.0408107708616807	0.0166170722365061	0.0152221310728379	0.0178696681010454	0.0169901837052736	0.0144685305917173	0.0192464234763122	0.0175413867772845	0.0145984965139206	0.0205142017141302	0.00251847869188344	1.72888221069641E-4	0.00592852177439929	0.00335562338218912	7.1592913583693E-4	0.00716011084308131
2011-03-16	0.214101275618788	0.203066806758403	0.224639358497644	0.163383884015506	0.148747942552606	0.177548421970154	0.160297130549927	0.149595951279273	0.171453287768304	0.111985625077521	0.104264195239894	0.119965427380617	0.113452545465706	0.101119116548037	0.126072395352165	0.0855451217990558	0.0792521284200446	0.0914582505968101	0.056427482537626	0.0512936130952615	0.0615163811542783	0.0374746946917645	0.0340951351010613	0.0407787527349423	0.0166173723035034	0.0152158788020902	0.0178714648776164	0.0169929974090218	0.0145119917517449	0.0192380649519423	0.0175889492447936	0.014670852026541	0.0206244305036877	0.00251757526294296	1.67226429037428E-4	0.00589917651820399	0.00335841333628054	7.32269705480083E-4	0.00712620543156832
2011-03-17	0.214173243088945	0.203272417528624	0.224667107192581	0.163858254193816	0.149452922386142	0.178189073275342	0.159856607392519	0.149025396993386	0.171168396168834	0.11190365328944	0.104177764380715	0.11989576247065	0.113619453456534	0.10100751388643	0.12627027271372	0.0856065088744332	0.0794038140008844	0.0916027542372778	0.0565000684949645	0.0512088740256979	0.0616362713913944	0.0374960855989435	0.0340544632746474	0.0407196918685684	0.016615475124914	0.0152072397140343	0.0178859975426623	0.0169983390058275	0.0145116515379584	0.0192692730352517	0.0176421971049747	0.0147555364073749	0.0205653555658258	0.00251904961839768	1.80980052818744E-4	0.00586047913826728	0.00336158846910029	7.53356293946203E-4	0.00711899358253922
2011-03-18	0.214238794673978	0.203432091018879	0.224837982393485	0.164378081455328	0.150080328931783	0.178561507551235	0.159453844378748	0.148564928998948	0.170163438199273	0.111846806442692	0.104047969712271	0.119722544928774	0.113685557564074	0.101614324497388	0.125941779112871	0.0856660246524531	0.0795062606324418	0.0916213000585998	0.0565554249176101	0.0514114725864854	0.0614567674449482	0.0375038408381118	0.0340297573681892	0.0407519740606921	0.0166132218444946	0.0151928753648409	0.0178621405679337	0.0170035920659256	0.0144852230649806	0.0192481217226646	0.0176818202178775	0.0148268618480187	0.0206401614211768	0.00252240597347414	1.91468710028299E-4	0.00586073698172659	0.00336471746872906	8.07562337118838E-4	0.00708833705096282
2011-03-19	0.214360671077013	0.203464427807643	0.224492308649471	0.164774379239723	0.151334520938334	0.177949865372658	0.159059295100626	0.148777309083246	0.169898898796624	0.111787335167452	0.104289846571638	0.119565434933979	0.113738296878353	0.102096149442373	0.125328827180123	0.0857354665866879	0.0796388514974154	0.0917997401323855	0.0566319272703412	0.0515937595296611	0.0617147041258542	0.0375111949151579	0.034085248039759	0.0407291041587655	0.0166104667569716	0.0151812435596159	0.0178716051981367	0.0170016846684173	0.0145124387136562	0.019275185107217	0.017727259219472	0.0149064486163912	0.0206960765241191	0.00253013035196104	2.15511460804817E-4	0.00581694760616483	0.00336547418287508	8.39637303766315E-4	0.00703102503886722
2011-03-20	0.214465984960104	0.204046202403728	0.224295497649705	0.165238022344825	0.153022432994391	0.177456192484821	0.158613248347263	0.148491775466811	0.168902581773637	0.111717655893647	0.104289885680927	0.119399403143684	0.113703482129993	0.102882808633166	0.124669231912877	0.0858028969963493	0.0797684908620785	0.0916861048690597	0.0567154012067459	0.0516450071596685	0.0616815521702773	0.0375241930649449	0.0341552626034945	0.0407800273084057	0.0166063644381432	0.0151623398705976	0.017864906405826	0.0170069387904181	0.0145521387985948	0.0192690137987032	0.0177780815934169	0.0149665523768539	0.0207001547951688	0.00253530138887406	2.00968103149E-4	0.00588772816426465	0.00336934639115391	8.41079495362623E-4	0.00704705082246694
2011-03-21	0.214690850734952	0.204301945161441	0.224961410159439	0.164680824620382	0.151508861367215	0.177554331139058	0.158139033747608	0.147768298311333	0.168833948174415	0.111506192182714	0.10386758866365	0.119302962344079	0.115062298270119	0.104040734194173	0.126461556315529	0.0859258705553623	0.0797971492961733	0.0919959658327825	0.0567214118774977	0.0516381634882293	0.0616932988846319	0.0375507988183828	0.0341571470395155	0.0408002063605953	0.0166049873479296	0.0151967959740505	0.0178659130455903	0.0170278738479647	0.0144797508320013	0.0193119286211728	0.0177594981164446	0.0149713515544808	0.0206554158212188	0.00254433281093979	2.2334785287654E-4	0.00597725169764829	0.00336711653231249	8.6354373921584E-4	0.00696379864917517
2011-03-22	0.214905240569564	0.204432723598315	0.225239653613584	0.164122811738136	0.150708815415758	0.177576379695175	0.157691680340868	0.147436512736113	0.168161138877098	0.11132085089421	0.103835297692124	0.118961960878523	0.116456393794722	0.104996128873956	0.128050282687743	0.0860823053559472	0.0799961591429354	0.0920595026552692	0.0567551948512164	0.0515950184450363	0.0617738400711109	0.0375728089775075	0.0341883228576688	0.0408762842921035	0.0166047744594699	0.0151615835289835	0.0178420800073557	0.0170512702300454	0.0144876357398014	0.0193175535050385	0.0177441143187529	0.014985207182817	0.0205914923391439	0.00254854849942187	2.38754760591298E-4	0.00600682783353173	0.00336601650200269	8.87396778389726E-4	0.00693304420888043
2011-03-23	0.215153464407474	0.204792586293658	0.225452545067925	0.1636125128415	0.15074963992694	0.176820889863771	0.157267711660187	0.147073744105718	0.167693282148572	0.111108512407528	0.103618698124769	0.118887248654778	0.117713298023642	0.106409322183829	0.129449011684213	0.0862480509635401	0.0800848960322307	0.0921186387074945	0.0567631163650974	0.051862861125758	0.0616996481720745	0.0375867073050786	0.0341166812850967	0.0409189022134975	0.0166004140229301	0.0151516691490638	0.0178448023500423	0.0170711994354744	0.0145042555377834	0.0192707233856241	0.0177093012218875	0.0149105939613429	0.0205070792642785	0.0025557317455828	2.57213254051781E-4	0.00603959169489715	0.00336402887376297	8.86672427590868E-4	0.0068824231317127
2011-03-24	0.215454680490648	0.205241354529896	0.225612800955081	0.163003246208918	0.150334077291322	0.175471363421811	0.156849938350308	0.146830304025327	0.166956190412486	0.110915466384938	0.103709559784779	0.118701142863449	0.119060690835424	0.107932609908645	0.130503632237409	0.0864007089657074	0.0804005334060118	0.0922682076897842	0.0567593120288863	0.0518153964612869	0.0616534991300316	0.0376148885336342	0.0342544614098252	0.0410102450582365	0.0165976640897594	0.0151756486783719	0.0178333315075721	0.0170917923819208	0.0145434226030786	0.0193172882069271	0.0176853052292697	0.0149630809212986	0.0204431612966578	0.00255923224635781	2.56106996576375E-4	0.00609564603859969	0.00336158633526539	9.07824556505753E-4	0.00681360234926358
2011-03-25	0.216114011123073	0.205800335779565	0.226190021923476	0.163959149885499	0.150704700026832	0.176479012419702	0.156364069910579	0.146244202072025	0.166439447354576	0.110789850400223	0.103602003692403	0.118457134243963	0.118335568175498	0.106725551442903	0.130043353128073	0.0863962937911331	0.0801700706624557	0.0923747375346113	0.0568485128262163	0.0517752537921932	0.0617666071787725	0.037594536888516	0.034222712240543	0.0409769245284823	0.0165980756771614	0.015185786251438	0.0178242476315984	0.0171507884298772	0.0146446354654687	0.0193941506575428	0.0176941487495515	0.0149734674512468	0.0204153758713356	0.00256383192310717	2.68452292346877E-4	0.00613452848810202	0.00336094232121247	9.06398018631464E-4	0.00672248621301574
2011-03-26	0.216840984513937	0.20664322265294	0.226957128475159	0.164952111939429	0.152106941425399	0.177566327056346	0.15588611944586	0.145765812394868	0.166381163895425	0.11066187414252	0.103424656267179	0.118300923526636	0.117613828107696	0.106336201627203	0.128680139522173	0.0863625745606803	0.0800662325023909	0.0922599414590256	0.0569030725113057	0.0519177858465982	0.0618169175291553	0.0375840444582765	0.0342693052634478	0.0410062264653871	0.0165974661243956	0.0152015226014524	0.0178259488186272	0.0171985472456448	0.0147110312883999	0.0194222573776203	0.0177042876522469	0.014985393839937	0.0204504110910585	0.00257344921134337	3.02689155019992E-4	0.00612628943307569	0.00336136086256205	9.27532912556704E-4	0.00674362854127434
2011-03-27	0.217478640072708	0.20752222543803	0.227462002573779	0.165909934542703	0.153746032141646	0.178634315702873	0.155405008730265	0.145403902138742	0.16560848749159	0.110497360602285	0.103420773235148	0.118105776786605	0.116877199120933	0.106147020806534	0.127798352683861	0.0863222755440811	0.080074352621398	0.0922963357277697	0.0569839451784452	0.052018272030858	0.0618545582576994	0.0375437828224596	0.0341901655586731	0.0409189828084149	0.0165993044070989	0.0152028227013843	0.0178268013447337	0.0172500393167964	0.0147991620341994	0.019481334362172	0.0177114328695303	0.0150028112388534	0.0204600075539322	0.00257942829373914	2.97503562946838E-4	0.00622591993351701	0.00336188707947865	9.15840072914157E-4	0.00671224782161723
2011-03-28	0.218131677144434	0.207906084845837	0.228458131424439	0.166010172654838	0.152562953308734	0.179542777967757	0.154743684278474	0.144246013351524	0.165163992733233	0.110168317528483	0.102900576845738	0.117803284985724	0.116806474972127	0.104761980079698	0.12915819245255	0.0863956606871454	0.0801619304050175	0.092321452829185	0.0571464087206766	0.0521301811621212	0.0621735889686525	0.0375288848337875	0.0341875328328276	0.0409342367755188	0.0166010843379545	0.0151846853926335	0.0178297830105313	0.0173157353681641	0.0148179841401189	0.0195766141810472	0.0177240451098894	0.0150577620101206	0.0205022524335321	0.00258325024089786	3.2320063123632E-4	0.00622839036063106	0.00335863613563844	9.40940702148126E-4	0.00668821335349037
2011-03-29	0.218796861505705	0.208241815517151	0.229320038165683	0.16601338739079	0.152217596506284	0.180047717756515	0.153946848530904	0.143363699322177	0.164610089668099	0.109857689364675	0.102470129202142	0.117633704765392	0.116671537747278	0.104191587271816	0.129485236923879	0.0864483477070428	0.0800838223326255	0.0925728153843057	0.0573120364378409	0.0521834104292572	0.0625808602371098	0.0375104093452944	0.0341511080272358	0.0408641743329654	0.016601013843794	0.0151835989793435	0.0178105184792173	0.0173796566227586	0.0147976324804385	0.0196457463620953	0.0177236404327619	0.0150361543422953	0.0205336267498029	0.00258752030576278	3.22257581609206E-4	0.00625600904434973	0.00335795807775635	9.35059157617681E-4	0.00668563690251695
2011-03-30	0.219505286117501	0.208786397228335	0.230053955484533	0.166103649241228	0.151984939381073	0.180358319524842	0.153167851835307	0.142381066725442	0.163898785048984	0.109577375846137	0.102204516719581	0.117546015941133	0.116646228270066	0.103900311191492	0.12945905600957	0.0865331352079567	0.0801323704687112	0.0927135644488086	0.0574844035291025	0.0522717734658472	0.0626503812245846	0.0374957695943326	0.0341017791907075	0.0409057542829994	0.0166009563772495	0.0151865439309947	0.0178130901157088	0.0174482470584087	0.014893858334014	0.0197393153767722	0.0177070726877996	0.0150115709267906	0.0204909496198662	0.00259462633058785	3.54823098210435E-4	0.006350682605474	0.00335707261900763	9.47367669864421E-4	0.00664990808318591
2011-03-31	0.220161417968626	0.209357501368354	0.230885277873676	0.166156997470737	0.152111279016834	0.180395429927473	0.152453069593307	0.141495922022207	0.163478006500049	0.109323913287182	0.101792522490897	0.11718849322547	0.116531603951654	0.10371836233768	0.129358619156872	0.0866204470815818	0.0803309706096491	0.0927666058672859	0.0576493935523337	0.0524170292760966	0.0627393168024798	0.0374764387631843	0.0340960188352741	0.0409217297589359	0.0166020517375999	0.0151687106528868	0.0178194785537923	0.017511819058646	0.0150153192353409	0.0197971098951456	0.0176994804581127	0.0149757507149702	0.0204701084690319	0.00260033498375558	3.59737650198177E-4	0.00638378454272008	0.00335510468560991	9.61738309739821E-4	0.00655876066296045
2011-04-01	0.220852113818518	0.210115535648204	0.231558986542633	0.166176226069922	0.152026911813934	0.180468431766393	0.151727107979244	0.141130175239481	0.162041022228645	0.109076221859539	0.101751998260943	0.117003822972823	0.11646727950751	0.104270265280475	0.128515641312979	0.0867082419635207	0.0804564029130811	0.092815225739705	0.0578229851825566	0.0526607328576826	0.0630107216448529	0.0374585127600625	0.0340520792748082	0.0408192524129015	0.0166022715551148	0.0151434219113722	0.0178058715935923	0.0175804835149498	0.0150368529055519	0.0198329377012556	0.0176905188844031	0.0149556151632602	0.0204238858213508	0.00260307088647548	3.59290415251774E-4	0.00639344089011764	0.00335485078013578	9.89026682126206E-4	0.00652292011682586
2011-04-02	0.221575501154365	0.210882624765628	0.232131665003774	0.166215107398401	0.15326113921922	0.179637928806802	0.151063230522366	0.140884889571373	0.161484039328264	0.108832763358045	0.10162229457376	0.116595074327635	0.116414767823996	0.104772509726965	0.128445351458128	0.0867602545121292	0.0806119817071161	0.0928854086259551	0.0579824106937211	0.0529594939335786	0.0630221853133131	0.0374203263836739	0.0340078944038287	0.0408065991654333	0.0166034234735458	0.0151618533519412	0.0178162765616072	0.0176523527514335	0.0151396076963598	0.0199485747825033	0.0176757578289149	0.0149066533170019	0.0204016297900357	0.00260932033236303	3.88298057763907E-4	0.00639087747338495	0.00335441538733853	0.00101850448846983	0.00646415175292135
2011-04-03	0.222306908556907	0.211816166489619	0.23255919379131	0.166265021600506	0.154446168081757	0.17837123683053	0.150320761709966	0.140256302987903	0.160465629690573	0.108571137593528	0.101217124578784	0.116111620394057	0.11625665057142	0.105357469623119	0.127161011497566	0.0868211211240308	0.0808193295689046	0.0929394885222977	0.0581657420467635	0.0531236430039938	0.063121259558352	0.0373939229224844	0.0339875327789696	0.0407527427526883	0.0166031424907062	0.0151377290876373	0.0178142411661686	0.017715655849613	0.0152566950226559	0.0199700169334894	0.0176611509080193	0.0149010901552815	0.0203562603310128	0.00261398283814016	3.95145064462868E-4	0.0064780623496074	0.00334995131158957	0.00101099510151384	0.00640218333703009
2011-04-04	0.222642513207396	0.212247877482355	0.232754901723236	0.165535308267172	0.152646355529575	0.178603044721705	0.149823002846764	0.139498189553895	0.160093933997408	0.108073245604995	0.100867631431366	0.115701587643755	0.116695199554215	0.105319467863887	0.128268015773351	0.0869857565657436	0.080904601164367	0.0930078357743399	0.0584588952541281	0.0532334539301375	0.0635708153684793	0.0373750715621398	0.0338873494189479	0.0407722361551276	0.0166083034454324	0.0151496219917294	0.017814672867665	0.0178040994922345	0.0153208096314612	0.0200817336597023	0.017641775362046	0.0148981601537449	0.0204015988935865	0.00262333559770522	4.00824258625947E-4	0.00650143226909236	0.0033467966940197	0.00103731104042288	0.00636757518032371
2011-04-05	0.223020926010949	0.212578533587021	0.233331836353462	0.164886312862233	0.151756032124961	0.178276032478699	0.149397030267922	0.138842282393966	0.159987146616824	0.107578171768843	0.100291759382904	0.115321344587277	0.117147030785548	0.105699239319296	0.128818124142734	0.0871794548344089	0.0809640517281384	0.0932234867731461	0.0587508537224795	0.0534808342670877	0.063903880896493	0.0373604736653805	0.0339353188843274	0.0408368572737443	0.0166120049138659	0.0151330617006089	0.0178216518719242	0.0178849286572728	0.0154410634450218	0.0201111043408476	0.0176186145699272	0.0148787557029486	0.0203508265154664	0.00262746580077213	4.17801488500603E-4	0.00654504806861776	0.00334207928000363	0.00104359051636682	0.00628272982320544
2011-04-06	0.223366040003102	0.212856472019774	0.233775810596096	0.164255181986674	0.151204908982753	0.177423748742869	0.148904840791822	0.138447102405686	0.159089460778009	0.107112711322187	0.0999145203826605	0.114728467138354	0.117559508628918	0.106270655511922	0.12881735345414	0.0873476353760275	0.0812300619829006	0.0934525412089157	0.059041832385003	0.0538374041431907	0.0642000219774978	0.0373486179013026	0.0338660419877329	0.040840393319301	0.0166140969389641	0.0151580382615467	0.017836136153938	0.0179796299450605	0.015600759043357	0.0201770669855468	0.017588151693184	0.0148652937791395	0.0203208026620684	0.00262778644185791	4.19010487617061E-4	0.00654792884296917	0.00333680821869156	0.00105253540784865	0.00625878014406383
2011-04-07	0.223712202273382	0.213357126928506	0.233796666268852	0.163484588787361	0.151109286717702	0.17580021333249	0.148419244461361	0.138060264449748	0.158388690853575	0.106613531933375	0.0995903931207781	0.114094779557566	0.117954034532468	0.107352492857914	0.128907857029099	0.0874989897327918	0.0813866309891072	0.0936493358051449	0.0593271941772178	0.054271134215858	0.0646180549733898	0.0373346375346841	0.0338413329430129	0.0408049319962416	0.016617692916905	0.0151362073877298	0.0178285040585289	0.0180621710912375	0.015697459606619	0.0203184132291618	0.0175617383111492	0.0148448744258414	0.0202379299602722	0.00263384654012008	4.37223753220122E-4	0.00660535040709152	0.00333426877111532	0.00107430054574635	0.00623088682525691
2011-04-08	0.224667342957801	0.214160898505432	0.234986994326674	0.16393455720856	0.150752263222574	0.1766601177188	0.147171096285062	0.136732157762883	0.156997925040729	0.106345266480131	0.099128998426136	0.113706276711921	0.117394864768147	0.106428213741885	0.128568363601946	0.0876359225548896	0.081408760862194	0.0935606410476751	0.0595494806975332	0.0545172115851656	0.0649409328881053	0.037323919972363	0.0338027895473618	0.040815055098358	0.0166224845047158	0.0151263188562114	0.0178348494124203	0.0181316036451171	0.015729830146938	0.0203822365784768	0.0175372435677036	0.0148490583741119	0.0202653112943805	0.00263775848774875	4.52963232479602E-4	0.00666141639934963	0.00333019977032072	0.00107980652542751	0.00624096372044966
2011-04-09	0.225611394754691	0.215581807296803	0.236097271530701	0.164337739802647	0.151624423278884	0.177163915352407	0.145984089880258	0.135541409464602	0.155823024201106	0.106104062068806	0.0988372516989087	0.113450194596364	0.116961709028802	0.106161764404647	0.128225854551562	0.0877582658219219	0.0816329837808873	0.0937142802773683	0.059761019064613	0.0546018981146415	0.0649422524743553	0.0373114730800142	0.0338008871866822	0.0407891559890607	0.0166261055001056	0.0151399080805079	0.0178447484422467	0.0182026251539892	0.0158271217003625	0.0204766498306953	0.0175029157459526	0.0148019756341149	0.0202960872609632	0.00264227462998474	4.76551581861124E-4	0.00669678103734571	0.00332754212732394	0.00111555603060659	0.00619121874991106
2011-04-10	0.226452908709333	0.216550290284882	0.236788019804187	0.164856827976844	0.152915255017476	0.177015132551541	0.144817068448513	0.134379853825034	0.154904619921726	0.105826430361642	0.0983716541097407	0.113245671024518	0.116423030991355	0.105907270315933	0.127390187754569	0.0878897581334626	0.081762558206207	0.0938726425986319	0.0599765874846607	0.0548796669126984	0.065095719694832	0.037287644661685	0.0337637185355361	0.0408043571716999	0.0166317696820183	0.0151497070518895	0.0178478446184222	0.0182625519442711	0.0158614178804125	0.0205745241277735	0.0174741031403845	0.014801229458681	0.020327714012101	0.00264976065545125	4.80395833274073E-4	0.00672684046003118	0.00332997398379702	0.0011215506529455	0.00612009017736014
2011-04-11	0.226745397098297	0.21651827113497	0.237127669502372	0.164265346671189	0.150982313539183	0.177494155380902	0.144327058377985	0.133344681396847	0.154801696162076	0.105402117806797	0.0980589891556339	0.112861942433957	0.116551875749763	0.104995254919398	0.128469881756654	0.0881324587781463	0.0818421674165539	0.0942423110026564	0.0602127362513139	0.0550769352681816	0.0654144458978266	0.0373002488869311	0.0337923836361568	0.040893823555227	0.0166343970168699	0.0151509134751685	0.0178476575558781	0.0183562148830568	0.0159600304110694	0.0206603195295683	0.0174205694774661	0.014708014156392	0.020207671441153	0.00265365538485225	4.70548578080881E-4	0.00666653520650804	0.00332162097076983	0.00114585486134869	0.00607371636886837
2011-04-12	0.227027077388088	0.216740040819669	0.237824545352735	0.163681822111934	0.149489490535894	0.178051934517228	0.14384252834525	0.132764521446949	0.154492346457919	0.105010485800403	0.0976306012125879	0.112608235996799	0.116603718982556	0.104307820768269	0.12893670417979	0.088374284200356	0.0820866497475277	0.0944038287990523	0.060471023817125	0.0552425160056897	0.0657091989216474	0.0373024373462391	0.0337662127542302	0.0409120469916194	0.0166399296210858	0.0151613490763492	0.0178553763364447	0.0184448765575956	0.016132881245943	0.0206958112447053	0.0173853293565288	0.0146373096929651	0.0201972608990042	0.00265745658232957	5.0660429203225E-4	0.00672790172374658	0.0033157691173004	0.00115037623895554	0.00602998687314449
2011-04-13	0.227357398221924	0.217140472577853	0.238213518959608	0.163091878548225	0.148617627725152	0.178187458695225	0.143452033186483	0.132285340629409	0.154403224507235	0.104618166683987	0.0971157280147389	0.112272617060525	0.116723408287957	0.104219692793648	0.129423129597459	0.0886541301799896	0.0824141359610738	0.0946667116616065	0.0607107370018634	0.0555602313289281	0.0659236277124682	0.0372987885986501	0.033665999724858	0.0408843601200155	0.0166441251632486	0.015181934755899	0.0178430063694378	0.0185335920447166	0.0161999498374343	0.02085285774226	0.0173490074750173	0.0146341808069094	0.0201653548718785	0.00266057620650574	5.08253672989501E-4	0.00675977916950206	0.00331325705930679	0.00112922362326871	0.00604496922117171
2011-04-14	0.227623431514948	0.217519697950214	0.23818169674896	0.162683225300671	0.148510734013899	0.1776688874211	0.143026111717	0.131972149497447	0.15386232914586	0.104205095973603	0.0967275900646889	0.111833037928986	0.116750155744437	0.104514389250282	0.129367979852773	0.088903921370877	0.0826599537703744	0.0949729451516956	0.0609162854313413	0.0557586223043879	0.0660408420491893	0.0372881393587917	0.0337083694846582	0.0408488955419867	0.0166466497968778	0.0152024535696302	0.0178486522260481	0.0186258488071815	0.016282474531214	0.021007725245107	0.0173062090863756	0.0145939316716747	0.0201140298441267	0.00266545525195736	5.39431377702547E-4	0.00673730816512487	0.00330868996702332	0.00113787057837662	0.00604043210746725
2011-04-15	0.227878457284381	0.217609901337681	0.238408604808622	0.162010974777455	0.148556207124652	0.176731866277944	0.142533434469672	0.131409487339044	0.153107501965846	0.103849664767382	0.0964293836965649	0.111487254096507	0.116790960084119	0.10484522288241	0.129135838670207	0.089171146075834	0.0830692565541099	0.0951963170961426	0.0611504421552742	0.0559622419530952	0.0664497621093186	0.0372749403938252	0.0337278664715266	0.0407968804721771	0.0166541746811046	0.0152086770954615	0.0178636973874161	0.0187140445839427	0.0164305488703955	0.0211323094422267	0.0172509010429826	0.0144955277222534	0.0201063131038734	0.00267194437864902	5.45660376876739E-4	0.00670134693868348	0.00330602755290094	0.00118275576707395	0.00604972256538682
2011-04-16	0.228131501567617	0.218077631741508	0.238692620121931	0.161478987626232	0.148207859112547	0.175619456825042	0.142145873226378	0.131490506786983	0.152425825122541	0.103448659554749	0.0960865819077553	0.110803081899451	0.116887531885362	0.105523605133472	0.128704339938599	0.0894406831697857	0.0834305566034819	0.0953325791312111	0.061397771680299	0.0562096696047156	0.0665878591592516	0.0372697744048462	0.033775562292039	0.0407724217053895	0.0166588052495175	0.0152276089402088	0.0178561309711852	0.0188063601417467	0.016487661310872	0.0212019040322926	0.0172038555811454	0.0145063263204816	0.0200519698021799	0.00267825787426046	5.67025245900297E-4	0.00677987866160511	0.00329688808746229	0.00114509705519965	0.00596279812545555
2011-04-17	0.228393917308209	0.218500104257357	0.238773408146719	0.160826512280301	0.148824710852242	0.1734003985554	0.141737394883799	0.131528187675782	0.15186489642597	0.103074497243465	0.0959471461130968	0.110153690412525	0.116897630811187	0.106199369035183	0.127701052826094	0.0897089065437506	0.0836416774084133	0.0956071087029903	0.0616196662322818	0.0564288852992481	0.0667020587816151	0.0372605274049294	0.0336915317085126	0.0407085769527121	0.0166635766146586	0.0152126050152116	0.0178579881521706	0.0188920622455691	0.0165914179097244	0.0212823247015935	0.0171629692139705	0.0144466044524912	0.0199706966686959	0.00268399643462742	5.75606705397675E-4	0.00674611612989896	0.00329420598986289	0.00116421839690168	0.00597323828643789
2011-04-18	0.2280163770026	0.217745112113151	0.238356191382699	0.159511505629855	0.146682270104793	0.172844814870961	0.141824341362987	0.131159719178223	0.152401432506269	0.102763470144216	0.0954570330194373	0.110047733499677	0.117550840981155	0.106103908016207	0.128883502867581	0.0900164984227249	0.0839211169904452	0.0959402319518831	0.0618761456850243	0.05670431901115	0.0669181709709861	0.0372589454246096	0.033764067710262	0.0407505454643388	0.0166701643204993	0.015211892424213	0.0178813486815479	0.0189724646775322	0.0166230215955846	0.0213966099279733	0.0171155535984861	0.0143827913820922	0.019910693047976	0.00269376620612128	5.94784138752577E-4	0.00674963729885875	0.00329613327036471	0.00118050623627939	0.00597191034735083
2011-04-19	0.227690253778839	0.217540997929658	0.237809663810187	0.158205471964463	0.145582386899119	0.17145655029125	0.141962738215093	0.131217584050995	0.152326890383701	0.102381826708792	0.0951428171422636	0.109555793616138	0.118217812964168	0.106873826128764	0.129548154521321	0.0902871977788188	0.0842952530364318	0.0961901230349027	0.0621608656361449	0.0569854153328687	0.0672188112478792	0.0372662035321633	0.0337790660528074	0.0408087450420054	0.0166727320796541	0.0152496222578186	0.0178706560227844	0.0190487189063048	0.0167442850947507	0.0215031017469314	0.0170546157240678	0.0143729068447064	0.019916684303498	0.00270206873993733	6.05482454940337E-4	0.00677884330876659	0.00329386306227667	0.00119601531871291	0.00594578990306313
2011-04-20	0.227351401417101	0.217361906069672	0.237639782808592	0.156884379288955	0.144074563074383	0.169808186667808	0.142127092135448	0.131609830264326	0.152046426264657	0.102007212054684	0.0948388535857174	0.109090356104193	0.118990130947757	0.107865393742595	0.130241461923058	0.0905768024391199	0.0847185936875423	0.096451330947108	0.0624412357364556	0.0573069965260026	0.0674884364488336	0.0372604906507965	0.0338825141766509	0.0407429236820066	0.0166742919312302	0.0152489550242395	0.0178654483128062	0.0191248561498209	0.0168587438720449	0.021700810671147	0.0169913132170002	0.0142824166481558	0.019815468999454	0.00270735160506056	6.06639816912566E-4	0.00676928202293202	0.00328678260257785	0.00119186479194919	0.00593775738636201
2011-04-21	0.227020896134164	0.217273790298092	0.237011257714763	0.155612376896224	0.14331613199773	0.167670005765877	0.142195450644303	0.132208008618198	0.151847197333584	0.101622061620076	0.0947399077388222	0.108421747422451	0.11975934392614	0.109292849938635	0.130706938001722	0.0908413884020408	0.0850268715708882	0.0967407266416722	0.0627075477566235	0.0575636019024491	0.0677367490581183	0.0372603464520406	0.0338350585047006	0.0407510539041682	0.0166789163720813	0.0152426255760579	0.0178634199879993	0.0192016852012446	0.0168989512469401	0.0216984836266454	0.0169295905354155	0.014283973119937	0.0196619588436422	0.00271457518564096	6.62393235783339E-4	0.0067503142268629	0.0032846651435447	0.00119052355615699	0.00597401898946654
2011-04-22	0.226899216321121	0.216944393872865	0.236882841787679	0.154951834619275	0.142320873943233	0.167371442480411	0.141863515906519	0.13209238850555	0.151538550281227	0.101406233051151	0.0945940597456726	0.108097511825195	0.120149638289458	0.109446332155901	0.131245299019949	0.091080588042077	0.0853301171158325	0.0969775194508425	0.0628940264189285	0.0578440331715691	0.067831849747889	0.0372516771556669	0.0337378895126306	0.0407832903410769	0.0166793027183452	0.0152728329097706	0.0178634938255043	0.0192723617399156	0.0169695384226673	0.0217666584248495	0.0169351714704763	0.014273605678695	0.0197367088715982	0.0027217381350887	6.55226023765916E-4	0.00672988274721167	0.00327975177689111	0.0011864018369379	0.0059476052056273
2011-04-23	0.226773165955933	0.216846522867595	0.236627807651289	0.154308084623832	0.141920747314008	0.166526583745563	0.141589906098027	0.131833099561915	0.151018154550449	0.101147172380355	0.094340540188376	0.107516817237214	0.120511281443031	0.109776010923216	0.131063369434663	0.09131274747303	0.0855529014059947	0.0971902099057077	0.063089507054683	0.0579192117210144	0.0680513372899072	0.0372564927664436	0.0337658142685826	0.0408073762680515	0.0166813688958129	0.0152605922521195	0.0178568648736224	0.0193518427986203	0.017017861148542	0.021846197717369	0.0169376212799651	0.0142575540827737	0.0197313066218425	0.00272497911584811	6.79854149381182E-4	0.00674617855866009	0.00328209439901487	0.00117718128541362	0.005930273544008
2011-04-24	0.226674903244988	0.217033841694698	0.236313131337042	0.153534893936588	0.142165495206559	0.164971174852222	0.141268601262889	0.13203585224379	0.150715315610454	0.100886397607352	0.0942869682646205	0.107271755233517	0.12079142579952	0.110857570464735	0.130950158415131	0.0915428956866032	0.0856482344760178	0.0973471887626337	0.0632917851694296	0.0581713365840523	0.0682488991999915	0.0372527167200956	0.033839348174635	0.0408826386756584	0.0166858738154608	0.0152703605809437	0.0178673176017531	0.0194204762043273	0.0171385575509749	0.0218898578875926	0.016939713939622	0.0142380188487914	0.0197254317754231	0.00273357808660845	6.71737236384293E-4	0.00674117183603309	0.00328013241741783	0.00119788886339614	0.00593921182892216
2011-04-25	0.225964775963073	0.216315273537158	0.235659348512607	0.152035408438221	0.140121303122843	0.16374678940351	0.141984738594653	0.132305991213782	0.15151085127584	0.100868318063058	0.0941528975838384	0.107297251665239	0.121335770674272	0.110950158097486	0.131908701013633	0.0917161461296229	0.0857681662855203	0.097740263855456	0.0634381064534892	0.0583393973124695	0.0684708835970336	0.0372564684900735	0.0338230846873942	0.0408294849142317	0.0166879586636444	0.0152766386856462	0.0178659107031124	0.0194840958516596	0.0171918793340532	0.021992354593779	0.0169131377532647	0.0141943001432548	0.01968174785401	0.00274194360372782	6.99453204295056E-4	0.00674607598134892	0.00327205868204309	0.00117394429287723	0.00589967678141328
2011-04-26	0.225271375222554	0.21561499599045	0.234917864994351	0.150483370411991	0.138800911153941	0.161707731788033	0.142719759780037	0.133282886392761	0.152379278001154	0.100775627656677	0.0941568022623563	0.107331856674125	0.121973439366952	0.111413895454784	0.132308024409953	0.0919198734983255	0.0860887487522888	0.0977568512216731	0.0635842442129417	0.0583826182369814	0.0685083503101716	0.0372576000188063	0.0338906262775794	0.0408706251357462	0.0166909859490164	0.0153095092316204	0.0178686548958024	0.0195466817777895	0.0172823925539247	0.0220550164069883	0.0168903181605172	0.0141766787955633	0.0197052301873169	0.00274485018759787	7.13192068835911E-4	0.00671013272647326	0.0032692516463815	0.00114612500703745	0.00589775071126408
2011-04-27	0.22525772441615	0.215306760370445	0.2350881073297	0.150600073140435	0.137817170633602	0.16296090467208	0.14299487998141	0.133268352012497	0.153016628776919	0.10042562189009	0.0935189892134374	0.107163438541586	0.1225864681457	0.1114194200245	0.133838473920726	0.0920000876764571	0.0861413625117638	0.0981836317551179	0.0635522614033562	0.0583635776180786	0.0686898473464269	0.0372737628071815	0.0338596281868241	0.0408853245662708	0.0166902762337829	0.0152718092365902	0.0178567509006087	0.0195863139742581	0.0173630021391943	0.0221158223051758	0.016868316066333	0.0141740596952408	0.0197337771803393	0.00275181690376396	7.4715344387854E-4	0.00676808694843482	0.00326139499799665	0.00112339315968507	0.00586764988069153
2011-04-28	0.225258405945202	0.215382149635516	0.235315022382046	0.150788679396875	0.137819845828661	0.16352407518535	0.143202286218962	0.132941016203483	0.153361745144725	0.100095546105589	0.0933305749083745	0.10692670511601	0.123134095054577	0.111676828217261	0.134713537936266	0.0920611308984639	0.0861961569877035	0.0982009190853661	0.0635224160589881	0.0583467520601812	0.0686529715642107	0.0372843831597218	0.0338334832176387	0.0409003342748107	0.0166911579150631	0.0152928757922086	0.0178728373275383	0.0196140093419288	0.0173512600873136	0.0220931410588082	0.0168407920240054	0.0141447552492031	0.0195898661159215	0.0027573842259562	7.34436251353317E-4	0.00673370850918803	0.00325832808784825	0.00114090743073491	0.00585422559481217
2011-04-29	0.2252645683527	0.215080263832576	0.235420575585753	0.150926456545571	0.138109108004599	0.163733039495672	0.143503947526194	0.133251351883339	0.153832412604213	0.0997343709743333	0.0928201683620608	0.106674647599574	0.123639161892085	0.112172613101329	0.135162544127297	0.092125770434493	0.0861683050141222	0.0982228011114267	0.0634768754501039	0.0583312054084591	0.0686730740156062	0.0372922176604343	0.0337934029879186	0.0409053715093749	0.016695894986162	0.0152806579998413	0.0178755822333357	0.0196476955662694	0.017317857688503	0.0221730614620614	0.0168186550950078	0.0140750813971898	0.0196479400093186	0.00276074087220285	7.46751125014434E-4	0.00672595374003209	0.00325764923886368	0.0010591299109325	0.00588793761262833
2011-04-30	0.225269223508432	0.215172768698331	0.235147078097356	0.151074571515722	0.138633205651757	0.16385599526533	0.143758620456437	0.133566057295917	0.153877443446425	0.0994225792116558	0.092491579332531	0.106256374484612	0.124098290369184	0.112884084248404	0.135276747292895	0.0921682081874819	0.0862655040639126	0.0981977642559553	0.0634351623329062	0.0584493863950377	0.0686362323286562	0.0373198117425633	0.0338101112960233	0.0409244987715397	0.0166935465948855	0.0152738740570667	0.0178816308528937	0.019685444516794	0.0173602434758509	0.0221978926724025	0.016789201357353	0.0140982593946234	0.019544920711156	0.0027621529247802	7.48561766773156E-4	0.00677128854728076	0.00326274805105172	0.00100997088231591	0.00585449612789217
2011-05-01	0.225254096512906	0.215370123492891	0.234912011968929	0.151316739073479	0.139643902175014	0.162877290632787	0.144038275457762	0.134290144324306	0.154056309925543	0.0991082746223572	0.0923767338247942	0.105760304258782	0.124622553638962	0.113862878411429	0.135438440218155	0.0922493632689272	0.0862774500271266	0.0982145384300642	0.0633650885269029	0.0584063127389862	0.0685144565711206	0.0373288353146998	0.0339033467839836	0.0408148237151943	0.0166898042528028	0.0152772461695576	0.0178727369919087	0.0197154953528106	0.0174115986075596	0.022251387498518	0.0167607276153599	0.0140479368860161	0.019485898331327	0.00276704489329216	7.5739011953847E-4	0.00670692685451725	0.00326180976801372	9.71000974483135E-4	0.00586666314470759
2011-05-02	0.225105225666572	0.215109555713745	0.235143221532922	0.151308799999851	0.138854440183893	0.163775178321999	0.144511265595632	0.134522994440931	0.154496996864346	0.0988642405803084	0.0919593422902327	0.105573013100448	0.124909871736624	0.11344715453698	0.136293646400502	0.092265949112233	0.0862878021121714	0.0982305138617657	0.0632711024319382	0.0581971368007604	0.0684665704966099	0.0373541334293267	0.0338886013644237	0.0408817758358119	0.0166910958969124	0.0152647261571244	0.0178970676355589	0.0197452649091338	0.0174170211366476	0.0222891946360078	0.0167236435979231	0.0140115042204427	0.0194648828833915	0.00277451674983352	7.74130699446414E-4	0.00681723304718974	0.00326307348354886	9.42291061116296E-4	0.00587193633403402
2011-05-03	0.224934776705029	0.214776439422497	0.235034981262341	0.151347155822074	0.138514408561984	0.164248805533753	0.145024889178027	0.135087545733691	0.155164986317706	0.0986477062703253	0.0917098636032852	0.105674523508343	0.12529832411797	0.113847574549789	0.136875553532667	0.0922964475569265	0.0863194491748424	0.0982893109905092	0.0631944661541601	0.0582163245258908	0.068327937703985	0.0373802488324196	0.033941509032533	0.0409323962788799	0.0166893974225166	0.0152436555161846	0.0178937911742525	0.019779112686219	0.017380676436651	0.0223690240185563	0.0166771934890978	0.0139199587235009	0.0193706046194851	0.00278087756605434	7.77660527569224E-4	0.00673630179586526	0.00325525584663306	8.3012054701096E-4	0.00587696113374962
2011-05-04	0.224788477226835	0.214583382169025	0.234978494011921	0.151409941623031	0.138459974962522	0.163927529279877	0.145518716728994	0.135565345531056	0.155693830048352	0.0984019509059907	0.0913620533637245	0.10542452671894	0.125707855301377	0.114226445325165	0.137239299581699	0.0922768890059267	0.0862029169743109	0.098370065655051	0.063121223402067	0.0580855825374094	0.0682515248858457	0.0374184532339848	0.0339593398032938	0.040994724588287	0.0166903903605151	0.0152569176391847	0.0178638001264009	0.0198128775374478	0.0173906080401905	0.0223414331824186	0.0166316520473764	0.0138999014833411	0.019294746779563	0.00278360210307243	7.43960829019653E-4	0.00678080881307508	0.00325548223374752	7.7854737404621E-4	0.0059070785812246
2011-05-05	0.224663010241352	0.214485866855148	0.234768064923433	0.151527894619002	0.139208604956883	0.163817930628863	0.146051858867188	0.136324671843722	0.155966692607752	0.0981713904624536	0.0912326113050689	0.105260684735372	0.126125102923547	0.115369277048988	0.136932360066154	0.0922830886652583	0.086191932426715	0.0983426204485869	0.0630452934768822	0.0580235418890051	0.068026618130227	0.0374469594460525	0.0339918907785142	0.0410265150296809	0.0166891162671042	0.0152617196963035	0.0178561627277909	0.0198398261875691	0.0174634306139351	0.0223849932867584	0.0165895515951393	0.0139092464979622	0.0192433800557758	0.00279017004812394	7.67086285146272E-4	0.00676133476536739	0.00324827821280208	6.81357517363232E-4	0.00582590675332596
2011-05-06	0.224618864926754	0.214389852643538	0.234843646066886	0.151620473526595	0.138694091318066	0.164122203887295	0.145923915946124	0.136198065144081	0.156361821692646	0.0980650594986211	0.090911438978905	0.105468127418757	0.126097053182892	0.11508244924467	0.137640598551347	0.0923156007101014	0.0863255376299245	0.0984266675188672	0.0630286238112369	0.0578111163466833	0.0681046971123598	0.0374664181228683	0.033963272181666	0.0410426118662363	0.0166853201733015	0.0152632324791417	0.0178652208192908	0.0198833799934627	0.0174678854341174	0.0224021602483486	0.0165458881216367	0.0138294787183507	0.0191997828647357	0.00279193151297451	7.72471067901467E-4	0.00678764020339072	0.00324640593836716	6.40355448981262E-4	0.00584073558042947
2011-05-07	0.22459167177893	0.21439955774536	0.234773266577313	0.151640152707204	0.138882899667034	0.163860677287862	0.145808825861786	0.135889230486758	0.156404693089625	0.0979555537714265	0.0908131071446385	0.105182216128325	0.126160118934997	0.114897810575503	0.137688248951079	0.0923725870000675	0.086399219249414	0.0983916671630944	0.063036217282375	0.057852616989497	0.0680402033988392	0.0374803567780523	0.0339319929619181	0.0410486546397925	0.0166813966769925	0.0152651469886175	0.0178794389331362	0.0199227734967122	0.0175178078635179	0.0224724842857528	0.0164896014790962	0.0138529754185758	0.0191181184713323	0.00279949260318923	8.08117068231276E-4	0.00680970541743571	0.00324251900403478	5.8838809239605E-4	0.00583381990476189
2011-05-08	0.224470666137274	0.214407628329627	0.234736620486051	0.151717552490208	0.139527273618402	0.163302159439892	0.145680624177928	0.135916465966912	0.155897976245209	0.0978246456870115	0.0907965559054735	0.104817848855664	0.126132389947796	0.115160660291564	0.137000545515354	0.0924230980216529	0.0865115515143742	0.0984697505491771	0.0630142188117748	0.0579449652768601	0.0680187749976458	0.0375013892691368	0.0339859108463169	0.0410501372293218	0.0166795254864822	0.0152617585833681	0.0178790413001593	0.0199585162607305	0.0175731982615067	0.022520873491613	0.0164360314828184	0.0137477162988252	0.0190968505915188	0.00280238994630806	7.98410799321953E-4	0.00681361326804781	0.00324130060316448	5.83915253231029E-4	0.00582914468745655
2011-05-09	0.224254288482592	0.214234959358637	0.234766009791014	0.151738258414666	0.138372096922517	0.164492222520096	0.145980754148663	0.135870344149627	0.156406224858496	0.0977843478345795	0.090465700322111	0.105023750189973	0.12623570234442	0.114604011455682	0.137760716898446	0.0924047195443828	0.0864083353193499	0.0984518536179575	0.0629718590298295	0.05790867782821	0.0680674018886797	0.0375272851937541	0.0338721880366658	0.0411252850372117	0.0166758536357074	0.0152300110822008	0.0178882700707024	0.019994324394252	0.0175914756827514	0.0225792330408065	0.0163557363672992	0.0137138387783739	0.0189406627327879	0.00280751997525291	8.02442304631284E-4	0.0067664556332873	0.00324331492858915	5.72931746553577E-4	0.00590769619042011
2011-05-10	0.224077679295939	0.213532215043624	0.234757518092047	0.151792921371894	0.137911370432542	0.165746731491216	0.146157038155557	0.135697024417715	0.157155363276156	0.0976937910390552	0.0901931299214254	0.105105602063581	0.126229848750706	0.114102358254777	0.139131203769737	0.092405477777724	0.0863030103846188	0.0986050296083859	0.0629324224126502	0.0577922368546073	0.0680893378452868	0.0375485422143066	0.0339678550007103	0.0412190117638092	0.0166736863648941	0.0152375003376322	0.0178878109673944	0.0200234924292343	0.0176439607941705	0.0226440111483263	0.0162872455227199	0.0136602693096105	0.0189393833244762	0.00280954167605656	8.0888058914244E-4	0.00672831764092954	0.00324511578696666	4.90734280416106E-4	0.00593666721580696
2011-05-11	0.223885694135725	0.21326304616468	0.234115651678614	0.151900432653336	0.137716440699447	0.166290870004382	0.146415405700607	0.136071419393297	0.157306211858195	0.0976237802953745	0.0902953945459743	0.105000106970404	0.126236768723593	0.113672876331614	0.138703059092807	0.092404076682981	0.0863384299205397	0.0988219717155867	0.0628788705733365	0.0576880717842865	0.0681817627584531	0.0375942099048224	0.0340941881641763	0.0412489757000427	0.0166719757025374	0.0152389217544334	0.0178763383556259	0.0200589354120506	0.0176894198377497	0.0226965627694148	0.0162055637764939	0.0135441644463203	0.0189004849418583	0.00281492969522873	8.19321781140682E-4	0.00675152805119377	0.00324644553576295	5.62012080573189E-4	0.00594734667516209
2011-05-12	0.223595948006001	0.212999316847285	0.233826872171346	0.152037630520688	0.1374256867126	0.166213123437275	0.146736250469667	0.136058666063376	0.157962143517317	0.0975494914717236	0.0903225862471005	0.1049584399392	0.126292231977712	0.113936856573527	0.138612042980217	0.0924280720394801	0.0862162154880285	0.0987378652481885	0.0628131530016324	0.057870870917445	0.0680962518296262	0.0376183772221248	0.0341095574768424	0.0412098443333947	0.0166707125946046	0.0152489038987755	0.017896512690674	0.0200917830444533	0.0177190052679327	0.0227166794314349	0.0161259933938587	0.0134304043833596	0.0188168186694952	0.00281978781085699	8.08005833734918E-4	0.00681654487655186	0.00324719529178449	4.92577486634008E-4	0.00594673540419197
2011-05-13	0.223387366188681	0.212903119923988	0.233688380051735	0.152040822433103	0.137660458632673	0.166131555326949	0.146923350035944	0.136017293258111	0.157762617456042	0.0974749329941361	0.0900089285544499	0.104917014185592	0.126295819294286	0.114138254011085	0.138482360008391	0.0924381464523213	0.0864146308059571	0.0986717729091888	0.0627740907923734	0.0576487868341337	0.0681053969705252	0.0376472764625065	0.0341206600590447	0.0413448255359288	0.0166687291524393	0.0152501878863211	0.017904746073081	0.0201228334733331	0.0178044193189098	0.0227064048205408	0.016035716412615	0.0133486945140657	0.0187445658558812	0.00282410154853941	8.24229237476905E-4	0.00675644501736031	0.00324481962486065	3.91190052337821E-4	0.00599106127325392
2011-05-14	0.223192712629435	0.212829844743687	0.233323351491232	0.152143344082039	0.13878407839857	0.165591750115935	0.147178425380393	0.136805142794112	0.157673297762985	0.0973928063649783	0.0901411088415734	0.104725339259105	0.126384495929086	0.11454143765661	0.138360540446408	0.0924360294347007	0.0862664729024679	0.0985934907953585	0.0627087773479625	0.0576102318830292	0.0679074714463535	0.0376809370295027	0.0341417754920942	0.0414832784533113	0.0166706530297583	0.0152578335543337	0.0179192722081863	0.0201599972762593	0.0179039171359938	0.0227571582446052	0.0159506776534205	0.0133688588251611	0.0186514133846229	0.00283158010569024	8.17549543905087E-4	0.00676965751600463	0.00324535092546437	4.06454774215731E-4	0.00601530087046472
2011-05-15	0.223034451823854	0.212818497278034	0.232965919107448	0.152214658642095	0.139683251614243	0.164574477060749	0.14749115419525	0.137444730423931	0.15780316122269	0.0973301448248659	0.0902683107026198	0.104477977943246	0.126494591829877	0.11539214518137	0.137658706215816	0.0924657120055689	0.0864482535289288	0.0986363346717831	0.0626634818967007	0.0576050111473674	0.0677179016620118	0.0377140707136423	0.0342033440741725	0.0414927169205501	0.0166707830244514	0.0152637757782897	0.0179260596074788	0.020185452969708	0.0178926669454989	0.0227914494421242	0.0158751454622474	0.0132704866740086	0.0184809323268824	0.00283552511722807	8.1776891985609E-4	0.0067501706035738	0.00324723021056054	3.81510519838119E-4	0.00603414927058397
2011-05-16	0.222563562214055	0.212256518187948	0.23249728422883	0.152232131683784	0.139376303083576	0.165284169485133	0.148272952449501	0.137989779634346	0.158874735574929	0.0972823199372804	0.0902576768950165	0.104702434190351	0.126622857047149	0.114929908488754	0.138015582501076	0.0923959199420242	0.0864558624520826	0.0985008566154283	0.0625611295559232	0.057505258170175	0.0676789715942757	0.0377604799945797	0.0342810270272113	0.0416280058849127	0.0166697761375313	0.0152660371241036	0.0179200783942531	0.0202137347872325	0.0179762050221189	0.0228134783783515	0.015775612342307	0.0132412452195715	0.0183449498374639	0.00284077927731392	8.41814479347196E-4	0.00672012454451335	0.00325090304534795	3.63941368153606E-4	0.00602487803797949
2011-05-17	0.22209536287648	0.211682409802806	0.232188310293279	0.152303230920433	0.139252181568672	0.165424008134713	0.149052882352018	0.138267019629675	0.159876912404429	0.0972432086256577	0.0901215129685163	0.104680186004364	0.126770145076109	0.115022911144355	0.138277003463064	0.0923483237038168	0.0861825962072062	0.0985896564367615	0.0624644053348926	0.0574756361360295	0.0676789344476158	0.0378230871837395	0.0344036897885471	0.0417063243734459	0.0166702249525544	0.015287513048192	0.0179411198256137	0.0202420373630136	0.0179778716422773	0.0228242391578489	0.0156707091380586	0.0131194133404584	0.0182818677591492	0.00284577121297157	8.65776702672361E-4	0.00671502907985242	0.00325201938763701	3.67258198880498E-4	0.00605665139123081
2011-05-18	0.221622451986385	0.211476874929969	0.231693764580417	0.152431714683791	0.139488383383079	0.165572946543258	0.149832003516679	0.139127785576639	0.160445180776671	0.097176712397608	0.0900674379282801	0.104648898418346	0.126977724808471	0.115497460315526	0.138227350863518	0.092333642140162	0.0861816711542879	0.098435026008423	0.0623341445139324	0.0573164880618323	0.0676133338519391	0.0378760484406391	0.0343833281480484	0.0417984108347659	0.0166735146504335	0.0152665516355881	0.0179698272477236	0.0202619359078457	0.0179773886511542	0.0228643044829086	0.0155625380009392	0.0129819017125	0.0181781368410667	0.00285190550607744	9.00466385880942E-4	0.00672346530799071	0.00325371254851067	3.66459352436039E-4	0.0060223969888057
2011-05-19	0.22111695514165	0.210929879077627	0.231162022966358	0.152533728024344	0.140361282825555	0.165135111028521	0.150556919570958	0.140297878613364	0.160761574864681	0.0971296681490388	0.0900536312489977	0.104589859024961	0.127174204048077	0.116530882596679	0.138183059332014	0.0922754249810461	0.0863199134836348	0.0984021042095206	0.0622180391514319	0.0571655700566257	0.0672354475133824	0.0379104023683683	0.0344333946620364	0.0417762177774304	0.0166745385718677	0.015286780494771	0.0179749440473391	0.0202885925230876	0.01804320961728	0.0228737003930182	0.0154524500272092	0.0129357407994789	0.0179619206387098	0.00285718156732227	8.98485586020841E-4	0.00665200940523548	0.0032530694116429	3.59088805034569E-4	0.00604680420372903
2011-05-20	0.220710534074746	0.210425564671286	0.230678994523645	0.152528115944235	0.140093727352845	0.165134210795219	0.151434490493611	0.141045753359347	0.161752936565333	0.0967986465867574	0.0897553282368274	0.103926376490311	0.127773999363761	0.116656038458161	0.139014755796719	0.0922106161832594	0.0861753141931144	0.098479746773232	0.0621838476222185	0.0571735981470467	0.0672840226079402	0.0379640964322146	0.0345027501692413	0.0418524323691225	0.0166736492406409	0.0152600006478524	0.017997512315963	0.0203098364217677	0.0180229631525459	0.0228737745944058	0.0153225419321637	0.012768625940344	0.0178335192038074	0.00286602423725455	9.06584282851892E-4	0.00669123052462775	0.00325578731523435	3.1801357156077E-4	0.00604444502393735
2011-05-21	0.22025319693438	0.20967973549952	0.2302572480321	0.152409818345562	0.139960994325785	0.164925738212749	0.152368687944854	0.142047319771103	0.162809537454339	0.0964809987035684	0.0894387411653947	0.10366124579868	0.12843184662272	0.117099888783292	0.139809932735537	0.0921800414130202	0.0860327552783951	0.0982732218443688	0.0621635339804057	0.0570267104169907	0.0672627905752652	0.0380072971605126	0.0345266780653043	0.0419419561861513	0.016675384069137	0.0152717115220293	0.0179840143667195	0.0203364405132908	0.0180550029572518	0.0229024361541822	0.0151917850770102	0.0126252892675617	0.0177144928071525	0.0028721734581851	9.30354626815763E-4	0.00672111105863709	0.00325605761579478	2.70786159748179E-4	0.00607186532885804
2011-05-22	0.219870742480536	0.209677018670079	0.229712256441881	0.15232093484224	0.140590142536563	0.164373310250474	0.153297117542388	0.14294583621708	0.163413685954054	0.0961796291401387	0.0889984671037242	0.103255975687085	0.129097327937843	0.118298242447523	0.140187569828812	0.0921196407096595	0.085983950529982	0.0981378782200626	0.0621483866072295	0.0570357275981819	0.0673120850771412	0.0380505107260846	0.0345674108680869	0.0420742061996209	0.0166759448805806	0.0152706225683685	0.0179982859022176	0.0203608827781327	0.0180482667871926	0.0229518400623053	0.0150664929176624	0.0125941948942953	0.017508919336303	0.00287895378616604	9.77881820496106E-4	0.00673304797255159	0.00325639138723414	2.03090464094659E-4	0.00608081692277417
2011-05-23	0.219656319898217	0.209205567759691	0.22981355462637	0.1522920907042	0.139154877960885	0.165072721684122	0.153914811340357	0.1429923944292	0.164478019680508	0.0961127766314018	0.0889640863041263	0.103472383802098	0.129345111295599	0.117702005272841	0.141258785578349	0.0921616602178729	0.086001347585437	0.0981711123650934	0.0620526023724864	0.0568565502001697	0.0672621386856594	0.0380596581844854	0.034535714654984	0.0419806615611378	0.0166794581485016	0.0152805688292072	0.017999630191869	0.0203767330839897	0.0181123342052908	0.022931962418502	0.0149809045539715	0.0124524114025324	0.017424081702809	0.00288644169220215	0.00100431479814072	0.00672775802076265	0.0032509337389108	1.92723652530084E-4	0.00613034895711128
2011-05-24	0.219440121155022	0.20888573990406	0.229918680274114	0.152249842648409	0.13863210034858	0.165872949748214	0.154407067783595	0.143267582585502	0.165314079405882	0.0960229133161974	0.088702506818289	0.103428587509148	0.129537397603364	0.117413463536642	0.141767320325746	0.0922264936818331	0.0858454689332773	0.098302817190798	0.0619662911143731	0.0566212556910797	0.0672502601126123	0.0380620005278346	0.0345091631673801	0.0420682481153762	0.0166807983135653	0.0152801402705316	0.0180137311086984	0.0203978759179767	0.018110761011593	0.0229679157220423	0.0149083915603412	0.0122942641160734	0.01743037032472	0.00288894241877302	9.49670944400785E-4	0.00672818726215351	0.00325356692066023	1.10585916448491E-4	0.00615649199294666
2011-05-25	0.219265493314769	0.208662760340287	0.229723870908436	0.152160194886479	0.138157745875899	0.165651063737609	0.154890810467945	0.143889407090646	0.166032880544242	0.0959197800103999	0.0884972614358799	0.103441983004825	0.129831926144466	0.117438787285693	0.142204310336108	0.092252756777954	0.0857700765844841	0.0984107423098357	0.0618716010650227	0.0565434570555133	0.0672727709961373	0.0380649072429054	0.034544858150708	0.0420091340077582	0.016683167034501	0.0153115694525653	0.0180079199611668	0.0204179624626274	0.0181240592650692	0.0230677148582738	0.0148358086367647	0.0122327034081416	0.0173065337303259	0.00290112774610145	9.71107170128404E-4	0.00676170991159969	0.00324783187423511	1.22119195870734E-4	0.00612821099585288
2011-05-26	0.219062600470948	0.20855786362082	0.22942080766357	0.152153630118398	0.137983237469895	0.166122886015997	0.155444720601271	0.144537064503967	0.166791734037745	0.0958184065845581	0.0881778002748178	0.103376458493734	0.130083817008325	0.117726947772664	0.142343200311522	0.0922664173649692	0.0857288862549261	0.098442740977993	0.0617797973339542	0.0563039809197781	0.0671570936915333	0.0380665356030245	0.0345817976456882	0.0421311377008598	0.0166883562965068	0.015317570883423	0.0180088104639713	0.0204378463843439	0.0181070295522083	0.0230174687299227	0.0147549037770254	0.0121916362110707	0.0171972506543892	0.00290901139393667	0.0010007109597384	0.00674801790705763	0.00324558014735997	8.46684094363676E-5	0.00613928938973462
2011-05-27	0.218873231851776	0.208378323892743	0.229148645418754	0.152141271995469	0.138514213314924	0.165853315359712	0.156014898112694	0.145048614267145	0.167292114778608	0.0957617454990561	0.0882246816392225	0.103068042046228	0.13036483586676	0.118197574727691	0.142527623668818	0.0922890945781156	0.0857370316612065	0.0985347842261816	0.0616673985762594	0.0562877404901284	0.0671347314947994	0.0380733659330825	0.0346600744727073	0.0420743978456819	0.0166942216363739	0.0153302800871985	0.0180376826361059	0.0204498584356982	0.0180931182314069	0.0230439397254961	0.0146679179759901	0.0121737473272363	0.0170969442294911	0.00291879639752497	0.00102939542033333	0.00673694896443723	0.00324137473261312	9.14852947325188E-5	0.00617054096232288
2011-05-28	0.218691928641765	0.208348017329065	0.228818956417364	0.152082028509925	0.139136799819614	0.165115170953965	0.156559618150092	0.146102374316215	0.16742149429916	0.0956878007846127	0.0881639802864389	0.103123055454724	0.130615619809419	0.11883083437654	0.142668795581046	0.0922981450317594	0.0858881169464005	0.0983334714703586	0.0615822474515156	0.0563144716207817	0.0668455814888006	0.0380752443284137	0.0346085064097995	0.0421396561580269	0.0166992633606272	0.0153420963684246	0.0180412567498831	0.0204641150371118	0.0181061425384239	0.023044267052604	0.0145809511742967	0.0120841154719808	0.0170446131714354	0.00292709063702388	9.97202233649578E-4	0.00677032314099779	0.00324137302038268	4.66845889823156E-5	0.00625018422781813
2011-05-29	0.21846594749313	0.208120707498516	0.228363704723337	0.151951184539886	0.139944192964111	0.163735521662406	0.15708496629155	0.146835166584166	0.16785244481781	0.0956151869705664	0.0883792107167487	0.102808878285794	0.130897736906163	0.119730144161757	0.141538254122885	0.0923141649341342	0.0860993506648823	0.0983997777177779	0.0614809335658606	0.0562744289365427	0.0666991095386948	0.0380808663008636	0.0346246063479568	0.0420287472520908	0.0167016369497528	0.0153618866127444	0.0180388695069512	0.0204748445414148	0.0181278766166141	0.0230063589748288	0.0144947189487359	0.0120468251582519	0.0169001254319555	0.00293255836058625	0.00104694062816657	0.00689427607746797	0.00323821050453898	3.54217648617199E-5	0.00624592527545896
2011-05-30	0.218282800252153	0.208151498337197	0.22840148265322	0.151831085538129	0.138975474812512	0.164727756744463	0.157086525993243	0.146309581525725	0.168010296212695	0.0957243604005431	0.0884357364047167	0.102924819236999	0.130981513303939	0.119463036237711	0.142046656238263	0.0924269001299828	0.0862513053139086	0.0984962964112847	0.0614368428874015	0.0561258169858866	0.0666000311632304	0.0380497352254686	0.0346431613556015	0.0419347488014201	0.0167070224338363	0.0153685352114148	0.0180529054482156	0.0204877401795251	0.0180830431968573	0.0231090240705556	0.0144503361096123	0.0119363653610584	0.0169029571605718	0.00294179306227248	0.00103993570397515	0.00684228888316499	0.0032378735376404	9.33136294095624E-6	0.00625043050276981
2011-05-31	0.218134684366286	0.207762714359253	0.228292814442441	0.151717666585581	0.138918257908346	0.164736044505817	0.157022928914991	0.146138270391231	0.167584450647449	0.0958229432342038	0.0886287866130477	0.102868567704448	0.131090292969305	0.119848483508443	0.142414003357047	0.0925337354358715	0.0863587582302677	0.0986630512472947	0.0613963659121402	0.0562098980455296	0.0665907738310122	0.0380135321823713	0.0346664806006231	0.041896488626328	0.0167103910982709	0.0153622440452464	0.0180504774695612	0.0204976964757731	0.0181396197443052	0.0231305204877599	0.0144052222608044	0.0119672905919777	0.0168153026666575	0.00295210646732959	0.00107505898800545	0.00675738451040249	0.00323580506319847	2.77902722879655E-5	0.00631771253903558
2011-06-01	0.21797846369868	0.208301741388338	0.228164802431918	0.151611008702937	0.139174909960717	0.164465385853337	0.156906525254014	0.146440247507887	0.167153363132342	0.0959555313048219	0.0888815304599457	0.102961503687021	0.13118010639826	0.120267330397416	0.141809726395679	0.0926160134682815	0.0865087076381674	0.0986935500989486	0.0613432646236133	0.0560846944701108	0.0665044118345125	0.0379883816280847	0.0345821643006523	0.0419043745827371	0.0167153221253702	0.0153592918468288	0.0180500138192414	0.0205099332890689	0.0181389320574892	0.0230730581535682	0.0143619009556441	0.0119905250146137	0.0167861221927727	0.00295567413635044	0.00107091293486024	0.00675360092259893	0.00323327253225185	1.98686351699492E-5	0.00634439540863526
2011-06-02	0.218007540858947	0.208000310322418	0.228336682811885	0.150753166564504	0.137512187034035	0.164476126964931	0.157452776426679	0.14693380536373	0.168182407139794	0.0958254074893663	0.0885492264558167	0.102782279415207	0.131559561649442	0.120091076363397	0.143172443528556	0.0927580611878289	0.0867098088606215	0.0989396536308491	0.0613313869719672	0.05598188978551	0.0664929104232728	0.0379478215368507	0.034547157344752	0.0418750015795633	0.0167191200868736	0.0153856873644662	0.0180580484829468	0.020525880384472	0.0181305269731312	0.0231103659451233	0.014289309253772	0.0118263123245229	0.0167076371019425	0.00296040677034953	0.00109307234942449	0.00677262277796764	0.00323640333627561	1.13543869291948E-5	0.00633515358467225
2011-06-03	0.217999264381635	0.207938251347437	0.228492713890429	0.149808587538688	0.136404442027205	0.163273145945219	0.158013778868988	0.147279868648357	0.168528302145356	0.0957259356548203	0.0883279730513112	0.10304719855439	0.131902783902629	0.119804741958689	0.143899337801765	0.0929094796014858	0.0867295954944382	0.0990228447876166	0.0613146540159472	0.0560156731833352	0.0666361007944228	0.0379052587110388	0.0344681928545512	0.0418769926162424	0.0167260918415512	0.0153757581973557	0.0180697285772425	0.0205316492190283	0.0181623217168551	0.0230886803261358	0.0142200957658253	0.0117756619790795	0.0166731981033197	0.00296686731744351	0.00107960645156989	0.00673047114853762	0.00323230857430076	-3.98882974861331E-5	0.00632499583680286
2011-06-04	0.218049292520545	0.208032540826284	0.228353423897534	0.148890346680075	0.135799072222028	0.161860928447113	0.158529424892441	0.147889373791074	0.168916278263331	0.0956090160276947	0.0883542353961353	0.102838588135795	0.132221861426712	0.120291635494487	0.143864399405244	0.0930541173712203	0.0869071454489693	0.0991148123867774	0.0613157989136947	0.0560042041065568	0.0665987006432543	0.0378643142931333	0.034448769664174	0.0417739334354694	0.016731694718341	0.0153898991177191	0.0180823692106095	0.0205340749829935	0.0181554575118248	0.0230966924384529	0.0141477241296194	0.0116730557778707	0.0166168141668042	0.00297149268339722	0.00111222177045454	0.00671747235032581	0.00323176241653181	-2.99834709594887E-5	0.00633851956595807
2011-06-05	0.218062856836049	0.208391043527126	0.228284639075042	0.147939690020331	0.135820371544409	0.160111760204737	0.159089580668378	0.148665616717632	0.169405763445626	0.0954612480190192	0.0880641857471961	0.102619648366004	0.132541688602984	0.12119978826952	0.143841521443588	0.0931961544584578	0.0870469827095365	0.0994700369136715	0.0612915373279271	0.0560070571386527	0.0664739091782012	0.0378185420595827	0.0344314996770045	0.0416521271051411	0.0167334671281048	0.015385136467003	0.0180626010057445	0.0205356905225119	0.0180767465636108	0.0230887619645427	0.0140768330979196	0.0115926553345788	0.0165070600052346	0.00297795938671084	0.00109748685126373	0.00673929308279888	0.00322992033808998	-2.20207579082321E-4	0.00636020389388863
2011-06-06	0.21815831713425	0.208008393056011	0.228602688048181	0.147372210019662	0.134185949228224	0.160931302880665	0.159198441925304	0.148592128221127	0.169746604691308	0.0953209211992986	0.0879890386442649	0.102417850998242	0.132958697225785	0.12065767605839	0.145252877508013	0.0932935695019894	0.0869812438484873	0.0995524588540367	0.0613386909025315	0.055905328371657	0.0667088402922797	0.0377904699493003	0.0343917543427525	0.0416012237816055	0.0167380195934721	0.0153946344803843	0.0180784102401824	0.0205356679465429	0.0180746492563615	0.0230650033181145	0.0140456853724532	0.0115344716003501	0.0164954336642364	0.00297954493129537	0.00111622076641903	0.00665851847255799	0.00322525605477277	-1.89164051802974E-4	0.00641605962393091
2011-06-07	0.218172553835606	0.207880710125244	0.228742154197329	0.146901815251735	0.133090543962492	0.161238429903959	0.159237173289433	0.148178951778944	0.170197556014402	0.0951775240238338	0.0876745165004632	0.102332834650179	0.133358068911272	0.120614119541352	0.146024397020901	0.0934269083060007	0.0872077979098031	0.0996898746891645	0.0613752486621558	0.0560252247284608	0.0667283221641795	0.0377781199160487	0.0344064703872546	0.0415555774687209	0.016744577049379	0.015406229790999	0.0180935043058622	0.0205440115023874	0.0180997489358307	0.0230774202258924	0.014007797933014	0.011449614469181	0.0164833755455502	0.0029875530850963	0.00113477480074923	0.00667131002292698	0.00322309170659914	-2.6085446667176E-4	0.00639731520949776
2011-06-08	0.218206657109463	0.207486907614495	0.228939998152993	0.146324051668505	0.132270148786809	0.160397929946128	0.159337599398369	0.148347209595634	0.170273362301999	0.0950189529281435	0.0873930386430052	0.102241618232984	0.13383398003103	0.121037154223656	0.146557827310152	0.0935522749826981	0.0872631517323325	0.0998023263420954	0.0614092586743443	0.056046564466888	0.0666921440298811	0.0377457202545128	0.0343651277016294	0.0415399227086706	0.0167482849375221	0.0154262229430938	0.0180935501876735	0.0205445618024875	0.0180581259317326	0.0230539483024751	0.013968594855302	0.0114785324376645	0.0164874215984984	0.00299450511776521	0.00114035388655411	0.00670846921691788	0.00322934598340312	-2.53112243794941E-4	0.00644939207544589
2011-06-09	0.218275124791009	0.207532535798092	0.228708649320805	0.145846125838085	0.131953418394686	0.1598342171258	0.159395084204071	0.148648902069482	0.170223760236104	0.0948504440468125	0.0873077170469388	0.10198860730047	0.134225797128942	0.121431330927017	0.147399150954539	0.0936908550046312	0.0872691389918338	0.0999750176074753	0.0614651604680013	0.0561480696802609	0.0666792526706257	0.0377205592704773	0.0343134163108731	0.0414613711583867	0.0167555001127929	0.0154211896067885	0.018097763589927	0.0205466404158509	0.0180519275346715	0.0231162062443486	0.0139253429286869	0.0113990543124895	0.0164448300808152	0.0029988089711661	0.00113790902820789	0.00672519148168356	0.00323251397652676	-3.01636100393193E-4	0.00643417590604036
2011-06-10	0.218338519680141	0.207841067158788	0.228785129372029	0.145329147262563	0.131348721263878	0.159269730640303	0.159449355143019	0.148607509560566	0.170263863964745	0.0946915550428446	0.0871598733894968	0.102027957443343	0.134672195721139	0.122258593061824	0.147450713175118	0.0938259809682445	0.0875283317504467	0.10008980041433	0.0614922286212154	0.0563404082162051	0.0666405187480579	0.0376997767426059	0.0342969352348147	0.0414444350732421	0.0167609972256598	0.0154259582074462	0.0181075797528305	0.0205396695255339	0.0180236658550362	0.0231167889688957	0.0138748204369359	0.0113772777141708	0.0163571000789961	0.00300721793399665	0.00109921221178531	0.00673744557364594	0.0032343988834062	-2.64282454450459E-4	0.0064652509353557
2011-06-11	0.218470164837332	0.207980935069653	0.228813547622689	0.144742217050026	0.131720621040487	0.157869110129517	0.159442143886479	0.148823332617141	0.170213376288782	0.0945189913344317	0.0872404318156895	0.101775094340589	0.135047607700854	0.122571600632861	0.147353040205039	0.0939668868621181	0.0878407139180863	0.100144994147411	0.061532045880988	0.0562370317080388	0.0668632779686747	0.0376746104253249	0.034279533110401	0.0414793104192766	0.0167647562097756	0.0154374808663188	0.0181097667046711	0.0205426708836757	0.0180744261782075	0.0231259016106749	0.0138202849142619	0.0113656355997722	0.0162958749303497	0.00301546108233701	0.00109976084765654	0.00675757828243511	0.00324055776563296	-4.55910212470483E-4	0.00651449576604014
2011-06-12	0.218580744482736	0.208380408181323	0.228775237344687	0.144279121807927	0.132099963425909	0.156477922626055	0.159521475457618	0.149312308525811	0.169926300293834	0.0943522375687163	0.0871810090425464	0.101415513175957	0.135407214426672	0.123888249949829	0.14688178714678	0.0941036673101657	0.0882298583141946	0.100228709267729	0.0615583420783929	0.056256204947811	0.0668073496571103	0.0376569497130108	0.0343223686293943	0.0413425040964803	0.0167699440031675	0.0154352887677907	0.0181222410256092	0.0205458345121503	0.0181112145521071	0.0230731732349181	0.013773283761468	0.0113411438218849	0.0162468796963466	0.00302216997822386	0.00108372295388441	0.00675044800097905	0.00324286865623091	-4.55920833185188E-4	0.00652929913720554
2011-06-13	0.218701637727899	0.208418308603708	0.22903724101008	0.143420098104369	0.130269810707186	0.156667732103314	0.159591262031254	0.149435850058962	0.170204743258353	0.0943498213693689	0.0870760088723457	0.101489594070836	0.135422189729865	0.123427905915701	0.147679945571343	0.0942274947221688	0.088193243457861	0.100513977812763	0.0615131497252581	0.0561777476184932	0.0668687725920749	0.0376411939890003	0.0343227127883608	0.0412581572031109	0.0167752056795336	0.0154613268298849	0.0181194219765368	0.0205421510526379	0.0180996570880552	0.0231131704524052	0.0137472802354151	0.0113451474566831	0.0162501631030284	0.0030310741522395	0.00107662912494845	0.00673443004198775	0.0032455129653463	-5.58613184518879E-4	0.00653959912510852
2011-06-14	0.218829190840438	0.208270146408011	0.229322833752554	0.142546785887879	0.129388926926637	0.155671627746406	0.159582538876423	0.149510777402739	0.170247796374058	0.0944112630356227	0.0872278670256842	0.101570938261728	0.135573403451181	0.123677183759328	0.14796181840296	0.0943550467574487	0.0883054252789889	0.100585749884216	0.0614819815004746	0.0562445673608227	0.0669175418750511	0.0376251372456502	0.0342335539958445	0.0412129576981984	0.0167793085598476	0.0154530326145734	0.0181310096370037	0.0205422320153823	0.0180581289105485	0.0230933636539327	0.0137203492889974	0.0112683352450246	0.0161707388939493	0.00303916910343404	0.0010886131552005	0.00676039330195795	0.00325371027405877	-5.42301090508431E-4	0.00656013235635656
2011-06-15	0.219000398414196	0.208352339430713	0.229685168848629	0.141762827971066	0.129235096441135	0.154613041436694	0.15965217096571	0.149420856413223	0.17001803830384	0.0944230987495953	0.0871776653777286	0.101636504845292	0.135635268722086	0.123828735641033	0.147416352323266	0.0944732912929196	0.0884551576432905	0.100869481096062	0.0614240539181964	0.0563299039008883	0.066817053229061	0.0376034440471981	0.0341735730740235	0.0411545041499484	0.0167849566966044	0.0154536962119437	0.0181217187499379	0.0205469616978614	0.0180709633896584	0.0231467007814313	0.0137007889139509	0.0112926982482057	0.0162059704030394	0.00304706511924347	0.00109670689515347	0.00683574042331329	0.00325556300257182	-5.95406858080805E-4	0.00654729660592479
2011-06-16	0.219121556950031	0.208784871587396	0.229421251939041	0.140894338386143	0.128744209251793	0.153438719632101	0.159675211513418	0.149829201390899	0.169769690384588	0.0944467641013608	0.0872437973592029	0.101503655212816	0.135798521404139	0.1246343718902	0.147094114829617	0.0946031363320015	0.0885125589240567	0.100855722582608	0.0613777207687958	0.0563482387049533	0.0667269726391297	0.0375935587265297	0.0341813211294532	0.0411866858540206	0.0167915372433799	0.0154650942231207	0.0181336727544244	0.0205485922857831	0.0180814798241314	0.0231179042344853	0.0136767080514604	0.011292312793909	0.0161515201550173	0.00305635191871216	0.00111537994402938	0.00679658705662314	0.00326184477135712	-6.79154495453416E-4	0.00657957760290632
2011-06-17	0.219224335366564	0.208777622845378	0.229736844753895	0.14103189001271	0.128681705042898	0.153706857879695	0.159728525157109	0.149760833102843	0.170003571601953	0.0943310992966367	0.0868735179887796	0.101467575351334	0.13587173322769	0.12402150333769	0.147632549751797	0.094690100599175	0.0883510782084232	0.100892735726635	0.0614121115962948	0.0562690264892896	0.0668319810390083	0.0376024839588831	0.0341538043479588	0.0412079929382355	0.0167973588299328	0.0154862128468303	0.0181414125129072	0.020545740624796	0.0181176416297938	0.0231236353337371	0.0136112240088075	0.0112173415374462	0.016098883852641	0.00306795466345453	0.00112854419919171	0.00680859962313007	0.00326792998602587	-7.25339740637416E-4	0.00659744342887809
2011-06-18	0.219315547602248	0.208697861586022	0.229907192671065	0.141142697587203	0.128937719481396	0.153831749406662	0.15975055369103	0.149820839550824	0.169974659812307	0.0941708933449519	0.0867581617588626	0.101429893490183	0.13591408558644	0.12442146074608	0.147523489028523	0.0947729079058831	0.0884483245843866	0.100949657444092	0.0614588685164926	0.0563496003472197	0.0668949521563178	0.0376025198629267	0.0341624641023193	0.0411273451371687	0.0168042605503778	0.0154758337169284	0.0181405521267877	0.0205453751714618	0.0180297687286699	0.0232001440739212	0.013536842236101	0.0111412222003048	0.0160265785569491	0.00307834179162907	0.00114046241506794	0.00683815562493004	0.00326647177879406	-7.92109981463025E-4	0.00660439304250293
2011-06-19	0.219465033386287	0.208999880032876	0.229869837399276	0.141262502347129	0.12981282233771	0.153445909677906	0.159790101248744	0.149796462412391	0.169917286397285	0.0940239723585333	0.0865574502436803	0.101126253567723	0.136062773237151	0.124974689032184	0.147272918490568	0.0948248608416442	0.0885589606081094	0.101033704940569	0.0615237427338857	0.0562962690025091	0.0668715903185825	0.0376014516439005	0.0341960636991075	0.0411081448975448	0.0168096848528701	0.0154479503011906	0.0181501531844533	0.0205455831668252	0.0180664875344739	0.0232056904942808	0.0134741827134506	0.0110841627600095	0.0159584204244405	0.00308901753781579	0.0011481450522821	0.00686085078704799	0.0032697754366058	-8.03222116094646E-4	0.00666471582001378
2011-06-20	0.21964521755256	0.209109375340832	0.230453761124924	0.140391840747919	0.127525137779668	0.153589554139083	0.159825037630387	0.149267360568619	0.170589292847301	0.0940184643909092	0.0864844953424327	0.10114685533603	0.135922708742303	0.124145293033876	0.148069377921853	0.0949089007156514	0.0885598961732147	0.101204477432472	0.061509252638546	0.0563129501836236	0.0668546268019053	0.0376212633916081	0.0341987417442516	0.0410725576333362	0.0168165834459211	0.0154531718447322	0.0181603823266187	0.0205432963012083	0.0181134295534964	0.0232077776037714	0.0134292816216631	0.0109975369452564	0.0160125040320125	0.00309862919436301	0.00117013150057102	0.00688321301601622	0.00326857627634698	-7.66565670879111E-4	0.00668858207027461
2011-06-21	0.219875568099027	0.20892372969307	0.230815408524919	0.139638978076703	0.126113148878985	0.153536364915879	0.159900174447336	0.148892212722968	0.170928455643833	0.0939882582190973	0.0860379645948568	0.10134470743906	0.135804611526442	0.123403546671632	0.148740924659974	0.0950263552425037	0.0885116019624427	0.101408819798747	0.0614793990240428	0.056163906497674	0.0669164686363526	0.0376337397967743	0.0342106637166707	0.0410644688883347	0.0168254826704321	0.0154874812196152	0.0181719060214384	0.0205305911161569	0.0180974221480122	0.023193951890854	0.0133834951695765	0.0110253392411369	0.0159573815698882	0.00310906601564338	0.00119490006085157	0.00677870115712111	0.00327248634977621	-8.34985201587587E-4	0.0067256952482191
2011-06-22	0.220092853100605	0.209198111101199	0.23085921062551	0.138839169907835	0.125131140758885	0.153193066185648	0.159993331380378	0.148914151108201	0.171192795486766	0.0939441982468634	0.0860383126073343	0.101473772981354	0.135665316734758	0.122629814982519	0.148689731472529	0.0951305379416033	0.0888096555346064	0.101583431254471	0.0614585186762821	0.0560452028413503	0.0668659848226293	0.0376384671193056	0.0341971460272091	0.0410841529933658	0.0168320695705762	0.0155138185013534	0.0182015678117135	0.0205262464540426	0.0181235033955407	0.0232100071410623	0.0133362025318174	0.0109074093743915	0.0158749722815555	0.00311849292468614	0.00118986005724593	0.00681041796121985	0.00327048693332191	-8.60457863079081E-4	0.00673833590751873
2011-06-23	0.220320002678734	0.209189499325823	0.231028934638236	0.138054543935032	0.12428697157847	0.152186226427469	0.160069731240203	0.1490275458904	0.171357693226489	0.0939286401855101	0.0858299963212874	0.101308825796391	0.135497616989698	0.122497238500773	0.148665231525894	0.0952288822275719	0.0888252884927743	0.101655551933482	0.0614253536158232	0.0560547486688836	0.0668548422036149	0.0376620770557719	0.0342441643730851	0.0409816876937885	0.0168390739787013	0.0155108403605334	0.0181754790336707	0.020513325405474	0.0180767966403032	0.0231997935065303	0.0132911419817436	0.010833543461237	0.0158882563160787	0.00312502005154853	0.00118483208661322	0.00680128080441509	0.0032749027491078	-9.29833748480924E-4	0.00676954975609698
2011-06-24	0.220524970283284	0.209728667365304	0.231360319469533	0.137284895024142	0.123991257444433	0.150740978746752	0.160125020696184	0.149039927581505	0.171246805374815	0.0938844941864874	0.0860944100932386	0.101255061019606	0.135331138111638	0.122794370005035	0.148037013541763	0.0953520316633569	0.088997795850148	0.10183340179269	0.0614045364168057	0.0559684700593717	0.066749367153793	0.0376864904033366	0.0342266502301992	0.0409879855602521	0.0168455908966817	0.0155271227760127	0.0181904711412834	0.020508010873688	0.0181128363277613	0.0230892079663157	0.0132348769499276	0.0108008530255712	0.01582512409818	0.00313223809380424	0.001206483770052	0.00681215132323868	0.00327615336188936	-0.00106393877700698	0.00679322787121683
2011-06-25	0.220732442571591	0.210025440372112	0.231376094301937	0.136538938929852	0.123571685866592	0.149537788962381	0.160106461198797	0.149402910178905	0.17085294390436	0.0938808675484804	0.0862674497277727	0.101307261901948	0.135235475483167	0.123460396532117	0.147660323725157	0.0954758009935362	0.0891451020397007	0.101861013424422	0.0613946996175956	0.0560364180174763	0.0667023089853508	0.0377052308926062	0.0342632167705824	0.0409981747833572	0.0168522930731048	0.0155385635083148	0.0181982096988065	0.0205050470039365	0.0180820332271631	0.0231596196014176	0.0131946980222629	0.0107683142076063	0.0157978247496602	0.00313845109036323	0.00122278408735258	0.00685453280507299	0.00328156227074098	-0.0010165462793597	0.00682373891299962
2011-06-26	0.221008343971958	0.210481902088911	0.231404625548068	0.135720755792059	0.12371566859642	0.147530657628334	0.160138566929717	0.149981231037611	0.170599670752577	0.0938442951402009	0.0865690453861678	0.100915992993241	0.135169209984439	0.123802029969176	0.146824790796391	0.0956111569296707	0.0893850841758	0.102029867713293	0.0613466103038815	0.0560675914616788	0.0665884936747263	0.0377258188962858	0.0342454268690991	0.0409844921768257	0.0168593517903007	0.0155544017988529	0.0182100034168517	0.0204946455012198	0.0180911523498453	0.0231401388070894	0.0131388638857443	0.0107554722461272	0.0157124281738593	0.00314299296979447	0.00121954597037053	0.00680489488396196	0.00328378259629833	-0.00104522713114303	0.006810819282104
2011-06-27	0.22136658547989	0.210644339922778	0.23220025542276	0.135381583136849	0.122665198347349	0.147932411314477	0.160264512854774	0.149772851669274	0.170915933508401	0.093970898987559	0.0865350440787879	0.101093429805408	0.134573613295032	0.122769976583956	0.14693742021552	0.0956581863652436	0.0893442875616086	0.101978779215112	0.0612293513835238	0.0558011637361857	0.0664757509777669	0.0377031275648242	0.0342217501703901	0.0410341543960892	0.0168676486857062	0.0155661230266059	0.0182196827265275	0.0204878968934661	0.0180621722524417	0.0231635488639582	0.0131041863932723	0.0107018389234211	0.0157633600769551	0.00315074512352275	0.00123683245498505	0.00675579591200764	0.00328589766615668	-0.00107595209914783	0.00682117919672992
2011-06-28	0.221783574002543	0.211158693858708	0.232539296406708	0.135264256678384	0.122281635604066	0.148210503548461	0.160307165892155	0.149853810558412	0.171050934566149	0.0940775896693664	0.08666519484204	0.101321453796221	0.13403266883281	0.121995905536848	0.145966424363484	0.095689751475232	0.0891915024266769	0.10212884142796	0.0610983541110548	0.0557008902615044	0.0663748478280278	0.037680668654425	0.0342131953948039	0.0409538862147575	0.0168730850712967	0.0155920713062824	0.0182249163965695	0.0204794677702888	0.0180608551923005	0.023214223549378	0.0130627115706699	0.0106996055215982	0.0156939655987927	0.00315282031992904	0.00125062503207631	0.00672661702483593	0.00328223840057749	-0.00121791099808085	0.0068181936546214
2011-06-29	0.222214016885405	0.211559110669328	0.233001220122282	0.13499688816071	0.122221983606201	0.147419607138089	0.160369112731169	0.149757969330182	0.171242662125664	0.0941603543923818	0.0867641892695244	0.101472035358283	0.133559182691339	0.121832003759439	0.145494246327381	0.0957056238614469	0.0892130451878134	0.10211710915084	0.0609558286513364	0.0556398758760865	0.0661935324010606	0.0376614586272827	0.0341184891330146	0.040847394210099	0.0168811401698417	0.0156052018998779	0.0182258946216186	0.0204691945095351	0.0180827474214183	0.0232149951093146	0.0130280805381468	0.0106994994226505	0.015613619553391	0.00315792420623522	0.0012584036041266	0.00664017544934558	0.00328882203028622	-0.00116551051556026	0.00684075649569003
2011-06-30	0.222661991709491	0.2120341373608	0.233162860739015	0.134846444555195	0.122820492379622	0.147022965041961	0.160433587143089	0.150141135718267	0.170909889330606	0.0942414176312076	0.086830110667383	0.101554711924011	0.133047648140737	0.121624850490883	0.144266722931327	0.0957189147693532	0.0892763016473298	0.102111615512564	0.0608233949059339	0.0555187530091425	0.0660552116693041	0.0376553122975113	0.0341159312765532	0.0408802870844064	0.0168895911410804	0.0156150274608423	0.0182581516013531	0.0204519670777964	0.0180807702350516	0.023170977259255	0.0129888869688666	0.0106774846775753	0.0154802967905254	0.00316250533953995	0.00125836457521782	0.00657714065135979	0.00329091548098372	-0.0012028770840295	0.00684432356445301
2011-07-01	0.222631331450311	0.21186689556161	0.23330214334347	0.133482642215707	0.120831662369515	0.145970852466094	0.160233508002919	0.150053137481244	0.170570854083462	0.0943450721708823	0.086927492919409	0.101846504518103	0.133769927410914	0.122041846874299	0.145446178802208	0.0958509388476573	0.0893320721634559	0.102356023241831	0.0606918986495185	0.0555787253886812	0.0658634392881777	0.0376608499013587	0.034188124847557	0.0409610398870778	0.0169019270402709	0.0156394968972956	0.0182681068640005	0.0204439867252019	0.0180809313887522	0.0231958412015156	0.0129517383115223	0.0106331111093445	0.0154823321198883	0.00316872760830583	0.00126595553672019	0.00661550649875789	0.00329349351836775	-0.00127568253074164	0.0068097755564115
2011-07-02	0.222633606348355	0.211825996930007	0.233307465048405	0.132230411757267	0.120041744497243	0.144445841317114	0.160065856512815	0.149897444099761	0.170425199008397	0.0944960129861437	0.0869792634036762	0.101791517048787	0.134403242240412	0.122807051181509	0.145907052097496	0.0959650202540469	0.0895117956725052	0.102322043226558	0.060563830658986	0.0553295271601286	0.0657318677460617	0.0376685673479951	0.0341176304519291	0.0409325269842881	0.0169131227636575	0.0156524644400781	0.018296239289676	0.0204423870818906	0.0180574059865134	0.0231976262649803	0.0129195500483477	0.0106368445096599	0.0154019621081165	0.00316995581639833	0.00125423056047256	0.00650438088558851	0.0032965937726532	-0.00128210077040901	0.00685862531936091
2011-07-03	0.222643888152587	0.211986528497231	0.233486034897028	0.130920505165963	0.119356628849995	0.142303320359324	0.159952325752711	0.150140476913731	0.170280906024215	0.0946043441995134	0.0872339912068055	0.101778920178663	0.135048643286497	0.123927155827664	0.146516087290209	0.0960694017047805	0.0898378558322459	0.102360354687528	0.0604393385074943	0.0552577167515505	0.0656738288889678	0.0376764757657396	0.0341250769870027	0.0409790793084087	0.0169265673103158	0.0156954246781833	0.0183010593849716	0.0204365463837272	0.0180807777870205	0.0231706997979502	0.0128826083290904	0.0105898515842257	0.0153867735868007	0.0031717698124073	0.00125056847146179	0.0064362124780251	0.00329500577671391	-0.00139813214646306	0.00680306131148961
2011-07-04	0.222636404392651	0.211772701992433	0.233868714362288	0.130503617112231	0.117740662325104	0.142904940655558	0.160220966985571	0.149772555232556	0.17074233131018	0.0946314743191661	0.0869577136784506	0.1021497852507	0.135313786317644	0.123407415998068	0.147573546769199	0.096076334512238	0.0898414495827641	0.102591514892053	0.0603451572922875	0.0550953422313192	0.0655970970754413	0.0376377261746639	0.0340562322522603	0.0409947611364919	0.0169365700036563	0.0157035901418039	0.0183164798901441	0.0204307388440719	0.0180442783885205	0.0231515437958031	0.0128630322379564	0.0104979251723971	0.0153642713521189	0.00317222569997021	0.00125399905619471	0.0063934695890212	0.00329660703314868	-0.00135504654294348	0.00678689338416698
2011-07-05	0.222720250658652	0.21182272523209	0.233730722272846	0.130068259474938	0.116505294914378	0.143345946530038	0.16053078652146	0.149459270427862	0.17149089351052	0.0947046465445999	0.0868988522669164	0.102353554869205	0.135701957431292	0.123133555186022	0.148333009517105	0.0960880584470443	0.0896480578250621	0.10262496863969	0.0602285084100079	0.0548304019933691	0.0655535442501664	0.0376086355312184	0.0339269045715671	0.0410474253324851	0.0169468413208012	0.0156986845846774	0.0183166752729198	0.0204202192257331	0.0180067348214568	0.0231638277616669	0.0128368211812952	0.0104383784548194	0.0153552838273558	0.0031782447276662	0.00123029369493316	0.00638262063380742	0.00330176380602944	-0.00137818276443025	0.00681315152907059
2011-07-06	0.222756916127792	0.211643265090943	0.233919825590231	0.129609624465624	0.115390720875161	0.14320650805272	0.160800576500329	0.149877791112728	0.171793591027767	0.094738591867655	0.0867568775554045	0.102470390318945	0.135989914880023	0.123230254394361	0.149008952238398	0.096106252581435	0.0895589864840529	0.102816264583153	0.0601359045134029	0.0547146782161732	0.0655839540752061	0.0375732822929379	0.0339026378301807	0.0410067154382274	0.0169604797760802	0.0157054789633727	0.0183202775056891	0.02042068131078	0.0179765874557035	0.0231640584882075	0.0128039486648904	0.0103979797368662	0.0152737301983144	0.0031835899504511	0.00118569052394367	0.00633439704569078	0.00331042872699453	-0.0014211671375783	0.00680050787206206
2011-07-07	0.222808602635531	0.211658968891525	0.23409646929425	0.129196856424607	0.115021928387162	0.14314252874762	0.161067777001969	0.150145495756886	0.172399855230081	0.0947682597348637	0.0866828473131055	0.102630164516997	0.136285227341949	0.123131060756056	0.149448783862996	0.0961185805848251	0.0894091551779759	0.10267800144589	0.0600265864143018	0.0546000645862695	0.0655804549649708	0.0375493187062256	0.0338071411883177	0.0410045356609381	0.0169717204570325	0.0157200057279368	0.0183284830200848	0.020418857319197	0.0179725159453735	0.0231661684726	0.0127756225813593	0.0103646893442748	0.0151852692970337	0.00318904889919809	0.00121699919382585	0.00627214882109779	0.00331525119357633	-0.00139041936783532	0.00677048483718324
2011-07-08	0.222831591148119	0.211640811765006	0.233892037933738	0.128780385328086	0.114571646899725	0.142276126148857	0.161367607916094	0.150377536661646	0.172505066530419	0.0947959940645157	0.0869210084296594	0.102467201286055	0.136555105867995	0.123787693695923	0.149306754065465	0.0961089476616693	0.0895448060314915	0.102539802081557	0.059942612866824	0.054619154607602	0.0655565917712824	0.0375179270914661	0.0337945664035311	0.0409880683545723	0.0169815106418351	0.0157491298266643	0.0183540963894907	0.0204176823914778	0.0179413739875075	0.0232223548703881	0.0127424114583774	0.0103252787264887	0.0151778938238282	0.00319586143628803	0.00125361609174711	0.00627851910127273	0.00331655835468517	-0.00148893950343643	0.00675054342278062
2011-07-09	0.222760635745415	0.2118166697547	0.23369841367838	0.128330065641354	0.114912640313467	0.141435363935848	0.161604732214166	0.150868699604289	0.172704929363485	0.0948245934965113	0.0868711237716932	0.102275692913602	0.136762237269798	0.124271096969399	0.149130498989227	0.0961374141762481	0.0896596511814971	0.102564989984693	0.059836155476074	0.0544257166165843	0.0654290037919207	0.0374983190204487	0.0337709551983861	0.0409489013961746	0.0169923887481739	0.0157324556305251	0.0183526296526867	0.0204050126927806	0.0179492725935524	0.0232069212868276	0.0127208770485064	0.0103100764000848	0.0151699627157641	0.00319894350247197	0.00121463019474057	0.00620579500564782	0.00332352118665605	-0.00145825430768202	0.00676147732142236
2011-07-10	0.222814162522503	0.212041952922255	0.233663100894713	0.12794121183556	0.115406228757458	0.140055211730688	0.161909094895153	0.151186726430098	0.172550157825863	0.0948526492304419	0.087069058825018	0.102419173555958	0.137055529013721	0.125457672584404	0.148497886830999	0.096152996963818	0.0897076153090359	0.10261998631993	0.0597405842916473	0.0544374769158033	0.0651862706048274	0.0374837684129008	0.0338785465841	0.0408704228003825	0.0170046849203996	0.0157690887794108	0.0183869799244177	0.0204003058422813	0.0179159558119882	0.0231632258026699	0.0126860158551943	0.0102490891768178	0.0151326189125795	0.00320376289878214	0.00121108571037336	0.00620508562350844	0.00332597133288327	-0.00149177098050532	0.00681131112927957
2011-07-11	0.222544507641306	0.211575361467664	0.233770080207024	0.127819532216998	0.114193054319869	0.141199563544208	0.162353520913043	0.151215990170102	0.173358445767528	0.0950479510159584	0.0870950561655922	0.102620227510855	0.137157910026678	0.124693187874635	0.149825168101961	0.0960851765934325	0.0897307891948971	0.102445360716593	0.0596660057034678	0.0543062135343091	0.0652330469541555	0.0374844632080306	0.0338823004743885	0.0408660109551945	0.0170147089382509	0.0157746852733458	0.0183675739745451	0.020382056475109	0.0179432086916588	0.0230804237993712	0.0126680595179043	0.0102110355206595	0.0151522069597743	0.00320258324094087	0.00120434887810855	0.00614965607551873	0.00332597385680091	-0.00165267768990634	0.00680491867164966
2011-07-12	0.222264847623757	0.211134649640698	0.233654837938594	0.127522399173484	0.113215865790968	0.141845082626423	0.162754950405311	0.151621510795054	0.173973011953537	0.0952849263838977	0.0871716063049222	0.103005388971951	0.137276033450266	0.124461437068217	0.150264472183808	0.0960021351059393	0.0894289390819031	0.102427209746237	0.0595979308927885	0.0542421121798284	0.0650242125123961	0.0374817061264064	0.033890341767339	0.0408556729101015	0.0170234881889614	0.0157862547045796	0.0183933938120507	0.0203758351214433	0.01789114226554	0.0230746125351397	0.0126555140866482	0.0101875872146335	0.0150795514407343	0.00320181134893566	0.00122875314676828	0.00611656400387826	0.00333015921168637	-0.00167537122037723	0.00678170548453828
2011-07-13	0.222019605386059	0.211085879936987	0.23383149312373	0.127284487648164	0.112895979617968	0.141750145319691	0.163142000197395	0.152067376393419	0.174812522688898	0.0954639282846461	0.0875663391574522	0.103131057228406	0.137375965451732	0.124667509755054	0.150576109879604	0.0959233450924879	0.0893988425402823	0.102285953482014	0.0595239633505706	0.0539853438700355	0.0651556145811581	0.0374797231675717	0.0338275818787918	0.0408888093717837	0.0170329860697256	0.0158194751288172	0.0183971866107962	0.0203692366366197	0.0178747834386702	0.0230847426175823	0.0126539205429743	0.0102005469082644	0.0151666301184777	0.00320218431295689	0.00122800079409762	0.00612835989436753	0.00333347147780033	-0.00160586351524679	0.00676852760406532
2011-07-14	0.221735146728143	0.210524866087421	0.233422711874758	0.127112164246284	0.112954513580272	0.141644399401651	0.163551398482614	0.152589477859308	0.175126951504893	0.095655002137025	0.0875878648881425	0.103505283389116	0.137480889369458	0.124542949842604	0.150935480155677	0.0958836806769231	0.0893996046006144	0.1021824013416	0.05948648522672	0.0539894953405899	0.06522461501465	0.0374559245473162	0.0338346643328702	0.040823353737744	0.017041915006688	0.0158001459766691	0.018391346240895	0.0203653639568317	0.0178028599721802	0.0230860969053688	0.012650811369684	0.0102499566488172	0.0151693791437199	0.00320368281113176	0.00124987723883619	0.00610577653831842	0.00333969294345135	-0.00168361356666304	0.00673411152677817
2011-07-15	0.221424351571727	0.210426045552561	0.232763541082565	0.126987097670764	0.112994143897292	0.141201906557447	0.163945945883714	0.152871765497507	0.174968075983477	0.0958702048298189	0.0878357239678389	0.103500910162354	0.137596642706429	0.12449151540779	0.150843974832287	0.0958281107124171	0.0893209424632871	0.102290892921501	0.0594091560737311	0.0539423550091353	0.0650743987485255	0.0374580123804611	0.0339599678450204	0.040857183334883	0.0170521847420613	0.0158277858613086	0.0184128162830819	0.0203589299358952	0.0177968797584898	0.0230532076255982	0.0126357108622275	0.0101926726132194	0.0151167905661548	0.00320361273467248	0.00126087418206769	0.00608828963381873	0.00335137703329203	-0.0016646291962627	0.00680469795357062
2011-07-16	0.221162741788371	0.210011150017361	0.23211675767446	0.126747424826954	0.113276825854151	0.139961797554478	0.164435263353812	0.153452070085231	0.175661973314343	0.0960958808201208	0.0882384835420261	0.103581422232448	0.137669612898909	0.125329844282916	0.150043170032944	0.0957468801505983	0.0892475539282291	0.102212387466661	0.0593218709537941	0.0537725548834986	0.0649165610761157	0.0374333756974557	0.033925830842844	0.0407882873702268	0.0170602377784795	0.0158239069416238	0.018423805284951	0.0203497346465523	0.0177483509248911	0.0230408169230436	0.0126239096039823	0.0101529962576552	0.0151375697376686	0.00320428879207334	0.00126379891973635	0.0060584737528155	0.00335548660168272	-0.00170077913260322	0.00678003275558364
2011-07-17	0.220928064390754	0.210131718788029	0.232085341157474	0.126613347520933	0.113932805309972	0.139147005056994	0.16485645986095	0.154085157599749	0.175840234938718	0.0963335757598863	0.0884472891862928	0.103616445849619	0.137741105989553	0.125665478985112	0.149679905652046	0.0956839405147609	0.0893743554458056	0.101868049031023	0.0592254345450495	0.0536579642174604	0.0647213384472042	0.0374211020151162	0.0339557847616909	0.0407799123961458	0.0170676901868022	0.0158458282063246	0.0184239267957403	0.0203449609847618	0.0176840214366923	0.0230612234551876	0.0126212234567363	0.0101686662359093	0.015066233900432	0.0032068324469524	0.00131801652532934	0.00604806008767599	0.00335841008613157	-0.00172183455275019	0.00680202467513462
2011-07-18	0.220633513325323	0.209652909346321	0.231532158073539	0.126456786954073	0.113656390876446	0.139891990932845	0.16522316504874	0.154339376010331	0.176329429082972	0.0965284642206899	0.0886726377089859	0.103831941322767	0.137687208755644	0.124867620607995	0.150282937695415	0.0956492847792747	0.0892389429310104	0.101943805216615	0.0591561556530859	0.0536449840297749	0.064690332319841	0.0374228963787138	0.0339384422641813	0.0408425354898416	0.0170726224817522	0.0158615616557905	0.0184423385068262	0.0203294099884077	0.0176366302699061	0.0230251792554819	0.012616125598459	0.010113622862091	0.0151129279998729	0.00320532106847778	0.00132546824601657	0.00602488401642629	0.00335962743226469	-0.00178645870899236	0.00682153647133626
2011-07-19	0.220279789044647	0.209358680448154	0.231689126725634	0.126265272891713	0.112386569251345	0.140068050128591	0.165583602514011	0.154343859262433	0.177253615388383	0.096698530677542	0.0889105781062927	0.104360442269766	0.137713344511649	0.124179709984789	0.15045859467534	0.0955641303939524	0.0891270084502099	0.101938184600879	0.0590728321270852	0.0534950877550165	0.0646376178413025	0.0374168256917587	0.0339372432419608	0.040869206638247	0.017077141215829	0.0158450739698976	0.0184490875063642	0.0203249529206109	0.0175726111458769	0.0230219659896211	0.0126083975196778	0.0101567002285682	0.0151616754347991	0.00320473825318614	0.00133268482555449	0.0059893555604588	0.00336397795980873	-0.0018841044833641	0.00679804082294334
2011-07-20	0.220009466499509	0.209308227701365	0.231384858034014	0.126120460110509	0.111818172085494	0.140193148365262	0.166009317172025	0.154669461571626	0.177791012158911	0.096872427745574	0.0891101200423813	0.104460534852066	0.137760540417326	0.124284106742676	0.15089184221328	0.0955106947800899	0.0891419821326022	0.101842871757053	0.0589946036427269	0.053470080049595	0.0644646002763526	0.0374249650030613	0.0339638366997355	0.0409230241375527	0.0170845530518967	0.0158702585816729	0.0184600941957536	0.0203124156840767	0.0175702954049176	0.0230231189595927	0.0126151472718028	0.010137549605826	0.0151003904704088	0.00320578403837051	0.001360136104467	0.00592706650247972	0.00336682683462328	-0.00194568561213733	0.00678837775949036
2011-07-21	0.219703315047494	0.208819625827763	0.230796591492127	0.12601682069538	0.111714782186845	0.139928511586441	0.166359797246483	0.15502236366194	0.178130260688025	0.0970897421660052	0.0896471869373473	0.104669985075949	0.137869288829196	0.12464540659877	0.150764029860939	0.0954441158351404	0.0890457201069963	0.10180408005536	0.0589223525883891	0.0533240887223036	0.0645230876685618	0.037423630769255	0.0339819453695721	0.0408840020898925	0.0170893257633683	0.0158665518906945	0.018454523289342	0.0203062004555411	0.0175421963461947	0.0230032374007367	0.0126283296264951	0.0101678783991895	0.0151000656636931	0.00320696839263993	0.00134642426392319	0.00591704606878443	0.00337008512592369	-0.00189859404230865	0.00681692540027005
2011-07-22	0.219351960827673	0.208610361641038	0.230279042202018	0.125946134589474	0.112263597823587	0.139850358817155	0.166745228028684	0.155470446913878	0.177935065964123	0.0973292470172377	0.0897863588449709	0.104761606038638	0.137935215970551	0.125081192122849	0.150823550444828	0.0953940742889712	0.0889747867509547	0.101727753732419	0.0588472112745261	0.0532200293987816	0.0643845360435368	0.0374149872832791	0.0339142363209967	0.0408546865234904	0.0170913249222524	0.0158529313829945	0.0184564601770112	0.0203013149943311	0.0175555930639014	0.02303592035815	0.0126110580197147	0.010197833635603	0.0151086948985985	0.00320841841644151	0.00134281302355682	0.00591067503808965	0.00337270633090324	-0.00190556522305194	0.00682652385668382
2011-07-23	0.219078377803165	0.208459784789255	0.229876142535622	0.125898772337752	0.113057869576736	0.138855314385141	0.167114524767445	0.155937939095581	0.178516847538239	0.097519034606311	0.0900480055790552	0.104871011947549	0.13788441585757	0.125508140420563	0.150104585528046	0.0953415510562098	0.0889378715065846	0.101456378521117	0.05877723607703	0.0531540849501857	0.0643657107127951	0.0374231165643186	0.0339629250944743	0.0409497945687163	0.0170982410516031	0.015852098243176	0.0184829433383466	0.0202911442243793	0.0175259725525162	0.0229803664505319	0.0126051848870057	0.0102357175190179	0.0150817419605157	0.00320746689975669	0.00139847418823796	0.00593001050225412	0.00337359728146961	-0.00190650521225339	0.0068359958650266
2011-07-24	0.218748328591937	0.208367348481149	0.229138053286878	0.125829539899345	0.113732393689373	0.137638042855335	0.167508684821593	0.157132551857057	0.178297643561672	0.0977337513562643	0.0905365857005298	0.104783914152183	0.137877005710313	0.126406885691419	0.149109751029615	0.0952986559013657	0.0890413262180985	0.101394223295837	0.0587125857052952	0.0531570608768793	0.0640873227288704	0.0374267360877628	0.0339624224098924	0.0408850257017118	0.0171048203023831	0.015873269917697	0.0184731356226678	0.0202789125406906	0.0175391265242514	0.0229326316967597	0.0125933502238541	0.0102253716863338	0.0150633204971799	0.00320948415577395	0.00136784896996022	0.00588278439282147	0.00337383394148707	-0.00203274056939141	0.00684846890711123
2011-07-25	0.218530480186581	0.207969683837524	0.228893537147595	0.126915206649087	0.114235610254697	0.139364822094554	0.167596346682574	0.156942343898066	0.17879781863621	0.0979793349356865	0.0907255432435037	0.105182288924301	0.136956577562442	0.125079228830477	0.148770803073323	0.0952869926708649	0.0890927506498841	0.101491977605728	0.0586368896903579	0.0532638214206362	0.0639443400621025	0.0374320614834752	0.0339736828163161	0.0408829965441241	0.0171088933567578	0.0158852082048251	0.0185089681857863	0.0202733510322836	0.0175734293895852	0.0229453850894347	0.012601918350042	0.0102145779479422	0.0150990483693812	0.00320935019349858	0.0013975499708916	0.00581189159341297	0.00337322042041024	-0.00206618155372197	0.00689765864969792
2011-07-26	0.218373918599424	0.207909360439758	0.228848335196293	0.127946096886382	0.114970538952109	0.141057580774936	0.167713435367971	0.157072079980002	0.17834565148051	0.0982315409911764	0.0909612577998583	0.105459389095947	0.136084205613425	0.124213082212106	0.14836549482123	0.0952793260410825	0.0888421060665272	0.101288952925422	0.0585704154187968	0.053114333512971	0.0639030056442038	0.0374531820375172	0.0340064264546944	0.0408811769841227	0.0171100471520645	0.0158833461348781	0.0185126509895634	0.020262666900305	0.017573021041791	0.0228953299977799	0.0126138097711911	0.0101285734852162	0.0150907297104619	0.0032071998726735	0.00141616113688667	0.00579505112724673	0.00336923626264127	-0.00204886475048493	0.00687153310628854
2011-07-27	0.218157494995631	0.207525969626907	0.228739302208514	0.129182789821567	0.116596651520783	0.142263677468617	0.167846380762864	0.157415337915151	0.178487894624261	0.0984815338923446	0.0912982785265843	0.105736471422045	0.135265820834918	0.123526485975557	0.14659765005916	0.095240128308529	0.0887869581985155	0.101115595431403	0.0584925007008964	0.053008051511514	0.0637884497394496	0.0374726475410962	0.0340944669857677	0.0409249432486501	0.017112763815898	0.0158959404283045	0.0185247211484986	0.0202467270666045	0.0175284361450072	0.0229462918286235	0.0126259058506861	0.0101996213429055	0.015118102364905	0.00321017463023459	0.00144545293320316	0.0056940528163182	0.00336376783856569	-0.00204630216386873	0.00683337411290436
2011-07-28	0.217901708761629	0.207289476869913	0.228401768723597	0.130391948017145	0.118332016751649	0.142612831076425	0.167918992275803	0.157502353235741	0.17846742568642	0.0986754784154385	0.0915432478384581	0.105776369408336	0.134287865489831	0.123169254909555	0.145196083672867	0.0952107104008192	0.0888878499004508	0.10105205789183	0.0584337025691761	0.0529232920404861	0.0637116265559462	0.0374904968962293	0.0340805515391406	0.0409337344773586	0.0171130444837784	0.0158859173816443	0.0185328276320412	0.0202286926290001	0.0174843553193682	0.0229421888859235	0.0126339459020329	0.0101786146841454	0.0151473797682493	0.00321420413368203	0.00145633076146483	0.00570125515984331	0.00336220178980354	-0.00204453114345732	0.00684188148650327
2011-07-29	0.217565702151436	0.207056293940057	0.228268047271099	0.128946587070037	0.11672992374813	0.141635507432084	0.168360331345236	0.157932542446347	0.178842570172528	0.0989649730844236	0.0915658981259772	0.106036370412602	0.134769344388805	0.123310525531429	0.146191684949237	0.095326428668725	0.0889502539785553	0.101259975849358	0.0583040504011146	0.0528818805562951	0.0635704463011128	0.037506246547098	0.0340534103269312	0.0408828421814715	0.0171146038712901	0.0158888646250462	0.018525848354459	0.0202420812106896	0.0175279463774516	0.0229381635336734	0.0126242392174195	0.0101470637067775	0.0151778033310546	0.00321618416802252	0.00146020269528028	0.00570963778736696	0.00335869320701918	-0.00210782406624711	0.00687768377785545
2011-07-30	0.217274870831229	0.207082634883063	0.227955497873532	0.127460183820397	0.11536803907187	0.13956032103183	0.168762636161133	0.158111870598412	0.179321448616621	0.0992545989298148	0.091796547085774	0.106410253714898	0.13530349272171	0.123755936312678	0.146821737617051	0.0954408062838927	0.0890738145914407	0.101413745330788	0.0581753459137377	0.0525361518145823	0.0633874702072687	0.0375196428181182	0.0341139963817434	0.0409114401148988	0.0171136809763437	0.0158886168069006	0.0185524433846771	0.0202476182233013	0.0174774705754898	0.0229945055024337	0.0126065303668133	0.0101763573733904	0.0150902754937942	0.00321453447370829	0.00150446082800702	0.00564025151917128	0.00335945791846552	-0.0021308137264885	0.00687826716947264
2011-07-31	0.216978235945359	0.206731334613662	0.227422546453816	0.125997137653006	0.11443799489461	0.137674112383356	0.169095811153463	0.15870274299746	0.179794663259528	0.0995737766871734	0.0921247559218868	0.106890304558293	0.13587494947362	0.124643618792552	0.14717721061321	0.0955605502350836	0.0892054784272369	0.101435427216175	0.0580642997911402	0.0525409324763975	0.0633419642598517	0.0375317742135978	0.0341130016715075	0.0410101774022841	0.0171141534912242	0.0158995235388214	0.0185428251463159	0.0202523340860241	0.0174747087459557	0.0229395241296278	0.0125966060610941	0.0101044838089395	0.0151763023398968	0.00321694050614459	0.0015321593106138	0.00562133627145126	0.00335697816001086	-0.00216031516459775	0.00687232265781409
2011-08-01	0.216724903988179	0.20599998785689	0.227418260997919	0.125765099111631	0.11306705176652	0.138414597404091	0.169270777798894	0.1586529966174	0.180312570027622	0.0997315863523963	0.0922342226079971	0.107491244116066	0.136029035024336	0.123211860604536	0.1482707575754	0.0956732733715663	0.0893463227771747	0.101727605848462	0.0579281158861367	0.0523474836623883	0.0632467139925134	0.0375584751907648	0.0341594794039591	0.0410449699918217	0.0171118550491901	0.0158826224153095	0.0185428556669993	0.0202460617767659	0.0174548073864042	0.0230023300746427	0.0125976246599803	0.0101217177125897	0.0151630511936066	0.00321939422478009	0.0015597058801704	0.0055633149237193	0.00335137744446214	-0.00209665396264844	0.00688059471029531
2011-08-02	0.216442465049213	0.205808640590746	0.227048967098597	0.125580682147256	0.111890515123678	0.138792275443601	0.169511170246142	0.158817839631031	0.180349573389719	0.0998812540934169	0.0922954493785856	0.107534285793667	0.136250059182873	0.122789928769059	0.149454584537801	0.0958502259917719	0.089546282899847	0.102074426787158	0.0578104009598945	0.0521702071471434	0.0630855419735501	0.0375840973056616	0.0341608388359405	0.0410846632986498	0.0171096433111417	0.0158763256749844	0.0185577565906558	0.0202505228413248	0.0174857859625359	0.0230583010754685	0.0125854561245055	0.0100875006368401	0.0152525064141475	0.00321949294170408	0.00157004620910359	0.00559592389160977	0.00334833683341802	-0.00215026564028476	0.00688503558576306
2011-08-03	0.216117978430785	0.205407378876274	0.226772640285563	0.12542214448676	0.111753212497982	0.139183412860925	0.169743692484541	0.15873366651173	0.180879699273794	0.100072216640445	0.0923794846916126	0.108146672663754	0.136427253236064	0.123067921609701	0.150013096035182	0.0960233847447602	0.0895806461478008	0.102191955913614	0.0576273290836069	0.0518598655681519	0.0628782052862488	0.0376035039778267	0.034187563942183	0.041176235938225	0.017108095434662	0.0158973809563094	0.0185583677031492	0.0202523819215878	0.0174828710201348	0.0230775868576466	0.0125767990951577	0.0100059246078838	0.0152244305149826	0.00322246858579673	0.00158761769677972	0.00557246089334369	0.00334906096949156	-0.00211799599665846	0.00687873831280429
2011-08-04	0.21580012073225	0.204735855210186	0.226692662581939	0.125271643006731	0.111367597312194	0.138969396907665	0.169908427115498	0.158580977353498	0.181020561875606	0.100243523113033	0.0925752009944228	0.108310546995497	0.136673030418481	0.123376912988995	0.150340419456386	0.0961731478839693	0.0897655499683537	0.102391093993564	0.0574813474639908	0.052047737560097	0.0627073250688147	0.0376267237491696	0.0341850325496773	0.0411688434271331	0.017106791932471	0.0158838049987857	0.0185709750017567	0.0202550976038582	0.0174613636225506	0.0230650034099222	0.0125687754163125	0.0100288893547897	0.0152182875491146	0.00322449579382239	0.00159049049930792	0.00554309259550946	0.00334294053444806	-0.00217048929117713	0.00688098441463603
2011-08-05	0.215473668197123	0.20448849723246	0.226559929595428	0.125036787171473	0.111266955462602	0.138604210500988	0.170100690048579	0.159019297599025	0.181367293727619	0.100418900262977	0.092816065865143	0.108591178937817	0.136918521188232	0.123613516799173	0.150589542873564	0.0962996382377717	0.0899394986031943	0.102504967106882	0.0573258710141002	0.0517718633267161	0.062530306913535	0.0376569171904072	0.0341543621874319	0.0411906504520632	0.017103921804918	0.0158622106024342	0.0185964910026012	0.0202634312727336	0.0175583140465427	0.0230494342841193	0.0125544496193805	0.00998961657322644	0.0152279682948224	0.00322831920666308	0.00159977074865148	0.00554003015571112	0.00333751452414177	-0.00214492412771553	0.00689237932599859
2011-08-06	0.215138579839138	0.204405206729546	0.226007495692871	0.124875550148033	0.111617446014758	0.137776349438073	0.170320872551844	0.159342795776294	0.181499331529395	0.100572779716056	0.0931890557354364	0.108595686142472	0.137163913786557	0.124487309313994	0.149998428414105	0.096431353963022	0.0899319814934331	0.102743023628878	0.0571643807513989	0.0517144006163104	0.0624023558648898	0.0376765226812676	0.0341802475690315	0.0412445134481658	0.0171039138766015	0.0158770681041154	0.018572960388472	0.0202611571212491	0.0175043558091529	0.0230449723070697	0.0125456225849539	0.00997622265561049	0.0151960367297528	0.0032293627455268	0.00161953444775729	0.00556093414601208	0.00333217764043814	-0.00221734924217571	0.00683609530793655
2011-08-07	0.214826959690309	0.204303445911508	0.225252181541015	0.12482555683701	0.113064494062932	0.136455949044696	0.170550461313569	0.15980865991244	0.181581941512876	0.100727113502658	0.0933397875207908	0.108705550787026	0.137327379643482	0.125147597832975	0.149465904696371	0.0965805197121345	0.0901779850389485	0.102878168343426	0.0570164150494249	0.0514010530053229	0.0622976820273169	0.0377100600581154	0.0342684794898103	0.0412856504462519	0.0170990119488024	0.0158714128393621	0.0185737659758474	0.0202665776444107	0.0175612231321481	0.0230263564854119	0.0125341283653025	0.00995638059797984	0.0151317458495254	0.00323321529621407	0.00164466791959615	0.00551192008769385	0.00332903952467158	-0.002224124569901	0.0068210365570399
2011-08-08	0.214378807159999	0.203617316398754	0.225217782048249	0.125682479881505	0.112887281738203	0.138518973918158	0.170604026157742	0.159691171924954	0.181769168214403	0.100847081030415	0.0930883947651222	0.108856141732308	0.137377378589286	0.124866129210825	0.14995652880326	0.0967688626481325	0.0902636835072731	0.102983188782792	0.0568451418092722	0.0513312644622316	0.062139600815222	0.0377462819411671	0.034242560667778	0.0413639569043176	0.0170901486046006	0.0158465171260666	0.0185649106385547	0.0202635436964851	0.017546579650708	0.0229658898809094	0.0125256550394223	0.00997993355336156	0.0151801216069343	0.0032328797295335	0.00163905067237491	0.00551091488244431	0.0033236461301335	-0.00234810102944455	0.00682555913841076
2011-08-09	0.213948225036776	0.203123481648703	0.224902847017078	0.126492907068114	0.113094964367278	0.13989412466166	0.170712392758064	0.159318211655812	0.182258157517961	0.100928343628155	0.0931072893822536	0.109114722836534	0.137508771682706	0.124389067057648	0.150563769622161	0.096920627122427	0.0903070390948467	0.103142907035274	0.0566382264388327	0.0511916616216384	0.0620239822974031	0.0377783263331051	0.0342924317824516	0.041430090865305	0.0170847340321674	0.0158123865514949	0.0185565618936081	0.020252064805801	0.0175578195900923	0.0229921745261086	0.0125211270627385	0.00995634149609604	0.0151829601000728	0.00323778956731792	0.00165511086048308	0.00548350216041921	0.0033254227451639	-0.00231588333744384	0.0067751459317954
2011-08-10	0.213526215379847	0.202549796425761	0.224432660451011	0.127339951395679	0.113821596076268	0.140857484616046	0.17083941967765	0.159529390187355	0.182260172262666	0.101017461060959	0.0931302904436798	0.109210865587926	0.137627355136101	0.124084284809524	0.150807929703748	0.0970866064036379	0.09058173509065	0.103241731174655	0.0564456765386448	0.0508990286520053	0.061800738241875	0.0378038083269651	0.0343251073193429	0.0414936874540488	0.0170816687706799	0.0158136513736012	0.0185599285041435	0.0202531927993866	0.0176053502746679	0.0229882137045693	0.0125159111138676	0.00989138721207689	0.0151732921185419	0.0032393243549862	0.00165881113551654	0.00546447115172784	0.00332526238647075	-0.00228540391836292	0.00679598120750463
2011-08-11	0.213075038066895	0.201926556673678	0.224256759641059	0.128120045177637	0.114690248916629	0.141525112039119	0.170891422119227	0.159478674272776	0.182536264250808	0.101135677307829	0.0932650439941511	0.109147110268373	0.137761481688263	0.124820658710044	0.150972976337647	0.0972414937567255	0.0906862212956993	0.103575660512862	0.0562437187544785	0.0506807734988986	0.0615023425505372	0.0378472318674032	0.0343934285258778	0.0416100409621038	0.0170763532548298	0.0158029518250155	0.0185536639873444	0.0202496140623261	0.0176412952152709	0.022911108628878	0.012514646427971	0.00988964772756819	0.0151909377286335	0.00324416554035067	0.00168970883933277	0.0054566811065532	0.0033209094469785	-0.00232777861878438	0.00678903188550975
2011-08-12	0.212720860745629	0.20178738810416	0.223763364439909	0.128808499967514	0.116101166435335	0.141713869125186	0.170944357244273	0.159846848428084	0.18253874485521	0.101233188780661	0.093348587952546	0.109389623266079	0.137794052352761	0.125390145750274	0.150836034965162	0.0974229471772075	0.0908781380456937	0.103758300122309	0.0560515057933007	0.0505810511937563	0.0612636960960044	0.0378709046831181	0.0343862819229211	0.0416267632435673	0.0170704496391766	0.0157761162844585	0.0185667324990398	0.0202498685805944	0.0176828382662953	0.0228861258753764	0.0124935350896153	0.00988217709467382	0.0151764549468515	0.00324916442150952	0.0017264676214081	0.00547339684587303	0.0033139300065956	-0.00230633809430528	0.00680257749184212
2011-08-13	0.212287155030118	0.201199995349135	0.223279530782764	0.129761022038345	0.117754602620069	0.141869291712738	0.171048771960891	0.160043046857737	0.182375072384138	0.101297964141849	0.0935439232049046	0.109328889794445	0.137867413811721	0.126070419040834	0.150012007642991	0.097591529831941	0.0913301059147788	0.103792129349462	0.0558378100321589	0.0504310927323422	0.0608605766801474	0.0379030732156358	0.034387891579109	0.0416262436993729	0.0170627049956588	0.0157088501239553	0.0185414248671883	0.0202435800007362	0.0176922469122608	0.0228689548575568	0.0124863635840672	0.00990216988413037	0.0151087903588401	0.00325019962784881	0.00174387216065873	0.00545979839380779	0.00330542278012814	-0.00235158250992497	0.00680561454582872
2011-08-14	0.211931348071261	0.200998122431545	0.222891015852493	0.129902181421753	0.116305065586586	0.143421867213663	0.171060423380684	0.160094640708324	0.182461907139929	0.101300141529177	0.0936394926297688	0.109229318049245	0.137852375788219	0.125226845570455	0.150637524289632	0.0977102944861791	0.0914279654947926	0.10411947852044	0.0557093324060431	0.0503399567311006	0.0609870518649712	0.0379473142686735	0.0343635517543616	0.0416656715194228	0.0170581465812661	0.0157354125814591	0.0185487046460492	0.0202327931150486	0.0176835678819145	0.0228919616532509	0.0124661659797335	0.00986771926785551	0.0151887696230146	0.00325700535303643	0.00176815527247426	0.00546575716015101	0.00330494855674285	-0.00228347551550402	0.0067912004916692
2011-08-15	0.211600270782795	0.200246679608452	0.222910205052724	0.129979800408327	0.115846631108111	0.144462593545998	0.171032636378109	0.15966323197564	0.182985782428093	0.101298469405931	0.093608192174516	0.10943519604431	0.137823695630807	0.124336251453097	0.151045612344667	0.0977912585310443	0.0914982866573786	0.104240455928859	0.0555518944696481	0.0500833253813263	0.0607315870916481	0.0379978338318581	0.03437528919536	0.0416978309116657	0.0170541962710549	0.0157047268449822	0.0185294671107691	0.0202269023177764	0.0176867491284392	0.0229292612818421	0.0124655670239878	0.0098543133000462	0.0151836190725459	0.00325938625904419	0.00178934777210696	0.00546423494196691	0.00329723168423405	-0.00234139526121659	0.00673626411869503
2011-08-16	0.211262444561535	0.199881156149645	0.222513419048848	0.130173977828585	0.115413762258167	0.144686518508709	0.170994955736433	0.159433854627465	0.183120138515445	0.101307281577184	0.093384462459659	0.109427781153972	0.137890294191605	0.124544557767277	0.151087400717913	0.097903780794887	0.0915591348624721	0.10424902506307	0.0554314537926569	0.0497877780492701	0.060604552008745	0.0380446507628506	0.0343169148314437	0.0417499403185795	0.0170486799105346	0.0156998084403515	0.0185119943723228	0.020218314830688	0.0177069600052755	0.0229381559686798	0.0124686460002448	0.00984399419559137	0.0151433032937028	0.00326401708799748	0.00177366824468805	0.00547653160672091	0.00329038265073477	-0.00234584943749421	0.00671996407530916
2011-08-17	0.210929295447716	0.199608979714514	0.222134327929222	0.130367132198136	0.115479029397498	0.145132857471407	0.170904885639706	0.159317684550306	0.183179755031304	0.101329388996231	0.0936039311671505	0.109311929876127	0.1378683095672	0.124693497552611	0.151719655540402	0.0979967486938857	0.091667755994171	0.104430970382432	0.0553077791118981	0.0498300687154853	0.060265089147317	0.0380936509487551	0.0344038833499861	0.0417453292147399	0.0170434914583242	0.0156845628115272	0.0185172071481211	0.0202032408633326	0.0177167393836819	0.0228514971517471	0.0124696583789743	0.00987846368021826	0.0151420514022034	0.00326399505983027	0.00180783138533184	0.00544757528808759	0.00328863346858319	-0.0023384045596725	0.00675325535917887
2011-08-18	0.210643564560247	0.199510245282614	0.221875298775308	0.130517272305647	0.115934804510586	0.14507449578209	0.170880059299379	0.159090562966003	0.182729227099592	0.101324579495415	0.0936288937203018	0.10940055579921	0.137971579562627	0.12493949619536	0.151175779543138	0.0980994652908463	0.0916695078140745	0.10451961647852	0.0551629023741852	0.0497084624198702	0.0602570293353066	0.0381524204610244	0.0344884782107261	0.0417606941075419	0.0170395701524328	0.0156526664510587	0.0185113462652553	0.0202077231156074	0.0177194055572087	0.0228517737407208	0.0124643724951493	0.00984356401374369	0.0150525552466506	0.00326601469670011	0.00181933272893119	0.0054523144573613	0.00328570761520706	-0.00241893936826402	0.00675708787632377
2011-08-19	0.210313981353091	0.199163022353752	0.221510444429561	0.130647647094115	0.116787928281826	0.145121506633487	0.170813480307448	0.159156192882157	0.182677936927697	0.101370151398923	0.0938953868803487	0.109219038864503	0.138063824500231	0.124953511135806	0.15117684062357	0.098213976043978	0.0916490932840242	0.10467141706577	0.0550372461690928	0.049650179729042	0.0600324385637414	0.0382098157164672	0.0345677890634077	0.0418034590571694	0.0170354467102927	0.0156491126784289	0.0185074710566268	0.0202029161838232	0.0177119127347859	0.0228791004071921	0.0124622616073394	0.00978971273804086	0.0150327967553666	0.00327126037413984	0.00183559209044408	0.00545147529647561	0.00328433296880065	-0.00241472731766513	0.00679192314817668
2011-08-20	0.210010799221084	0.199165670818626	0.220966765966171	0.130822966956476	0.117811905757177	0.143810791697888	0.170720695728951	0.159347365466478	0.182267923030161	0.101388657937803	0.0939977360967685	0.10905628113659	0.138148452683932	0.125629511932208	0.150737672448085	0.0983165431946131	0.0918445625278889	0.104743264955542	0.0549198254123549	0.049606400147125	0.0599808947306775	0.0382506240210572	0.0347151067157738	0.0417216892684052	0.0170308324277667	0.0156312572460096	0.0185054225489143	0.0201976680028728	0.0177210562005024	0.022873619165173	0.0124588432662985	0.00984253264838153	0.015057015208722	0.00326809031146025	0.00181119920466825	0.00539272172628627	0.00327952616963834	-0.00233982368535284	0.0067708405227326
2011-08-21	0.209700861184145	0.199131100545222	0.220394007544752	0.131026566614733	0.119175869668818	0.142675942479941	0.170722170423878	0.160092807036054	0.181751566731831	0.101439136633329	0.0942138636163711	0.108908497640938	0.138220722454919	0.126614374233016	0.14984011500566	0.098446482289063	0.0920939785327369	0.104594380107071	0.0547927587155191	0.0495934921473837	0.0597364886809361	0.0382822250433478	0.0347990230127763	0.0418335949242186	0.017027171646113	0.015609920252285	0.0184811985284169	0.0201949689698678	0.0177066185123395	0.0228352479176167	0.0124601193320144	0.00989492063377088	0.0150669297999493	0.00327319639724703	0.00184096342610191	0.00543562946772448	0.00327469818088031	-0.00234198055072861	0.00677645145024042
2011-08-22	0.20963785683859	0.198833490382972	0.220294938353455	0.132236219740274	0.119550665671652	0.144347878686485	0.170163858693167	0.159426466441358	0.181126526958858	0.101653549010604	0.0945853743915515	0.109193302802929	0.137330842690609	0.125595554749191	0.149345386293915	0.0985121877217159	0.0923213440314832	0.10466707991091	0.0547269691618597	0.0494653809634575	0.0596539508591774	0.0383016750110876	0.0348109126470978	0.0418300697687099	0.0170239052104519	0.0155948638375641	0.0184989600453669	0.0201929893409685	0.0177497755179608	0.0228454553756702	0.0124413185517203	0.00984742771911519	0.0150247988979437	0.00327504799378964	0.00187523200778422	0.00540253163039026	0.00326661957365734	-0.00234504457261152	0.00675871567130908
2011-08-23	0.209585601866026	0.199074440038205	0.220276198313093	0.133420326149188	0.120631115892282	0.146045642231471	0.169616888866041	0.158609019624534	0.180564361969911	0.10184681360638	0.0947533456654416	0.10943633383566	0.136517973942457	0.124995180995645	0.148663670376631	0.0985662455316923	0.0923295962073185	0.104610747619482	0.054657235033813	0.0493877706238162	0.0596736403329196	0.0383091979171023	0.0347687356737211	0.0418306813487658	0.0170229410699166	0.0156012303272723	0.0184939851288808	0.0201831312942172	0.017755858323265	0.0228008610408946	0.0124236043378836	0.00984800586518595	0.0150137873020117	0.00327898195703442	0.0018696134183346	0.00546032043813119	0.00325874599763495	-0.00236464894237824	0.00674725951915042
2011-08-24	0.209504480354092	0.198754856749628	0.219889132134519	0.134634043981918	0.122161309147103	0.147140463614433	0.169152784271863	0.158225202149613	0.1796951484891	0.102040047738533	0.0948661762602634	0.10949297363086	0.135689611971459	0.124269024200489	0.147641821024658	0.098628477055567	0.0922993230628805	0.104722420982742	0.0545737602008409	0.0494531953578021	0.0594296716169576	0.0383239121222822	0.0347993977897612	0.0418727759078926	0.0170206838233616	0.0156116083095863	0.0184961490950551	0.0201737319517863	0.0177078839146446	0.022775333536806	0.0124100783073498	0.00985505701700778	0.0149848095161558	0.00327919959404448	0.00189690319848261	0.00547141703291552	0.00325676165108867	-0.00229660299324013	0.00671890105847682
2011-08-25	0.20938787504481	0.19915642946371	0.219385332403315	0.135754398088862	0.123347671036921	0.148156631009096	0.168615525823626	0.158366396320739	0.178997696541583	0.102264780591493	0.0952290326451074	0.10949910260114	0.134801276313496	0.123750933508912	0.145996520745362	0.0986952512423195	0.0925229691940286	0.104727979876551	0.0544996916204336	0.0493946182878171	0.0593413381594194	0.0383359255723105	0.0348799904596685	0.0418541464344105	0.017018314587789	0.015626036711847	0.0184880672845396	0.0201704225585756	0.0177683470878855	0.0227170405241315	0.012398953769186	0.00990307144161789	0.0148802946541255	0.00328433699323307	0.00189302843762499	0.00546333036425744	0.00324974593335849	-0.00233441783524575	0.00667729772409936
2011-08-26	0.209533673039971	0.199109309618121	0.219661324138068	0.135431190282053	0.123131329196321	0.147878065806353	0.168502297993501	0.15814191195893	0.17895313564055	0.102139235512107	0.0949651925672731	0.109357442440671	0.135842802589532	0.124181140252564	0.147370151302284	0.0988539258640416	0.0926861020074242	0.105052536061928	0.0543256313528917	0.0492233888120937	0.0592079332692045	0.0383449790238293	0.0348435769774746	0.0417935548858112	0.0170150899570355	0.0156159008163886	0.0184819528173282	0.0201564559695265	0.017751411093932	0.0227449817659613	0.0123882343699566	0.00990597786003297	0.0149002129877371	0.00328490982802973	0.00189474009802113	0.00547170666176939	0.00324537045006551	-0.00229181644384219	0.00669502773230132
2011-08-27	0.209665673333651	0.199026816516115	0.219812141128548	0.135027975702665	0.122693165602265	0.147316900076793	0.168350988778046	0.157378442048261	0.178516994392277	0.102031465955054	0.0948755424129323	0.109233185711667	0.136935282196785	0.125268318322471	0.148250841735865	0.0989855789377255	0.0927490284953743	0.104957771419786	0.0541209311576483	0.0491605097467667	0.0589484921942023	0.0383568899682079	0.0349341613735946	0.0417696310172727	0.0170096487786026	0.015596221608186	0.0184788440742901	0.020139157576002	0.0176684398032856	0.0226959388477236	0.0123820901774674	0.00993772605664931	0.0149267250310999	0.00329010454814034	0.00189681727024631	0.00543075388889303	0.00323386716534512	-0.00228353692498721	0.00667326852475159
2011-08-28	0.209789135503457	0.199575260680233	0.219988170129768	0.13462054395236	0.123295934731453	0.146429867093466	0.168238079698945	0.157906135613135	0.178237096408228	0.101938296032416	0.0947200296824526	0.109272986644589	0.138022150528851	0.126727940762557	0.14922745692304	0.0991274088200473	0.092850713116481	0.10509254808479	0.0539316014794589	0.0490129366814413	0.0587940560230725	0.0383693958874965	0.0350004038635669	0.0418027717603328	0.0170040424259046	0.015595666329439	0.0184775627719174	0.0201226365645283	0.0176288941386666	0.0226677843088658	0.0123744686819614	0.00990519315377304	0.014859451819351	0.0032969238543546	0.00190560850350239	0.0054656077619352	0.00323023143596783	-0.00222221598933113	0.00666791620939725
2011-08-29	0.209898763128462	0.199294486234289	0.22026727637042	0.134577432034216	0.121859264840092	0.147186510637038	0.167847453100213	0.157162873819001	0.178386753950079	0.102034577971353	0.0946946965702734	0.109540554829039	0.138196248377561	0.126243741515883	0.150289012996424	0.0992381022753256	0.0929433185209786	0.10533938941145	0.0537873323763106	0.0488857468840027	0.058716851933929	0.0384053395537882	0.0350664966917601	0.0417910806842639	0.0170009207279897	0.0155552794794987	0.0184779744337871	0.0201035611051269	0.0176669772692954	0.0225995121884337	0.0123658052514134	0.00989401303705386	0.0148685606398275	0.00330133817696382	0.00193288674108533	0.00546196395124302	0.00323192196359131	-0.0022564102624336	0.00663221072100695
2011-08-30	0.210004559325885	0.199390025420028	0.220377305472084	0.134510198811413	0.120681676177124	0.147939548056847	0.167450529816178	0.156610458334975	0.178395201685092	0.10212676622155	0.0945206116501501	0.109877544533169	0.138473596938837	0.125976395080836	0.150992769968836	0.0993330688733787	0.0929895810708513	0.105505572143359	0.0536397701556452	0.0487163868607366	0.0584533773928731	0.0384570425447759	0.0351743923443694	0.041905851258509	0.0170000853615907	0.0155329986874835	0.0184874416000602	0.0200775130453771	0.0176609872372123	0.02263420879005	0.0123522777126033	0.00983143567692303	0.0148345174545248	0.00330359454331437	0.00192645844541714	0.00544019996215747	0.00322377874789651	-0.00223371143115066	0.0066225852064032
2011-08-31	0.210133338259355	0.19933466509025	0.22050458090112	0.134431213921407	0.120898534507315	0.148199063484018	0.167042384786393	0.155960140926751	0.178185615650719	0.102232599736531	0.0945482337433578	0.110128739651934	0.13870315077246	0.125918642644042	0.151911257879615	0.0994540319530832	0.0930678205919143	0.105749510085267	0.053474080098226	0.0484351717504959	0.0583794695654055	0.0384895150738643	0.0351304708417868	0.0418767268465583	0.0169981185522687	0.0155223297106028	0.0184976584078171	0.0200592482137314	0.017592461737098	0.0226357066442125	0.0123380680342143	0.00977671345659178	0.0148066618824935	0.00330733081473466	0.00196116172772229	0.0054540254819763	0.00322098862555434	-0.00226245079896768	0.00667269187575521
2011-09-01	0.210256310576374	0.199577567584525	0.220647365046126	0.134388952509948	0.120667634270816	0.14830716185138	0.166669175024947	0.155782893230544	0.177632486262906	0.102299902584397	0.0945429916776473	0.109820239965186	0.138806738925099	0.125803313501688	0.151748224024941	0.099553864215687	0.0931453228197112	0.105863354021662	0.0533339272955439	0.0483012153993625	0.0583435709933703	0.0385267362518604	0.035166116168358	0.0418962419310269	0.0169985646338453	0.0154972789442813	0.0185130509144241	0.0200482214377686	0.0176133048573962	0.0226015867432053	0.0123306278238752	0.00979643764561406	0.0148182257823653	0.00330915204604511	0.00197416039246445	0.00540815063963276	0.00321542255451411	-0.00223635322759762	0.00665034184550026
2011-09-02	0.210370100881327	0.199884014371124	0.220539147356625	0.134438728301927	0.120822265858535	0.148419659237723	0.166306595600051	0.15563358121477	0.177047936518166	0.102377373036874	0.0947488423081441	0.11005831808201	0.139001281278726	0.125812158275657	0.151972729712877	0.0996861215421886	0.093221548404477	0.105790379131814	0.0531771019413874	0.0482135984763477	0.0581957381352493	0.0385765165994655	0.0352198495188803	0.0419080549104712	0.0169968318191517	0.0155077991018805	0.018518988463604	0.0200316282735734	0.0175625559197719	0.0226006743899344	0.0123136224272217	0.00976618849066723	0.0147955072565224	0.00331314559653415	0.00197386512392504	0.00543742611058631	0.00320864237058179	-0.00230434764150389	0.00664152073853837
2011-09-03	0.210538990529817	0.200476457384123	0.220575236052652	0.134485672287663	0.121252996919893	0.147641171866475	0.16595908847438	0.155509115592813	0.17682108445867	0.102443000743628	0.0950085952321053	0.109866364706837	0.139217583302196	0.126789174282794	0.152030394534868	0.0998181168624244	0.0934284113969978	0.105944514062505	0.0530193732142377	0.0480932385680572	0.0579862879705391	0.0386156413144806	0.0353501929000354	0.0418849381907206	0.0169949473888519	0.0154970616192936	0.0185146410490968	0.0200187424208447	0.0175947927431714	0.0226513117300657	0.0122898644479007	0.00980188757960843	0.0147970564942852	0.00331849694844401	0.00196849294446019	0.00543232806863144	0.00319860149185606	-0.00227061199046781	0.00663815995119826
2011-09-04	0.210651152895611	0.200768063627794	0.220405352620501	0.134405315410591	0.122272422508837	0.146505775166066	0.165550851888226	0.155455405266948	0.175691903479459	0.102546721397787	0.0952242845171482	0.109881118529661	0.139521317627722	0.127847395521974	0.151302876189459	0.0999329523154947	0.0936923050138119	0.106098377292867	0.0528609388538366	0.0479933879566583	0.0576940527874878	0.038658698124802	0.0354807064953694	0.0419186919911078	0.016993819086378	0.0154521327167116	0.0184952375654584	0.0200083931545619	0.0176490568187572	0.0225906659000822	0.0122807233972018	0.00990154075633947	0.0147778160201774	0.00332077765936624	0.00196977223757016	0.00539889842566074	0.00319315621129879	-0.00228056457319435	0.00660848362798331
2011-09-05	0.210533079214332	0.20062971168454	0.220481116072548	0.134727392093161	0.121889947480825	0.147916600452671	0.16516369074662	0.15496063012212	0.175594590435922	0.102800398065879	0.0954561178481925	0.110340617811036	0.139095145951652	0.127210055628898	0.15108419226242	0.100066894393391	0.0940182636696259	0.106233437801452	0.0526970024847405	0.047866921175502	0.0576051312871693	0.0387337994566394	0.0355069831390728	0.0420223651183555	0.0169947729700001	0.0154422190267743	0.0185066177472389	0.0199772225318268	0.0176078948461516	0.0225305716316707	0.0122575532584914	0.00979583413656373	0.0146671486041528	0.00332338978688241	0.00195821110034026	0.00539931759537235	0.00319067381606155	-0.00229330420041428	0.00658680458527028
2011-09-06	0.210384419406485	0.200294230269752	0.220542892119677	0.134973206919336	0.121974089619427	0.147991038535492	0.164769963835364	0.154603306711019	0.174987627748191	0.103060853342483	0.095788612471306	0.11043412947485	0.138677611510036	0.127022922386885	0.150432206582971	0.100188272755178	0.0938355377784339	0.106334804407791	0.0525492679259362	0.0477273085920429	0.0574331148210346	0.0387853358729538	0.0355620952148805	0.0420541227579301	0.0169965911150104	0.0154620077462457	0.0184893322630451	0.0199473001170004	0.0175838460501815	0.0224971247590111	0.0122448184817671	0.0097787334474624	0.0146175779123045	0.00332743001949242	0.00195017701387752	0.00541495410947917	0.00318386626532743	-0.00226396377211145	0.00656862196907135
2011-09-07	0.210223428439832	0.200371049571345	0.219786587635005	0.135207208861835	0.122334834701108	0.148133040366044	0.164333515973319	0.154217136865704	0.174407935422307	0.103318295781741	0.0960730718200871	0.11068596145684	0.138279638981166	0.126666169771589	0.149709285584883	0.100306887059627	0.0940499916403081	0.106567662106451	0.0524019865317415	0.047535871939307	0.0572634924580113	0.0388486704734404	0.0356134122026445	0.0420877749746201	0.0169997728455273	0.0154459468434669	0.0184863080051657	0.0199267367597614	0.0175632162567184	0.0224421724603812	0.012234437072503	0.00978110894156833	0.0146401953087862	0.00333326797187648	0.00197346452163916	0.00541148018421052	0.00317879762603494	-0.00224344795230353	0.00655511692442973
2011-09-08	0.210124556260674	0.200673470624241	0.219577373633761	0.135504496409188	0.123574686598181	0.14781638398785	0.163873823000601	0.153970819579074	0.173843861915507	0.103617427105865	0.0966035972759657	0.110944719259289	0.137900060959585	0.127115908395755	0.148774592329737	0.100440037079928	0.0941370258841938	0.10658953955701	0.0522560793754848	0.0474412115144501	0.0571015660663791	0.0389188444272943	0.0356260019381892	0.0421840339956118	0.0170009407922328	0.0154474537247901	0.0184703494815386	0.0198988748768236	0.0175766068973324	0.0223700961243255	0.0122140178224358	0.00987924394623057	0.0145238938664814	0.00333952342865179	0.00197716412631618	0.00538685863724228	0.00317343900773449	-0.00223325332211551	0.00654023786390816
2011-09-09	0.210065336634661	0.200462248501434	0.219713854763947	0.135470560407276	0.123016603824557	0.147549449585931	0.163734419463913	0.153886792911943	0.173904227894175	0.10365393104488	0.096797210831934	0.110921973537655	0.137932585769303	0.126996089055254	0.14880074875893	0.100719153453547	0.0944789397580197	0.106981370760674	0.0520647969169874	0.0473008474808322	0.0570046200154953	0.0389772185223922	0.0356750996611789	0.0422751872629356	0.0170012930360763	0.0154517177735328	0.0184553957606197	0.0198715930580139	0.017567387654682	0.0223451719197271	0.0121959015545705	0.00984034201151428	0.0145500889964045	0.00334347612763641	0.00195877797205328	0.00538477285298723	0.00317230622621726	-0.00223738061441231	0.00653418310204721
2011-09-10	0.209990461865968	0.200415918615342	0.219205147464405	0.135474068777824	0.123322840398337	0.147508476657105	0.163656926154414	0.154025975773198	0.173888221842762	0.103691418516447	0.096760415595176	0.110780642665245	0.137857236200344	0.127080546210168	0.14872970716923	0.101014680634907	0.0948408171803652	0.107114732316975	0.0518709107266327	0.0470991142006357	0.0567773386899904	0.0390360468541937	0.0357449183422904	0.0422685338658182	0.0170012877217479	0.0154546285632103	0.0184578825118995	0.0198413299534132	0.0175324935306137	0.022251263920036	0.0121909177567398	0.00984757697149256	0.0145377207775494	0.0033474923788254	0.00195385013251399	0.00539789983651679	0.00317012278675585	-0.00214167089452761	0.00656274352740704
2011-09-11	0.209989823164741	0.200575364884084	0.219178020643724	0.135505744153968	0.124324696514558	0.146494756118173	0.163570549778239	0.154175573797461	0.17347327079745	0.103673513490692	0.0971016198440414	0.110550448078193	0.137754227461966	0.127195812699852	0.148315324421287	0.101296849944832	0.0951662997084279	0.107358945791192	0.0516930835487817	0.0470650374432648	0.0566460980316845	0.0390886659237691	0.0358177398616011	0.0423543000073058	0.0170053070864227	0.0154603735067	0.0184670895110243	0.0198144256010186	0.0175339808429193	0.0222193738562328	0.0121918457754692	0.0098183617984902	0.0145219374859689	0.00335104938723218	0.00194566874277287	0.00537959501707262	0.00316746502759945	-0.00211347402070698	0.00655148610350424
2011-09-12	0.20940982166281	0.200152200554834	0.21875930173332	0.134795471164631	0.123395892919541	0.146330507514743	0.163325108431605	0.153715630105666	0.173165699742071	0.10370536730871	0.0969399678268831	0.110574063701732	0.137688167097221	0.126947152205193	0.148649956552947	0.101664465379955	0.0956264832354682	0.107733637222329	0.0516720580821768	0.0468911196015653	0.0566323374338365	0.0391902341089618	0.0359274764444441	0.0425146418717892	0.0170073037209225	0.0154440126014186	0.0184595606610616	0.0197813168677625	0.0175189848949548	0.0221766166114524	0.0121814957407057	0.00982749258424474	0.0145112096314468	0.00335183678735429	0.00192491973153021	0.00539646037620212	0.00316312113650732	-0.00198246488383079	0.00655198171866628
2011-09-13	0.208800339548701	0.199031120594712	0.218456037623648	0.13412801945462	0.12250541613012	0.145720373625821	0.163013559706661	0.153256481270325	0.172521718867563	0.103768700900559	0.0970516757555913	0.110683822654368	0.137511024231191	0.126579322462032	0.148170280099601	0.102045640957061	0.0960770722370717	0.108251671427403	0.0516304742186785	0.0468712636080101	0.056553375213756	0.0392527926005276	0.0359570177433393	0.0426008742914658	0.0170104522481562	0.0154189327768657	0.0184698106752936	0.0197499568862322	0.0174805046828853	0.0221580435597408	0.0121714301769612	0.00984353347765055	0.0145159897469657	0.0033592331588047	0.00195908190216712	0.00539559836554522	0.00316565304227936	-0.00194293867971544	0.00653475542087623
2011-09-14	0.209039002412831	0.198876278870631	0.21880246454686	0.132998107656803	0.120483963247927	0.145134757321673	0.163302338765759	0.153365809556644	0.173344860358511	0.103488120394349	0.0965908830106843	0.110556633093832	0.138265027555167	0.126603125647653	0.149558772443095	0.102246832185592	0.0960659688933337	0.108499598524402	0.0514600236876468	0.0466076389727592	0.0564932646035231	0.0392894074454421	0.0359991392079575	0.0427093132242298	0.0170112987020951	0.0154297977084649	0.0184696828331984	0.0197231021810861	0.017470897627214	0.0221232525758149	0.0122268782778098	0.00986049006666314	0.0146331517014991	0.00336331772490396	0.00196749146163885	0.00539944283559964	0.00316198609946219	-0.00190464687917195	0.0065174489981232
2011-09-15	0.209281848392678	0.199196951162487	0.218709514528867	0.131954143584087	0.119084625398954	0.144289264507249	0.163559147976183	0.153351289238054	0.173740528165138	0.103157510990325	0.0962186353778012	0.110371168418732	0.139032258276767	0.126855266935306	0.150963696119036	0.102437790133252	0.0961488954600998	0.10877501354945	0.0512941171303771	0.0464427356733881	0.0563099588173895	0.0393188171935691	0.0360009548263295	0.0427322665221598	0.0170151075693072	0.0154221861820685	0.0184606198350175	0.0197067086452395	0.0174451005086055	0.0220733947343081	0.0122720662815497	0.00989863256673757	0.0147509162074213	0.00336897906190423	0.00199061428860257	0.00538827203504508	0.00315487145946137	-0.00195593207482238	0.00646071566367896
2011-09-16	0.209553897038425	0.199245174099993	0.218832193621539	0.130873839292569	0.118094943776984	0.142773695019677	0.163806494224187	0.153369489639978	0.173961281318981	0.102841771707447	0.0958883516171473	0.109919235630243	0.139832304745677	0.127548233894671	0.151782688519423	0.102633284384477	0.0963454851636295	0.108837032462554	0.0511471136311471	0.0463460865400317	0.056180184144042	0.0393480215395893	0.0360428074340845	0.0427380768446594	0.0170171563559217	0.015402960208476	0.0184725312535108	0.0196816330273017	0.0174231371453509	0.0220843106295093	0.0123200306822252	0.0099827395166308	0.0147656559947286	0.00337072347690545	0.00196216356051548	0.0054092315070098	0.00315096823207766	-0.00187322310829121	0.00648804747887315
2011-09-17	0.20985836060648	0.199944210180024	0.219218431513642	0.129911083155766	0.117617488751181	0.141774261806971	0.16407192159026	0.153727102579544	0.174249693347521	0.102539515104728	0.0956546411363703	0.109479186788636	0.14062454408978	0.128683481242229	0.151950815196016	0.102800175037992	0.0965636418902993	0.109111674021851	0.0509705265495411	0.0460191960603259	0.0559656043251191	0.0393862048148631	0.0361085956160199	0.0427363092367471	0.0170202877338128	0.0154299405044213	0.0184615400937615	0.0196519700291533	0.017418182151074	0.0220433582273943	0.0123703901275157	0.0099904710842587	0.0148274821524113	0.00337518599492535	0.00194679370996618	0.0054396459433414	0.00314276093011539	-0.00184936388652214	0.00649514540217286
2011-09-18	0.210095757412956	0.200388194605386	0.219466884922351	0.128833596280454	0.117547236238836	0.139826974248836	0.164292887360597	0.154105700095136	0.174252173746207	0.102245279689704	0.0954910678709231	0.109149146013941	0.141380069549657	0.130183025288157	0.152549067567905	0.102991089568989	0.0967938012553371	0.109276526576698	0.0508112617580608	0.0459344366966801	0.0558049963039289	0.0394048927189061	0.036130426052488	0.0428403373802669	0.0170248657479535	0.0153869733904766	0.0184773781179412	0.0196225715720241	0.0173086664568184	0.0220314935059721	0.0124131012200496	0.0100599648253762	0.0148082510700341	0.00337743212359586	0.00193692516460295	0.0053873225956313	0.00314424441825711	-0.0017832640653848	0.00645876225887052
2011-09-19	0.21009214277067	0.199950376346205	0.219810343394115	0.128371271680521	0.116492903155491	0.140300182080181	0.163999889572706	0.153710291253009	0.174157029023483	0.102162968727711	0.0952693978931718	0.109040166805075	0.141643664616063	0.129843311444336	0.153358830352827	0.103199034563287	0.0967820237849042	0.109629278747178	0.0507729234603372	0.0458191240151928	0.0557578164129823	0.0394183740025599	0.0361611311763918	0.0429198890823662	0.0170259926312864	0.0154165036820543	0.0184786819105961	0.0195837209511415	0.0172788997836482	0.0219122534493867	0.0124565897950545	0.0100393901425125	0.0148790731243699	0.00337804638471663	0.00194932509118664	0.00543626242063801	0.00313881474242214	-0.00173556608431988	0.00646366594642695
2011-09-20	0.210057520179113	0.19984152454736	0.219814326384055	0.127921437385629	0.115969441936677	0.140014346989097	0.163739101139163	0.153527593517678	0.173945363331158	0.102115134254644	0.0953311995669819	0.109106744813818	0.141917971115443	0.129935382368027	0.153876624767892	0.103437437735112	0.0971005935610246	0.109935444558299	0.0507171818036986	0.0457213107191259	0.0556096079642269	0.0394156678892869	0.0360999268428246	0.0428408570506893	0.0170276970920987	0.0154349175278559	0.0185081142338919	0.0195556484937309	0.0172881813733482	0.021870565989355	0.0124942182938359	0.01007684282929	0.0149225830489285	0.00338365485207995	0.00194109478861043	0.00544434173601579	0.00313574854090642	-0.00166835195066361	0.00643585104980642
2011-09-21	0.210039491354387	0.199971522419589	0.219836629145985	0.127402168779826	0.11508962658489	0.139576954481864	0.163492488239083	0.153287304330949	0.173764351960834	0.102032805544916	0.0951299857153567	0.109000741494872	0.142279381498823	0.130722375226392	0.154114159272877	0.103667707064506	0.097365378696238	0.110168934073414	0.0506510614290196	0.0456433475658911	0.0556609153299653	0.039418395125196	0.0361206190335717	0.0428966257952388	0.0170322848645785	0.0154303795197302	0.0185087473108721	0.0195256597491476	0.0172068188226313	0.0218244704906665	0.0125341075707062	0.0100343883886394	0.0150123406876838	0.00338723211715818	0.00192099240622146	0.00545194297577947	0.00313094970590347	-0.001566815332627	0.00641956092005974
2011-09-22	0.209997572256541	0.200076255452095	0.219485886850588	0.12692776364629	0.114940986793869	0.138795108909184	0.163238280601708	0.153115571540582	0.173391429915413	0.101965732765508	0.0950799775256712	0.109294411230272	0.142655509659935	0.131606410060228	0.153780603359399	0.103936007717075	0.0977685272260238	0.110322896425109	0.050569743542565	0.045538153867201	0.0556258900232433	0.0394138195888442	0.0361199219204494	0.0428811923195061	0.0170405195681037	0.0154281855795239	0.0185254950772824	0.0194961647224965	0.0172172259224115	0.0218088084006095	0.0125861023786847	0.0100963911923015	0.0150266089590102	0.00338880663839755	0.00190156273408013	0.00547257393284309	0.00313363559706041	-0.00152094732150948	0.00642178637837321
2011-09-23	0.210461110576392	0.200581832277362	0.220218415074664	0.125708697330452	0.113619259667893	0.137795305317356	0.163407867222468	0.153428550164252	0.173847324659902	0.101625152792881	0.0944762241248149	0.10878245085133	0.143917443625562	0.132207927032581	0.155139542911038	0.104161126434103	0.0980127255975182	0.110678073093945	0.0503103443516974	0.0452869423939035	0.0553728286059699	0.0394014412699846	0.0361028564637874	0.0428807051255766	0.0170410124298661	0.015391917815306	0.0185196873763232	0.0194612318170208	0.0171922119339694	0.0217295690079814	0.0126035954907354	0.0101743042372979	0.015051924165939	0.00339284185765433	0.00191292360733036	0.00548130155402897	0.00313374592756128	-0.00142115587632598	0.00643031966563268
2011-09-24	0.210908549469713	0.201275082889231	0.22052811972288	0.124370412326366	0.112370793572424	0.136408197867126	0.163488070867632	0.153334722529029	0.17385205584073	0.101324083175506	0.0943993404527859	0.10853504302104	0.145067087784042	0.13358654819525	0.156689463739613	0.104404530288736	0.0982270180072413	0.110971046020936	0.050066287348035	0.0450437542508054	0.0550663757785498	0.0393944594803717	0.0359980390857992	0.0428537364247697	0.0170397978357501	0.0153973614209063	0.0185266143572076	0.0194235762294484	0.0171090872949161	0.021722429336881	0.0126225436529569	0.0102231054603057	0.0151241675795926	0.00339471626086898	0.00191819917048609	0.00546382797702337	0.00312490607051882	-0.00140118592930692	0.00643490489672587
2011-09-25	0.211339724046609	0.201699153077122	0.22117650227537	0.123100219539796	0.11148243585008	0.134184575683877	0.163672438920469	0.153620775716361	0.173853832739985	0.101027899103779	0.0940301336545842	0.108296243733574	0.146267354166002	0.135144189275659	0.15768015071537	0.104624201763761	0.0984867746524721	0.111296426687557	0.0498102506050935	0.0448639950600789	0.0547998093086213	0.0393859617723841	0.0360159939183607	0.0428668479365424	0.0170397024276699	0.0154086511763001	0.0185201245796375	0.019388809959739	0.01705663809309	0.021675512645912	0.012648368038176	0.0102733137317872	0.0151493483723296	0.00339628076561347	0.00188339759103178	0.00546152686494746	0.00311835101462167	-0.00137048488460802	0.00637470621176801
2011-09-26	0.2114906073554	0.20128502672668	0.221561642185869	0.122502409580367	0.109757404931294	0.135059224379892	0.164022321241986	0.153534928074786	0.174624834822822	0.10070577519086	0.0936091677902854	0.108004380727744	0.146781779422121	0.134511014900899	0.158959182187999	0.104786601915266	0.0984873270658553	0.111512754936568	0.0496026006072294	0.0445772687760503	0.0546777290602815	0.0393532351154723	0.0359283932386392	0.0428976955618533	0.0170406888447907	0.0154053388645114	0.0185226587195551	0.0193421462207376	0.0169935124747218	0.0217000472929913	0.0126625122754729	0.0102504395659533	0.0151669199256305	0.00339725068577919	0.0018888228218371	0.00550111783257062	0.00311188734556806	-0.00142587582083097	0.00636403441914061
2011-09-27	0.211660455346714	0.201093459085741	0.221912140765864	0.121929782703572	0.10890262088146	0.1351368405675	0.164343997799759	0.153537875309802	0.175015783063641	0.100342944495301	0.0930722475109765	0.1076692800203	0.147382333538786	0.134830931009578	0.160301300399774	0.104946466803316	0.0986875940820316	0.111880172245881	0.0494295507056303	0.0443976945588929	0.0544811554931042	0.039322623750624	0.0358044038945277	0.0427476876632745	0.0170449609735535	0.0153705275954035	0.0185266410106027	0.0192949720289323	0.0169650129346957	0.0216353169715716	0.0126921924346697	0.0102124648953744	0.0151873250689491	0.00339865619201703	0.00188802981509451	0.00548172166418233	0.00310686006496522	-0.00139564912731231	0.00631713653624334
2011-09-28	0.211847359504829	0.20134383489607	0.222097357442434	0.121282096975436	0.107516530060372	0.134259300773952	0.164687874465583	0.153793789158222	0.1756268328141	0.100025391995714	0.0926067402241218	0.10749160723679	0.147930667856399	0.134947636321335	0.160588032342002	0.105134829033146	0.0988101724428332	0.112059472174908	0.0492574684627615	0.0441526961779498	0.0545110268100405	0.0392847098700291	0.0357528200034978	0.0426668520024812	0.0170461983147491	0.0153808802691226	0.0185350805977776	0.0192487673561545	0.0169093229957257	0.0215818373274795	0.0127149204321905	0.0102209597048231	0.015189972896766	0.00339856665663276	0.00187099221282603	0.00550933316678452	0.00310180758261133	-0.00131179763827793	0.00635705058827569
2011-09-29	0.212091357979644	0.201717358573276	0.22269390302756	0.120798604385212	0.107242773493837	0.134155558394206	0.164957946598017	0.153955247295894	0.175883721446076	0.0996905109076801	0.0923799951300416	0.107151887414776	0.148508724754631	0.135626923065405	0.161657687522494	0.105307385729345	0.0989101633072533	0.112322044835356	0.0490982898550291	0.0440896300924103	0.0540790155560588	0.039259365222465	0.0357126164533276	0.0426466915914022	0.0170493445273947	0.015391518800069	0.0185465056700248	0.0192067591765175	0.0168924176850045	0.0214871021769264	0.0127406436391273	0.0103212508450707	0.0153141539296957	0.00340078015785205	0.00188082670515972	0.00550120832319656	0.00309673296217393	-0.00119181277612235	0.00629537336208593
2011-09-30	0.212274819248532	0.202108945956487	0.222780535805136	0.120271446320655	0.107116464699898	0.133718456741459	0.165307856610776	0.154697621913468	0.176424965406846	0.099316487194174	0.0922945992538486	0.106714996147091	0.149169004516605	0.136381153774587	0.161527702826654	0.105486159866554	0.0990610212364385	0.112370322117169	0.0489008649890805	0.04381933132565	0.0539299585089531	0.0392445427602299	0.0356090406805661	0.0426328884714773	0.0170531220086406	0.0154319867184606	0.0185419200855622	0.0191565239697996	0.0167803722096284	0.0214586973903816	0.0127668293577611	0.0103729013061557	0.0153588605570486	0.00340155023263021	0.0018638569091667	0.00547058552366864	0.00309232956424867	-0.0011858880674673	0.0062796594550704
2011-10-01	0.212473594244	0.202458067666927	0.222728121641842	0.119684313588028	0.106775364854571	0.132419007310211	0.165607530550178	0.155042117903543	0.176344615209025	0.0989908744282182	0.09195847532776	0.106291654615562	0.14975153986623	0.137470562570372	0.16217440721224	0.10568953933331	0.0993229486343253	0.112507104291621	0.0487298715700498	0.0436650896693077	0.0536871877063472	0.0392090489125804	0.0355635955423998	0.042622081574788	0.017053866265267	0.0154232061621306	0.018528931992399	0.0191113775931557	0.0167503444534751	0.0214082824475882	0.0127993645209203	0.0103859915817283	0.015397672371853	0.00340461894362432	0.00183463718747998	0.00551215282498674	0.00308404544084705	-0.00117887802887409	0.00626176513306402
2011-10-02	0.212692296391426	0.202685205739714	0.222661393568577	0.1191343805882	0.107317326786824	0.130629081598285	0.165922810417974	0.155663931178463	0.176085865661015	0.0986463446961509	0.0915220464431067	0.105954635296884	0.150348124489676	0.138645157763751	0.161554776314679	0.105879592928	0.0993659395284419	0.112684263837461	0.0485647669191697	0.0436530139233284	0.0535358564989843	0.0391704130334628	0.0356037417313742	0.0425565492600403	0.0170547441702391	0.0154627326657231	0.0185282738866601	0.0190794626236624	0.0166923526264739	0.0213832405041285	0.0128180442441485	0.0104057719765604	0.0154006006613659	0.00340952331331377	0.00182450346647317	0.00552084665211299	0.0030823481644405	-0.00109911319279374	0.00627505727641516
2011-10-03	0.212693812897505	0.202901042261997	0.222880147246863	0.119885825509126	0.107501159965646	0.131994330888799	0.16616691240207	0.155636730622599	0.176563170190647	0.0981439955498166	0.0909002977248987	0.105392430891596	0.15008132235329	0.138035326647218	0.161583333175689	0.105894903642028	0.0993578114406442	0.112885045745957	0.0484630042211969	0.0434732553056993	0.0533808340593664	0.0391689040148113	0.0355888097740621	0.0425444227488409	0.0170578057213129	0.0154589072448173	0.0185429591168459	0.0190675350905396	0.016703955215236	0.0214249596652875	0.0128518466496142	0.0104092431344675	0.0154403545969772	0.00341242582941001	0.0018280926803722	0.00548998762122145	0.00307664993947721	-0.00105634336301212	0.00629605698320582
2011-10-04	0.212715675247645	0.202614373561408	0.223257822874267	0.120580665764011	0.107782095632785	0.13327810017003	0.166472490762908	0.156124748225479	0.176585853421536	0.0976657932255994	0.0904095760655613	0.104987128284683	0.149789907173127	0.137769574454724	0.161806809917178	0.105961947749054	0.0994292658706729	0.112914687234888	0.0483513953096005	0.0433966009057969	0.0532329960641785	0.0391744407879669	0.0355945579063116	0.0425041164715496	0.017058723265974	0.0154677768391576	0.0185356223216326	0.019061588906474	0.016624562970815	0.021359737516407	0.0128808712067885	0.0104995447610214	0.0155037084308243	0.00341380427854895	0.0018155376787289	0.00553696959652526	0.00306969227371736	-0.00101253032929363	0.00626750488187664
2011-10-05	0.212741235244828	0.202605143737387	0.223080335080115	0.121351636724045	0.108614182248235	0.133977578468278	0.166796911801882	0.156288668512154	0.177333522275226	0.097185354477599	0.0898492522577722	0.104306554705874	0.149475502460391	0.137792548204197	0.161208983263843	0.106041796267976	0.099525582656425	0.112607207530592	0.0482251735734171	0.0431779174179307	0.0531486297509063	0.0391795376214975	0.0355872410179482	0.0424461833621906	0.0170621629937334	0.0154808916791096	0.0185426375180898	0.019051229736609	0.0166090488900436	0.0213763344499685	0.0129197406417008	0.0105221522132574	0.0154926206092637	0.00341435824346003	0.00180117896159341	0.00550834395307095	0.00306545986592492	-9.8549843559422E-4	0.00619538570674109
2011-10-06	0.212776909054889	0.202801266093041	0.223155834683769	0.122048277429687	0.110146473724955	0.134031714861173	0.167080948736737	0.156845738817121	0.177310436491174	0.0966809728101963	0.0894189050812575	0.103627165686808	0.149310116735483	0.138252891102751	0.160238373118652	0.106102347757026	0.0996153578306181	0.112709904338367	0.0481038378762924	0.0431480850635053	0.0529718873299874	0.0391751785210442	0.0355761383594454	0.0424479300772772	0.0170656807342239	0.015471233611658	0.0185385422176227	0.0190359847482403	0.0166031847330325	0.0213319363232971	0.0129489057789532	0.0105396160701378	0.0154812397004568	0.0034195296971237	0.00179464236693705	0.00550580701161597	0.00306474257380876	-0.0010123109429641	0.00615552723234952
2011-10-07	0.212700929994493	0.202386908684798	0.222930303400342	0.121073154933814	0.108664440952873	0.13329709490888	0.168078701050667	0.157660735358925	0.17866473020496	0.0962136263718931	0.0889183094061274	0.10336239677004	0.150320470302858	0.13899888480484	0.161987524037794	0.106207199076197	0.0996587470074532	0.112934544433078	0.0479822413843863	0.0429648251866001	0.0528039931740837	0.0391579566022468	0.0355750543165232	0.042521588026615	0.0170691959937941	0.0155076430355574	0.0185542413330401	0.019002592628822	0.0165803278807051	0.0212869795785365	0.0129426323569788	0.010545541928884	0.0155141016502536	0.00342149786327095	0.00178189840322143	0.00551689874987795	0.00306372917256289	-9.30635620432233E-4	0.00617135469120195
2011-10-08	0.212614520314615	0.202642987593129	0.223283537688955	0.120094615308739	0.107858795599409	0.131956671956032	0.169038127378941	0.158752441198507	0.179417167060273	0.095756324016112	0.0884593589963313	0.102878603717753	0.151217797954843	0.139618485031996	0.162875200728889	0.106310009273507	0.0998306869633267	0.113002999298833	0.0478528487460966	0.0427293091871348	0.0526354550272052	0.0391236591897439	0.0355411140283841	0.0425006802782699	0.0170710448021683	0.0155263103391534	0.0185412100537544	0.0189600937339478	0.0164860304122144	0.0212265977166805	0.0129375340807934	0.0105169132193749	0.0155178265664728	0.00342627363887306	0.00179122762434009	0.00550229860767075	0.00306037385836493	-8.765735259141E-4	0.00610985000197598
2011-10-09	0.212573862088935	0.202448154821654	0.223166593937151	0.119030478795155	0.107788999191321	0.130333312791371	0.170083629308174	0.159842486221168	0.180262150736902	0.095291546620825	0.0880849424148709	0.102335256935057	0.152225732135508	0.140822473814922	0.163671209899652	0.106426768631193	0.10009204723514	0.112979275270134	0.0477145698512961	0.0425210324448718	0.0524990599211547	0.0390954157300448	0.0355547218440503	0.0424021079396179	0.0170745925757993	0.0155367558066858	0.0185384695046908	0.018916522170387	0.0164879135535313	0.0211933787494963	0.0129207928164393	0.0105046467872016	0.0154837110485199	0.00342434897698206	0.00178134228927795	0.0054811272110675	0.00305795447495584	-8.65476205348214E-4	0.00613090936135332
2011-10-10	0.212596167331258	0.202163743000642	0.222941195920262	0.119260194708671	0.106576559962035	0.131899706788656	0.17051347646648	0.159884583860402	0.181172576929075	0.0948114651454049	0.0874966077424713	0.10203396245341	0.152517475918445	0.140100873422973	0.164861356422568	0.106434957858525	0.0999977026345956	0.113185750957027	0.0476193620639482	0.0422218364553183	0.052392439333379	0.039106667236098	0.0355610922891723	0.0424234771297069	0.0170842211025257	0.0155538432813761	0.0185391151582903	0.018894687459418	0.0164791417666179	0.0211448957981542	0.0129138078835036	0.0105130733669662	0.0154756102493734	0.00342901007464068	0.00178569960040461	0.00553598950946365	0.00305235508121922	-7.4691729130179E-4	0.00614069973505467
2011-10-11	0.212694749381775	0.202159879672416	0.223493188836548	0.119487536788351	0.106234627127603	0.132689215731602	0.170969079466189	0.159695124087505	0.181835005562753	0.0942677712929479	0.086942861775664	0.101449924116134	0.152812938643271	0.139728118862478	0.165728744028542	0.106426461753283	0.100003891138421	0.113241856142749	0.0475298165985194	0.0422305165420378	0.0525140534499955	0.0391225280589465	0.0355006920962837	0.0424419739439953	0.0170905733456509	0.0155821476328594	0.0185384987528124	0.0188873518918349	0.0164310607672524	0.021161949714859	0.0129109510380045	0.0104647723657005	0.0155132185673314	0.00343415724894966	0.00176351241683773	0.0055205220983427	0.00304121880038182	-7.80815040853043E-4	0.00605930766268669
2011-10-12	0.212786513978223	0.201968382252123	0.223735909809425	0.119582356981978	0.105962219396973	0.133091951944587	0.171378283132935	0.160287143193201	0.182176391272258	0.0937712415949138	0.0863316573103382	0.101053987390456	0.153067951012109	0.140048755577284	0.166215669610375	0.106403891463374	0.0998791133117969	0.113052186928469	0.0474279406537987	0.0419693693148133	0.0523602164931752	0.0391295681574333	0.0354736774290546	0.0424660338366155	0.0170939720926445	0.0155539777937485	0.0185326485786822	0.0188744754294698	0.0164826914756298	0.0211425531000781	0.0129129272938481	0.0105115910701217	0.015516380545807	0.00343331889528981	0.00176594740285362	0.00546981684564661	0.00304073068288348	-7.95552303578224E-4	0.00606888912640635
2011-10-13	0.212875860115981	0.201938848245306	0.223937028305078	0.119672976105121	0.106307255892141	0.133045117507316	0.171927462152642	0.160685084686137	0.183115991575031	0.0932190359521138	0.0857818617951851	0.10048157171698	0.153407456238083	0.139965478695911	0.166531064351408	0.106410275992824	0.0999272977170501	0.113108731983861	0.0473618062162957	0.0419406804349661	0.052280721049074	0.0391494617936809	0.0354534285606418	0.0425607435698577	0.0170997536163231	0.0155954828423636	0.0185230290734497	0.0188590453629612	0.0164593958348037	0.0211974460487307	0.0128965401668609	0.0104740847672365	0.0155182722769262	0.00343774202869018	0.00177720322773429	0.00544471630442875	0.00304400569038431	-7.66096565203003E-4	0.00602042678333719
2011-10-14	0.21298416657565	0.201929916661412	0.223572114657759	0.119895242700026	0.106892503924017	0.133309561829372	0.172444535828231	0.161355614221753	0.18358848543242	0.0926464749850271	0.0854563092239008	0.0997640418502728	0.153717801138	0.140801809478188	0.166750048971917	0.106421994956831	0.100076596728686	0.113217266779573	0.0472731030740568	0.0418154069282565	0.0522709757779934	0.0391604815914302	0.035530615436076	0.0425102800899824	0.0171044699907359	0.015596202451457	0.0185229396878874	0.0188430089793376	0.0164430796335595	0.021121179394075	0.0128974160273954	0.0104806733870094	0.0155550691654219	0.0034416186918667	0.0017693641740573	0.00543784970088826	0.00303868131691695	-6.26959503228177E-4	0.00601558531707837
2011-10-15	0.21308768260344	0.202443985299608	0.223480115024995	0.119986813514792	0.107323153678892	0.132729482191656	0.172942682362729	0.162185827633258	0.183863008607193	0.0921039686085837	0.0847722584157679	0.0988970355219387	0.153937390213209	0.141387234401179	0.166616639550986	0.106443484053532	0.100208645957774	0.113171295401234	0.0471726985944432	0.0418208291382011	0.0520545521676789	0.0391770293625456	0.0355977341996822	0.0425743762391358	0.0171085482039081	0.0156404759720174	0.018517119715641	0.0188319880627663	0.0164032227237826	0.0211153271585916	0.0128957834727269	0.010451010318808	0.0154935190455984	0.00344261037500994	0.00177204513203264	0.00542311383120642	0.00303440765524804	-5.75685178118629E-4	0.00593286918504996
2011-10-16	0.21313124570516	0.202633043909688	0.223434640585752	0.120129878174643	0.108828011017759	0.131732102107711	0.173421660198598	0.162964606271687	0.184047153227252	0.091610067838058	0.0843095464125169	0.0982546788978903	0.154270549549913	0.142262330590001	0.166134759066893	0.106459303051451	0.100105440982408	0.112869883473796	0.0470931684070236	0.041823648247548	0.0519673523415343	0.0391907567764292	0.0356318460979703	0.0425122972042906	0.0171127063476268	0.0156041550592062	0.0185231175966054	0.0188199551754583	0.016396177146934	0.0211001846146439	0.0128918840593872	0.010451823597005	0.0154562968194693	0.00344497251756645	0.00179008205547068	0.0053908875199139	0.00303281562189283	-5.79903324397726E-4	0.00589874492200841
2011-10-17	0.213299665886201	0.202777866238365	0.223715537572756	0.12028181769374	0.108303824705483	0.132909171541297	0.173231773233209	0.162631047389273	0.184468890616257	0.0911156519900551	0.0839932021449486	0.0979739306410275	0.154131825601922	0.141883155142433	0.166576599953713	0.106324327856087	0.100066808796389	0.112826182494608	0.0471964303208523	0.0419529336187351	0.0521364108122663	0.0392464591287362	0.0356665710158904	0.0426256406187953	0.0171163273746397	0.0156337226883883	0.0185094077705458	0.018831475282629	0.0164065075576355	0.0210930480145734	0.0128947167523294	0.0104243517362011	0.0154841789922651	0.00345033685855815	0.00176947871593849	0.005373272248757	0.00303379383327954	-6.37657830804112E-4	0.00592479886587208
2011-10-18	0.213456847590154	0.203041503652832	0.223755687263943	0.120536822288474	0.107357527753205	0.133272727169332	0.173065270293683	0.16237344285658	0.184251052275085	0.0906160696528961	0.0834751585375404	0.0973056201932615	0.154040495326066	0.14187171954094	0.166644074647296	0.106195384861838	0.0998058276207383	0.112740020201494	0.0472957545838152	0.0420490691277334	0.0521939466021683	0.0392989762973578	0.0357300743998999	0.0427244210007475	0.0171184058635542	0.0156515751677446	0.0185138427240669	0.0188395827936389	0.0164027142089009	0.021085708028183	0.0129083601600659	0.0104900985486194	0.015571088189665	0.00345886304550157	0.00177587180814188	0.00542444794659551	0.00303394868966693	-6.79588551620213E-4	0.00592223369244195
2011-10-19	0.213658716568186	0.203276636074448	0.224120459799184	0.120570457386152	0.107642160452813	0.133457888953518	0.172887909938665	0.162396372435397	0.183999655102763	0.0901873296973097	0.08304480245847	0.0970665469035337	0.153890374752079	0.141918582652948	0.165701558861787	0.106065975525449	0.0996632411050845	0.11241868616181	0.0474174091503061	0.042319609716468	0.0521935148064554	0.0393235171397939	0.03581614981108	0.0426759950914282	0.0171240768802533	0.015671820725576	0.0184970428114265	0.0188462835438624	0.0164341285497195	0.021108651058088	0.0129253746116281	0.0104701645180267	0.0155045481381269	0.00346205318925557	0.00179527994475068	0.00539550710556706	0.00302817062155372	-5.89866136679883E-4	0.00586799099956002
2011-10-20	0.213903351378601	0.203631621837919	0.2242012680599	0.120808498119272	0.108750079572052	0.132766917542271	0.172680602552509	0.162345314311306	0.183395503261358	0.0897325623284592	0.0828629611630121	0.0966525886913376	0.153826974481295	0.142455043197664	0.165427958497237	0.10596248272738	0.0996250611672506	0.112320096050147	0.0475176075412033	0.0424398188219888	0.0523303965635621	0.0393679192921564	0.035945027337694	0.0427084108459153	0.0171283126120041	0.015680633850488	0.0185093642038744	0.0188502317905068	0.0164334701442551	0.0211444955118822	0.0129433527140675	0.0105654970463637	0.015503365131931	0.00346413101020339	0.00177317761300432	0.0054123806904247	0.00302321504556519	-5.96251328080451E-4	0.00589105823731108
2011-10-21	0.213800838267942	0.203398605267478	0.224403007252882	0.120932037868399	0.108209172589154	0.133052553015816	0.172826711999922	0.162604615446012	0.183941385773717	0.0891789347306862	0.0822488181548728	0.0960677663042518	0.154292609769478	0.142591555782047	0.166225954015143	0.106094006669412	0.0998748461417088	0.112454036650103	0.0475432676197584	0.042496506760641	0.0525140910622566	0.0393940142718179	0.0359832967448322	0.0428024246977108	0.0171341284239408	0.0157131998713472	0.0185170011597789	0.018833973646257	0.0163966999680767	0.0211421624282269	0.0129500697230823	0.0106021505880252	0.0156034726527584	0.00346939412893076	0.00179694389677565	0.00542291164381436	0.00301794559217995	-5.65207942952623E-4	0.00584739317223475
2011-10-22	0.213744565218722	0.203466466094004	0.22417921593008	0.121039476770645	0.10848748423139	0.132983976992259	0.172986156899541	0.162573725314904	0.183851229169367	0.0886405656992212	0.0817024555342936	0.095517043728669	0.154653457127156	0.142588408958647	0.166515362035719	0.106223597698802	0.100053943733205	0.112612632782143	0.0475685278750164	0.0425668200712899	0.0525678144748279	0.039427923401961	0.0360424328905895	0.0427419247440598	0.0171404683829966	0.0157291700509594	0.0185055342732575	0.0188204766386788	0.0163663001256243	0.0211604470025865	0.0129564540404418	0.0105982063570644	0.0155894578109699	0.00347262451466072	0.00178504848519243	0.00541226047899332	0.00301638207338136	-5.32538046363502E-4	0.00586426473031164
2011-10-23	0.213736940720915	0.203657173363044	0.224321167612771	0.121238686399436	0.109820823270455	0.132517216902258	0.173209621846571	0.163118275642803	0.184054929731706	0.0881852768739774	0.0813024555651092	0.0950309486620472	0.155180532553306	0.143652697770517	0.166712727512236	0.106314109097197	0.100191385773887	0.112586447339914	0.0475804314657378	0.0426250076501146	0.0525441957692102	0.0394549159300301	0.036053110812266	0.0428319267688207	0.0171423986043568	0.0157094722006306	0.0184938565662363	0.0188095075118535	0.0163582525170176	0.0211516506134005	0.0129626700232576	0.0105355660094692	0.0155480448983293	0.00347665129250439	0.0017730758403716	0.00541914973479754	0.00301092745384656	-3.886680396706E-4	0.00587268816755879
2011-10-24	0.213803310780849	0.203534552750484	0.224373238915579	0.121582651821657	0.109292297210295	0.133868731645811	0.172792592888341	0.162281192600582	0.18384226447842	0.0875963682321761	0.0804585118985344	0.094520336344216	0.15537718445882	0.142667678468354	0.167747389426545	0.106290964837442	0.100042818595865	0.112552919220908	0.0478569400112257	0.0429072695613993	0.0528908503549923	0.0395193870859215	0.0360244247215308	0.0428422004573179	0.017147013759229	0.0157093786183269	0.0185028189235896	0.0188240561431061	0.0163416847210441	0.0211479973666671	0.0129672565329368	0.0105731292926453	0.0155329477226124	0.00348000640882585	0.00177689154507585	0.00541283827019929	0.0030078461408844	-3.90647606334387E-4	0.00582855714824645
2011-10-25	0.213832575383198	0.203340458898749	0.224620263128087	0.122020866380939	0.108380717369107	0.135179185601149	0.172295544962752	0.161734250751848	0.183911118980593	0.0869763306761612	0.0795850751908509	0.0939926998824581	0.15555270153678	0.142245365191133	0.168356157400778	0.106272805267611	0.100042853191369	0.112688253327252	0.0481028077297003	0.0430517045117171	0.0532027144308989	0.0395781944293	0.0361888502053089	0.0429939527555792	0.0171525801329446	0.0156928212266936	0.0185174217049181	0.0188363679773162	0.0163273495731757	0.0211457511227014	0.012970737631536	0.0105469029142065	0.0155524095542091	0.00348411467823457	0.00176133075555379	0.00543881827250715	0.00300600702335812	-4.98011419451645E-4	0.00582857243991645
2011-10-26	0.213926877080853	0.203184961512976	0.225102682906078	0.122320401353695	0.10828452254994	0.135950099556991	0.171771907771404	0.160829484918778	0.183313193975452	0.0863481095054413	0.0792127112262347	0.0933110445763285	0.15565851325936	0.142634540979745	0.168446442655015	0.106246548675387	0.100156604082108	0.112624695592163	0.048380179705127	0.0433659808171566	0.0534939883882612	0.0396406071349941	0.0363129550227688	0.0431215085169219	0.0171590995814986	0.0156929073763641	0.0185240633192433	0.0188389089193522	0.016353343207455	0.0211648591262176	0.0129798923901952	0.0105366530263671	0.0155492905240248	0.0034890927048434	0.00181013298277701	0.00544085627530594	0.00300916120517688	-4.1249472902968E-4	0.00583745154679284
2011-10-27	0.214038143965968	0.203601322901175	0.225002624696259	0.122621833994948	0.109122143423619	0.136338780995256	0.171324392348303	0.16030161336706	0.182793990147563	0.0857597452477811	0.0784099416641258	0.0926281416068547	0.15589057882605	0.142993513380688	0.169057806720048	0.106245924926382	0.1001459173839	0.112556814048341	0.0486512605599074	0.0436233262427241	0.053785530580682	0.0396940909862818	0.0362687093683686	0.0432132626725315	0.0171637762413466	0.0157080321935537	0.0185310254124823	0.0188515615572913	0.0163493469112145	0.021149588312124	0.0129958435640073	0.0105350706690597	0.0155580798823776	0.00348977545647171	0.0017631127554714	0.00545308676755266	0.00300850902718984	-3.66353796288614E-4	0.00578876364608362
2011-10-28	0.214095621909051	0.203683628836497	0.22479881616322	0.122899838272568	0.109499357004912	0.136552205724578	0.170815683915252	0.159866858280395	0.182250471876736	0.0851829605412252	0.0777861082642592	0.0920111776166482	0.156020047662008	0.143114819002579	0.168885700515623	0.106241511445628	0.100091219155865	0.112616654990649	0.0489051473028845	0.0438762970326775	0.0541357238843136	0.0397654408160517	0.0364450394816384	0.0432775621355057	0.0171716307649603	0.0157346159510771	0.01853387340768	0.0188597705065699	0.0163847208983857	0.0211070587709079	0.0130073339236109	0.0105314424126067	0.0155462831561435	0.003491765128791	0.00177892130984422	0.0054892568048366	0.00300479726758407	-3.38670037513466E-4	0.0057820103474922
2011-10-29	0.214223256797981	0.203856099816617	0.224785539526858	0.123212413622731	0.110846004037642	0.135973688648092	0.170363907078437	0.159770039789505	0.181405778221147	0.0845934445462835	0.0773396430017319	0.0913303497577321	0.156130488915689	0.143812837354516	0.168438075921945	0.106224198590833	0.100105851717448	0.11262952596773	0.049160039889117	0.0440674564661858	0.0542367348727292	0.0398214835142522	0.0364046277520778	0.0432295124657349	0.0171765252854741	0.0157227248167386	0.0185386781760304	0.0188606822465483	0.0163580954560339	0.0210846793869831	0.0130211130543978	0.010586457684363	0.0155385889911239	0.00349563720815122	0.00175754687912059	0.00551710187652123	0.00300310942605531	-2.30920741413676E-4	0.00576705494969942
2011-10-30	0.214292067143387	0.204148010478847	0.224446588023407	0.123527742634168	0.112054451132458	0.135180486636469	0.169865441973327	0.159488057486518	0.180534582210073	0.083992885582208	0.0769587674543569	0.0907725546362371	0.15630620388921	0.144894669112231	0.167987101208503	0.106256446944352	0.100198448644108	0.112386561472769	0.0494014716750856	0.0444488451455008	0.0544771311640111	0.0398937827698946	0.036610149631172	0.0433312358794826	0.0171833779615529	0.0157160176317801	0.0185492362045736	0.0188647490345408	0.0163995770303961	0.021084019119353	0.0130295448588789	0.0105973961545382	0.0155283417670049	0.00349847386586958	0.00174953124993579	0.00554221496009912	0.00300722432766284	-1.36484697974806E-4	0.0057509801760922
2011-10-31	0.214324421765598	0.204044887113733	0.224941288570887	0.123165862844672	0.11085109206626	0.135196364062884	0.168813546201158	0.158270127502853	0.179431753297234	0.0837154899438882	0.0765417657490629	0.0904619694404665	0.156980544400627	0.144896473915094	0.168757334228716	0.106100993898262	0.100110083375161	0.112252155853231	0.0497164955839274	0.0448848039915419	0.0548704306562405	0.0399292241919682	0.0365056525924935	0.0433931776692182	0.0171916782316234	0.0157294520337237	0.0185523114785172	0.0188997052623782	0.0164301197281759	0.0211036684946562	0.0130471226430475	0.0106238607068672	0.0155747247542367	0.00350645539895433	0.00173717632896476	0.00553614083059308	0.00301006419723065	-8.53934870416609E-5	0.00572801280772921
2011-11-01	0.214322631728074	0.203992298747835	0.224743248402357	0.122819713354492	0.110629996204165	0.134907769828855	0.16774126538218	0.157550620177809	0.178437628317491	0.0834348162044442	0.0762859372800702	0.0902850891901609	0.157826343560912	0.145878139268437	0.16959551962347	0.106002215826334	0.0998900534280521	0.112127780532322	0.050060008740841	0.0451276395459231	0.0551899968155905	0.0399585170721279	0.0365135877725871	0.0434100780388342	0.0172009343494787	0.0157167240286356	0.0185331584097882	0.0189265784056301	0.0164638712555395	0.0211343882197741	0.0130796631000461	0.0106452624158485	0.0155993743763309	0.00351201564701557	0.0017381355122272	0.00554897330383353	0.00301255534267548	-5.78982902152439E-5	0.0057157689987868
2011-11-02	0.214302582036988	0.203876225470019	0.224360767497545	0.122543926726011	0.110240137729089	0.134710306478338	0.16672954018494	0.15668289890254	0.177083158804138	0.0831787456918215	0.0761455257380984	0.0899735276748941	0.158673182881353	0.146846634391326	0.17027059302885	0.105885260857369	0.0998877824709373	0.112076755189341	0.0504021973929841	0.0454256497904712	0.0554692865040563	0.0399974957663019	0.0366015962743981	0.0434921403551976	0.017208287458579	0.0157395450385235	0.0185369254461807	0.0189659113235191	0.0165236510031662	0.0211617718367115	0.0131098950445607	0.0106809883346917	0.0156555552370073	0.00351633933235974	0.00176651676141476	0.0055482304809406	0.00301363907250894	-2.32397268645792E-5	0.00569082013295124
2011-11-03	0.214347034177323	0.204291260251091	0.224381968709429	0.122310907759011	0.110936086518633	0.133358122565282	0.165652789321712	0.155752083126082	0.175614089450989	0.0829087046415202	0.0758588851414974	0.0895451674599525	0.159475120651331	0.148366295017812	0.170607330168343	0.105771773657135	0.0998984348293693	0.111819403512966	0.0507462963536428	0.045820841812029	0.0557818640863925	0.0400406761422957	0.0366822255753047	0.0434946971491207	0.0172167846528923	0.0157567301846762	0.0185354047163797	0.0189972634698233	0.0165209640515105	0.0211795169631251	0.0131363869610814	0.0106864452287805	0.0156467698605985	0.00351884168994295	0.00176873279347323	0.00557090293127566	0.00301144588580521	-7.98786590307642E-5	0.00567809258484339
2011-11-04	0.214434199259275	0.204432295099502	0.224550458932986	0.120937833715985	0.110186109996105	0.13183508612659	0.165145197520263	0.155393114122394	0.175171613299103	0.0824683983703707	0.0753551826843333	0.0890185205306119	0.160497533740097	0.149638981032123	0.171662186993591	0.105876259306345	0.100054102554445	0.112055332895664	0.0509130074044545	0.0461272704772514	0.0558793545814851	0.0400920817725752	0.0367383556202224	0.0434848612713832	0.0172252393829526	0.0157643994815139	0.0185615248019232	0.0190172527792107	0.0165423623437101	0.0212432402846954	0.0131017114887138	0.0106938860176948	0.015533948746868	0.00352560110392628	0.00175839942746416	0.00558010364630513	0.00301516186649025	6.970652812059E-6	0.00569970094437802
2011-11-05	0.214361224428089	0.204130048914936	0.224906648843498	0.121220478348661	0.108534901225071	0.13358312815653	0.165054774838676	0.154786156796993	0.175353376241368	0.0822094083231048	0.0749978001685848	0.0890050997849986	0.160498685409389	0.148570938253691	0.172879501605813	0.105830728792701	0.0999522932829236	0.112072530328167	0.0510438988503669	0.0462729669400387	0.0561720778990485	0.0401233635438499	0.0367885452439497	0.0435941309064247	0.0172356887025693	0.015764413717975	0.018565454388602	0.0190277711765854	0.0164916961622837	0.0212532446142664	0.0130900906240425	0.0107103700051603	0.0155563977344079	0.00352757904804673	0.001744816545548	0.00558842905223978	0.00301649328367377	-5.70322230836035E-5	0.00566848786413248
2011-11-06	0.21422819477925	0.203770800386715	0.224723529821252	0.121535059891232	0.107648287363352	0.135068629989247	0.164915579152094	0.154347161744731	0.17588788789334	0.0819679167066452	0.0743762543045275	0.0889946185935562	0.160393796892597	0.14769900710178	0.173288340820372	0.105792136201386	0.0997341005240578	0.112022164632294	0.0511951176070668	0.0462668348040183	0.0563782062790914	0.0401505444737329	0.0367307706364528	0.0436341588835401	0.0172448742511758	0.015792407539044	0.018557940820446	0.0190369049298205	0.0165573032283595	0.0213256093674077	0.0130799612000088	0.0106047905353643	0.0155626637107022	0.00353329819194645	0.00177656458328374	0.00559918906082289	0.00301849566841126	-1.04464414165236E-5	0.00565376598566197
2011-11-07	0.214126280533679	0.203672056061084	0.224897673193461	0.121807389251121	0.107624074922375	0.135921368082371	0.164858228651312	0.153933441533024	0.17611033330198	0.0817022812680846	0.074135273600851	0.0887338898979871	0.160430495366649	0.147262691274188	0.173488522767068	0.105758569145164	0.0995895165057029	0.112083602235224	0.0513368881567887	0.0464012937191973	0.056566625619832	0.0401810742427277	0.0367572690319853	0.0436946806191944	0.0172546643674983	0.0158183064885381	0.0185508725580461	0.0190513817917627	0.0165793235741213	0.0213097242686352	0.0130660546487801	0.0105704328357407	0.0156436658275296	0.00353534040094184	0.00177663146215268	0.00560584901997112	0.00301835716070946	-2.14899823788641E-6	0.00560220496111
2011-11-08	0.214066105799222	0.203538409099626	0.224823077616803	0.122110604444437	0.107361817206348	0.136446337429993	0.164756516925075	0.153508517799457	0.175669806557299	0.0814746900793984	0.0738708776276592	0.0889113396125526	0.160308756194007	0.147040951604911	0.173871022878707	0.105744439993147	0.0995097381034574	0.111922226070822	0.0514985055313935	0.0465192637093807	0.0567464558252579	0.040227849081019	0.0368122158168998	0.0437510952162338	0.0172637570285865	0.0158101143388838	0.0185760797659799	0.0190648071507042	0.0166594750054574	0.021336610293798	0.0130597995665642	0.0105547301599715	0.0156692399916078	0.0035405168441045	0.00175898698099236	0.00562858997244001	0.00302316177860356	-1.34278718039984E-5	0.00558223662078739
2011-11-09	0.213938244098998	0.203260399606808	0.224678109099113	0.122319510969578	0.107743673230075	0.137057602337234	0.164642316457399	0.153295466032354	0.175872398844625	0.0812384314855786	0.0733450744265482	0.0884811428663852	0.160293380476004	0.147011948007087	0.174230278618656	0.105700468189038	0.0993597930070643	0.111891829747772	0.0516224337391849	0.0465745845860571	0.0569506591984676	0.0402502068658811	0.0368350468619046	0.043759359827133	0.0172747578693159	0.0158511829038416	0.0185606575037366	0.0190724665055857	0.0167092260493237	0.0213778975480978	0.0130368262411825	0.0105088946141155	0.0156786899719979	0.00354561099490159	0.0017885675397288	0.00560331078509293	0.00302756000308194	6.98492775792938E-6	0.00559822853944751
2011-11-10	0.213851194746323	0.202972326203767	0.224671215649005	0.122518742215899	0.10786453238259	0.137119279964169	0.164559272518891	0.153211258664334	0.1759893745658	0.0809958662321758	0.0734600808750115	0.0880962700117928	0.16024635382377	0.147004018681529	0.173906947874338	0.105694843864529	0.099282925221437	0.111970242771475	0.0517667593697241	0.0467069757362588	0.0570256889562165	0.0402868742656331	0.0368820488527325	0.0438494067674439	0.0172843982502505	0.0158624944346748	0.0185825194245598	0.0190810451530602	0.0167156468031496	0.0214026053912074	0.0130209616810762	0.0105053266720469	0.0156175651067592	0.0035516046822571	0.00179383724689578	0.00562533123201433	0.00303389100315604	7.44116653509261E-5	0.00561424275545529
2011-11-11	0.213718129253403	0.203196667563173	0.224178871343606	0.122826227710562	0.108942515729027	0.136760294797309	0.164486179231115	0.153184185651288	0.175744028567647	0.0807683198105112	0.0731838853241135	0.0878481020797809	0.160213605328642	0.14691836461332	0.17339130334999	0.105618565376315	0.0993664609021101	0.1120110260342	0.051921633275153	0.0469632220760736	0.0571692610525937	0.0403189516530888	0.0369441727192722	0.0439142500502779	0.0172954308108216	0.015904296683884	0.0185963868189979	0.0190931511149221	0.0167569701525499	0.0213570152224047	0.0129992916100289	0.010593072337289	0.0155825668431019	0.00355926160621191	0.00179383445396286	0.00563100422840929	0.00303874316082859	1.01135262066349E-4	0.00561456110827002
2011-11-12	0.213612133907334	0.203307584464415	0.223871100323839	0.123149440957209	0.110245458250478	0.135663854996515	0.164407096009962	0.153466956451258	0.175094936296813	0.0805409054398114	0.0732700742293012	0.0876890846620828	0.160146617898774	0.147646636664807	0.172561813812066	0.105558171950937	0.0992644811819044	0.111876500323819	0.0520764033770867	0.0471128318782947	0.0571593517452619	0.0403580229944083	0.0369804258701249	0.0438960167640044	0.0173099096348408	0.0159307725333715	0.0186108911498249	0.0191032990970266	0.0167946048145085	0.0213974005107621	0.012980324769969	0.010586869080673	0.0154872333401506	0.00356692074442546	0.00177166279328311	0.00569629993681671	0.00304791036018331	1.76808075867059E-4	0.0056024973848231
2011-11-13	0.213510929365968	0.203458012892348	0.223583444408868	0.123431220323879	0.111939271733123	0.134938633619674	0.164386385545535	0.153801591485221	0.174967839748732	0.0803131842920678	0.0731628234624291	0.0872384994846528	0.160104016560257	0.147978951110064	0.171885155796043	0.105495899760429	0.0992227298968158	0.111844296360414	0.0522371982150375	0.0472980774463861	0.0571765161026675	0.0403978693570754	0.0370107525472517	0.0438928110656005	0.0173219879524478	0.0159195833381485	0.0185966964759697	0.0191145500374966	0.0167864670712035	0.021349695042118	0.0129664947976361	0.0106397234335206	0.0154163118443077	0.0035702587631067	0.00178389523716743	0.00562065479638375	0.00305129719004493	2.31208114211032E-4	0.00560986826456576
2011-11-14	0.213292329346719	0.203506944565037	0.223273191126049	0.124521309975517	0.112457345586129	0.136692391003559	0.164137817097836	0.153259330808421	0.174893670957936	0.0802256835108843	0.0730328483224821	0.0871177497936025	0.159621576635645	0.147431739353569	0.171766439732838	0.105399005173734	0.0992058113169065	0.111862021957144	0.0523414847987304	0.0474339681865324	0.0572765597244381	0.0404279890292083	0.0370580242751054	0.0441153189359923	0.0173315012688329	0.0159562580056571	0.0186409430466813	0.0191115759051456	0.0167860514666431	0.0213430350996343	0.0129608750194247	0.0105406384882225	0.0154464673926518	0.00357556587743736	0.00178306694763128	0.00566244127611463	0.003056304370783	2.31897460562156E-4	0.00558356026185227
2011-11-15	0.21307890529186	0.203311474081525	0.22307209396818	0.125534689539474	0.113509709930008	0.137593895473818	0.163917752478239	0.15330496573858	0.174447573438343	0.0801030575649192	0.0728665096031999	0.0870230044205777	0.159170184216167	0.14722349360052	0.170752577705228	0.105295220584352	0.099076386665077	0.111571238453753	0.0524501032964981	0.0475002974275971	0.0574408890727156	0.0404416206125315	0.0370553886652085	0.0441139624313253	0.0173454121921944	0.0159744690541798	0.0186404235366265	0.019118625318511	0.0168375242609391	0.0213541090635714	0.0129530239863303	0.0105844622186925	0.0154220917919527	0.00358519608119665	0.00177632183848398	0.00566445645758831	0.00306282923503384	2.76246512705203E-4	0.00557553599822477
2011-11-16	0.212812070634074	0.202970745779019	0.22263509674196	0.1266582678872	0.11453190986179	0.138633450642709	0.163729251061547	0.15367318727135	0.173972022467588	0.0799958375740073	0.0728153378168963	0.0867851346352278	0.158578032061348	0.146935878305108	0.170145898281597	0.105221813606081	0.099051633369913	0.111472025011363	0.0525759021501335	0.0476934017299577	0.0576381423833495	0.0404677947905827	0.0370563256530627	0.0440342696273512	0.0173538592750652	0.0160083476246789	0.0186600092562477	0.0191259941268388	0.016798824525974	0.0213843174127685	0.0129367384051068	0.0105542779872124	0.0154197280013717	0.00358832943971101	0.00178559154909188	0.00566362273210374	0.00306353786296147	2.81663986643884E-4	0.00556650290602444
2011-11-17	0.212561477920473	0.203159394323835	0.222135053563945	0.127704979128671	0.116510866452193	0.139327348466512	0.163462401153903	0.153716533549311	0.173306108187308	0.0798763586484518	0.0729771298068139	0.0866203625561773	0.158071990059322	0.147345258981219	0.169180253647713	0.105158641316545	0.0991273117702694	0.111338504739119	0.0527073677406477	0.0479708062332248	0.0576150520233994	0.0404954211735146	0.0370998307574515	0.0440725086389714	0.0173649341048884	0.016012608120122	0.0186629061769568	0.0191207291686045	0.0168063685715952	0.0213697851376552	0.0129294074615363	0.010516591645788	0.0154117818078507	0.00359589569497314	0.0018041386541339	0.00569141270947908	0.00306903382046705	3.21174372825365E-4	0.00560709921282806
2011-11-18	0.212084484731413	0.202677403372811	0.22193820602414	0.128132035986014	0.117212889315461	0.139306226054402	0.16312067332651	0.153621154145804	0.172928170647653	0.0798259890362306	0.0731152294727301	0.0863583662096037	0.158676325039809	0.147936831663764	0.169723501377204	0.105197778602584	0.0991133317772381	0.111505015427688	0.0527971711483535	0.0480242512315855	0.0577568581211345	0.0405271404063147	0.0371489984677959	0.0440250409545121	0.0173726164789798	0.0160227851207814	0.0186625080291964	0.0191218554537941	0.016814740808625	0.0214265932899	0.0128866610642746	0.0105039741685952	0.0153721704616425	0.00360184090973989	0.00179896126984754	0.00569671976253435	0.00307060157745764	3.83776383863155E-4	0.00563307126644193
2011-11-19	0.211557445887371	0.202517431050152	0.220851115354275	0.128526739683302	0.117984148766883	0.139016794873064	0.162810378374259	0.15355062982881	0.172419008259042	0.0798030016387708	0.0731087730736775	0.0862929818315549	0.159307948011242	0.14875769742241	0.169894739275032	0.105239612379686	0.0993596062193751	0.111412764024219	0.0528797158142677	0.0480845086014609	0.0579225619721407	0.0405705207942713	0.0372679011035734	0.0440516199715682	0.0173848609709862	0.0160365103969122	0.0186569549473822	0.0191166868191701	0.0167311727468065	0.021448581609207	0.0128479059807291	0.0104328484436724	0.0152822840122697	0.00360519825455854	0.00181238592641398	0.00568005959371321	0.00307708161023809	4.83282299872851E-4	0.00562146860693771
2011-11-20	0.211155744035988	0.201951666007604	0.220582920204324	0.127258497118272	0.116655897176112	0.138103187900755	0.162978581915866	0.15366358642753	0.17249683057534	0.0795893810785043	0.0729189775093847	0.0861480682840557	0.160397781508336	0.149830208094714	0.171194033472057	0.105312665200308	0.0992875392387915	0.111511411669199	0.0530645421400569	0.0482602266043101	0.0580322593857518	0.040550646895133	0.037230462362092	0.0440749107777416	0.0173940266513194	0.0160658540913736	0.0186533214423277	0.0191531064719628	0.016768907814724	0.0214462457571211	0.0127965592902413	0.0104257831844609	0.01525615084863	0.00361159359530671	0.00181589254588205	0.00568762469072967	0.00308141819992554	5.48983554458054E-4	0.00562335162137713
2011-11-21	0.211108676280875	0.201547112866494	0.220740121726291	0.12742036395153	0.115591321317983	0.139386125642841	0.163018461170328	0.153082955308542	0.173160588125832	0.0797466820112895	0.0728330187016244	0.0865676281053533	0.160392236207047	0.148982782142334	0.172417200831913	0.105260345290097	0.0990514310206507	0.111608278121216	0.053100304311175	0.0481003559540899	0.0581679011455405	0.0405264335226086	0.0371750114506277	0.0439472093075047	0.017403373024554	0.016056879438878	0.0186692159228174	0.0191786435997037	0.0167592111898863	0.0215618566405596	0.0127482663937734	0.0103444924350354	0.0151431096241691	0.00361653332218145	0.00180369433453194	0.00569805351029163	0.00308049863972176	5.47789907254239E-4	0.00559005971131769
2011-11-22	0.211044552442948	0.201199749173831	0.220729140511811	0.127644462441423	0.115021651755578	0.140491371188317	0.16297701670468	0.152899558387625	0.173225153092805	0.0799267501772867	0.0730421014952464	0.0867406707637852	0.160173400528061	0.147972316560334	0.172527942707623	0.105210310230273	0.0990004689720165	0.111600932452537	0.053134817488777	0.0481271501311334	0.0582743729143471	0.0405029570489911	0.0371045632713215	0.0439164966928389	0.017415200272864	0.0160989050750169	0.0186751859568179	0.0191989860451161	0.0167847771310416	0.021561615731846	0.0126989823146197	0.0102540220671367	0.0151386458816815	0.00362253188751112	0.00182130528109633	0.00570497022686862	0.00308922893809386	6.11250465074783E-4	0.00562901675570659
2011-11-23	0.210990902906162	0.200874788485761	0.220969798576629	0.12788850062381	0.114568976469889	0.1413762734413	0.162971466486083	0.152459584848524	0.17341786941251	0.0801401077007289	0.0731208670707808	0.087252349816001	0.160144767586753	0.14777777396717	0.172923019410284	0.105123695165182	0.0987632373986339	0.11177869084267	0.0531715848082769	0.0481528676435898	0.0583696297757866	0.0404968490992884	0.0371118241800047	0.0438973247068979	0.0174266244771456	0.0161077376730892	0.0186645577748055	0.0192229176338935	0.0167830062813346	0.0216522921927909	0.0126577640988098	0.0101947090197278	0.0150671746163695	0.00362582164054965	0.00180301707203316	0.00570609061541027	0.00309073016248126	6.37366337208853E-4	0.00562146957930782
2011-11-24	0.210829542458292	0.200755190601056	0.221028301696542	0.128148797489611	0.114558445436141	0.141990817092698	0.162969556914156	0.152298483579826	0.173578720123547	0.0803401017742486	0.0732263851257652	0.087473758162235	0.160087294556477	0.147458627803653	0.172903428267591	0.105073242015038	0.0985898517643929	0.11162245181745	0.0531952800894406	0.048211565371135	0.0584154483174287	0.0404918616269366	0.0371249216468893	0.0438081289128089	0.0174404562727934	0.0161050626490498	0.0186561486390799	0.0192452804209488	0.0167838915713155	0.0216827563369104	0.0126077347941309	0.0100976994975679	0.0150211542184384	0.00363315643238871	0.00180984362769487	0.00569114300567418	0.00309836339494733	6.43971113223522E-4	0.00562497791760594
2011-11-25	0.210764992755238	0.200852259600144	0.221045889762778	0.128354031937395	0.115103557535109	0.141741582152061	0.162944794964245	0.152464727327774	0.173611553184983	0.0805515059863886	0.0737176796381724	0.0877638007832112	0.159949850691074	0.147352860564208	0.172922790011949	0.104998705147091	0.0986888171048595	0.111601972859546	0.0532209548300212	0.0481954110086781	0.0585248186761874	0.0404766502698034	0.0371031822483592	0.0438985208122744	0.0174499448199882	0.0160990474884292	0.0186734778485815	0.0192632332638933	0.0168373885516439	0.0216901973743529	0.0125702141314517	0.0101060484227083	0.0149684733181782	0.00363608279924049	0.00184027994957779	0.00569251124519229	0.00310325510865794	7.06254413066726E-4	0.00562523842349469
2011-11-26	0.210616890843503	0.200534159550103	0.22052951376832	0.128580129957541	0.116137538566053	0.141594172335689	0.162984628978824	0.152448971010684	0.173433878237712	0.0807794159169131	0.0737632511396485	0.0879245514316869	0.159935539397348	0.147852609723347	0.172533606064341	0.104922201342301	0.0984780900835985	0.111460624973126	0.0532655796212506	0.0482624760243778	0.0586163085644951	0.0404733907609785	0.0371323409150014	0.0438102931837769	0.0174642787032468	0.0161193936945767	0.0186816315807699	0.019297684732367	0.0168902557013634	0.0216986932855485	0.0125170816898522	0.010036823142937	0.0149187365261622	0.00363973292125043	0.00180752713607952	0.00571610710632632	0.00311030893153641	7.45549497876115E-4	0.00566042920505399
2011-11-27	0.210472574902857	0.200775137636697	0.220168548765534	0.128829673975863	0.117248407470666	0.140794718468598	0.163007325091577	0.152703469172223	0.173206706920965	0.0809486548186391	0.0741377311507341	0.0878556298424169	0.159887790268659	0.148185003641308	0.171335124041387	0.104850261526334	0.0983130659048319	0.111541579616493	0.0533151447513392	0.0483644409681238	0.0585220603394667	0.0404714308112725	0.0372487920429065	0.0437506329468742	0.017475810432278	0.0161452185609394	0.0186910532711425	0.0193205964854335	0.0168937018933444	0.021683895591424	0.0124690468930899	0.010018901922042	0.0147870542722776	0.00364413128829129	0.00183662425059181	0.00569913777763831	0.00311513457917199	7.44124274313842E-4	0.00561848065538955
2011-11-28	0.210684116426577	0.200827750079685	0.220687970129661	0.12946198020311	0.116888796515998	0.141899431642147	0.16323138832371	0.152832175247309	0.173626452733591	0.0813360310079982	0.074513849614897	0.0884114715575619	0.158618250347708	0.14637091104337	0.170672936946594	0.104740280087041	0.0982399884239132	0.111422565439302	0.0532361505977807	0.0483391589922697	0.0584101489976024	0.0404469700493175	0.037143798489785	0.0438191893304028	0.0174901171411219	0.0161500357870632	0.0187075679270849	0.019335009113809	0.0168990524486085	0.0217676135717704	0.0124223194098009	0.00994766387928636	0.014766364505459	0.00364976129168596	0.00181710964213835	0.00569905757218133	0.00312435716427154	7.5154345725478E-4	0.00559825003351533
2011-11-29	0.21088111596137	0.200866604645601	0.220965880264101	0.130185803251961	0.117309648396283	0.143064012205981	0.163411393894575	0.153115819469798	0.174068399893859	0.0816842616567203	0.0747982529274764	0.0887020625277467	0.157298510142352	0.145256526214121	0.16925307309958	0.104609942954289	0.0981570224963352	0.111499852582181	0.053132869590016	0.0482418787163712	0.0583343686028092	0.040421052086163	0.037147092097474	0.0437414093315415	0.0175041008624681	0.0161705122233559	0.0187118328222355	0.0193479589865099	0.0169456758099005	0.0217670346329142	0.012373364370187	0.00988286438981274	0.0147380306879975	0.0036514334314974	0.00180259871439617	0.00570224065118721	0.00312784654835651	7.50446771220917E-4	0.00565865901662247
2011-11-30	0.210983277403519	0.201008912846649	0.22078610870071	0.130886674490695	0.118210606719132	0.143602493469478	0.163651288069395	0.15327152927176	0.173945456169396	0.0820632868468897	0.0749959169108449	0.0890955212805692	0.156112595116166	0.144149783060922	0.168016566598209	0.104483558535648	0.098088350863707	0.111168090464852	0.0530674846078108	0.0480707017985516	0.0581940113856286	0.0404068338319664	0.037121759030916	0.0437352131678479	0.0175178332189713	0.0161916992078433	0.0187390540098471	0.0193660701845847	0.0170038567426395	0.0217625325621797	0.0123395876524453	0.00986278720143838	0.0147047172144692	0.00365352942405186	0.00183292513825655	0.00571541620936974	0.00313487259176416	8.07103200458692E-4	0.00562468489277039
2011-12-01	0.211130644254022	0.201068716503673	0.220976012215495	0.131578500257557	0.119928125231969	0.143488240962453	0.16392322145938	0.153449502173019	0.174356914327011	0.0824017598855656	0.075697169893255	0.089339653816462	0.154797425751098	0.143127248248847	0.165807868107656	0.104407272718771	0.0980365918784481	0.111162567615056	0.0529890316908063	0.0481986011187347	0.0581488078157042	0.04037327814596	0.0370593351117096	0.0437067468458686	0.0175302074944939	0.0161693592787167	0.0187436631002501	0.0193814090191616	0.0169983278132187	0.0218093609172846	0.0122932158400671	0.00982566489185561	0.0146389786239021	0.00366076620240436	0.00183718898734065	0.00572886744406954	0.00314659661847812	8.3308113767417E-4	0.00567428252434915
2011-12-02	0.211169616058065	0.20132209183678	0.2211991438133	0.13100876473603	0.118696896806348	0.143426058190379	0.163971475717826	0.153411166451558	0.174476138657156	0.0826289777613791	0.0758507293737599	0.0895638959103707	0.155599331874211	0.143881353683517	0.167183261819409	0.104351866065262	0.0979770762026177	0.111063175053239	0.052958400479163	0.0481344515816566	0.0581847731613115	0.0403357332812879	0.0370049689338668	0.0437257826977325	0.0175430024115771	0.0161921900609947	0.0187547209421089	0.0193848234041075	0.0169818652431295	0.0218283449653042	0.012299444257185	0.00988647094516452	0.0146912477157804	0.00366589389810641	0.00184609534639342	0.00571069940122784	0.00315192423022362	8.70263358737885E-4	0.00560928514883183
2011-12-03	0.211141458564711	0.201399478414173	0.221082255486631	0.130515122716078	0.118374732283594	0.142520160216992	0.16394904676929	0.153401485715714	0.174321363257298	0.0829036121186134	0.0762290650018297	0.0900168194301097	0.156319413485574	0.144099325303583	0.168150170100487	0.104303723261919	0.0977893496071455	0.110980284592859	0.052959633231238	0.0479958326733728	0.0580959234642452	0.0402991036832652	0.0369755572289839	0.043622768243381	0.0175540929099024	0.0162076427383311	0.0187690414831364	0.0193900960848178	0.0170036315952302	0.0218216039521996	0.0123051663262799	0.00983691121169337	0.0146992212654919	0.00367198926725263	0.00185645706498479	0.00572620618582033	0.0031594435631669	8.61823048556506E-4	0.00565962897636115
2011-12-04	0.211145214867793	0.201285849794678	0.220939485612565	0.129997066280088	0.11875925031535	0.141446628697686	0.163997831554417	0.153613943872916	0.174521833728303	0.0831831412462614	0.0765448410611209	0.0900952354733538	0.157089621298415	0.145388908688269	0.168898817161163	0.104229288430023	0.0978360772853893	0.11077563572171	0.0529658514128168	0.0481418596440238	0.0580675437007076	0.0402547990502744	0.036955451049391	0.0435591987477564	0.0175690459171439	0.0162337608198223	0.0187869078720833	0.0193920676235612	0.017028017518648	0.0217540356632638	0.0123087891983454	0.0098255446951554	0.0146647675250348	0.00368017551127394	0.0018724948044925	0.00577306167147467	0.00317020734950235	8.8989684173956E-4	0.00569630520743604
2011-12-05	0.211186982007576	0.200936925616465	0.221258852364485	0.130093752971196	0.117725391356347	0.143123631061456	0.163903281415894	0.153250313485075	0.175304569160693	0.0834810827415107	0.0766809649759761	0.0906108486986348	0.157006302859812	0.14464236579882	0.169242831654985	0.104112957009694	0.0977115728695809	0.110875530968562	0.0529819214822419	0.0481054693590651	0.0581355791977439	0.0402520535217413	0.0368820349278973	0.0437171380637035	0.0175852463162414	0.0162379581193773	0.0188051098088847	0.0193927323722082	0.0170042100350857	0.0217310746475117	0.012296172885446	0.00976315368223368	0.0146588162843313	0.00368644616846496	0.00186174906614339	0.00577401940339452	0.00317765897071638	8.99203102691386E-4	0.00571901362964408
2011-12-06	0.211250666511126	0.200760018436154	0.221438802218432	0.13024834300208	0.117087879037878	0.143834209959512	0.163827416732164	0.15284111409206	0.175226129213811	0.0837314018826943	0.076591730838106	0.0909813786527268	0.156955917143824	0.144340488928581	0.169659366778876	0.103994929834267	0.0976614617111408	0.110722937232719	0.0529958241681073	0.0479844923403892	0.0583566601716984	0.0402685042293042	0.0369212562477721	0.0437634001828654	0.0175983491428567	0.0162589072702371	0.0188240164788912	0.0193894329094111	0.0170273341124545	0.0217429204730358	0.012288354734086	0.00975157756616126	0.0147400442103183	0.00369103647233148	0.00185907658762827	0.0057587678864905	0.00318063527984548	9.47938017134271E-4	0.00572147041708866
2011-12-07	0.211325191507495	0.200743222443258	0.221538894043518	0.130450931751028	0.116593890151036	0.144026035917034	0.16370723028535	0.152707106090635	0.175034808876004	0.0839967184387959	0.0771747817249977	0.0912322872436405	0.156888046141002	0.144059546796796	0.169691242315396	0.103884149107938	0.0974683975376798	0.110653450014489	0.0530128670027744	0.0480291756981096	0.0583166090624778	0.0402685096279384	0.0369219387017707	0.0437376401165548	0.0176141214775848	0.0162923888878358	0.0188267904230781	0.0193812381404236	0.0170633598779391	0.0217299153049619	0.0122808124896862	0.00971389627478945	0.0147324488205634	0.00369644935758725	0.00188406828524718	0.00578279004906402	0.00318649953772454	9.57518121225519E-4	0.00575517398768803
2011-12-08	0.211340608520659	0.200762776629934	0.221839176774867	0.130685939382016	0.116753231797059	0.1450158775524	0.163615566772558	0.152444682559973	0.17476830853746	0.0842770172957244	0.0774024949524032	0.0913420152285919	0.156828513726597	0.143883897508805	0.16980296315979	0.103742611769096	0.0974024942793199	0.110476492012262	0.0530437578811188	0.0479554616183714	0.0584074943767728	0.0402663321203029	0.0369006216958417	0.0437592928526417	0.0176298718935992	0.0163090001827018	0.0188518275457419	0.0193805443464003	0.0170230200900343	0.0217657554494753	0.012280821719791	0.00973924802745439	0.0147206124844895	0.00369950352604112	0.00192568042190963	0.00575726397100509	0.00318956743809423	9.42218559426173E-4	0.00577507055534405
2011-12-09	0.211406936040117	0.201046800441085	0.221521087874466	0.130871570439881	0.117234223902001	0.144691461709546	0.163486251467042	0.152187753286692	0.174567865677156	0.0845497532809311	0.0776268213533652	0.091560979076918	0.15675081344679	0.143681291327887	0.16972155255514	0.103604269394357	0.09727222048582	0.110354389130517	0.0530517481669332	0.0479079504712982	0.058442726858557	0.0402609913613356	0.0368367764661685	0.0437639845676588	0.0176483229587394	0.0163455988075202	0.0188679127575544	0.0193724243815438	0.0170465033330303	0.0217692565321892	0.0122823554723442	0.00969616759154363	0.0147113651566308	0.00370765767831246	0.00192678715336839	0.00580923856416765	0.00319194583096743	9.62591133942665E-4	0.00579381440287293
2011-12-10	0.211340276809769	0.201026476364305	0.221541024686107	0.131008961072979	0.118128729616182	0.144113520069246	0.16333104959774	0.152443265657965	0.173954356357957	0.0847985064938643	0.0779825620390638	0.0916533080722384	0.156640307621496	0.144479633718059	0.168815146545096	0.103453343924112	0.0971192372774257	0.110098115968267	0.0530867225896764	0.0479240849168958	0.0585824898392503	0.0402662998972051	0.0368024421383649	0.0437736090335025	0.0176620205662267	0.0163664146033416	0.0188788174762405	0.0193632715475837	0.0170543553643133	0.0216798295468227	0.0122759965768434	0.00965670185897861	0.0146873536158656	0.00371318066037059	0.00194714822706625	0.0057844169862432	0.0031909160187439	9.71978585090898E-4	0.00581588530075322
2011-12-11	0.211411418889144	0.201321617922188	0.221263315610173	0.131061786828933	0.119470234902277	0.143119483916535	0.16317823005322	0.152618483513528	0.173605587947646	0.0850496289124957	0.0783272101196761	0.0918807289711741	0.156547774309171	0.145040895291676	0.168168960352081	0.103337006312311	0.0970190834104364	0.109920615309542	0.0531073571182128	0.0480316987633329	0.058287078326328	0.0402556441889979	0.0368596826300305	0.0437652471561545	0.0176756874385372	0.0163737231353187	0.0188810143032585	0.0193630283416018	0.017013747413076	0.0216702989120607	0.0122737471645047	0.0096861575541867	0.0146511201339848	0.00371491190576134	0.00198977904897558	0.00579947744941082	0.00319231171358779	9.49569677004018E-4	0.00587923620435345
2011-12-12	0.211194811935256	0.200984030789159	0.221208282557069	0.130864796799268	0.117935444479382	0.143602162075316	0.162873805653868	0.152388341369046	0.173537931537133	0.085380414997718	0.0785296681429629	0.0924323027259971	0.156334560920684	0.144370303154809	0.168688621442701	0.103285315851552	0.0968819572234035	0.109818916964256	0.0531448061451903	0.0481097413606194	0.0583677105268707	0.0402897894931325	0.0368949781763477	0.0438130409378919	0.0176937848038458	0.0164190225176376	0.0189370800667063	0.0193451778734679	0.0169834810142475	0.021645259356503	0.0122751385596088	0.00966138241863702	0.0147088323276284	0.0037188609645941	0.00201863129395982	0.00579223594511761	0.00320134723917087	9.5729964471885E-4	0.00585952693586526
2011-12-13	0.211013317577076	0.200833753887755	0.221056298306394	0.130642246459167	0.117419772120388	0.143546706482656	0.162575628199387	0.152145078244305	0.173388269456681	0.0856863797385618	0.078775907655124	0.0929536054230975	0.156186573437828	0.144183263693948	0.168379497709866	0.103177202316599	0.0966767207336786	0.109751718696543	0.0531508581246175	0.0481434385591041	0.0583955636199245	0.0403251691755001	0.0369309266624598	0.0438726713645749	0.0177088745550087	0.01643284837743	0.0189639194829531	0.0193257849091578	0.0170041605322212	0.0216371854638798	0.0122713034834968	0.00968941049776716	0.014615111846604	0.00372807393515966	0.00203126104654205	0.0058374516513066	0.00320692133317728	9.46824657383549E-4	0.00589791931688443
2011-12-14	0.210743388039816	0.20037156799098	0.220775211881084	0.130448322679751	0.117470245378612	0.142978095544173	0.162190374064436	0.151473656526615	0.172741901513533	0.0860030817130317	0.0790443824709999	0.0932370061947228	0.155927358772021	0.144120918489859	0.16806629420157	0.103113936355455	0.0967078615543855	0.1096103335901	0.0531787000221554	0.048119545739281	0.0583790902892568	0.0403502653643366	0.0369263317498047	0.0438491591417781	0.0177234524899358	0.016457326891208	0.0190049738163783	0.0193099378419551	0.0170332594680259	0.0215462075590035	0.0122669583132519	0.0097314762505446	0.014678982263115	0.00373436890048141	0.00206752829823936	0.00586635474822178	0.00320923680868231	9.92020790423726E-4	0.00590769246937327
2011-12-15	0.210577006914679	0.20028151695431	0.220721142462705	0.130331003142926	0.118265713771846	0.14233108794301	0.161895360887486	0.151526347614318	0.172698597401473	0.0863235966037936	0.0793261723638717	0.0934196602433784	0.15571816902336	0.144188778676542	0.167190621398156	0.103030675837212	0.0969011431390538	0.109484948699837	0.0531986905400371	0.0481522445623467	0.0584006704559107	0.0403886900032719	0.037009122101188	0.043930298461433	0.0177404292886621	0.0164737119405204	0.0190113032670273	0.0193014288193009	0.0170160843420765	0.0215183866181516	0.0122452375292435	0.00973259928923197	0.0145795716049066	0.00373850607723105	0.00209696686818516	0.0058595186796532	0.00321224084433316	0.00101175532780311	0.00594466450980648
2011-12-16	0.210650213560506	0.200060458348784	0.220967979794997	0.12931118283004	0.1170955501214	0.141644256529755	0.161158103225113	0.150510412602711	0.171945837983958	0.0864912510544853	0.0792623135583293	0.0935763120367871	0.157665442941355	0.145540187861472	0.16944046628536	0.103038921228249	0.0968722637906001	0.109420393346414	0.053170363522379	0.0479642777253367	0.0584126348355497	0.0403765596343992	0.0369595904954449	0.0438957343449461	0.0177604584935277	0.0165151799291348	0.01905231453013	0.0192666662522042	0.0169765031170473	0.0215039470347468	0.0122912448663908	0.00973528940565377	0.0146797540440831	0.00374769535368797	0.00212545858017735	0.00586582073639534	0.00321801257138962	0.00100299702217182	0.00602443967453472
2011-12-17	0.210760583269212	0.200315322578946	0.221031088440818	0.128293568336749	0.11637791621298	0.140150621981441	0.16037025832331	0.149730716437359	0.17111508521044	0.0866487715051404	0.0795807298183468	0.0939003079639945	0.159605916795714	0.147449868890164	0.17161330910681	0.103067502711533	0.0969479576279887	0.10948374057688	0.0530980788125801	0.0479842142820342	0.058335608214205	0.0403772107754096	0.0369057567070672	0.0438832906710508	0.0177778183392418	0.0165597854478136	0.0190916946206281	0.0192181940862411	0.0169678960738133	0.02147255412292	0.012344355957654	0.00976995068465885	0.0147412845389943	0.00375427324908785	0.0021167777884657	0.00589938342553956	0.00322653282778605	0.00100997697161145	0.00604053178637028
2011-12-18	0.210822980868016	0.200463387728508	0.221200405716949	0.127331069495391	0.115648319507382	0.13912207835201	0.159628565177272	0.149382502633806	0.170390794237925	0.0868179058903642	0.0799312979756104	0.0937512762884532	0.161515943566932	0.149461333638036	0.173219676792623	0.103123320750722	0.0970578263996253	0.109483305384377	0.0530351982111703	0.0479817106660837	0.0583296443717987	0.0403774513458925	0.0369083020147826	0.0438921299229601	0.0177938718314253	0.0165700417946251	0.0191017234266527	0.0191793926159737	0.0169015907048747	0.0213918705138989	0.0123926364541912	0.00985029186676678	0.014794161205478	0.00375911218834597	0.00215915021937746	0.00589140520961855	0.00322808291160284	0.00101133787431796	0.00603181373313223
2011-12-19	0.210660764623264	0.200109831834823	0.221106236383925	0.126620941144858	0.114187064522445	0.139443994792028	0.158865979595654	0.148029167930103	0.169925915876829	0.0868196900372677	0.0795778074445099	0.0941890006236322	0.163221977390988	0.150414298459208	0.175939060817739	0.103089052773865	0.0969016025066703	0.109609452591383	0.0529721999264248	0.0479065970771888	0.0583861210496517	0.0403975909333707	0.0368689735927975	0.0439730447455884	0.0178132587562966	0.0165969637215157	0.0191286139721642	0.0191621621430024	0.016851166857124	0.0214214081654755	0.0124342019877771	0.00982410098875612	0.014879533632911	0.0037614050335053	0.00217305815219869	0.00589195505761198	0.00323089249945915	9.60308847236272E-4	0.0060226498086912
2011-12-20	0.210480307933488	0.199852436129731	0.221547791260696	0.125991831053959	0.112524171351144	0.13955958595373	0.158125909256732	0.146888680884927	0.169524065237829	0.08682967879833	0.0795104783249937	0.0943134123522888	0.164877779379594	0.151222784995296	0.178042485535668	0.103025512657256	0.0966667130939343	0.109682644326559	0.0529120553645424	0.0477616576946587	0.0582497792585566	0.0404357540340637	0.0369617412151436	0.0440730324415445	0.0178327267918322	0.0166202342016259	0.0191739310385667	0.0191445265942619	0.0168328755858155	0.0213881996747798	0.0124782236253688	0.00983709363647874	0.0149471592422578	0.00376484736847325	0.00218371905066131	0.00592144387529496	0.0032358641613325	9.4758376752678E-4	0.00602183256611731
2011-12-21	0.210312267823252	0.199625112162004	0.221414857825241	0.125350760973028	0.111543035710012	0.139062675588335	0.157373176461154	0.146232508380591	0.168763972342187	0.0868751510924991	0.0794706182791629	0.0942843963644438	0.16651149309716	0.152585973129552	0.180273102216313	0.103002413080147	0.0965148446319371	0.109622130897987	0.0528623647291526	0.0476370210485373	0.058323198402591	0.0404645206031454	0.0370033845798816	0.0441032755500112	0.0178495070470302	0.0166235373287181	0.019197656385973	0.0191337140810298	0.0167823797820276	0.0214227802626893	0.0125217537009608	0.00988808122896936	0.0149539050417963	0.00376898193318011	0.00219187176844259	0.00590328480551351	0.00324203609648619	9.69086034826035E-4	0.00604533757148939
2011-12-22	0.210134476039742	0.199268239822782	0.221331671476218	0.124644141832148	0.110619361596685	0.138270501276464	0.156591085510628	0.145204302597488	0.168161984457066	0.0868832146311646	0.0793190838579245	0.0943897767928375	0.168269452612386	0.154291134019843	0.182242966979854	0.102983600031128	0.0964979922629924	0.109655226998363	0.0528274203040128	0.0476175951287688	0.0583434088573066	0.0405025845695159	0.037023260049818	0.0441282398572739	0.0178678506534841	0.0166512759406878	0.0192271605037769	0.0191155024171471	0.0168395049614437	0.0213970910168675	0.0125597963996569	0.00991146390076952	0.0149863771194387	0.00377138170875062	0.00220420251552077	0.00597396966074363	0.00324522458989728	9.6272297036699E-4	0.00608213659141883
2011-12-23	0.209926408904748	0.198939721999718	0.221408960495063	0.124140454175719	0.110317508284751	0.137646674440419	0.155871867884523	0.144737961784174	0.16724826585622	0.0868736991194904	0.0793553276218996	0.0944936667738178	0.169928960571669	0.155745957196076	0.183739172755563	0.102922823354141	0.0964073544021351	0.109643467479566	0.0527731079292994	0.0474547180047283	0.0582157364902059	0.0405375635745003	0.0370753553980694	0.0441224571583609	0.01788566641933	0.0166817879505482	0.0192234540676744	0.0191081867521126	0.0168446756622868	0.0213695335179761	0.0126093577402788	0.00992211749011036	0.0150940873890346	0.0037716322294613	0.00221269901353042	0.0059461172219058	0.00324963917893012	9.95278188398535E-4	0.00609117680055137
2011-12-24	0.209696142774901	0.198762542676606	0.221134183632532	0.123446729894159	0.110007843511937	0.136817079862647	0.155165030552862	0.144163396378551	0.166781753955297	0.0868932738075993	0.079298374955436	0.0942570839314107	0.171534954354183	0.158055725699694	0.185337349366049	0.102914056458115	0.0965230162998161	0.109583937037256	0.052743556382798	0.0476457131638274	0.0581213806815343	0.0405774764788411	0.0371384377004996	0.0441741734653715	0.0179012825161099	0.0166927418400255	0.0192650596908246	0.0190947693745966	0.0168016257496815	0.0213456087489736	0.0126620087140808	0.0100171055909619	0.0151407647446985	0.00377256190716819	0.00221070047676084	0.0059654101668761	0.00326470276483387	0.00100002173165607	0.00611255489996223
2011-12-25	0.209460716618272	0.198823282332997	0.220751213551394	0.122741739152019	0.110632836373556	0.134899181447095	0.154454978010263	0.143532538892258	0.165548085714236	0.0869057355775443	0.07948953584678	0.0942569131450064	0.173181093513667	0.159964834022344	0.186125257701586	0.102890244159708	0.0964410880021715	0.109553669820947	0.0527343596955763	0.0475357693414969	0.0581164275520684	0.0406145903940441	0.0371315976632364	0.0441710552179421	0.0179145785959736	0.0167064866901708	0.0192926313431619	0.0190837001591648	0.016812523484936	0.0213575506857145	0.0127086799539188	0.010077945966469	0.0151985989940982	0.00377533794448729	0.0022113710918935	0.00596336231984356	0.00327307889579845	0.00103249170166745	0.00616765964148636
2011-12-26	0.209205049989036	0.198232043221603	0.220851654572242	0.122600779441935	0.109013270066686	0.136092480290405	0.153362577277587	0.142187104387282	0.165059048552932	0.0870239649181414	0.0795006145559091	0.0945461820951288	0.174420859849123	0.160650322324879	0.188092210574898	0.102773950505797	0.0963209753928995	0.109493230480335	0.0527075922729177	0.0474785940779388	0.0581512022023681	0.0406417281541686	0.0370558622470503	0.0442702694890548	0.0179295692606213	0.0167309339584792	0.0193379785692172	0.0190950086005879	0.0168224678817202	0.0213642222538442	0.0127749895022147	0.0100635418261711	0.0153137492324509	0.00377489978550038	0.0022391130606853	0.00598057634409225	0.00328656632169647	0.00103250864727076	0.00619280629498599
2011-12-27	0.208922467004221	0.197927799659548	0.220412610583147	0.122579402849267	0.107753127655007	0.136799132614396	0.15230744399759	0.140918155309215	0.164316204171741	0.0871582907150246	0.0797189543477785	0.0948801429413018	0.175671212158503	0.161628095381026	0.190034574564645	0.102654732460995	0.096124829300183	0.109591069303279	0.0526859300910093	0.0474321259921707	0.0582970217542729	0.0406658282014304	0.0371369511013234	0.04421087689411	0.0179449634205697	0.0167598981106366	0.019334030888074	0.0191078447701085	0.0168030361652763	0.0213864542550689	0.0128293556930492	0.010055294154218	0.0154265715963376	0.00377491830202799	0.00224699505968036	0.00595572506549382	0.0033015469189873	9.92500652305541E-4	0.0062152000782251
2011-12-28	0.208609007688781	0.197618336949265	0.220183030097832	0.12255608540873	0.107059510874124	0.137452438998149	0.151235406889099	0.139601398464556	0.163135777208406	0.0872946332629298	0.0797788710308922	0.0950161558723725	0.176891242656478	0.162625192072293	0.191967150222512	0.102541483260574	0.0959161626992458	0.109396635553282	0.0526501267593841	0.047416146296146	0.0582622464263508	0.040693789497269	0.0370917894409375	0.0442198009344013	0.0179618726677203	0.016725558074371	0.0193453801311054	0.0191287421920106	0.0167873226743139	0.0213838901040105	0.0128884521323953	0.0101338054317733	0.0154739564982447	0.00377361944293728	0.00225772262291016	0.00596934062646541	0.00331271459899383	0.00105857266536223	0.00629941115256837
2011-12-29	0.208354354801491	0.19679227598601	0.219884475973117	0.122382586584398	0.106534055905933	0.13799821106794	0.150190413819186	0.138242877582871	0.162422927072992	0.0873984286541155	0.0798882175902527	0.0954237960457834	0.178193107972883	0.16319972059501	0.193332240817038	0.102442883687507	0.0958486864185753	0.109354252989257	0.0526227366930728	0.0473368467886697	0.0581055640461885	0.0407131232089883	0.0371033581415309	0.0442780984926763	0.0179799000537947	0.0167517545289444	0.0193517033855543	0.0191482262073054	0.0167938389451894	0.0214848164598169	0.0129442553863855	0.0101709550659253	0.0155597020549353	0.00377525768874655	0.00224565432339382	0.00599091287083529	0.00332268280009813	0.00105824671771591	0.0063248960023151
2011-12-30	0.208139601221287	0.196637684390352	0.219394587890055	0.122292814228092	0.105847501583836	0.13797993716221	0.149159535655024	0.137486030262269	0.161098521813065	0.0875340783044632	0.079970358669214	0.0954743446494337	0.179500518912038	0.164690975656038	0.194867863949441	0.102334479515807	0.0956920114414471	0.109316956379013	0.0525911459860796	0.0473265437726308	0.0581579538013686	0.0407404214036297	0.0371476128802144	0.0443535690645036	0.0179981537077644	0.0167922001108733	0.0193873089735681	0.0191616665425881	0.0168113265053806	0.0215335990879425	0.0129983054160172	0.010204797425019	0.0155705286753384	0.00377817861902613	0.00221656196376632	0.00598556162465853	0.00333402275681594	0.00105872306485415	0.00639173081200999
2011-12-31	0.207896417315946	0.196357147612601	0.21927968183047	0.122192109875553	0.106040469959691	0.137896874457719	0.148174180958305	0.136165955928321	0.160234697720713	0.0876445144207204	0.0801020108885422	0.0953956705253202	0.18073392232224	0.16596026584835	0.195825944947696	0.102235111326648	0.0956552513946676	0.10911526374086	0.0525499805412785	0.047273539522118	0.0579855919876656	0.0407501688995755	0.0371423207423776	0.044213742844399	0.0180146034203268	0.0168029897295798	0.0194216459425391	0.0191801056270892	0.0168535805964509	0.0215110404695172	0.0130677876821559	0.0102840526754514	0.0156692481971364	0.00378068138146203	0.00218582055271176	0.005991782683595	0.00334574755572682	0.00107550242078704	0.00636356514971264
2012-01-01	0.207666090566975	0.196353205429149	0.218874600331089	0.122092588550815	0.10666162607161	0.137610866215502	0.147113251955213	0.13543117333795	0.158814489455524	0.0877803981428052	0.0803409266125625	0.0954564865231101	0.181929161924837	0.167480051981624	0.19696467371381	0.10212925439181	0.0955658182220414	0.108901436879901	0.0525375733103935	0.0472670586916564	0.0579756515978906	0.0407644990605825	0.0371495625603707	0.0442779033878901	0.0180317113037032	0.0168349148304716	0.019437610973669	0.0192125604152512	0.0168588789339936	0.0215614982718823	0.0131367990925181	0.010353348582934	0.0157028338930049	0.00378133306973407	0.00220212796854438	0.00598116091745075	0.00335933061806291	0.0010509771223956	0.00641592205646949
2012-01-02	0.207330777786114	0.196319816815681	0.218405611687668	0.122068244993576	0.107263283042515	0.137220490010293	0.146090453233138	0.134729534019761	0.157607057453061	0.0879421569801129	0.0805266023966013	0.0954456483536662	0.18321277825764	0.168826895823052	0.197922033292665	0.102035523909038	0.0955606176340109	0.108708680923024	0.0524952988645576	0.0472702459372306	0.0578968613317544	0.040772978132076	0.0372103800257484	0.0442429488530706	0.0180473895378767	0.0168372897964016	0.0194501104605447	0.019229505682635	0.0169130456162477	0.0215686212506011	0.0132071096579948	0.0104315141396291	0.0157867415674748	0.00378358991766588	0.00221035722961908	0.00597757468363737	0.00337400226935365	0.00110698249602564	0.00648515280756222
2012-01-03	0.207088341781189	0.196400127888705	0.217955978976003	0.121970192411841	0.108012086018665	0.135808988521307	0.145036265187278	0.134020545285122	0.156250456313795	0.0880894576776672	0.0807650144780039	0.0954136694323354	0.184544922154931	0.170829886734147	0.198996805073234	0.101921022518449	0.0955304386880014	0.108550140096921	0.0524594444387147	0.0474202819902341	0.0579857710447266	0.0407939930127369	0.0372481278301751	0.0442712620028461	0.0180630499964989	0.0168587100770448	0.0194681810518073	0.0192454606360003	0.0169311480315695	0.0215359122500459	0.01327370905897	0.0105602769558872	0.0158042022319535	0.00378538602270507	0.00220698532024752	0.00599262920422052	0.00338499509524169	0.00111360621562724	0.00648513127518175
2012-01-04	0.206799463012944	0.196324971692399	0.217303048101818	0.12190140185096	0.108938907121534	0.134898012479762	0.143978148739632	0.133124499388295	0.154408257480697	0.0882064434283149	0.0810219849141656	0.0953750293481427	0.185822236568952	0.172884749065046	0.199312066307073	0.101820754230499	0.0955238329815367	0.108339588991595	0.0524170065108785	0.0475619230600856	0.0577302189722813	0.0408150095855282	0.0373161146744093	0.0442379362647849	0.0180787430142901	0.0168485582832909	0.0194847190115543	0.0192618279190046	0.0169679190382227	0.0215322027565037	0.0133342755552965	0.0106948531105438	0.0157897273194532	0.00378592160009023	0.00223208999217609	0.0059665229352683	0.00339414588356137	0.00112332075466726	0.00652524404601216
2012-01-05	0.206526009100659	0.196545507634371	0.216424041152613	0.12180323223549	0.110176379940548	0.133035424882427	0.142946275851265	0.1329111402575	0.152746776575734	0.0883335871505525	0.0812868268437565	0.0954757322489557	0.187170843948912	0.175021330557513	0.199515228787818	0.101730505616792	0.0958322818775906	0.107895470538813	0.0523811165112282	0.0475455026714503	0.0575124948974311	0.0408324376064662	0.037359599147453	0.0442000829415314	0.0180970101949983	0.0168770876040067	0.0195004153570541	0.019282082321402	0.0169975287532374	0.0215332924940324	0.0133937521763482	0.0107981321207655	0.0158567200168778	0.00378995664611932	0.00222114945440072	0.00598126381413645	0.00340861193755351	0.0011465802367328	0.00658187591260652
2012-01-06	0.206339333939542	0.196176033140476	0.216270517454794	0.12200788808534	0.109814007586445	0.133849424946373	0.143043051878145	0.133201789912377	0.152725473787664	0.0883964011291371	0.0813906769306905	0.095442008840155	0.186189148845236	0.174152941480961	0.198305952464307	0.101623937664544	0.0956223479994105	0.107790441975182	0.052519531218428	0.04755167482483	0.0575893911367725	0.0408458139039375	0.0374522383082809	0.044131035977602	0.0181109210614824	0.0168964377811396	0.0194999487366041	0.0192922588831141	0.0170185046413069	0.0215357206510593	0.0134739868417082	0.0108870972014301	0.0159192797418924	0.0037949477050915	0.00223109441482951	0.00601415841990407	0.00341983697973461	0.00117453547699584	0.00661319526010571
2012-01-07	0.206144154672416	0.196066366783485	0.215934356657615	0.122245622752807	0.110697616101014	0.133829095904741	0.143129601734638	0.13285302669937	0.152848220136919	0.0884703729139291	0.081723410279614	0.0953504968876625	0.185279338234583	0.173341582985959	0.197422678340181	0.101505093758231	0.0955730899733758	0.10772028151338	0.0526627955569773	0.0478361401781206	0.0577550080162538	0.0408503904763585	0.0374497800300516	0.0442184249208525	0.018128058117977	0.0169231228424661	0.0195479933116873	0.0193016619884171	0.0169925576011986	0.0215713477400351	0.0135612410390625	0.0109822150802433	0.0159438982264077	0.00379466693589458	0.00222692247453775	0.00600964968921052	0.00343266765341854	0.00118542969082976	0.00667380294200763
2012-01-08	0.205949621233098	0.19608245740866	0.215507775213135	0.122522098063178	0.111472640146385	0.133741268967634	0.143332966532812	0.133568467872054	0.153070919886532	0.0885673822870075	0.0818130851928005	0.0953967496964296	0.184369385610001	0.17310817972459	0.195604360757545	0.101413924451679	0.0953859641293146	0.107313233863626	0.0527880091678718	0.0480441164042598	0.0577733619011048	0.040854683850897	0.0374889688694519	0.0441993031337293	0.0181421782839471	0.016964572944358	0.0195285790314067	0.0193113354594318	0.017048551374935	0.0215237706513922	0.013641165300041	0.0110917492467624	0.0159828536401895	0.00379754878603065	0.00223131434623554	0.00602245817772788	0.00344431206170589	0.00114501127651963	0.00672649989990029
2012-01-09	0.205631929376738	0.195997008828176	0.215564620640538	0.121930266636648	0.110494407729716	0.133852794847572	0.143127651028871	0.133290971319353	0.152874309187243	0.088850418183433	0.0821098488430456	0.0956153391190656	0.183613556282069	0.172030192546586	0.195095260134652	0.101193509664951	0.0950776733780792	0.107177285807444	0.052903498881732	0.0481296015769922	0.0580707137511512	0.0408448829153518	0.0375032932993622	0.044082530699085	0.0181585497624283	0.0169622231960083	0.0195417808655537	0.0193459191788425	0.0170777528773773	0.0215732065285434	0.0137387252113132	0.0111359683146031	0.0160740733664792	0.00380253082059731	0.00225852140813382	0.00600626080910648	0.00345434004942293	0.00113789416394729	0.00679515582511763
2012-01-10	0.205288198969351	0.195598574578777	0.214992429686429	0.12125061166205	0.109233855686219	0.133292199019491	0.14298041062139	0.133019111941938	0.152865946706682	0.0891314186995495	0.0822803523395818	0.096042841102304	0.18290958575297	0.171481149008307	0.194335793581883	0.100966454563449	0.0950315368028817	0.106882140647547	0.0530329058559827	0.0482782839761729	0.0581054525752629	0.0408429897191941	0.0375059876217338	0.0441334949391168	0.018176267257111	0.0169927808037722	0.019571824670475	0.0193846437967004	0.0171288340112778	0.0215662769775988	0.0138423422511852	0.0112274481456988	0.0161508869841474	0.00380368221914019	0.00225723063686541	0.00600418063296449	0.00347148477312065	0.00112630668550953	0.00678627385342889
2012-01-11	0.204924304126038	0.195207339454582	0.214396653866358	0.120638399922736	0.108730246979357	0.132119932674826	0.142788008106136	0.133460821054628	0.152624386093116	0.0893978134732302	0.0826284199682561	0.0961798403930067	0.182153727804739	0.171056637821955	0.193326298147249	0.100764643635392	0.0947359645229195	0.1065617962953	0.0531704949756497	0.0485062035981588	0.0582139541994094	0.0408455419669279	0.0375699716280374	0.0441585284466504	0.0181957704691136	0.0169987731293234	0.0195725037322294	0.0194202763114167	0.0171405994345204	0.0216226539908262	0.0139406809060348	0.0113511853777516	0.0162711545213735	0.00380182168075567	0.00224638349761088	0.00598651454578752	0.00347814466601117	0.00111991119318121	0.00685109962256708
2012-01-12	0.204507743356517	0.195092699616075	0.213693519700228	0.120062612984695	0.109345082809923	0.130713525824588	0.142544274288092	0.133279183754351	0.152213615697071	0.089664340607644	0.0831572966455057	0.0963593523080152	0.181443600115262	0.170379618113353	0.192251952992231	0.100559209269547	0.0948019596580137	0.106311136618921	0.0532809986968451	0.0486605004194654	0.0582351795098706	0.0408396192585111	0.0375444418270218	0.044140623280687	0.0182135808034425	0.0170311947232197	0.0195922417935496	0.0194610790433741	0.017176060003481	0.0216649233957443	0.0140454292608713	0.0114936422524519	0.0163565499069702	0.00380406001188626	0.00225313870070449	0.00597199782754626	0.00348791101395014	0.0011392577744498	0.00687818916341545
2012-01-13	0.203781381221983	0.194501425205255	0.213090540046258	0.118864394343415	0.108445945461217	0.12909409973218	0.141757003051377	0.132268341852784	0.151445906140601	0.0897707747575128	0.0831823635383379	0.0963547738021984	0.182293700798841	0.171076841151229	0.192837217121727	0.100572164218085	0.0948521580711269	0.106285643151323	0.053432426047742	0.0487304603674395	0.0584555363254512	0.0408415513755168	0.0374651223167929	0.0441501971381581	0.0182299935471058	0.0170461976001641	0.0196044574313239	0.0194815947782591	0.0172053845982845	0.0216937171337431	0.0141042769641398	0.0115981168391972	0.0164475419741691	0.00380625677262338	0.00228653176449588	0.00595182175194453	0.00349709875559025	0.0011163260806591	0.00686543637539312
2012-01-14	0.203816497144236	0.194501698559599	0.213048803127917	0.119893778654987	0.109254078098129	0.130673128018336	0.139820298151632	0.130344604726566	0.149279063648194	0.0896308778948733	0.0830440459195606	0.0962145340123954	0.18448030682311	0.173170430961412	0.195986903595034	0.100513631125071	0.0946391688798182	0.106261905417964	0.0534394316810408	0.0486959275587478	0.0585794129774002	0.040819562702824	0.0374806922697815	0.0441397393057122	0.0182441789618653	0.017067186780589	0.0196342113609462	0.0195038143112377	0.0172468709165469	0.0216749624026711	0.0141688691537392	0.0116222976900616	0.0166180809687372	0.00380817778483808	0.00229988665989979	0.00599640958159737	0.00350453351424676	0.00113310100642232	0.00689207722476868
2012-01-15	0.203848661255013	0.194521489017643	0.212923013195997	0.120903366904468	0.110230994427839	0.131662022957257	0.138039064403654	0.128447884808843	0.147489793820026	0.089492142769858	0.0829655330255073	0.0961786408917746	0.186675396918678	0.175459086804169	0.198121244366232	0.10045081165828	0.094447027903943	0.106251393710164	0.0534507654716862	0.0487354680418629	0.0585982372456629	0.0408223954757537	0.0374769383714221	0.0442020655749264	0.0182585258045666	0.0170742111304265	0.0196486720026325	0.0195167541787699	0.0172301355970504	0.0216967481263475	0.0142278225489291	0.0116068027430464	0.0167133360498809	0.00380857138237329	0.00228830193809044	0.0059784325010467	0.00351792459435547	0.00112086254139608	0.0069441983927846
2012-01-16	0.203860264331248	0.193970747232696	0.213434873423697	0.120718574340176	0.108253233429243	0.133025733947973	0.13703408624619	0.126890620577996	0.146895870098588	0.0893441528982869	0.0825687080727204	0.0961229149723219	0.188525947163052	0.176504571763045	0.200987212408198	0.100361896832076	0.0943108695927642	0.106212968661035	0.0533570034411933	0.0485865258408875	0.0586240028141039	0.040786127826195	0.0374321473468135	0.0441787258464156	0.0182758696710757	0.0170916885500489	0.0196379989290429	0.0195268962771055	0.0172476730511816	0.0216836578232562	0.0142279228150083	0.0116463076188818	0.0167479135302951	0.00380862752133572	0.0022819305199534	0.00599446082075636	0.00353125684350754	0.00111977562343795	0.00703775751903703
2012-01-17	0.203873988723072	0.19391437639472	0.213705187443458	0.120534895315348	0.107683932547402	0.133226565389032	0.135946658068695	0.125437375833624	0.146352987885088	0.0891460965448863	0.082271383942787	0.0961882303301242	0.190418685660956	0.177696333903865	0.203197360862739	0.100290717716706	0.0941608590500168	0.106292971671081	0.0532163084064862	0.0482733585282814	0.0585384069484623	0.0407763851452062	0.0374383011922277	0.044134152549851	0.0182912767681014	0.0171007373785959	0.0196866482750279	0.0195304130656557	0.0172691578513975	0.0216451224444124	0.0142285352843206	0.0116163852925616	0.0167355145914896	0.00380835188890785	0.00232118993038608	0.00598090083141292	0.0035367385909854	0.00109340017493471	0.00700044639573567
2012-01-18	0.203911317365677	0.193830449063881	0.213962756445573	0.120424624660603	0.106870083546929	0.134008612786805	0.134865857275145	0.124230317237612	0.145365515820184	0.088993771944424	0.0820822615226185	0.0960373322885209	0.192237381022428	0.179093579383707	0.205854704680407	0.100221731809999	0.0940890797071835	0.106225836027084	0.0530805459935883	0.0479759265512131	0.0584059070393599	0.0407515950462014	0.0374364566028425	0.044098127827859	0.0183077784008578	0.0171225397203962	0.0197024707051638	0.0195381059488351	0.0172294499092275	0.021687999337555	0.0142368898093437	0.0116057500988437	0.0167664398511801	0.00381005985991633	0.00234662698407559	0.00601049086156739	0.00354668575248851	0.00102601048745493	0.00696228591664261
2012-01-19	0.20392584732618	0.19392672624003	0.213970230492145	0.120335450853359	0.106846441004107	0.133655758381127	0.133811232999862	0.123317806437755	0.144460089561929	0.0887807758248264	0.0819069387334227	0.0961512529961041	0.194187446103422	0.180927517547624	0.208084803854655	0.100157963100726	0.0939804676953981	0.106124205850011	0.0529537829513114	0.0479714834429802	0.0582521855522525	0.0407318130508661	0.0373693655264035	0.0441088183694765	0.0183272258557498	0.017112242601224	0.0197292276384819	0.0195531321375521	0.0172021719411842	0.0217294988129646	0.0142506675120555	0.0116514652408497	0.016811588384504	0.0038088976304942	0.00235361089626511	0.00598968015267224	0.0035587359736757	0.00105578154787294	0.00693401876120379
2012-01-20	0.203929266410875	0.193637764782114	0.214098674025256	0.120163938168901	0.107123781051213	0.13343350777701	0.132796217866452	0.122414673144221	0.143353446034659	0.0886118393757017	0.0818284790627135	0.0959257318148124	0.196000582198589	0.18294572933652	0.209451134979098	0.100086619466759	0.0937890404144757	0.106087714790682	0.0528389032580234	0.047911454101945	0.0579718319330041	0.0406953007458059	0.0373758209315651	0.0440713282535068	0.0183440176717296	0.0171419897442346	0.0197878038433212	0.0195582761330681	0.0172318192787236	0.0216935805102306	0.0142533052327175	0.0116458182412897	0.0168345621533736	0.00380896395171301	0.00237516397031737	0.00602121519393788	0.00356737124800772	0.00105122064514369	0.00696159155540873
2012-01-21	0.20393610287488	0.193748898384594	0.214083107921911	0.119948944201834	0.107457628684615	0.132804100770193	0.131751257755159	0.121514193885102	0.141948542208225	0.0884651090244763	0.0816820820053728	0.0953329836140194	0.197892000457268	0.185454355030857	0.210838127389467	0.100048198032428	0.0937617113112731	0.105952097340431	0.05269149637545	0.0477036773840769	0.0578455450326042	0.0406657354270405	0.0373824297518493	0.0439052916148493	0.0183605687119879	0.0171319401996503	0.0197708070270509	0.0195757527115802	0.0172419023413727	0.0217050615692777	0.0142617396001386	0.0115972016422188	0.0168240769259742	0.00381028265017235	0.00238668886961377	0.00601883691039333	0.00358044362220679	0.00108205723088793	0.00704758738659381
2012-01-22	0.203981297115298	0.194178759746271	0.214022246255506	0.119833025428548	0.108299200304707	0.131443368384968	0.130757408192416	0.121063213149107	0.140653839114437	0.0883617710026645	0.0817436724824172	0.0950991668818073	0.199844669569647	0.188286096024409	0.212134809144259	0.099982105256452	0.0938126976039744	0.10571438616793	0.0525281363324779	0.0475750253718764	0.057707033147899	0.0406340823152567	0.037282600413023	0.0438983607554933	0.0183784816827227	0.017159432086847	0.0197964594428092	0.0195783563555227	0.0172522282160728	0.0217205169476533	0.0142666612678101	0.0116707755906527	0.0168447918837859	0.00380961615657594	0.00237602850114643	0.00604280285574936	0.00359282360140271	0.00109348539106366	0.00703589393967813
2012-01-23	0.204022678379238	0.193970137121091	0.214252249035248	0.119431760124894	0.10690097385447	0.131818047130138	0.130449494091436	0.120461801411776	0.140752614089389	0.0884023208929083	0.0816950547274494	0.0951641549326123	0.201444924245711	0.189275972617503	0.214320021106813	0.0998951560549463	0.0937181623251363	0.105803962331838	0.0522310057669585	0.0473133391346103	0.0573478162874314	0.0405955932714614	0.0372410343182777	0.0438450321902874	0.0183950483529409	0.0171843813999107	0.019851929571829	0.0195812461136854	0.0172265625745874	0.0216864437273771	0.0142158483191777	0.0116055425235669	0.0167869365511534	0.00381078273166038	0.00238597525862368	0.00605792877694334	0.00360307124510981	0.00106117898050958	0.00708249202705886
2012-01-24	0.204041644176504	0.194095306426616	0.214297356048501	0.11922037611531	0.106690356321546	0.131889861114048	0.130199268614095	0.120388484793519	0.140427162570953	0.0884669744956906	0.0815286208490489	0.0954250532631615	0.203033594553067	0.190571309534591	0.215936053873106	0.0997966758817176	0.0937205273831443	0.10566169537103	0.0519270419213639	0.0469894859754869	0.0570973385791947	0.0405480815179244	0.0372227079134664	0.0437893087757748	0.018410347016607	0.0171974391506656	0.0198716314440118	0.0195907690711183	0.0172252615479361	0.0216921231805886	0.0141712877366773	0.0115893219625298	0.0166602380403589	0.00381131932233816	0.00236989125409213	0.00606671262681778	0.00360948900422861	0.00109341744457463	0.00704750874919613
2012-01-25	0.204092798054156	0.194164795785324	0.214195061489722	0.11894188890339	0.106778795229737	0.131672140783906	0.129875972567138	0.119954434440123	0.139967587554839	0.0885055634101556	0.0816928293241548	0.0955821414634566	0.20469025697865	0.192308972145982	0.217372104160449	0.0996740197975895	0.0935406392049071	0.105562333456976	0.05163170731501	0.0466310202370183	0.0567155745468711	0.0405083228700949	0.0371259188765616	0.0438054545603679	0.0184246046979184	0.0171897884939533	0.0198814143778601	0.0195958889978343	0.0172519558014692	0.0217180129373697	0.0141154753615311	0.0115365280755053	0.0166331668400651	0.00381569529570982	0.00239515076504174	0.00607231591773708	0.00361665108126997	0.00110668746904277	0.00704723091038131
2012-01-26	0.204123941431164	0.194084354036194	0.214182133748611	0.118741556187019	0.107078581617324	0.130294967599334	0.129544923161379	0.11986081394629	0.139258490193706	0.0885423721496134	0.0817835350948387	0.0954664241500383	0.206367221899992	0.194281583910661	0.218485643608413	0.0995441436502643	0.0934956601052259	0.105514758204373	0.0513351993341844	0.0465034060922871	0.0562678064861473	0.0404695996258931	0.037052871280017	0.0437006091657683	0.0184400295817844	0.0171962975654739	0.0198868624522943	0.0196045664214712	0.0172546779115044	0.0217768969599365	0.0140691717724703	0.0114283589572697	0.0165293118593155	0.00381966127130599	0.00240302012734532	0.00608125767127584	0.00361893698847568	0.00107078464326894	0.00705400457453324
2012-01-27	0.204427438122703	0.19458064188154	0.214527045862178	0.118608414721502	0.106358928399382	0.130725843440948	0.129183234104018	0.119400597505577	0.139195025914427	0.0882665064051684	0.0814089945948177	0.0955088911181975	0.207463417292583	0.195248941307773	0.220319872471946	0.0994640698725079	0.0932673652718331	0.10539703003427	0.05112857537238	0.0462132964965978	0.0561980225971059	0.040446962984889	0.0370091562244833	0.0437255160745653	0.018458325637045	0.0171995189675733	0.0199162527882849	0.0196217768477278	0.0172276829864818	0.0217752893324168	0.0139891753031266	0.0113645086254502	0.0163834840820961	0.00382024003276868	0.00236070930070777	0.00606949126229904	0.00362345122069908	0.00107099523064712	0.00700859700161564
2012-01-28	0.204720652435742	0.194546570548619	0.214953447485059	0.118509425351495	0.10657618764949	0.130600749042609	0.128829066317764	0.118834496551434	0.138713445950734	0.0879821945289843	0.0811083334090044	0.0949834587386323	0.208627117178582	0.19638395451319	0.221149037019123	0.0993567677614211	0.0931277697642846	0.105363863808621	0.0509221553281474	0.045999935839902	0.0559164166840454	0.0404206187360257	0.0370561451113638	0.0436554853600007	0.0184754955384135	0.0171949923755535	0.0199226397925711	0.0196392279968216	0.0172420756121799	0.0218308942975956	0.0139144730719775	0.0113031799030232	0.0163869143600466	0.00382104884152816	0.00239735292887315	0.00609659228294912	0.00363430122019884	0.00104970896619216	0.00709838568849182
2012-01-29	0.205057624472184	0.195138210038106	0.215324116453698	0.11848692997714	0.107368159923294	0.129875614968461	0.128527481892379	0.118690133410088	0.138541724189059	0.0876921992969516	0.0808471882826356	0.0946075754572586	0.209855622389113	0.197759015945345	0.222248143779289	0.0992691339726473	0.0931763989364897	0.105306238279357	0.0507268469968077	0.0457557347984061	0.0558486454386	0.0404061412665482	0.036971823615406	0.0435996030555888	0.0184928280225217	0.0172112588123661	0.0199478889988361	0.0196560539667859	0.01726869268604	0.0218745663725395	0.0138271510106987	0.0111974833361421	0.0162570812228502	0.00382615329692124	0.00237143286048578	0.00609702341008267	0.00364222651654031	0.00107018575545067	0.00709113774325703
2012-01-30	0.205447011911758	0.195089973907934	0.2159880848056	0.118129630505328	0.105296840515248	0.130957025490402	0.128821034979856	0.118624842715145	0.139272929551068	0.0875820348665695	0.0805862613798414	0.0947979443493035	0.21046012834287	0.197508515521125	0.223754496197522	0.0991224401298533	0.0929397653099442	0.105161971765583	0.0504668398974012	0.045480067375417	0.0557237449028602	0.04036096971545	0.0368932462082347	0.043645990830697	0.0185098733489645	0.0172485848677756	0.0199487808060703	0.0196608991578696	0.0172478834740142	0.0218849823660091	0.0137645511858447	0.0111315490921613	0.0161690360453208	0.00382855076491733	0.00236745119074961	0.00615528153993309	0.00364773585998069	0.00103576653046231	0.00707447068002237
2012-01-31	0.205727360403616	0.195335652011282	0.21644166275709	0.117692821368628	0.103895111895322	0.131523355034169	0.129090152535236	0.118534587134542	0.139562227662034	0.0874334629049405	0.0802015006378377	0.094829396429576	0.21119069662143	0.197615952018093	0.22520504140924	0.0989783610854076	0.0927369708896829	0.105204690445896	0.0501687115350019	0.0450942651752105	0.0554585935022428	0.0403245910686466	0.0369335378075953	0.0435873852193605	0.0185242210892119	0.0172321185310545	0.0199680241463211	0.01966585730274	0.017265489123289	0.0219432581639913	0.0136947894161405	0.0110448057166682	0.0161589491176677	0.00383223833190441	0.00239333137963839	0.0061201334053956	0.0036576393345262	0.00110163452734269	0.00707922039129315
2012-02-01	0.20612259295992	0.195719922709902	0.21678401902406	0.117304194552658	0.1033242295254	0.13175703035581	0.129384721957677	0.118366288020581	0.140241402314276	0.0872903326544128	0.0801057473667176	0.0949213412235123	0.21183925097967	0.197941884324071	0.225988392500578	0.0988353227528199	0.0923787970259336	0.105210283501578	0.0498829675051511	0.0447859555463927	0.0552038131971163	0.0402896409685749	0.0368726167461135	0.0435560267141784	0.0185367483310641	0.0172386801434488	0.0199805066702771	0.0196708115647759	0.017222466070021	0.0219042832302486	0.0136327776983436	0.0109329394435306	0.0160965358991033	0.00383582209671356	0.00241069398655549	0.00612641900034164	0.00366769140529664	0.00108063000346551	0.00716784497102337
2012-02-02	0.206441079189857	0.195986406692787	0.217262146981508	0.116930614117963	0.102242164298492	0.131491510278425	0.129643572212179	0.118851640053527	0.140734895819456	0.0871656931009472	0.0799507943781823	0.0947154489027404	0.212512773644076	0.198501450138535	0.226918900960947	0.0986880852045913	0.0922711731577667	0.10506736279703	0.0495891886344998	0.0443040809487222	0.0548413041728338	0.0402633283995114	0.0368656041717873	0.0436118268135841	0.0185536923165177	0.017241699734219	0.0199885242743185	0.0196855186352858	0.0173092566299731	0.0219028380830757	0.0135831691748063	0.0108914009572496	0.0160835955492198	0.00383591417091303	0.00237749639778731	0.0061203446411154	0.00367791730605494	0.0010976794695803	0.00719262992871358
2012-02-03	0.206773161342185	0.196377321070079	0.217484804597512	0.116453471856767	0.102174173012552	0.131074998063225	0.129838104997137	0.119006076100947	0.141037093651159	0.0870380303554774	0.079815317059159	0.0944153000150066	0.21309498739942	0.198990386887352	0.227126431742396	0.0985446942136799	0.091940269971255	0.104790933206734	0.0493333182662741	0.0440564579779317	0.0545971301960444	0.0402210926298771	0.0368981006676563	0.043589849330467	0.0185712272968534	0.0172480466746173	0.0200384467090977	0.0196938578164723	0.0172626078319936	0.0219100519400388	0.0135255108256117	0.0108044592401649	0.0160175405867659	0.00384065772345203	0.00237121801674796	0.00614900421542999	0.00368393177118268	0.00108799185786986	0.00725343004288411
2012-02-04	0.207060256669858	0.196534612527883	0.21779106905052	0.11604419655688	0.102018132223156	0.129821767802312	0.130091929822035	0.119553948808706	0.141160786693056	0.0869037182709069	0.079644459358196	0.0943303885715098	0.213910302510554	0.19988135257381	0.228230616401601	0.0984187248199098	0.0919355235649841	0.104640186339772	0.0490811886301777	0.0439122606388457	0.0542228551940277	0.0401924867120015	0.0368741052941202	0.0435464471416849	0.0185889294947194	0.0172689243752751	0.0200571077856635	0.019704675056117	0.0172988514224626	0.0219366767952521	0.0134651366687378	0.0107358986140247	0.0159499070469706	0.00384238273165219	0.00239500348452221	0.00613768378589353	0.0036915148019183	0.00105683615529906	0.00740048051559148
2012-02-05	0.207440662301281	0.196943785860019	0.218456906744274	0.115639365686278	0.102231527558431	0.128826740805483	0.130343654391215	0.120108622375651	0.141142795687888	0.0867673685452136	0.0794836140699056	0.0939949607741602	0.214592188719396	0.200827509626544	0.228473633783892	0.0983155007134476	0.0918802615970898	0.104562078763498	0.0487910611192636	0.0436146317388927	0.0538485984217718	0.0401580467684888	0.0367749698419475	0.0434724537008466	0.0186049349916494	0.0172864498176273	0.0200730373392626	0.0197059845701207	0.0173145614850408	0.0219202861819928	0.0134203646415196	0.0107694402427166	0.0159477314363329	0.0038446073958474	0.00235347572855862	0.00613351819031584	0.00369892878125994	0.00107933106441655	0.00745165731092275
2012-02-06	0.207721978725669	0.197497525334638	0.218352502739577	0.115213657154168	0.102915197656844	0.127597063443056	0.130569839025112	0.120340574597023	0.141021366635932	0.0866692357374685	0.0796011826938126	0.0937078473163792	0.215238569543832	0.202492394863434	0.228446796178562	0.0981770969143371	0.0918084448763735	0.104243818121321	0.0485022084714455	0.0433435425449085	0.0535125404381101	0.040122893157925	0.0367971499625799	0.0434754873194192	0.0186198606378306	0.0172801530178612	0.0200778898950446	0.0197065374820309	0.0173200579272881	0.0218656328211159	0.0133540567552495	0.0106918153701128	0.015829782749388	0.00384588412059875	0.00235742231724508	0.00613995583997741	0.00371167982353919	0.00108010106116948	0.00748609781373016
2012-02-07	0.207995508632927	0.197392381544094	0.218542154550526	0.115362988623738	0.103211406095335	0.127985378642031	0.13037751091719	0.120141446693355	0.140788585301513	0.0866675764065466	0.0796193214627076	0.0938591084137705	0.21495504836073	0.201984141791867	0.228420235100719	0.0982837629165091	0.0919905214597275	0.104443563121726	0.0482220670439291	0.0431743019084686	0.0533721313125374	0.0400381787212043	0.036722405666708	0.0433601311073707	0.0186344534622686	0.0172912600284605	0.0201136911765309	0.0197585237875223	0.0173675078957735	0.0219170163735417	0.0133679040926529	0.0107423880012742	0.0157954092480291	0.00384911527106231	0.00236400571191994	0.00613216415730413	0.00371822319795584	0.00107032381459658	0.0077167050204754
2012-02-08	0.208313948076991	0.198053191725337	0.218820689836335	0.115552693350053	0.103388028890444	0.128006141275924	0.130137607546505	0.120016966757663	0.140054475132736	0.0866590748873719	0.0797148282866502	0.0938653106004545	0.214610458447854	0.201899645171878	0.22749596754081	0.0983753506141651	0.0920816810183025	0.104519738643998	0.0479530937569991	0.0428944301597474	0.0530746021936408	0.039953758473199	0.0366513473052033	0.0433064687487678	0.0186492779668745	0.0172720605640863	0.0201503391485041	0.0198055895155852	0.0174436452819442	0.0220165010894925	0.0133714069469903	0.0108425027341742	0.0158396545972237	0.0038554577469864	0.0023730717188349	0.00612837394685728	0.00372477498668074	0.00107216253153686	0.00766932674698715
2012-02-09	0.20864657033342	0.198562476867247	0.218911410962393	0.11570636712533	0.103945814174164	0.127694892774084	0.129865422589628	0.120012511500992	0.139830104863305	0.0866974242598855	0.0798828969285188	0.0935139719838284	0.214240815536547	0.201487027957712	0.226682527240625	0.0985015337220135	0.092090567801744	0.104626687499653	0.0476986446778521	0.0427031102710635	0.0527286344684204	0.0398782391657567	0.0365957529900564	0.0431929497742868	0.018662033101744	0.0173086497230966	0.0201742097704125	0.0198541768856334	0.017496628175802	0.0220461698901055	0.0133914430821146	0.0108208302716454	0.015840794119344	0.00386152314990651	0.00237785060305175	0.00610735885364338	0.0037311377095421	0.00112610026046461	0.00786747143184657
2012-02-10	0.208896659823666	0.198522667537436	0.219588384477586	0.115783831707858	0.103721145335489	0.127873837541658	0.129798276805016	0.119814804434681	0.139816060137346	0.0867335151760521	0.079818205729815	0.0936611254214756	0.213007713173089	0.200546952003743	0.225665513700934	0.0987098621274362	0.092207976407457	0.104922511580411	0.0475123253567869	0.0424321643126716	0.0526702633618453	0.0398567402370006	0.0365517566833254	0.0432134045248269	0.0186762451686833	0.0173201152609539	0.020179347317354	0.0199005986861581	0.0175520695937169	0.0221486466791724	0.0133888694503299	0.0108374988873028	0.0158811866112508	0.00386749451747639	0.00237481437772948	0.00612358847496389	0.00373713369280005	0.00113793377954591	0.0080240453938467
2012-02-11	0.209015312164469	0.19866435111522	0.219586182077026	0.115827304503711	0.103884992581738	0.127713042371661	0.129746769689801	0.119747790050084	0.13986339201248	0.0867285362304634	0.0797945212327236	0.0936644778530198	0.211749152163035	0.199530355277287	0.22408397188315	0.0988705139592654	0.0924844575575335	0.105318678366003	0.0473463811175775	0.0422437820694903	0.0525850285611756	0.0398446499919497	0.0364945404298137	0.0432045927374463	0.0186889042886639	0.0173228360307178	0.0202076976683295	0.019945696136902	0.017571205601711	0.0221718504851375	0.0133784917402343	0.0107940162676893	0.0158579048849559	0.00386902505727823	0.00236962424999977	0.00610808312831551	0.00374075350684413	0.00117772975045316	0.00795949103013741
2012-02-12	0.209249207421602	0.199095539642378	0.219639262393559	0.115911697580606	0.104542104759709	0.127399741530577	0.129724669938495	0.119874648360093	0.13973163988722	0.0867385034619031	0.0800028381808129	0.0936485748047113	0.210509774564238	0.198359020906356	0.222908711955871	0.0990222751053646	0.0927032967253041	0.10542769847994	0.0471873880204561	0.0420332738217087	0.0523299237738896	0.0398240378572965	0.0365391486008898	0.0432082004589364	0.0187045040787407	0.0173736618315523	0.0202232768650566	0.0199831918071347	0.0176671272355887	0.0222596427559566	0.013384633016524	0.010775011057967	0.015913883531404	0.00387428967304051	0.00238865367421994	0.00609474828771464	0.00375147030631409	0.00116277994126146	0.00800607380532449
2012-02-13	0.209463462140083	0.198895876207668	0.220354853849026	0.114981609714616	0.10262480380965	0.127594125745917	0.130394084876576	0.119968104124552	0.140792185035952	0.086636869932838	0.0796232672275738	0.0937836091636315	0.210267561057784	0.197456504697387	0.223333029465408	0.0990424044246892	0.0925679389605612	0.105652868637637	0.047033823445429	0.041712503737009	0.0522025958775296	0.0397854853567448	0.0364008683691177	0.043147420670673	0.0187179495508571	0.0173470704025811	0.0202382879774779	0.0200129583496234	0.017673548916999	0.0222887957105202	0.013390155723629	0.0107786232173325	0.0159566277961287	0.00387992120559892	0.0024095743533669	0.00610702876783327	0.00375672015477423	0.00116462897212526	0.00799810596706117
2012-02-14	0.209667749791136	0.198905960178997	0.220637484912569	0.114139721231657	0.101157347537518	0.127755437309792	0.131096251304927	0.120456065830889	0.141593540295013	0.0865075219123367	0.0794351472204139	0.0937510091284717	0.209936918351261	0.196432733968338	0.223454804501563	0.0990441597649499	0.0925616243711752	0.105631631393534	0.046870334899158	0.0413900404130105	0.0520435539170437	0.0397409912412679	0.0364582317423967	0.0431323631806607	0.0187290030714718	0.0173672304975144	0.0202513197761201	0.0200435021002462	0.0176734837282248	0.0223593983150118	0.0133929802868787	0.0108530893283059	0.0159780621820702	0.00388511026282571	0.00238244229177855	0.00612696718153297	0.00376285017629249	0.0011225724611305	0.00810890840069669
2012-02-15	0.209797770610012	0.199037639792216	0.220917389708377	0.113208649608338	0.100040492334527	0.127002924632551	0.13187341518058	0.121544252556186	0.142369081402397	0.0863635402112897	0.0791019440603005	0.0934702937269319	0.209651986283718	0.196110790915184	0.223341709785869	0.0990740296677987	0.0924943870177942	0.105727111615163	0.0467175882026822	0.0414174911589263	0.0519204067896957	0.0396999172079933	0.0363335638892716	0.0432580504614497	0.0187429435000879	0.017380955538241	0.0202758079979062	0.0200715903002985	0.0176891726144357	0.0223795322482375	0.0133886662447006	0.0108162356864326	0.0160036796250678	0.003890022348065	0.00238601027131127	0.00609947201084072	0.00377415245150273	0.00116831344871367	0.0081022824664425
2012-02-16	0.209939068644795	0.199328540312298	0.221114532457103	0.112255714102021	0.0988126089017583	0.125435522557191	0.132609576416647	0.121970568634667	0.143403022672474	0.0862476765401536	0.0788052329375036	0.093524488167016	0.209327304074939	0.195699334644566	0.223304251165992	0.0991029811154575	0.0926861970032314	0.105913644902358	0.0465506927898998	0.041250399170717	0.051740404505793	0.0396581634258713	0.0363272555015184	0.0431261536245247	0.0187571021377639	0.0174003616728796	0.0202909121933414	0.0200993842099338	0.0177677720265123	0.0224405441237508	0.0133807701488015	0.0107845539969702	0.0160285022405295	0.00389623859227556	0.00238969546530412	0.00609900876144035	0.00378262839266668	0.00116561644527359	0.00815569653809829
2012-02-17	0.210111802803509	0.199461964703448	0.220745908260795	0.111405471445343	0.098268474232801	0.124934953265633	0.133277006977824	0.122958167134451	0.143483213182492	0.086126401275336	0.0789167755771137	0.093145829552917	0.208906445698915	0.195353839204154	0.222230404669368	0.0990970531609213	0.0926748862731465	0.105677485829469	0.0463948053933708	0.0412492547432175	0.0515664860003072	0.0396182389103841	0.0361282212033411	0.0431332183503623	0.0187703185490016	0.0174095514209831	0.0202696460495827	0.0201284405830833	0.0177701477175278	0.0224523735774814	0.0133840282017754	0.0108124252335565	0.0160091491448973	0.00390482172474237	0.00237733923163034	0.0060989009087961	0.00379250702066119	0.0011792463365388	0.00827528537951076
2012-02-18	0.210256790355284	0.199723843572481	0.220778684062517	0.110482770445959	0.0981645797509414	0.122866293482831	0.133910243914302	0.123613011093672	0.144168531708547	0.0860317678757493	0.0790689270025389	0.0929443838687911	0.208552479083364	0.195597315121713	0.221468887464521	0.0991051203212604	0.0926124794811309	0.105672826968407	0.0462387332108949	0.0412182280709182	0.0513387815946239	0.0395791129435394	0.0360673969243626	0.0430912320193533	0.0187808204174059	0.0173976296429758	0.0202897881996628	0.0201658248845671	0.0177813302091112	0.0224980664712007	0.013393245114841	0.0108035392028845	0.0160386736288155	0.00390991378170847	0.00237748840537722	0.00609757539428336	0.00378961174724579	0.00117686940874623	0.00823872591907003
2012-02-19	0.210431652586501	0.200152710492583	0.220939579048839	0.109555313822527	0.0986015421455736	0.120379111489322	0.134627383091727	0.124821186790921	0.144688688338582	0.0858678668253838	0.078956644589085	0.09279925806612	0.208195057634085	0.195643303942783	0.220617105691539	0.0991107412429738	0.0928057193741403	0.105389535222279	0.0460685210596463	0.0411378267817943	0.051115785326392	0.0395352686145678	0.0360033015794836	0.0430995862457526	0.018791018277713	0.0174065504770046	0.0202925772141549	0.0202002524480411	0.017844951074453	0.0225239218091129	0.0133997557723365	0.0108693043213265	0.0160416958062011	0.00391855444138254	0.00238630784403487	0.00612133533839889	0.00379409867411133	0.00119915575681196	0.00831234026160883
2012-02-20	0.210622930177888	0.200390625999919	0.221325884779885	0.110792191363532	0.0987592264228764	0.122788505188991	0.134460047708117	0.124273206593854	0.14482027436537	0.0858115525797498	0.0787517801606816	0.092947050290268	0.207865610848902	0.195128885826016	0.220510936606558	0.098958103197546	0.0927393154822048	0.105349331146923	0.0458737895758256	0.0409011454025756	0.0508597540479926	0.0395209028094336	0.0359642656134708	0.0430223422041747	0.0187993987830324	0.0174284747958645	0.0203248436300501	0.0202275117100836	0.0178898573358503	0.0225733329734861	0.0134319739295766	0.0108736275906185	0.0160686767381991	0.00392631496013551	0.00235990807415569	0.00615137892990797	0.00380201755431121	0.00115618983402942	0.00828417643503004
2012-02-21	0.210765179735007	0.20029483513863	0.221321205049911	0.112079521278315	0.099449425893268	0.12453515204467	0.134260201518206	0.124291655131449	0.144404008063944	0.0857700612137736	0.0786385117264976	0.0927598065940439	0.207450437490619	0.19476983073066	0.220229454600212	0.0988535014666943	0.092678694983164	0.105314664547584	0.0456886692760451	0.0406113653190103	0.0506681984757333	0.0395107463269244	0.0359795395485997	0.0429827473411054	0.0188100453565507	0.0174630571474138	0.0203344466350244	0.0202571792588727	0.0178646941812153	0.0226122759759198	0.0134562142319086	0.0109261101625749	0.0160764841627071	0.00393728081674268	0.00239465948116017	0.00612972101863873	0.0038066309006062	0.00121603078032313	0.00835769517339661
2012-02-22	0.210897012962371	0.200516534988406	0.221505406891405	0.11333353232236	0.101022093184035	0.12555756752808	0.134089451893809	0.124145264507359	0.144078460067181	0.0856984067223557	0.0785192040945491	0.0926644374692398	0.207089592904417	0.19460008576149	0.21992580854155	0.0987073889794792	0.0924804573872693	0.105067732753532	0.0455303404626936	0.0405676997295116	0.0504208721265679	0.0394904246115258	0.035947643267701	0.0429639183754848	0.0188198478132245	0.0174491799946192	0.0203526204513457	0.0202756982024665	0.0179355260980246	0.0226330819683274	0.0134821768620363	0.0110039444762003	0.0160359221255361	0.00393871815916391	0.00238909723249165	0.00613533579614132	0.00381635155977862	0.00118998297415802	0.00829842922638444
2012-02-23	0.21109995712509	0.200859788387744	0.221447558065887	0.11454796500728	0.102946438513135	0.126541516067553	0.133953789554405	0.124005782212657	0.143659676785287	0.085653983565899	0.07855856800282	0.0925067383717804	0.206685545995747	0.194789898269056	0.219006450239828	0.0985675825592068	0.0924280183577627	0.104960227920806	0.045366627105545	0.0404631003398941	0.0501892665892206	0.0394724799375198	0.0359955990098024	0.0430057329516165	0.018830394764168	0.0174710916607837	0.0203261285310845	0.0202990800661405	0.0179974175714821	0.0226269992211257	0.0134882277729534	0.0109651107635259	0.0160622078757999	0.00394827940661519	0.00240025246658248	0.00610850358068998	0.00381953090174915	0.00117834047551003	0.0084368603338279
2012-02-24	0.211207420355904	0.200931305082243	0.221618064373567	0.11525641764427	0.103079139604853	0.127303508571445	0.134220280403667	0.124095514544037	0.144426316301525	0.0855152582842346	0.0784545577490458	0.0923421479631928	0.205786684692061	0.193539317700161	0.218220292167935	0.0986061339184173	0.0924109218753465	0.105054571058636	0.0452082301983691	0.0403539723453787	0.050118613141426	0.0394796277504236	0.0359899329402609	0.0430076181655199	0.0188376859596863	0.0175040050505242	0.0203586251502828	0.0203200766063914	0.0179611027778945	0.0226674827735378	0.0134705706638991	0.0109513078789284	0.0160676175131271	0.00394931628510109	0.00241698976504437	0.00607701377521203	0.00382256869016273	0.00120895074222169	0.00848080126682631
2012-02-25	0.211301882558584	0.200949496971685	0.221717964206204	0.115937100300948	0.104164833793507	0.127976240334508	0.134478248216443	0.124663394294053	0.144593201567407	0.0853843897496697	0.0783204024424894	0.0922103259040707	0.204959746645246	0.192441099526303	0.217675691463994	0.0986279093523852	0.0922373295001257	0.105190709145261	0.0450748924649282	0.040071932182399	0.0499698451555712	0.0394656521130518	0.0359910659429881	0.0430354379466842	0.0188467352463774	0.0175219757887129	0.0203738620111324	0.0203311821138583	0.018001035537459	0.0226559495058548	0.013437948356991	0.0108632962902445	0.0160133198401974	0.00395433413009157	0.00240350983232637	0.00607713718165083	0.0038281136748603	0.00126395839439413	0.00856386255598133
2012-02-26	0.21137898127837	0.201104825085478	0.221434384019141	0.116495321688397	0.105383144498406	0.127624194404552	0.134645664254925	0.124672204988728	0.14458549316566	0.0852382113860838	0.0781059931843314	0.091963361219487	0.204116446040006	0.192103147630949	0.216189067209134	0.0986187324575247	0.0923178867174076	0.105203365672441	0.0449501355377732	0.0400769187332902	0.0498235720824107	0.0394879363876869	0.0360410234076593	0.0430743607771667	0.0188553179013703	0.0175394032692416	0.0203938435395415	0.0203458121832445	0.0180264975527589	0.0226739266365516	0.0134120366942361	0.0109014019176981	0.0159563399353615	0.00396384546995226	0.00240166110553955	0.00608632906088472	0.00383345585710677	0.00127247025077873	0.00848917872346988
2012-02-27	0.211235776768901	0.200945544826036	0.221819307977093	0.117674276377362	0.105146153768025	0.130652230008838	0.134919883768228	0.124735694793384	0.145120437315206	0.085178157013385	0.0780119379138961	0.0922060538615801	0.20350834771805	0.19061167451148	0.21609998731203	0.0984420465298217	0.0922769000300089	0.10501680583658	0.0447725158034201	0.0398531097860928	0.0497891626842874	0.0395106922199761	0.0359660217516756	0.0430832357966033	0.0188650350900951	0.0175710127972592	0.0203815074067802	0.0203620079279856	0.0180172740439226	0.0226843907620004	0.0134101031882561	0.0108249454782866	0.0160024911414611	0.00397222625441255	0.00241082877950263	0.00607852523016006	0.00384066058236945	0.00132773491974018	0.0085003427037488
2012-02-28	0.211084905262077	0.200428581933196	0.221752246496198	0.119092331959941	0.105832465327618	0.132263702870168	0.135242243032947	0.124838446169714	0.145416285394513	0.0851127229180371	0.0777311977516959	0.0921112237150441	0.202865671181504	0.189378669100939	0.215828797808819	0.0982732614485541	0.0918625914473469	0.105001629519691	0.0445757562025605	0.0396466765409224	0.0495416628601423	0.0395373829002002	0.0360443531431498	0.0431507242347042	0.018871971482679	0.0175731464651986	0.0203903229143299	0.0203712904088512	0.0180176332293517	0.0227127646263589	0.0133935994543422	0.0108119852776772	0.0159370980873614	0.00397789377844638	0.00240361095217789	0.00610598760766198	0.00384511579506105	0.00123264658682045	0.00843712178292819
2012-02-29	0.210930034432785	0.200315863551014	0.221914070691017	0.120363445081243	0.106620576014444	0.133913062131957	0.135502781148582	0.124718337274378	0.146332673781756	0.0850938958438231	0.0778764403142877	0.0921050066565631	0.20220767456077	0.189029400642561	0.215634534882493	0.0981240370236182	0.091731205239775	0.104890209805343	0.0444031891827307	0.0395230193685566	0.0494321130410918	0.039563575164531	0.0360310782751757	0.0431231451901887	0.0188779668974569	0.0176068112147701	0.0203494441114156	0.0203811013133287	0.0180584047109965	0.0227215099180982	0.013385549552023	0.0107892913314507	0.015963566177309	0.0039839817012853	0.0024163573509407	0.00608022336675917	0.00384718840511141	0.00126537124049869	0.00855481927137931
2012-03-01	0.210771291213205	0.199889869794008	0.221713130994101	0.121655925951877	0.107820645569789	0.135667262959151	0.13573160978911	0.125172924617926	0.14655985831208	0.0850247114886649	0.0778991974002116	0.0920458193520442	0.20157313989798	0.188774070926737	0.214631195272293	0.0979681926676384	0.0915515790615152	0.104725500098899	0.0442274004254526	0.0392258594193421	0.0492099491463586	0.0395957810482602	0.0359959216403976	0.0430920472844035	0.0188842011316189	0.0176101868319606	0.0203927985517698	0.0203867438572558	0.018048127976327	0.0226976734027686	0.0133638004830394	0.0107463312615781	0.0159453099110468	0.00398534269382394	0.00241002367666524	0.00609671146766164	0.00384846852606792	0.00124097861767313	0.00854902089756317
2012-03-02	0.210614599761692	0.19995394449328	0.221274621346502	0.123028155211029	0.109897805819919	0.136368771908399	0.136029224181774	0.125689911160529	0.146674687138135	0.0849440124528191	0.0776780032253914	0.0918877238868263	0.201005281600462	0.188082794599881	0.214146095969299	0.0978278331312004	0.0915047977187206	0.104438769507497	0.0440409800138851	0.0391701496876072	0.0488922795674599	0.0396087350244952	0.0360343594330243	0.0431059990142004	0.0188886225555515	0.0176271715002801	0.0203826289807624	0.0204048145521984	0.0180729880783952	0.0227174211980476	0.0133482927873116	0.0107464597980363	0.0159229105975081	0.0039887951880638	0.00236865504469878	0.00609384470135737	0.00384910032114828	0.00126344797013835	0.00854300920718088
2012-03-03	0.210490328447526	0.199798609964163	0.220982522388954	0.124345672526667	0.111781912824212	0.137037363580739	0.136340940787614	0.126189335566722	0.146936594497524	0.0848855228406876	0.0777814598736165	0.091792265584774	0.200367993736424	0.187534421477708	0.213157265919145	0.0976489597063098	0.0913101212620926	0.104156158116789	0.0438659604480587	0.039018357715671	0.0486191404272468	0.0396450931285436	0.0360981380300139	0.0430960563357484	0.0188959133063509	0.0176362372557752	0.0203773398520855	0.0204151758927479	0.0180880096384785	0.0227111266599287	0.0133295514167497	0.010777598989855	0.0158477528157844	0.00399290500677116	0.00237261154570645	0.00609105515108684	0.00385324475740309	0.00125897234908972	0.00859341626702656
2012-03-04	0.210336765980175	0.199957424720418	0.220625490165531	0.125632355180342	0.113900016726233	0.137182176236979	0.136669152647638	0.126434439791392	0.147051211401465	0.0848311311672128	0.0778617918772554	0.0916545862082394	0.199669468321674	0.18740816128218	0.212005156148043	0.0974696039508404	0.0911579924680496	0.103993192206132	0.043685919289273	0.0389419665107602	0.0483824556127797	0.0396656070888542	0.0362204287771304	0.0431025418308162	0.0189029677092621	0.0176702860915078	0.0203717063786406	0.0204212085590102	0.0181442103904237	0.0226529178119353	0.0133169283610801	0.010756163335436	0.0158643573040908	0.00399566722350378	0.0023826743277223	0.00610345747546301	0.00385486903348857	0.00130270238372787	0.00848755022762711
2012-03-05	0.209916040030539	0.199461726011128	0.220368749069687	0.126823411255813	0.114646041722846	0.139309073478669	0.137187088206977	0.126717080561463	0.147886318123022	0.0851010206110976	0.078046999781704	0.0918880789699174	0.198773757771709	0.186046846377308	0.211342013625912	0.0971416632057176	0.0907332678560895	0.103522272535299	0.0435697871691359	0.0387560771203932	0.0482955395350696	0.0397298090076069	0.0362699358465689	0.0431733016048436	0.0189076259151072	0.0176718277148757	0.0203773934186454	0.0204290009213097	0.018202940124258	0.0226689447515792	0.0133117464076748	0.0107636607316843	0.0158916377689296	0.00399429921483217	0.00241196808741445	0.00611275560162654	0.00385739571199545	0.00134911014983901	0.0084350808805821
2012-03-06	0.209458083999631	0.199010816380828	0.22007989553024	0.127983809845833	0.11535438781544	0.140939194532509	0.137766750731869	0.127332570737211	0.148204527395012	0.0853995410207769	0.078414535862972	0.0922391528313822	0.197830569470025	0.18486932667675	0.210295135577623	0.0968228459108635	0.0904756551574929	0.103049294741141	0.0434764401468737	0.0386189871126576	0.0484120753062193	0.0397921979432445	0.0362890215853596	0.0432366355707769	0.0189136733364113	0.0176721888479233	0.0203952592453199	0.0204311139592974	0.0181904432210248	0.0226478719536089	0.0133152933809903	0.0107580212821739	0.0158911429773693	0.0039998447734578	0.00235700163619245	0.0061104206980908	0.00385762148803724	0.00136107226479726	0.00835196486416996
2012-03-07	0.209028971882008	0.198732480532386	0.219505821675393	0.12921061241654	0.116242083329054	0.142133920126576	0.138342174131142	0.127882969283584	0.148498521873253	0.0856616808918773	0.0785267001302683	0.0927599771338368	0.196902361953968	0.183990289053038	0.209009383957432	0.0964496508470553	0.0900573132386126	0.102532254014595	0.0434158240121185	0.0385748443116401	0.0483375014984709	0.0398415849538223	0.0363422620512674	0.0432575768039586	0.0189190340022986	0.0176764586545315	0.0203875630842251	0.0204359190509948	0.0182435313386561	0.0226453205958435	0.0133104303220527	0.0107727741671073	0.015884601959551	0.00400287483958854	0.0023581888833471	0.00613445494516725	0.0038580431399282	0.00132971864392892	0.00835481463577091
2012-03-08	0.208601604353092	0.1986040193932	0.218666038469038	0.13037065073962	0.118517046123761	0.142773239572347	0.138901519080091	0.128856895616719	0.148914188325487	0.0859074234186794	0.0790373978672978	0.0928520347714577	0.196049705975623	0.183836388534581	0.20791631111363	0.096102902175682	0.0897144077805203	0.102236315464012	0.0433457625211235	0.0385121592427105	0.0481178381858478	0.0398930381756047	0.0364262167018007	0.0433480554309103	0.0189219538596808	0.0177094267576307	0.0204149832573554	0.0204456669047309	0.0182398438947031	0.022670297603041	0.0133156500496215	0.010845854740388	0.0158620046574666	0.00400192376288286	0.00234758274099862	0.00617296430329615	0.00385755393972745	0.00132039101078719	0.00817962571733961
2012-03-09	0.208471521150456	0.198015539737101	0.218626615566749	0.131537456472844	0.119223485795714	0.144071062100796	0.13897424163883	0.129000870199477	0.149002477209672	0.0860997266787367	0.0791710657251512	0.0932241027363001	0.196061408521824	0.183439755224537	0.208306714678924	0.0958086037390579	0.0893236859268918	0.10202055930451	0.0431745800287147	0.0383553999795258	0.0480591209745156	0.0399349928709232	0.0364667347795719	0.0434024249767308	0.0189296948578261	0.0177286411550495	0.0203694628114427	0.0204395565507538	0.0182435805612991	0.0226841941355857	0.0132653423690274	0.0107784534090328	0.0157504365058247	0.00400176270745943	0.00235879564923004	0.00616408441107185	0.00386600905726082	0.00133945764809019	0.00819487626762874
2012-03-10	0.208312157934128	0.197947606352599	0.218293493139988	0.132721530520265	0.120676523368163	0.145240251632026	0.139033642477804	0.129036868225663	0.149161986122473	0.0862625249024888	0.0794631063422178	0.0931544129987174	0.196047690511761	0.183644619830581	0.208551142140199	0.0954852853808168	0.0888495277689665	0.101797414129823	0.04299349847709	0.0382190216384905	0.0477207855949648	0.0399719954498444	0.0364625610096563	0.0435160618830524	0.0189362012004524	0.0177390952754092	0.0203768232709884	0.0204375797326036	0.0182184466439045	0.022683826272429	0.01320942740275	0.0106989664139831	0.0157330196943632	0.00400447953676119	0.00236577515619483	0.00618667750616819	0.00387073168840606	0.00133430554479135	0.00814104280386052
2012-03-11	0.20813917692489	0.198072757820505	0.217897731413206	0.133850231298341	0.122387632449712	0.145617439459144	0.139178113564102	0.129406877264292	0.148994656454629	0.0864233170621071	0.0796963493010055	0.0932597806908919	0.195990957676445	0.183836504202654	0.208344493886224	0.0951835250731791	0.088768068540096	0.101386175336593	0.0428112954467445	0.0380924229426099	0.0475337445697519	0.0400195234055255	0.0365039521971627	0.0435240499045865	0.0189457198677874	0.0177462090366344	0.0203713195719372	0.0204317825783298	0.0182971909543026	0.0226947529351395	0.013158339924632	0.0106206894338675	0.0156699110712052	0.00400708338170668	0.00239968114388113	0.00614285192706326	0.00387321504025924	0.00136075596760811	0.00813767492280887
2012-03-12	0.20816387466337	0.197957563356096	0.218140786036514	0.135307196452763	0.122770833706621	0.14804861294043	0.139147930435036	0.129132312590877	0.149489035348702	0.0866785726938789	0.0797109424432583	0.0937087223707523	0.195321809932504	0.182414082027479	0.20835390663421	0.0948836509043936	0.0882796206152075	0.10107470467391	0.0427278334755321	0.0378705954908155	0.0475503682308473	0.0400369478671909	0.0364735609951929	0.0436499925438492	0.0189482219066789	0.0177399908788202	0.0203592198752497	0.0204240288161114	0.0183161313913059	0.022733480030558	0.0131162784094523	0.0105386979261585	0.0156403573130635	0.00401069948587587	0.00241035025043268	0.00616091129329057	0.00387760303564744	0.00135254126076715	0.00817336475545081
2012-03-13	0.208128276591625	0.197682819131452	0.218202822001182	0.136768216949208	0.12315183164137	0.150189869043374	0.139116290775029	0.128940378869599	0.149891372614675	0.0869344424360649	0.0798507639178724	0.094059058423582	0.1946446135025	0.182002798046414	0.207515693952453	0.0946057640242218	0.0880340086641881	0.100680597615818	0.0426184777419953	0.0378190276637842	0.0474058897744833	0.040048081867805	0.0364811321081703	0.0436772738145003	0.0189527604271514	0.0177768882819188	0.0203421689802364	0.0204121306919159	0.0182623071188796	0.0227331965195183	0.0130663838415698	0.0104593099681388	0.0156210405644881	0.00400976689897862	0.00240504135164615	0.00617653222877064	0.00387862083278081	0.00137118525281975	0.00807344268839076
2012-03-14	0.208196566109632	0.197714380732174	0.218118407152649	0.138038271145838	0.124408678459702	0.15158882018552	0.139148081061473	0.128834613247635	0.14985773204542	0.0872004706375229	0.0801853997535749	0.0943577720425705	0.193972066910303	0.181019641193523	0.207022267502152	0.0942983157887116	0.0877521641622521	0.100422823733417	0.0425405325522897	0.0376679186753605	0.0473521033815895	0.0400631648889399	0.0365547766585245	0.0437157812247352	0.0189574490348283	0.0177649014267573	0.0203240008035163	0.020405923075194	0.0182812521139923	0.0226961879119563	0.0130183075924164	0.0104384427498498	0.0155231551476066	0.0040115312327783	0.00239310738016637	0.00617526239531654	0.00388167559618114	0.00136238516155199	0.00815206180954401
2012-03-15	0.208216774002353	0.197710644555735	0.2182544404179	0.139449662814665	0.125959330018244	0.153004922863402	0.139155333292823	0.128647994498151	0.149469558609792	0.0874769950201885	0.0805049359186717	0.0947230441128995	0.19328456461163	0.180424077239692	0.206491240884455	0.0939950514548494	0.0874616923592605	0.100067912082104	0.0424493777499324	0.0377270515775669	0.0472038516902218	0.0400760499372777	0.0365470615672015	0.0436567419025761	0.0189630373052496	0.0177982033117011	0.0203274428782453	0.0203875643032064	0.0182313732199347	0.0226777629736696	0.0129671542197291	0.0103658656249469	0.0155527204413501	0.00400641040287989	0.00239801586528273	0.00618311976089342	0.00388296261054275	0.00138395349697654	0.00800608532445931
2012-03-16	0.208184430987399	0.197627656442782	0.218412612166478	0.140837391150104	0.127660549803116	0.15426650669583	0.13915467846559	0.129015236325915	0.149217188654165	0.0877134955542196	0.0806935639977207	0.0947581226431943	0.192553278348891	0.179844698484651	0.205524871357676	0.093688507180719	0.0871484025697458	0.0997314948466216	0.0423456118522816	0.0377397082847988	0.0469485219759565	0.0401069114362061	0.036626885235807	0.0437306880006087	0.0189687029208037	0.017804208050413	0.0203114349085608	0.0203725119724565	0.0182262643181405	0.0226746898964467	0.0129346958749665	0.010324849568912	0.0155073457673599	0.0040043137970568	0.00239184338901683	0.00618263683056258	0.00388771877807849	0.0013416585773368	0.00807495747606415
2012-03-17	0.208102863130249	0.197692135162022	0.217984583017231	0.142151198575951	0.129428829817839	0.154694513901829	0.139180481204739	0.129221615129614	0.14893896094591	0.0879584599174499	0.0812433364496583	0.0950632109849886	0.191909088023548	0.179482333507603	0.204133658441827	0.0933851076075723	0.087091599462533	0.0993249226786476	0.0422575752098117	0.0376303145252191	0.04685840147209	0.0401297311415661	0.0366529296138379	0.0437533564148863	0.0189749126726527	0.0178283960845614	0.0203036422323507	0.0203593495442575	0.0181954850947642	0.0226137200041565	0.0128914196580461	0.0103051750454538	0.015408851116825	0.00400729960666668	0.00240036991684702	0.00618311824729799	0.00389524208755488	0.00135245113594837	0.00804045429994057
2012-03-18	0.208120845087618	0.197864253203012	0.217956039427705	0.143534394955301	0.132091805506939	0.154801374114791	0.139233622532636	0.129783780134931	0.148664499007012	0.0882262307840528	0.0815403872457744	0.0950719786542588	0.191259783421074	0.179778264798698	0.202661717738358	0.093098223384841	0.0867935359574612	0.0990499869834135	0.0421856291335734	0.0376618115045802	0.0467047799340451	0.0401587211848418	0.0367372127008638	0.0437193712285782	0.0189816437450395	0.017810724537685	0.0202827615120641	0.0203475303828611	0.0182579708572495	0.0225792094738246	0.012850196667047	0.0103164624609676	0.0153002881519229	0.00401004103986925	0.00240588868797239	0.00620550046698367	0.00390270231509487	0.00133670676959221	0.00789765471041256
2012-03-19	0.208629101748878	0.198370445770072	0.218357296561144	0.144492853606324	0.132857081118554	0.156065836241185	0.138291065667426	0.128997336845022	0.147816461287585	0.0884074501345432	0.0817624285813511	0.0953026472737618	0.190713185157908	0.179277816902972	0.201805595856061	0.0928944150580046	0.0866557291177749	0.0989299694039165	0.0421622136994362	0.0375870511634726	0.0467074617311138	0.0401622364872345	0.0367225802395468	0.0437375601459541	0.0189840131185162	0.0178238895387182	0.0202760319011349	0.0203783898641607	0.0182927622363304	0.0225869704006159	0.0128176558757228	0.010273513613938	0.0153050377590546	0.00400906858040768	0.00241285229808511	0.00621274545179784	0.00391225801174001	0.00134170838475247	0.007885207359263
2012-03-20	0.20910442251563	0.199061631057031	0.218758549775012	0.14543720719089	0.134112707833627	0.157097619482773	0.137396260245963	0.128132604726353	0.146891301960421	0.0886249843455932	0.0818637055532278	0.0955066186642129	0.190152139811999	0.178877990985689	0.201170532723225	0.0927073226627711	0.08647738717755	0.0984688237901957	0.042129600857515	0.0374419782314915	0.0466076034316994	0.0401545231991415	0.03672259339159	0.0436732384765005	0.018987724200336	0.0178210957526458	0.0202705929704987	0.0203946666509513	0.0182736588989404	0.0226240738810156	0.0127828189561778	0.0102573312026397	0.0151904113964048	0.00400803898540342	0.00240246700416165	0.00620554488572823	0.00391614045217826	0.00136156060102057	0.0078622623819693
2012-03-21	0.2093946492443	0.199233790087442	0.218884549911239	0.145929771393881	0.134359207549003	0.157579332263537	0.136372697232818	0.12723978794203	0.145730544469967	0.0886858975890258	0.081938624319869	0.095426248148224	0.189916188860446	0.178640053735409	0.201237260573936	0.0926858387365086	0.0862173977754548	0.0985170763934227	0.0421125657063942	0.0374199463275394	0.0466484705531931	0.0401441540658968	0.0367081499318297	0.0437419711615815	0.0189942454220405	0.0178162200389726	0.0202707672776868	0.0204198940934915	0.0183065280507064	0.0226860474446729	0.0128094664865491	0.0103078374891725	0.0152536320584844	0.00400797601287217	0.00239999476166597	0.00624037628438929	0.00392487970622144	0.00132210828356323	0.00783901716656374
2012-03-22	0.209778745195902	0.199894099289824	0.219554933744051	0.146481314377459	0.135132861322861	0.157926229772905	0.135338480715191	0.126172173813703	0.1447748930038	0.0887044126780718	0.0820855371387074	0.0955593898838908	0.189751821030622	0.178550750841108	0.20080760731401	0.0926474769436183	0.0861868681272199	0.0986082551930625	0.0420958962852087	0.0373925562098146	0.0467497109281111	0.04013328178616	0.0366768988440861	0.0437062825550026	0.0189992679915514	0.0178194356385247	0.0202589941060469	0.0204464808585522	0.0183359858280068	0.022707030916373	0.012823567221768	0.0104330830265597	0.0152487787118741	0.00400860809242725	0.0024203682273617	0.00621573718244906	0.00394070471620999	0.0013413253611024	0.00798668664263741
2012-03-23	0.210098323075238	0.200180512005224	0.220036023740585	0.146589638794501	0.134549182064379	0.158707477483453	0.134333372505607	0.125092476828016	0.143822494317377	0.088709509543519	0.0820281887013965	0.0956024596968417	0.189592507752031	0.177991075563207	0.201350349833442	0.0928312178455272	0.0864519537955977	0.0987468877316358	0.041944547881972	0.0371692696024858	0.0466794629370192	0.0401355772707822	0.0366153433237214	0.0437522986201869	0.0190059020954876	0.0178304859302979	0.0202419094855714	0.0204747163068822	0.0183702244166575	0.0227088521639047	0.0128076426785315	0.0104089510120197	0.0153274564457552	0.00400692508543417	0.00242226617187446	0.00624991817336408	0.00395153253712496	0.00133464314428461	0.00788927375885316
2012-03-24	0.210411612834549	0.200694339393558	0.220277074589878	0.146674349282702	0.135081082676907	0.159086364206717	0.13324307833651	0.123754868267215	0.142696768758828	0.0887477201594102	0.0819729805670631	0.0957576903638234	0.189421799171774	0.177664630142546	0.201169181798598	0.0930174682401249	0.0866956814624207	0.0990041070888287	0.041810350024842	0.0368942183019333	0.0465464239844238	0.0401505834194259	0.0366952226485602	0.0437186372875018	0.0190102658340653	0.0178454588431975	0.0202244810990417	0.0204990522596463	0.0183814488535476	0.0227418064415074	0.0127902537833838	0.0103291144375638	0.0152976204866484	0.00400743237214172	0.00240272790999118	0.00629464745536503	0.00396030996867167	0.00133653152703692	0.0078943794890684
2012-03-25	0.210725095134439	0.200999556587201	0.220317315252915	0.146877187190953	0.135021038324747	0.158762436892206	0.132183666983746	0.122720741177512	0.141638163711484	0.0888165603469987	0.0820721684672686	0.0958555336696453	0.189236416910338	0.177370555822543	0.200944352713903	0.093181949301016	0.0868990025310038	0.0992605920513464	0.0416746700022599	0.0367071022041508	0.0463782112332503	0.0401564412670631	0.0367273593600783	0.0438123096266193	0.0190208864571665	0.0178594673194467	0.0202265801326979	0.0205189381030801	0.0183607508053787	0.0227390463056785	0.0127619440512051	0.0103745447474277	0.0153146060284147	0.00400181507384018	0.00240060907254821	0.00626475675919938	0.00396996184262178	0.00135201508204574	0.00789110160415332
2012-03-26	0.21100289374474	0.200990515251155	0.220914140007678	0.147239257346107	0.134494852902068	0.160286808443012	0.131511649987827	0.121513810635942	0.141552604632529	0.0887759565659978	0.0817530324470348	0.0958420956972051	0.188990079917408	0.176438498416678	0.201551076772656	0.0933336527900916	0.0869198212118008	0.0992898225457206	0.0416022700461743	0.0365843138538091	0.0464790556461706	0.0401505710117395	0.0366547407248234	0.0438424052817558	0.0190259601723997	0.0178436828202397	0.0202549822016716	0.0205287708563408	0.0183902422806885	0.0227993028850426	0.0127497016134016	0.0103788680070485	0.0152645022331066	0.00400154271360051	0.00241698223501761	0.00626766599749975	0.00398049231046831	0.00135243273923851	0.00790827609218948
2012-03-27	0.21134020227659	0.200995570510686	0.221439562762365	0.14763995052494	0.133808482065165	0.161404839075988	0.1308127641613	0.120463391997185	0.141307574727743	0.088769437133039	0.0815167322166018	0.0960047446910469	0.188809695254861	0.175669051975827	0.201789737108571	0.0934943593348078	0.0870677182926445	0.0994089229515668	0.0415106907268993	0.0364664753496829	0.0463740628638322	0.0401525512057607	0.0366751206628454	0.0438968300590067	0.0190311666139987	0.0178435048382301	0.0202259405293778	0.0205451216380551	0.0184299326002656	0.0228156635013115	0.0127380948455834	0.0102814870030025	0.0152876589756893	0.0040017484965674	0.00243175655514138	0.00628770051279708	0.00399332443864978	0.00134656832425571	0.00794376490290049
2012-03-28	0.211571462301896	0.20115534293739	0.221910155679452	0.148035112297515	0.133857110406104	0.162080328183493	0.130142634392454	0.119663710842701	0.140795637488062	0.0887538692875481	0.0815015417994933	0.0958204861613022	0.188541439128537	0.17517973474404	0.201825740023249	0.0936476471198467	0.0872567775657405	0.0996620450611876	0.0414094666380419	0.0363134359865247	0.0463201033143381	0.0401410871319161	0.0366218435796852	0.0439263428902259	0.0190369004509239	0.0178407347524884	0.0202294783567559	0.0205629440332171	0.0184669653690564	0.0228576088288178	0.0127254792894625	0.0102796648432709	0.0152374220379623	0.00400268021830652	0.00246093304226702	0.00630316387210989	0.00400079561322203	0.00134622372317177	0.00797432333060741
2012-03-29	0.211916936420292	0.201592301451209	0.222321274632235	0.14836275481908	0.134082861119208	0.162476309269074	0.129450879705063	0.119018335904144	0.140186383122981	0.088755486169018	0.0816326779418647	0.0958903897534547	0.188292169334886	0.174769855946439	0.20167868177613	0.0937891654869625	0.0873553774192583	0.0999353204651535	0.0413200036839307	0.0362745370569337	0.0462942706914707	0.0401440152225764	0.0366094249927837	0.0438954999624019	0.0190436594306118	0.0178268069512987	0.0202425007556869	0.0205869947125952	0.0184264210463228	0.0228508437695003	0.0127151104215747	0.0102314769670507	0.0152471835996108	0.00400312921597318	0.00245512819729919	0.00630822741700513	0.00400752923854896	0.00129440335438815	0.00795856282588041
2012-03-30	0.212215501366682	0.201902698109468	0.222391020787565	0.148717992440763	0.134896798288568	0.162614832726916	0.128762576876135	0.118458020623646	0.13952159186174	0.0887823224889408	0.0818113784874223	0.095880922254372	0.188113766628213	0.174835590272093	0.201650265873333	0.0939317962516847	0.0876070091175799	0.100037053046839	0.0412450059167557	0.0362088950484258	0.0461023269060661	0.0401510065738432	0.0367126294972351	0.0437650841721982	0.0190515175333467	0.0178296126226688	0.02025127822505	0.0206050191958942	0.0184901509227049	0.0229118126768015	0.0127009480945301	0.0101624752421229	0.0152766708770251	0.00400320301041433	0.00244718684113555	0.00628350463186924	0.00401917161681931	0.00124996258996772	0.00798249115614849
2012-03-31	0.212547618618361	0.20263465993673	0.222558232347072	0.149022332547638	0.135803691695771	0.162688544858038	0.128090695446531	0.118088582127882	0.138607488167736	0.0887996098570741	0.0819348879306038	0.0957486706817123	0.187908181604633	0.175310032285111	0.200887770221968	0.0940449679290364	0.0877842001074613	0.0999984903456439	0.0411509866609784	0.0361884614886062	0.045947634263976	0.0401431925918622	0.0367924115681766	0.0437677178151614	0.0190594723896452	0.0178365131416217	0.020257085755845	0.0206174042734773	0.0184935565991082	0.0229034397618744	0.0126907015065198	0.0102485609985464	0.0152101824447319	0.0040047023186141	0.00244408837327811	0.00633167669801855	0.00403629394865915	0.00127419698032805	0.00800995419113824
2012-04-01	0.212846890099235	0.20329078400817	0.222636970165303	0.149282520490649	0.137145846742656	0.161318055694254	0.127374191452367	0.117664412989776	0.137004167630352	0.0887999566090072	0.0819066704963327	0.0954794570679068	0.187703371581269	0.175637019871748	0.200081678160267	0.0941835449370395	0.0879929424951206	0.10002619671866	0.0410666445598878	0.0361433834730016	0.0458844647222595	0.04014234157097	0.0367904375084368	0.0436850949847038	0.0190656908433577	0.0178302701901092	0.0202663115596081	0.0206402965718764	0.0185195265777245	0.0228977569213549	0.0126722240641653	0.0102665948055868	0.0151929534699352	0.00400211779532045	0.00245820460139166	0.00627979372666566	0.00404654333608815	0.00130601937425278	0.00803101151365371
2012-04-02	0.213305784881374	0.203468593235809	0.2234157870642	0.150300584537203	0.137465592141158	0.16288381328848	0.126641141363822	0.11663114936728	0.13673213472193	0.0887565509235721	0.0816931898371712	0.0957440239651799	0.187232880861172	0.17468204280385	0.199834196227165	0.0943107031345829	0.0881630948413622	0.10012218637375	0.0410037375087746	0.0360680018242744	0.0458180769115024	0.0401171331635896	0.0367072639511437	0.0436168212415386	0.0190714076895779	0.0178419213002229	0.0202702908307836	0.0206511826961306	0.0185618436391071	0.022894369879875	0.0126545880586479	0.0101749641864633	0.0151468620436884	0.00400108042662863	0.00246102669025787	0.0062873118730834	0.00405445064712142	0.00134784570889997	0.00799952117584504
2012-04-03	0.213755912663309	0.203826372399984	0.223789017274128	0.151303951293387	0.138335822072462	0.164076776656087	0.125920767042505	0.115972617545202	0.135887060463504	0.0887145083731716	0.0815825958540782	0.0957102975639684	0.186797250598472	0.174493073978263	0.19964851570648	0.0944389499434317	0.0882770524971507	0.100295559232073	0.040959963375377	0.0361729299199391	0.0458074258398448	0.0400913440648918	0.0366867655227415	0.0435989288902577	0.0190747341503177	0.0178266920956051	0.0202848863007787	0.0206566902128511	0.0186149693312213	0.0229352939310462	0.0126554180769907	0.0102144361883767	0.0150570656306352	0.00400093836504235	0.00246740743201366	0.00628101896153988	0.00406251679112739	0.00136709208454538	0.00797354711222238
2012-04-04	0.214209190087654	0.204520569963952	0.224378275078717	0.152293141803772	0.139865882555126	0.165104459818087	0.125208276465208	0.115569894789156	0.135050917990681	0.0886792108785302	0.0815670854422193	0.0956912226337567	0.186380067368751	0.174144863341538	0.199088859254681	0.0945696862524304	0.0883796592486519	0.100164560962116	0.0409057515118772	0.0361471146756596	0.0457365315300135	0.0400831786273915	0.0367129170685974	0.043643604870755	0.019079723243627	0.0178458614417075	0.0202784024664631	0.0206728867536392	0.0185897268586965	0.0229064257971577	0.0126457783550791	0.0102842250780529	0.0149763022251729	0.00400141213094162	0.00247515423575166	0.00630244825936089	0.00407666829432499	0.00135276389096092	0.00807640351205378
2012-04-05	0.214569270704405	0.204840001204225	0.224683277274595	0.153295593533589	0.141214358693011	0.165099100401898	0.124461392792173	0.114909213981726	0.134135436555249	0.088655276353103	0.0818879393043036	0.095576917343694	0.18596645518638	0.17431228528085	0.198148165458484	0.0946817726088136	0.0885828772532003	0.100292754475019	0.0408449488261027	0.0362196054848296	0.045433566614533	0.0400621817569258	0.0365901237117524	0.0435537011682128	0.0190825419340052	0.0178325268602134	0.0202614111750298	0.0206894463014997	0.0185999196504646	0.0229044169636024	0.0126492616864121	0.0103116447028497	0.0149633468862906	0.00400452637116926	0.0025063832082954	0.00628667546573654	0.00408987535033345	0.00133475644739587	0.0080733173039857
2012-04-06	0.214746900555873	0.204872612938641	0.224638344731155	0.154213325557293	0.141747961294194	0.16661711842843	0.123454392449042	0.113881574853125	0.133184543729984	0.0887441479138478	0.0817854911577967	0.0956109025473324	0.185725839593481	0.173876891364726	0.198237542591619	0.0948610315598985	0.0886901631388743	0.100623418395639	0.0407065545577296	0.0359966184866349	0.0452949733527973	0.0400632951875137	0.0366654451555497	0.0435741738812486	0.019086869203068	0.0178252736025643	0.0202719851404766	0.0207186716744835	0.018591489343681	0.0229522512264653	0.0126397737865779	0.0102841066497283	0.0149141018108465	0.00400608511402886	0.00249681453835947	0.00626711921083842	0.00410529673737939	0.00136318105808058	0.00799942550763581
2012-04-07	0.214827430640312	0.204994452985894	0.224622504989604	0.15508481863399	0.142396758571486	0.168085919964794	0.122446173473242	0.112861068890672	0.132104776376976	0.088835858902088	0.0819318299256921	0.0956668557509064	0.185401727801172	0.17332436937546	0.197369551460979	0.0950597878967763	0.0889727454868991	0.10083875626924	0.04056894795574	0.0357683843003623	0.0451704077316646	0.0400579343095935	0.0366471555787411	0.0434719920366015	0.0190950484207315	0.017845138821848	0.0202817878078209	0.0207533045005969	0.0186484357203181	0.0229928396077164	0.012628478456761	0.0102177476374685	0.0148380513838516	0.00400588015939694	0.00250762709293469	0.00624716501371284	0.00411698743684569	0.00137938267266637	0.00799684977239498
2012-04-08	0.214987992576347	0.205200132179325	0.224928152266157	0.156178325288028	0.144102476261386	0.168616706604946	0.121461596436957	0.111789766340821	0.131082185650489	0.0889469450144737	0.0822236105619644	0.0957961271276096	0.185076008685837	0.173322057582918	0.197046831400489	0.095263321994793	0.0892217449169712	0.100963791306803	0.0404397993716882	0.0357317199242912	0.0450932641659483	0.0400590605413117	0.0367134530156789	0.0434163740332675	0.0191015205494941	0.0178401952229816	0.02027839454533	0.0207881365871317	0.018680328790977	0.0230209594716364	0.0126211044928886	0.0102574517863217	0.0148389125552544	0.00400771253422741	0.0025169324015127	0.00625583904676345	0.00413228155408748	0.00135880941269603	0.00797364998919826
2012-04-09	0.215039609147844	0.204999503567724	0.225024529536632	0.1567672865661	0.143501177282055	0.170398597282956	0.120899890808336	0.111018648427439	0.130643505107206	0.0887115000404115	0.0817817609158013	0.0955994461617476	0.184955750031431	0.172623174918952	0.197484709163199	0.0954390860183805	0.0893123389443685	0.101119582970811	0.0403336407521203	0.0356119172696939	0.0449529871712151	0.0401023340956597	0.0366317661191703	0.043492085880807	0.0191059276065231	0.0178535457300566	0.0202829321312406	0.0208097161820323	0.0187279183415143	0.0230174827634206	0.0126035487702308	0.0102587713863737	0.0149411892480199	0.00400854303244164	0.00252508960970972	0.0062215359762518	0.00414462210382736	0.00132595004276188	0.00797995507947943
2012-04-10	0.215083742374393	0.204845141003636	0.225382615115653	0.157501190005854	0.143464539079194	0.171309526485144	0.12036137896987	0.1105294686445	0.130343046656627	0.0885570189039897	0.0816068943881601	0.0955321143435414	0.184788750400473	0.171580424016148	0.197831869921818	0.0956466348841068	0.0894421288968996	0.101380993994081	0.0402073866453173	0.0354989418846922	0.044750835387059	0.0401331911218803	0.0367272320165712	0.0434996489377682	0.0191109632027915	0.0178722575629516	0.0202854175403451	0.0208402855806171	0.0187889657269489	0.023066312557192	0.0126017399740738	0.0103081517644087	0.0148975234483595	0.00401219150222255	0.00250663796638896	0.00619952055155406	0.00415968409683148	0.00133948601349054	0.00799614608787148
2012-04-11	0.215172195638504	0.205003178763701	0.225571574786722	0.158167861218208	0.144029344882017	0.172035691413316	0.119832500589027	0.109500439210895	0.130066719059886	0.0883359283929776	0.0813564765997501	0.0954606110460285	0.184652366920836	0.17140817548765	0.198051920833731	0.0958359926684498	0.0896136906043791	0.101681736744485	0.0400884530094165	0.0352277007876866	0.0447113646494095	0.0401691913609057	0.0368240108467068	0.0435457760846931	0.0191151473262464	0.0178683712145304	0.02028055424467	0.0208668192666437	0.0187809111963466	0.0231050147031311	0.0126104121487249	0.0102630444712326	0.0149893596678541	0.00401574917912649	0.00251509323450876	0.00619410607350757	0.00417306702016121	0.00138626342744234	0.00792809152806231
2012-04-12	0.215163569502882	0.204988512880252	0.225558376801685	0.158787645572825	0.144886286800817	0.172999961494364	0.119312001474654	0.109186735665182	0.129427461808058	0.0881349516530987	0.0811499357670008	0.0951227206597747	0.184594133824899	0.171552566777507	0.19792034068291	0.0960382633090745	0.0897178385399267	0.101697671172362	0.0399719196738412	0.035179695995706	0.0445596869247921	0.040218733571501	0.0368791641445549	0.0435640401118599	0.0191161228371908	0.017845763472674	0.0202647109521939	0.0208966522444215	0.0188119300424596	0.0231380357032216	0.0126011190913939	0.0101947232946861	0.0148567835145702	0.00401810536186536	0.00251175402561612	0.00616332161388284	0.00418668499321821	0.00135387660897518	0.00791215524633951
2012-04-13	0.215235498040737	0.20505947527017	0.225241480662313	0.159478731242024	0.145631580451355	0.173724255019205	0.11884516995944	0.1087123635773	0.128810155050012	0.0879312812421786	0.0810469834313866	0.0947663374326627	0.184486040757752	0.171677824715048	0.197717114326883	0.0962360558294889	0.090062992124719	0.101868082869028	0.0398668891088575	0.0350887054995924	0.0444040338773136	0.0402411651460424	0.0369498109756264	0.0435907542564192	0.0191185629108273	0.0178756767396708	0.0202685019626162	0.0209204365651749	0.0188212301141647	0.023122380285464	0.0126014026446599	0.0102481048471747	0.0148247652483502	0.00402240023031769	0.00253216840247731	0.00618295378122171	0.00419892284545056	0.00137870825177514	0.00790964426187267
2012-04-14	0.215216041446221	0.205262369038428	0.225151909205019	0.160055055138625	0.146727219890542	0.173318718899096	0.118311188032286	0.108625959595459	0.128080268752557	0.0877288952131362	0.0808043988138515	0.0944861116308873	0.184372371865654	0.171931152511973	0.196781086252179	0.0964605329249905	0.0904332830443633	0.102155056010913	0.0397434769170289	0.0350523321477857	0.0442153325924832	0.040291356119366	0.037003388332737	0.0436160111486593	0.0191252840104902	0.0178575138476322	0.0202561750332592	0.0209429811400696	0.0188419709286948	0.0231500019580581	0.0125956917358126	0.010312655624669	0.0148456352042995	0.00402763879489108	0.00252240508689525	0.00617192326029241	0.00421470580123507	0.00136904277453101	0.00800117233324339
2012-04-15	0.215270293539828	0.205884184164399	0.225012670515577	0.160718422310167	0.148772769962839	0.172882447793064	0.117748415490545	0.108406848820785	0.127152488437499	0.0875809078918852	0.0807478920332707	0.0940838981910821	0.184327470363797	0.172502619949301	0.196181377068827	0.0966230064740865	0.0907794948445052	0.102171462658169	0.0396226545331494	0.0351264385602867	0.0439484068576792	0.0403302082390973	0.0370294138946444	0.0436075991510274	0.0191302791044781	0.0178846068658439	0.020268716429353	0.0209656366604105	0.0188605227353508	0.0231691813668032	0.0126025823919733	0.0103545936551795	0.0148255607504043	0.00402669321331787	0.00254363065551514	0.00616950475360268	0.00422932223752311	0.00142771765978471	0.00806578608991538
2012-04-16	0.215517906991169	0.20578257237019	0.22542260310933	0.160800703994486	0.148614729662449	0.173543015635555	0.117000358523821	0.107617358476626	0.126259451169124	0.087072037494136	0.0802991429326168	0.0933867142307484	0.185109131002764	0.172897527727674	0.196740241460576	0.0968502250786324	0.0909044282479097	0.102395543478312	0.0394791271071409	0.0350327331775694	0.0438998058281179	0.0404190904588509	0.0371557370875752	0.0436278114739838	0.0191303626535158	0.0178939490272711	0.020263907101742	0.0209837478229682	0.0189037610718032	0.0232134260530631	0.0125941910472096	0.0103731880675135	0.0147691942366755	0.00402955379432017	0.00256416183651705	0.0061487095946074	0.00424559106038458	0.00141170028129098	0.00807971466635679
2012-04-17	0.21577780174372	0.206337118605636	0.22534811482746	0.160797888956862	0.14866182950251	0.173481285216683	0.116244974037618	0.107066864742272	0.125259693230696	0.0865746007936825	0.0800282638668538	0.092837084629324	0.185901677072702	0.174198121399999	0.197675298330743	0.0970563964662802	0.0913560362924525	0.102615045528213	0.0393521984580277	0.0349852574749811	0.043615086326247	0.0404855812097777	0.0373369193294732	0.0436552755719897	0.019134834218393	0.0179033835459488	0.0202411592996623	0.0209983802633601	0.0189216993013137	0.023198972896851	0.0125894010205383	0.0103368946223801	0.014792731583202	0.00402636991863565	0.0025592680037072	0.00611724875934913	0.00426350901642759	0.00144673659082775	0.00804134352112924
2012-04-18	0.216029795579558	0.206544420935098	0.22570442669297	0.160788056092338	0.149218465485755	0.173068122264435	0.115445762792365	0.106491835272135	0.124272438794543	0.0860356147169831	0.0797178444095144	0.092182150976851	0.186699231513435	0.175184796046805	0.197971623255569	0.0972985562078628	0.0915022117366438	0.102775861233209	0.0392305582464514	0.0349075913077933	0.0434147422719438	0.0405431875151708	0.0374456625021887	0.0437397750009545	0.0191372449935888	0.0179046379809193	0.0202734045593079	0.0210151981710168	0.0189069437467148	0.0231898878080122	0.0125970125067061	0.0103554291923494	0.0147749682905797	0.00402736755011668	0.00254678386240167	0.00613461079368658	0.00427928069920359	0.00147104192545533	0.00802479178882847
2012-04-19	0.216309507469764	0.207199069895488	0.2256790244062	0.160806239076281	0.149893670749568	0.171839280606748	0.114645822259145	0.106046740517089	0.122940712227734	0.0855799831803741	0.0794379534814721	0.0916956364104901	0.187455649389678	0.176930710507767	0.198116451482999	0.0975276430007776	0.091938998813902	0.102943567511472	0.0391083269263922	0.0349220545570734	0.0431574104273921	0.0406290848716487	0.0375345111871604	0.0437784301792627	0.0191416296325627	0.0179104909950434	0.0202693304793436	0.0210332628194586	0.0189457505686192	0.0231695103050646	0.0126089050200631	0.0103964438136036	0.0147342521797628	0.00402997958545217	0.00254833003195147	0.00609849428272917	0.00429049359272968	0.00148639895469099	0.00811810111569585
2012-04-20	0.216179284878059	0.207200634234623	0.225261111284544	0.16144140440127	0.151050337775913	0.172099702679708	0.113797894374826	0.105491067191666	0.122152475133014	0.0853372555694899	0.0792871956337752	0.0910950559219467	0.1878752740327	0.177756081509054	0.198130103833867	0.0978137449048666	0.0922423237267754	0.103100895825735	0.0389749409799793	0.0349079612501394	0.0429925644659412	0.0407114924262432	0.0375896047098128	0.0437902605652185	0.0191480507312473	0.0179039447871485	0.020278996837419	0.0210306856890471	0.0189457748958436	0.0231346378497238	0.0126046397749644	0.0104133125200018	0.0147088621384881	0.00403241593528504	0.00258095174151142	0.00609187482077327	0.00430716975467231	0.0014931121059343	0.00806829130695844
2012-04-21	0.215753018325322	0.206959632139388	0.224773930741196	0.16049744280762	0.150075282330442	0.17139532250788	0.11332055942023	0.105227425436617	0.121629519976088	0.0851869078611687	0.0790837775882854	0.0909997840962791	0.188843566646062	0.178666204138003	0.199232867559164	0.0981682745128061	0.0927580999485756	0.103423981842944	0.0390597434238704	0.0349789485304151	0.0429657468495999	0.0408055296152062	0.0377289167771099	0.0439416524469479	0.0191507290608566	0.017929957621939	0.0202806909181961	0.0210205069919607	0.0189398512324675	0.0231188603157384	0.0126113239223508	0.0104013213494732	0.0146848210812679	0.00403504939249431	0.00259906942936632	0.00605990012149348	0.00432429304917935	0.00158176918655494	0.00791901290218307
2012-04-22	0.215384717653163	0.206572937715454	0.22419832056752	0.159553161314463	0.149372241553118	0.169928483839416	0.112904739167811	0.104924548761129	0.120937559151669	0.0850524623855348	0.0790608511767845	0.0906036423878707	0.189771905768711	0.179817695463886	0.199932207974823	0.0985491797487485	0.0932177203567156	0.103649758259594	0.0391513042962438	0.0350759918424294	0.0429713264313366	0.040902041900131	0.0377890089180826	0.0440625967854969	0.0191542823269772	0.0179157857234574	0.0203005856192453	0.0210192252657787	0.0189228895428108	0.0231159995126879	0.0126165184022947	0.0103966694179123	0.0147021873931089	0.00403481481929305	0.00259144107050188	0.00603076337959032	0.00433915490107793	0.00161827358917327	0.00799812301920177
2012-04-23	0.214707918669777	0.206050679996466	0.223607794945346	0.157658949005454	0.147114467460149	0.168461206486092	0.11228519827205	0.104051758645098	0.120449945770953	0.0852434180056065	0.0790878478458116	0.0910491869695696	0.190880875417517	0.180635997410989	0.20162540093419	0.099002296264269	0.0938190421770226	0.104154273144339	0.0394161305456051	0.035268175969866	0.0431519692517314	0.0409725188013121	0.0378962427779631	0.0441147311929868	0.0191571561269241	0.0179024077301511	0.0202862255650808	0.0210133972434206	0.0189463007085457	0.0230636106314926	0.0126121770137409	0.0104826274681179	0.0147214098798635	0.0040364088677897	0.00258745136109763	0.00604484054837266	0.00435279922921856	0.00168306805718429	0.00797232426958176
2012-04-24	0.214018285906868	0.205338900786377	0.222853328089371	0.155755836710771	0.1448365511381	0.166417028493435	0.111684101619814	0.103440674620893	0.11975604075245	0.0853848607211841	0.0793180295441919	0.0912219398706811	0.191913592068286	0.18162069313867	0.20246970408657	0.0994571228286646	0.0942897341723829	0.104651834759333	0.0396556992389534	0.0356237701509363	0.0434887067134324	0.0410619582026251	0.0379491821462036	0.0441690532713095	0.0191575061728965	0.017917040626102	0.0203077728752107	0.0210072606834445	0.018987225100189	0.02303861955518	0.0126101795026981	0.010492876677556	0.0147105718587957	0.004034836362998	0.00259392440555318	0.00604004411285839	0.00436704735497723	0.00169883986621094	0.00805621454525228
2012-04-25	0.213316098138279	0.205002911631053	0.221916852475041	0.153976383215525	0.144294710104104	0.164048490250666	0.111078344684244	0.103266155159953	0.118781211423253	0.0855693840845128	0.0797093269683178	0.0912524472112441	0.192921663905125	0.183200387936328	0.202737019559967	0.0999214560817752	0.094730873734309	0.105016745938859	0.0399107236600791	0.0359094542676624	0.0437676542466841	0.0411386409240867	0.0380257735479141	0.0442140694884518	0.0191594288666886	0.0179198601208497	0.020316947306441	0.0210034080262079	0.0189650276298863	0.0230511774937153	0.0126110036401791	0.0104713172139644	0.0146840729971684	0.00403387174112117	0.00261154028312201	0.00601447517702045	0.00438026494363087	0.00173020145915263	0.00793992499731371
2012-04-26	0.212536731846117	0.20395973369487	0.221066419834917	0.149379141236785	0.139666417304837	0.159146809463279	0.111883277386128	0.104055209691366	0.119782278577893	0.0860712556323795	0.0801704780513909	0.0916801885103427	0.192977548365752	0.183044384197601	0.202636054109481	0.100350903714489	0.0951358477028408	0.105426988170781	0.040386492247047	0.0363776728609249	0.0443561948700087	0.0412066300300649	0.0381072099079693	0.0442909508054161	0.0191578425506573	0.0179185839610188	0.0203114698489691	0.0209842366085805	0.0189706792579726	0.0229944159206166	0.0126291170861345	0.0104653094263156	0.0147089751931553	0.00403514801058575	0.00260168196193938	0.00602267163180681	0.00439549407065579	0.00171391932022275	0.00793494259980585
2012-04-27	0.211703656214874	0.203079194675002	0.220443413855911	0.14496021137239	0.135041152285456	0.154503544618644	0.112370468205558	0.104378474376339	0.12029762083668	0.0868085520250618	0.0808755773676029	0.0924781947937811	0.193036669975636	0.183185199409857	0.202965931568915	0.100651904164749	0.0954119274353491	0.105723558518395	0.0409519199417262	0.0368800623787172	0.0448538120530266	0.0412605889392121	0.038137685050298	0.0444037315018124	0.0191594782379861	0.0179357368933424	0.0203129125699671	0.0209908069724513	0.0189485723208723	0.0230308346563415	0.012638816105899	0.0104964347942432	0.0147387430387833	0.00402940600238286	0.00260644199680164	0.00596435433478049	0.00440640347517786	0.00177516210530874	0.00790627629410061
2012-04-28	0.210907354055922	0.201860425957235	0.219841692936088	0.142984174972844	0.131733744981909	0.153596547699467	0.11369110414313	0.105072492586889	0.12199446791421	0.0874369369159985	0.0812315087363164	0.0933503177193593	0.192901196993456	0.182166469691968	0.203799024286699	0.100861478641995	0.0954010246015326	0.106143994925105	0.0412459350354273	0.0371312215278793	0.0454786640205695	0.0412595596181865	0.0381401428132555	0.0444304740996316	0.0191534366606536	0.0179384428747166	0.0203157407696511	0.020993679560046	0.0189631339627563	0.0229874089351501	0.0126529245764481	0.010440085969155	0.0148052282042821	0.00402128754312183	0.00261486672934355	0.00594483397959523	0.00442086974184098	0.00177862735878041	0.00798298404289993
2012-04-29	0.210131815919702	0.200791326123023	0.219132631211297	0.140987666287485	0.129822192750109	0.151901206080911	0.115046045539824	0.106312904324989	0.123440036989501	0.0880295044179235	0.0819036275557997	0.0939296343683804	0.192668376827601	0.181645469685451	0.203623917366053	0.101084589265699	0.0957246664329401	0.106428871758127	0.0415671252113376	0.0373682848355694	0.0457909806846233	0.0412387594964889	0.0380721951566923	0.0444460955205241	0.0191477583227113	0.0179243928485123	0.0203031952055135	0.0209878376821781	0.0189527619362621	0.0230059596239901	0.0126738001656549	0.0104326771565697	0.0148763847365603	0.00400753105400193	0.00259489575786573	0.00592267864901157	0.0044327064741193	0.00182833444332056	0.00788839899096399
2012-04-30	0.209446020137545	0.199702589811128	0.219012813264833	0.140318446165818	0.128131583793256	0.152584436278939	0.115400069929888	0.106386725540422	0.124236568763571	0.0884390956768195	0.0821052732997882	0.0945185550673951	0.193030040407696	0.181096730512948	0.205084085532171	0.101279537892538	0.095724157861116	0.106749756805551	0.0416573267785368	0.0373195733290884	0.0461550560581954	0.0412868220647129	0.0381143885514346	0.0445401254545859	0.0191470723590143	0.017931543117327	0.0203031674132913	0.020993936135404	0.0189550707759203	0.0230423999936676	0.01266668818891	0.0103304301735748	0.0149419396539102	0.00400185254978227	0.00260609582043118	0.0058799665795442	0.00444808071848752	0.00185451291706508	0.00794631405758649
2012-05-01	0.208761449549643	0.199251950882525	0.218498474277103	0.139612830075643	0.126460774470191	0.152345894439561	0.115769769324446	0.106070674335517	0.125266712138081	0.0888429522389261	0.0823621128142807	0.0949537407699029	0.193317201968693	0.180798152649833	0.205539169056563	0.101463698312434	0.0958734036023099	0.107092606538822	0.0417564317491538	0.0373405479804707	0.046248393661688	0.041325378194917	0.0381095782550501	0.0446358826151718	0.0191468307857882	0.0179523392719081	0.0202938353763595	0.0210025503495385	0.0189258739409239	0.0230845194878564	0.0126684749767047	0.010316776097638	0.0149905344667987	0.00399257146962188	0.00258612483041309	0.00585424278329349	0.00445977874852927	0.00185251237717407	0.00802026670929351
2012-05-02	0.208071349114904	0.198574425566873	0.217877772893327	0.139090641199881	0.125931326576043	0.152083614162938	0.11616930865067	0.106708340492151	0.125535681642851	0.0893121103272204	0.0828007270548859	0.0955045428520784	0.193617697792442	0.180728436649821	0.206302478997501	0.101638561327589	0.0960746566398679	0.107382930329536	0.0418624814811817	0.0375001898820113	0.0463749419556454	0.0413571455228059	0.038180744364926	0.0446843837480934	0.0191441378923261	0.0179581864099971	0.0202875603623207	0.0210057251709033	0.0189428095083443	0.0230201923425017	0.0126599880070773	0.0102569793709297	0.0149572370330472	0.00398048144747558	0.00256375559657714	0.00580439426950118	0.00447370298014367	0.00183167338308774	0.00798195649312483
2012-05-03	0.20740809461978	0.197744694959358	0.217264400626285	0.138430972633285	0.125366790911069	0.151213504359267	0.116521161653711	0.106846026596301	0.125770602886609	0.0897382284295695	0.0832117789770123	0.0959062333172541	0.193897899210466	0.181880332665168	0.206550859115094	0.101858290751291	0.0961713691364031	0.107536930384819	0.0419793273032703	0.0375668755762548	0.0465619183684629	0.0413986043527679	0.0381940673480909	0.0446690770426561	0.0191424039299609	0.0179595937735043	0.0203004898730904	0.0210123006309275	0.0188962782387314	0.0230357343398538	0.0126519618405661	0.0102445850779727	0.0149649362447435	0.00397048474248876	0.0025259871635414	0.00578246393530434	0.00448400542622645	0.00193030943269419	0.00801344208564179
2012-05-04	0.206677644629275	0.197327619848637	0.216497672494226	0.137823924222166	0.125305547354622	0.149952599929487	0.116862794785665	0.107445894391625	0.126034483363521	0.0901949094009538	0.0838457710165656	0.0964350482779818	0.19422247463685	0.18204390462425	0.206364082711403	0.102053216366441	0.0963910255261167	0.107810157058328	0.0420948997708609	0.0377059726595698	0.0467533399027192	0.0414252095563538	0.0381925566183052	0.0447594924999264	0.0191429703109594	0.0179746635910924	0.020295732806782	0.0210151505704037	0.018923100046395	0.0230702749730855	0.0126400105332713	0.0102877384823622	0.0149512010046979	0.00396290292696671	0.00252146303328988	0.00577550506260233	0.00449518050809025	0.00197257996304303	0.00795006164521754
2012-05-05	0.205959958129228	0.196669705515463	0.215520317106959	0.137201326337699	0.125473443360011	0.148320855248149	0.117156670815911	0.10810489936115	0.125830284180147	0.0906109243453303	0.0843422476631012	0.096790826686273	0.194548749672464	0.183580677797604	0.20597273571997	0.102264672569757	0.0967503468300886	0.107841684683757	0.0422031776209557	0.0377732713559618	0.0467442489340985	0.0414519592220753	0.0382142045472392	0.044783671554541	0.019139079574747	0.0179876651178079	0.0202794601782537	0.0210114697961708	0.0189495180876828	0.0231151188939512	0.0126331912984563	0.0101934914393379	0.0149997334622029	0.00395635935900302	0.00251507460949355	0.00577469498567766	0.00450414583644755	0.00199046284278772	0.00795191405077545
2012-05-06	0.204921035145587	0.195569328497215	0.214553837198743	0.137523747328493	0.126082893904968	0.148613722201094	0.117944274309303	0.10896706169658	0.126927397170789	0.0911707472098476	0.0848952857872751	0.0974325203725895	0.193964199255073	0.183318930422024	0.205488645830843	0.102460119946253	0.0969515030392283	0.108113033938557	0.0422611946095547	0.037792636166162	0.0468610772964197	0.0415020080675598	0.0383297733230626	0.0448385487287718	0.0191370697367661	0.018012161280093	0.0202833368136987	0.0210053982275433	0.0189169504019954	0.0231261035345372	0.0126200795224899	0.0102054175958149	0.0149952536978044	0.00394473041115406	0.0024934352186374	0.00577682266144156	0.00451488147755623	0.00200746944827237	0.0079068940653672
2012-05-07	0.203653395627113	0.194170940328208	0.213265231401017	0.137396843658127	0.124862592776813	0.149727909817037	0.118929282022142	0.109642554296001	0.128267515836408	0.0917753424502383	0.0853015300343908	0.0981685820291226	0.19376515012162	0.182235804576756	0.205972520875823	0.102532629534815	0.096905000026434	0.108389867579489	0.042086989921987	0.0374835340165188	0.0467177413841807	0.0415369816068011	0.0384413278576078	0.044847121877021	0.0191383001687952	0.0180131390360195	0.0202772646620659	0.020987265045325	0.0188932444018913	0.0231065447607623	0.0126076519210834	0.0101623415633985	0.0149727313567605	0.00393729569341791	0.00246618875756366	0.0057114180547835	0.00452999439480289	0.00203776919369237	0.00793742310846998
2012-05-08	0.202363955920119	0.192619536475978	0.212203947381852	0.137402784206235	0.12429031250191	0.150276785509447	0.119952307103406	0.109927832924992	0.129516441207579	0.0923955627173224	0.0857926013226064	0.0988115863830643	0.19365971157545	0.181704524179862	0.206296136259759	0.102613463349376	0.097010653012158	0.108451814356272	0.0419009900582957	0.0373861062473912	0.0464510418887062	0.0415682518405222	0.0385084912681428	0.0450029205991832	0.0191394530369848	0.0180275071234503	0.0202830711884337	0.0209701811345238	0.0188498508053595	0.023042187400235	0.0125970205893257	0.0101822568927555	0.0150603220797658	0.00392972163150431	0.00245543364188233	0.00573797212772198	0.00454240699756358	0.00212146871425162	0.00790414030156863
2012-05-09	0.20108627083107	0.191258451141923	0.210722267189617	0.137354340252303	0.123942158386349	0.150324765077095	0.120916644192855	0.110889626538223	0.130839262644844	0.0929997779398896	0.0861432966576379	0.0997294042645367	0.193437135943568	0.181297385261779	0.205787410641935	0.102725130171021	0.0971002953194922	0.108639202943074	0.0417075075335259	0.03715239846921	0.0463506340399601	0.0416032491068591	0.0384629473682836	0.0449859036338466	0.0191376208160497	0.0180293344378763	0.0202824876066737	0.020956103492726	0.0188987116368602	0.0230630472357054	0.012584881263055	0.0101605271119906	0.0150632746682929	0.00392162157037054	0.00247719510939747	0.00568537850676687	0.0045516536934537	0.00213627533429787	0.00786922077313041
2012-05-10	0.199773998341331	0.190203617749915	0.209472709624678	0.137321562215397	0.123884365404146	0.150274862680864	0.121907624155496	0.11181099420035	0.131916297902177	0.0936119759174839	0.0868692331463163	0.100396076903134	0.193306190114288	0.18163923516718	0.205440819873788	0.10280370963624	0.0970717309287363	0.108775184994437	0.0414948463516251	0.0370379701824559	0.0460830000322504	0.0416343234278981	0.0384913563725056	0.0449823806075434	0.0191377945919534	0.018048085694284	0.0202595764065744	0.0209350266681441	0.0189000936282279	0.023042336195672	0.0125755238585447	0.010180698728591	0.0150101955292734	0.00391415223878888	0.00248081864560815	0.00565271645614204	0.00457059924264752	0.0021622385821992	0.0079611830265356
2012-05-11	0.198463738517607	0.189130331753368	0.208107220324236	0.137203547225747	0.124843457610072	0.149461583032568	0.122867968165105	0.112911277145958	0.13285527927141	0.0942085944730291	0.087425882140635	0.101028574133016	0.193233094932774	0.181737589153249	0.20518865794743	0.102878695066101	0.0970925241535477	0.108792822560306	0.0413171842840718	0.0367449476863486	0.0456603294703806	0.0416571892274092	0.038506923857523	0.0449752154307904	0.0191404668708887	0.0180672447390452	0.020265250549252	0.020927094214501	0.0189389386964221	0.023055642321294	0.0125644238817262	0.0101522626624097	0.0149656320108531	0.00390673777381107	0.0024576941006458	0.00565029464586777	0.00458431702671833	0.00220629196009246	0.00796636273654662
2012-05-12	0.197190257905282	0.188187110473264	0.206508970779336	0.137152299920703	0.125992683655574	0.148483995695137	0.123837971756666	0.114575031874442	0.133147415629999	0.0947781819062944	0.0880646620968811	0.101564745291211	0.193046419791653	0.182039869096836	0.204076027952922	0.102967779505799	0.0975482745303192	0.108794333186949	0.0411405988977902	0.0367452135642636	0.0454076110182002	0.041685865804708	0.0385411203757705	0.0450180307114166	0.0191374940967567	0.0180742452542545	0.0202451827056937	0.0209062866013537	0.0188929694965605	0.0230166351518183	0.0125522450829915	0.0101577221843421	0.0149838626274497	0.0039021282413582	0.00247277552712351	0.0056361479951805	0.00459891978417829	0.0022279122658966	0.00788620193519098
2012-05-13	0.195666844863389	0.186563366998225	0.204771360123234	0.138451024503751	0.127442585135752	0.148977089198043	0.124835037138391	0.115718418215179	0.134074112311403	0.0953135753785451	0.0884642545287345	0.101985242446027	0.191891584981766	0.181238861424614	0.202846297441338	0.103070895867358	0.0975733805286675	0.108929558882134	0.0409688554176364	0.0365682704838479	0.0452097930570414	0.0417049720063442	0.0385355585352231	0.0449823792506376	0.0191401367086453	0.0180643128880871	0.0202454632631552	0.0208879541753332	0.0189189224282883	0.0230097835083222	0.0125372610090656	0.0101050629387235	0.0149229946945554	0.00389709385098957	0.00246020902114128	0.00565507006123505	0.00461511536319598	0.00227522057539003	0.00778742760833739
2012-05-14	0.194452033537532	0.185029332195466	0.203694931460343	0.139592907111116	0.128385297615726	0.151559204791135	0.126106651375686	0.1165646512652	0.135797827385798	0.0955524136027372	0.0883959931230792	0.102364783041192	0.191715905417369	0.179789425279103	0.203729565017099	0.103129658107744	0.0974589588950096	0.108993070717904	0.0406527845003328	0.0362511667402891	0.0450254009513124	0.0417232015232956	0.0386975797182954	0.0449622591458448	0.0191393914270219	0.0180753661161602	0.0202331297393009	0.0208667330715254	0.0188665277575331	0.0229748884972704	0.0125240598583088	0.010035491327394	0.0149518735049297	0.00389143328824569	0.00242216494492703	0.00561964892809869	0.00462532647176507	0.00231667299155225	0.00782647870056945
2012-05-15	0.193189159390766	0.183530451967786	0.202696040140754	0.140602540707671	0.128184664628253	0.153126564097476	0.127377174872919	0.117605092919262	0.137202607321401	0.0958291340818933	0.0888753208154553	0.102742249531938	0.19149473183601	0.179376927922329	0.204125560395165	0.103153018740887	0.0975064324685642	0.10913963237206	0.0403542336823873	0.0358760180885361	0.0447216660016372	0.0417469332184103	0.0386702539389936	0.0449606289786644	0.0191418218654591	0.0180815011705514	0.0202290565360148	0.0208480718490405	0.0188744617308787	0.0229617640627863	0.0125117205148232	0.00999215049063152	0.0149764620232262	0.00388125422856873	0.00242991300006868	0.00560667505389253	0.0046363839598895	0.00234768085922068	0.00783082446187404
2012-05-16	0.191918579682807	0.182181606936998	0.201074547846184	0.141694332458403	0.12925742855305	0.154344265934463	0.128631866805524	0.11874639344656	0.138320013445598	0.0961427566810857	0.0891657437820294	0.103228030509951	0.191237918644769	0.178785529327125	0.204018395796477	0.103197001362505	0.0974310972587286	0.10926923104155	0.0400558510740918	0.035644239509441	0.0444034007917413	0.0417624804061694	0.0386734288152534	0.0448911681723229	0.019144601851442	0.0180676008361184	0.0202614595750213	0.0208240563845375	0.0188086329997003	0.0228677796782491	0.0124999025411873	0.00997763908333411	0.0149499779084822	0.00387698617304682	0.00242992926709136	0.00559799971489894	0.00464806743075038	0.00236020246581085	0.00781808544223659
2012-05-17	0.190691279488044	0.181116691773125	0.19987102145997	0.142769461376351	0.130455790594159	0.154915423571533	0.129932819327182	0.120389227090339	0.139836088327725	0.0964024964601893	0.0895577755214863	0.103529471394705	0.190987159022526	0.178789882081923	0.203336135210026	0.103230130873062	0.0974614368408406	0.109382705130754	0.0397388289444806	0.035400654917015	0.044070929358581	0.0417708500416317	0.0386320457149228	0.0450144489501075	0.0191435109046235	0.0180590005176243	0.0202284623540703	0.0207962000128426	0.0188131304485003	0.022807186588587	0.0124905431086826	0.00998830532185822	0.0149364702099512	0.00387281423358769	0.00242499865961127	0.00556994324542659	0.0046659363497481	0.00239816919660344	0.00786641777927937
2012-05-18	0.189457859494093	0.180044449635451	0.198526434926575	0.143939907760093	0.132106911209289	0.155414753415493	0.131311718319918	0.122031844913286	0.140790837139019	0.0966562017298186	0.0897948712379055	0.103734937514348	0.190843838341377	0.179385892019239	0.202331227538743	0.103282059017074	0.0976342725277673	0.109203568486849	0.0394180171989414	0.035044241584154	0.0435729135372492	0.0417806619435345	0.0386638680538654	0.0450038561195398	0.019148817806255	0.0180833293386258	0.0202531624205488	0.0207781633297295	0.0187814143438071	0.0228776156550554	0.0124809608885347	0.00996895186693696	0.0148833407279115	0.00386448962260064	0.00244171879053067	0.00556313571596026	0.00467701627705843	0.00246270862676369	0.00775391961859217
2012-05-19	0.188183047024347	0.178632988999993	0.197079069993382	0.145307700054702	0.133453138717705	0.157076859986406	0.132473676957687	0.123240045582061	0.141854508971963	0.0968139471156815	0.0899518010418612	0.10397031635955	0.190350255376237	0.178444186956383	0.201653754116614	0.103379948072004	0.0976685905395835	0.109273677325856	0.0390621538727749	0.0347122438250033	0.0432254212784171	0.041824506791337	0.0386974163439448	0.0450070383961981	0.0191526004326818	0.0180850273047853	0.0202642183358787	0.0207493831109221	0.0187371310827335	0.0228286703165143	0.0124925446244422	0.0100155743945834	0.0149358476896394	0.0038591591778623	0.00243650607900744	0.00554945447047922	0.00468794632565753	0.00249685316446285	0.00770915813915309
2012-05-20	0.186918083849856	0.177597586364828	0.195852975073046	0.146688732680204	0.13555191674164	0.157905397188946	0.133567145564954	0.12426344816627	0.142918826041506	0.0969823593251386	0.0903289492745065	0.104141567947504	0.189871256023803	0.178706924037674	0.200810422787416	0.103463490661581	0.0977787810725882	0.109210267096401	0.0387224584609942	0.0343122410035042	0.0429144928387779	0.0418671501676044	0.0386830651241247	0.0450302625130578	0.0191562288024179	0.0180806371507852	0.0202700095129159	0.0207249039946428	0.0187187807736199	0.0228176819139323	0.0124989046440843	0.010038852784334	0.0149591330637989	0.00385239526181248	0.00243579548364269	0.00557439141722832	0.00469864222537099	0.00249741335125169	0.00766378942927471
2012-05-21	0.186422812236174	0.1768220556556	0.195609748371844	0.146012888634938	0.133860876864538	0.158555614706508	0.134213839988221	0.124417980337806	0.143732553146827	0.0969787995753058	0.0900509738792019	0.104238893186049	0.190063255288695	0.178452918371496	0.201424479411703	0.103461292671522	0.0976067564662382	0.109344097022652	0.0388442539323922	0.0343975866025437	0.0431356119700463	0.0419038996826216	0.038697833171763	0.0451650925365022	0.0191583328356322	0.0180861759893302	0.0202551955371377	0.0206959375632512	0.01869997700768	0.0227687492636318	0.0125088468424888	0.0100139121635546	0.0149515807300658	0.00384760316190402	0.00243553849156463	0.00554472279119263	0.00471018528537858	0.00255563688591348	0.00768294649238751
2012-05-22	0.185913104412116	0.176230683928217	0.195098757609106	0.145413802639296	0.132711992430514	0.158263252390478	0.134873588694704	0.124986777252346	0.144695385441159	0.0969823701974177	0.0900527685280258	0.104174268239155	0.190266633437523	0.178433570513122	0.202099892772414	0.103457637720969	0.0977435746601081	0.109440078649255	0.0389607873859253	0.0344853815795431	0.0432313722600577	0.0419385907346744	0.038758230192245	0.0451585092987102	0.0191579242185082	0.0180853340872511	0.0202665995868645	0.0206627475845833	0.0186877158316566	0.022757615372659	0.0125175504497203	0.0100227555293546	0.0149947592041374	0.00384314288620487	0.00246544208325288	0.00552726972694975	0.00472064017913538	0.00260480906662278	0.00768341664223799
2012-05-23	0.185431598062782	0.175590296917947	0.194738403059676	0.144724234479568	0.131882802736954	0.157595124414627	0.135480857917442	0.125663827954167	0.145298020997893	0.0969461006829393	0.0902559893313598	0.104278178708783	0.190469740380021	0.178752955470377	0.202449245724004	0.103454820346515	0.0975934880766056	0.109220678079315	0.0390869606362768	0.0346441283016238	0.0433740930793979	0.0419839645141025	0.0388456418108247	0.0451424986443952	0.0191611883869673	0.0181029669620672	0.0202460833624166	0.0206376233417302	0.0186847859693782	0.0226734647643237	0.012514179986201	0.00998525310051121	0.0149793847992726	0.00383828159946822	0.00243452294286155	0.00553140444605847	0.00473418065964077	0.00261953305271952	0.00760053196232056
2012-05-24	0.184901996680793	0.1752888096714	0.194096500425058	0.144018632028444	0.131567076309999	0.156569461299018	0.136097904778862	0.12659696214859	0.145719229691478	0.0969205337247898	0.0902568912270451	0.104190915220023	0.190742872487945	0.179102839576297	0.202825154232824	0.10343932360294	0.0976758279554111	0.109346497185196	0.0391879019024373	0.0349792275268819	0.0434135848664283	0.0420258727810179	0.0389182572811006	0.0451382137533394	0.0191607319402867	0.018100319172954	0.020243591798484	0.0206088567342803	0.0186562946781538	0.0226421251437868	0.0125207233685013	0.0100142973574456	0.0149718105642959	0.00383617323575342	0.0024422358253388	0.00549484226532921	0.00474864731644041	0.00265200093310486	0.00754172663634838
2012-05-25	0.18444796790075	0.175053959714731	0.19349081878496	0.143305443963085	0.132075731863451	0.154511752693274	0.136728328500587	0.127760293070421	0.145923559852106	0.0968946612373739	0.0902659891259796	0.104041053015053	0.190939314534642	0.179929119592298	0.202213871351605	0.103461804164873	0.0977642136772522	0.109037157683446	0.0393039815147844	0.0351263021441907	0.0435336511563693	0.0420680988411334	0.0389540679439775	0.0451940778598365	0.0191629902090055	0.0181455873640083	0.0202522846302537	0.0205822483903843	0.0186249877070297	0.0226157169343338	0.0125393539562437	0.0101293690621011	0.0149263228475496	0.00382899207867555	0.00241888292023563	0.00547177643609651	0.00475301210666286	0.00267724068302784	0.00756982427712506
2012-05-26	0.183804418685438	0.174374234367244	0.192621830024249	0.142544997890258	0.131152620190458	0.15355333201303	0.137749935545984	0.128844094741968	0.147244448924308	0.0968257570476483	0.0903650641704536	0.103887730248275	0.190675274690281	0.179631265717608	0.201759835655815	0.103392688142927	0.0978891794099224	0.109124685733581	0.0393986477819784	0.0351471202828697	0.0436802048737682	0.0421223827885846	0.0390261333408316	0.0452595136958891	0.0191631431021762	0.0181399550357127	0.0202388414910357	0.0205613142452584	0.0185793864109646	0.0225833977385009	0.0125371726513574	0.0100637219095778	0.0150241365816266	0.00382154749750941	0.00241306166807806	0.00544140961325728	0.00475807385936653	0.00271238659130756	0.00752596985898396
2012-05-27	0.183262579863629	0.174318363546896	0.191934932729111	0.141729958873566	0.131189281948976	0.152073454710668	0.138736142079477	0.130004316037537	0.147655820811088	0.096782985193886	0.090460147532304	0.103530062250175	0.190563670126874	0.180173646270195	0.201108708056112	0.103324974434905	0.0978588796609052	0.108998725008799	0.0394637652496536	0.0353334565747065	0.043644279082035	0.0421697969183563	0.0390549957805768	0.0452950724778213	0.0191676130209236	0.0181435681571115	0.0202722178867732	0.0205374154946142	0.0185475558645578	0.0225664000935834	0.0125518705210077	0.0100341807432283	0.014993201783662	0.00381345234226956	0.00238204201131813	0.00545678011139686	0.00476501406906159	0.00275216039543341	0.00748468476079583
2012-05-28	0.183554394926232	0.174421648173109	0.192485882944537	0.140292615090632	0.1296670606754	0.150752241933054	0.138767271331025	0.129949616703707	0.147798349011662	0.0967291513733185	0.0903599308918968	0.103557309314671	0.190436054170736	0.179767972279461	0.201215851365492	0.103309502538046	0.0979182016739172	0.109049480565311	0.039518451084591	0.0353510802374603	0.0437257018316242	0.0422149935812158	0.0390977796020762	0.0453970733971211	0.0191680199650769	0.0181406315341269	0.0202825271715818	0.0205086310422801	0.0185620621273596	0.0224813186494767	0.0125563688191017	0.0100782076806899	0.0149537822964504	0.0038053487862462	0.00239618292736853	0.00541343756684117	0.00477514902769064	0.00273805383984306	0.00748905639264856
2012-05-29	0.183610751547239	0.174188548085972	0.192662778990202	0.14009951939157	0.128340225055987	0.151783683817149	0.139154854872911	0.129918708087863	0.148363537366874	0.0962888841244133	0.0898623062436559	0.103175685374734	0.190731504592761	0.179151895736429	0.20245407626588	0.103233169324738	0.0976992554343861	0.109155345025904	0.0395251893484977	0.0352925109630983	0.0437883486264354	0.0422683256272407	0.0391307082297289	0.0454058912013077	0.0191716513230166	0.0181450597945943	0.020291633160681	0.0204806071642278	0.0185255358847678	0.0224815750911301	0.0125465908077129	0.0100784929164944	0.0149961816850543	0.00379957755701247	0.00240981328219673	0.00541597419359248	0.00478534587576265	0.00279520812980865	0.00743913064754313
2012-05-30	0.183789996085553	0.173931651381988	0.193148324675978	0.14000069276704	0.127181401408198	0.152422481000101	0.139580462250999	0.130097004097718	0.148953229780772	0.0958554593273485	0.0894809761749638	0.10254031691559	0.191031412616656	0.178972665608287	0.202994063689448	0.103143340097552	0.0976492093445063	0.109036791155735	0.0395397809711518	0.035155023235166	0.043958242640309	0.0423165328862598	0.0391721509762038	0.0454560675128525	0.0191732743007904	0.0181680942586747	0.0203099080839183	0.0204618359281724	0.018514172212997	0.0223939771874824	0.0125350260583576	0.0100419757283146	0.0150546707734389	0.0037930935014155	0.00239682187845418	0.00539572735207267	0.00479059189241613	0.00278686587198906	0.00746291434736532
2012-05-31	0.183876352459513	0.174018185866819	0.193257704000646	0.139914468526336	0.127250046594124	0.152442965590891	0.139961255551358	0.130615312775622	0.149439393944504	0.0954039964788112	0.0889690899559925	0.102046918238838	0.191331558209045	0.179443607065343	0.203175945770383	0.103074087359321	0.0975628364523467	0.109032712962364	0.0395455025006322	0.0350897995200624	0.0439462312216527	0.042361172186645	0.0393060325138759	0.045508624126956	0.0191732726661482	0.0181638706724743	0.0202979887706801	0.020443964073157	0.0184922640729394	0.0223580128745613	0.0125232580125905	0.0100411398976097	0.0150437890270349	0.00378428684284517	0.00236359399834541	0.00533756083458034	0.00479692626623458	0.00284958187804483	0.00744485763607286
2012-06-01	0.184025091911806	0.174335543871214	0.193416714598762	0.139831993853277	0.127959807554354	0.151729917989876	0.140394545647663	0.130893386437041	0.149960382389895	0.0949690540108835	0.0886054935223337	0.10164704143921	0.191542944414964	0.180067625162178	0.202850389541979	0.102982674337064	0.0973640296221867	0.108785353606495	0.0395663440860526	0.0353185730945252	0.0438190561757738	0.0424315767439096	0.0393579180973728	0.045561506759221	0.019179978184952	0.0181943241389044	0.0203045700075023	0.0204234883680612	0.0184576464745437	0.0223145679762526	0.0125002792090072	0.0100244114589378	0.0150140848980145	0.0037845941903713	0.00237819905553179	0.00532491967891267	0.00480488085427136	0.00288912308676444	0.00735384432860815
2012-06-02	0.184159953676766	0.174928723908947	0.193099005324936	0.139638873787138	0.128850516620913	0.150701111243327	0.140804429462776	0.131500676986595	0.150303866012468	0.0945391723428691	0.0883186678585025	0.100918408164639	0.191847042243446	0.180747621820578	0.202787327357612	0.102881294328073	0.0974018196167066	0.108709307783275	0.039585427820923	0.0354349347511794	0.0437321398865968	0.0424807396156827	0.0394036488188586	0.0455796158926763	0.0191840057745925	0.0181878410585027	0.0202994831152846	0.0203973656914257	0.0184262395864923	0.0223153775583481	0.012492857859032	0.0100492826321582	0.0150005021911088	0.00378134002599155	0.00237831631510241	0.00530502211154943	0.00481130631796128	0.00287825608356817	0.00727699002805303
2012-06-03	0.18379303575851	0.17466429311368	0.192694692782535	0.140062371753457	0.129246880393798	0.150903558746187	0.141496766207267	0.132219551684537	0.151057186991744	0.0942393697888826	0.0882395295781172	0.100667869405909	0.191722718036053	0.180470049647883	0.202649769524753	0.102830919462603	0.0974616608089322	0.108631436484817	0.0395931849465925	0.0354386324843671	0.0438187233653248	0.0425617575465789	0.0394469834374478	0.0456346513994068	0.019186135079291	0.0182064454265449	0.0203169650938273	0.0203760087900046	0.0183727447030853	0.0222945806213309	0.0124861132497076	0.00996922322462052	0.0150480859969501	0.0037779345582571	0.00236770971906499	0.00529774812690028	0.00481940749401173	0.00294376028782201	0.00736528068721065
2012-06-04	0.184036811765525	0.174438463986877	0.193302163893345	0.139399175480497	0.126806247297232	0.151864178714531	0.141769967238082	0.132435037865775	0.151514616738421	0.0936791059043069	0.0874885552337882	0.100278626219981	0.192568969386939	0.180633647049441	0.204444628498343	0.10280450589423	0.09733237091747	0.108535403194891	0.0395485034575263	0.0353704685917479	0.0438796844387234	0.0426368444701749	0.0394985862505389	0.0457032676023558	0.0191892392379157	0.0182068448690258	0.0203026753848904	0.0203476920462069	0.0183595177802025	0.0222575335591689	0.0124849974288399	0.00997150553211545	0.0150756979214541	0.00377570074506253	0.00235554664121145	0.00527793627243755	0.00482576185584865	0.00295797883661171	0.0072972507721588
2012-06-05	0.184267442153731	0.174714841545925	0.19346671507921	0.138783356935228	0.125716335555039	0.151716586913133	0.141952943879088	0.132238108775235	0.152105897424486	0.0930797946304034	0.0868689903070151	0.0996379606384245	0.193435798064316	0.181347942709291	0.205711912053856	0.102792474879916	0.0971661798328687	0.108440997383187	0.0394939720688725	0.0352558056298264	0.0438657429971847	0.042714599229594	0.0396073585667987	0.0456993015821449	0.0191912824667098	0.0181864349778251	0.0203247212455245	0.020321254385855	0.0182833009697809	0.0222200111052957	0.0124778081044568	0.00998161722943825	0.0151157469275119	0.00377108493694219	0.00238004624802701	0.00521123665275812	0.00484154203070956	0.00298756496656382	0.00725004429924553
2012-06-06	0.184497021293152	0.1748810772592	0.193546774577765	0.138153647825019	0.125096164750673	0.151590908773946	0.142192766397742	0.132070776875532	0.152151361520422	0.0924700784803805	0.0861381813862775	0.0991637514452339	0.19424202165713	0.182077048315843	0.206634607672542	0.102774802595256	0.0971099342019955	0.108502128603361	0.0395013871218634	0.0352990227069301	0.0438407151460839	0.0427920062921223	0.0396949814189238	0.0457913133838598	0.0191912826109725	0.0182010398860776	0.0203173618404341	0.0203003999271428	0.0182720165858858	0.0221932487322355	0.0124736044914413	0.009927972917684	0.0150935784867737	0.00376365334779578	0.00235615356507489	0.00524550824968779	0.00485239331529265	0.0030323107802839	0.00719465155799874
2012-06-07	0.184733240617173	0.17538526752014	0.193709718499178	0.137557400847109	0.124803661932475	0.150331798489404	0.142508448390895	0.133003144086937	0.152627333320941	0.0918602444711218	0.0856720265021783	0.0983671198239699	0.195071149378888	0.183141124252214	0.207079856733971	0.102745547491438	0.0971958337920258	0.108407099815301	0.0394581099102197	0.035357342406622	0.0438006800748333	0.0428789222242259	0.0397994327600404	0.0458528093336249	0.0191917310747831	0.0181996885011519	0.0203238749554545	0.0202757943608096	0.0182877569337972	0.0221828677913349	0.0124651678537766	0.00987494848439577	0.0150740120221805	0.00376081252018452	0.00237681823806354	0.00519362935203997	0.00486450352122492	0.00307689637985513	0.00715869545734773
2012-06-08	0.18501230291847	0.175734597222615	0.193779657108476	0.136964340691682	0.124523193353105	0.148973752017276	0.142778653751184	0.133183788061328	0.152441724093291	0.09123474041005	0.0850079240440417	0.0973630792683019	0.195859501787547	0.183990817989254	0.207478886642898	0.102717790777155	0.0973161144377283	0.108242743022054	0.0394291313997924	0.0353550703423553	0.0436737244568742	0.0429439475876816	0.0398745799672472	0.0459046013376436	0.0191926232806881	0.0182000312903403	0.0203093650602361	0.0202563651711404	0.018293897521069	0.0221543105714217	0.012447844234578	0.00995552901495622	0.0151142620853581	0.00375651066285652	0.00238239151794876	0.00519075996228572	0.0048781887762368	0.00311607313682447	0.00716265882588947
2012-06-09	0.185258687025446	0.176456026350408	0.193631580236375	0.136263185632681	0.125152473727336	0.14683540559028	0.143083774983736	0.133960208895566	0.151797596224962	0.0906242956720992	0.084692990689022	0.0965671448680923	0.19654441455175	0.185471133339102	0.207164858545874	0.102727160543628	0.0974426192613324	0.108094579396687	0.0393990188660933	0.0355258653940619	0.0433525507053245	0.0430289341901766	0.0399798994799969	0.0459552744994713	0.0191927697821754	0.0182008734913075	0.0203028304128231	0.0202340897118522	0.0183133435354865	0.0221403439859028	0.0124346500459817	0.00991013144278367	0.0151157770887554	0.00375403164089905	0.00236864824902255	0.00519214990660891	0.00488831225078979	0.00313763728091315	0.0071116759479915
2012-06-10	0.185416759726157	0.177307221689805	0.193373384108836	0.135713943782977	0.12679054721244	0.14439108829893	0.143429008786696	0.135461067997222	0.151519795023277	0.0899954580764262	0.084438441921582	0.0955082244562917	0.197320764350513	0.187638298188062	0.206745167858102	0.102690383545597	0.0975267735567042	0.107848909200215	0.0393597883957022	0.0355655195418729	0.04319977198337	0.0431028494261221	0.0400888020930939	0.0459862698004652	0.019194030713034	0.0182037341943166	0.0203078415994555	0.0202108008241284	0.0183023202952683	0.0220785597594269	0.0124262500689671	0.00993959542510202	0.0151104802293158	0.00375369801380996	0.00235454014196094	0.00517374283422496	0.00490308726292224	0.00323153711482292	0.00708145884600867
2012-06-11	0.186668306661753	0.178204597227935	0.194649806085369	0.135891909737874	0.12556656965498	0.146493775188901	0.143203731685297	0.134653159142405	0.151946338225649	0.0893101124400732	0.0836784892094594	0.0951261918463685	0.196872702535858	0.186226957819438	0.207631320006483	0.102707547776642	0.0974703120146974	0.107896401481099	0.0392300136822747	0.0353432023651846	0.0431939397830151	0.0431972899224788	0.0402771216496264	0.0460951081678933	0.0191956594188838	0.0182015465512977	0.0203196643033103	0.0201964071893092	0.0182663116274036	0.0220148392067408	0.0124159616390546	0.00998491396611943	0.0151029045233775	0.00374913402960317	0.00235165450907578	0.00516099858898804	0.00490945970238024	0.00328183709608048	0.00704509287125068
2012-06-12	0.187979393279356	0.17944566513978	0.196373274836801	0.136035425727487	0.124568845643304	0.147661242274759	0.142948589644871	0.134299432028046	0.15196545377329	0.0886050475153157	0.0827593464769254	0.0945856631812313	0.196358568745707	0.185202806185668	0.207431658606193	0.102739480617232	0.0976106069223272	0.108042005330664	0.0391012081610605	0.035240469669161	0.0430363625412463	0.0432954794448636	0.0403896619827715	0.0461149042776131	0.0191970422098893	0.0181832087993559	0.0202980939374478	0.020177843652861	0.0182638294231272	0.0219968462678157	0.0124083464424597	0.00997406908470907	0.0150469572205328	0.0037483912213234	0.00234435637332655	0.00513555945280417	0.00492444965438973	0.00332987568516915	0.00701192348382693
2012-06-13	0.189275027921828	0.180800898227245	0.197640874277461	0.136185587469371	0.124455730725883	0.147986687394645	0.142597501711831	0.133969903221144	0.151602098424878	0.0879207371956823	0.0820789109223911	0.0937275605673765	0.195855230409762	0.184431771823574	0.206760826713936	0.102768958183735	0.0976133938891618	0.108043466804754	0.0389705764195591	0.0350816737020916	0.0429183335379799	0.0433944927761352	0.0405370632986402	0.0462693246945839	0.0191995736708255	0.0181770338354914	0.0203166194548269	0.0201675296613742	0.0182572339164067	0.0219817426781828	0.0123977749579944	0.010031249486583	0.0149577813386177	0.0037440278373165	0.0023536961857526	0.00509588308402372	0.00494206393257633	0.00338382479050609	0.00695859513491073
2012-06-14	0.190537782936169	0.182402239626429	0.198807222999583	0.136313491637316	0.124791887232985	0.147542048416238	0.142285146595654	0.133687100627047	0.151174709049439	0.0872161428662143	0.0814078492066149	0.0929726505019973	0.195403022010033	0.184208761133959	0.206286830053834	0.102810751920559	0.0976288846167021	0.10800532074211	0.0388254623354666	0.0350205741398072	0.0426785654608347	0.0434947797220363	0.040624324055532	0.0463303013806843	0.0192019910144605	0.018195240554655	0.0203028780774407	0.0201484413647867	0.0182424918481655	0.0219144252441506	0.012399308940423	0.0100808754685431	0.0149589872065313	0.00374200245128476	0.00240154201800446	0.00505473649391473	0.00495713918141022	0.00342747928669814	0.00693953080006713
2012-06-15	0.191814530074187	0.184055489256067	0.199709396832963	0.136438152567262	0.126218647672939	0.14657200833529	0.142056792208676	0.133685562776492	0.150279155467753	0.0865113895433421	0.0809820570820825	0.0920338153427937	0.194991378290663	0.184350022992785	0.20501706426826	0.102838151437438	0.0979146269928883	0.107978779613353	0.0387319277120923	0.0350485258519001	0.0423995366921538	0.0436006545839403	0.0408058347206666	0.046409724661007	0.019206183177251	0.0181974756895271	0.0203087048816843	0.0201270355872895	0.0182146580174303	0.0218683793494227	0.0123911871950609	0.0101161872721843	0.0148220323710799	0.00373750648425232	0.00243827574067162	0.00501525449135687	0.0049687096583914	0.00347567915209105	0.00688775746670576
2012-06-16	0.192516886670375	0.184653913556629	0.200000079859286	0.136427155926844	0.126631065662364	0.145877057602666	0.141447087503541	0.133229784010464	0.149454765112971	0.0861316542335146	0.080586067861656	0.0914333233390934	0.195130999361034	0.18506610350738	0.20522875615399	0.102925680380051	0.0979350278736084	0.107801131481866	0.0387067219322544	0.0350703907459502	0.0423921053533964	0.0437127349042264	0.0409348347696104	0.0464952413947347	0.0192067205870868	0.0181938865761284	0.0203034051773936	0.0201184942704978	0.0182891495870396	0.0218340463958899	0.012398157700935	0.0100653539314124	0.0148635065576811	0.00374076541943449	0.00248504867239642	0.00497950068487278	0.00498334690920719	0.00351367042991906	0.00685660299520241
2012-06-17	0.193166723656033	0.185757887940477	0.200512704045364	0.136376509108556	0.128397228069989	0.144394203143417	0.14084515485592	0.133436716897467	0.148307630302527	0.0857567305747503	0.0804943534610296	0.0908689742104474	0.195364763369166	0.186061647974545	0.204258557305155	0.103008612947184	0.0982624947487333	0.107638744267207	0.0386652827885001	0.0351109544915972	0.0421742113359728	0.0438202758490964	0.041148106251064	0.0465345203955231	0.0192129413485298	0.0181965695150764	0.0202969159527443	0.0201149130613834	0.0182901743871151	0.0217967294199538	0.0123975350201114	0.0101195202838324	0.0149054842722472	0.00374264871441361	0.00251459385371142	0.00494747696242387	0.00499812335773526	0.0035529467078639	0.0068215638600278
2012-06-18	0.193942641253516	0.186185198439189	0.201766462359265	0.135746554397518	0.126043088414004	0.145520554552357	0.13956237696526	0.131800092407068	0.147562695880475	0.0859709083980597	0.0804336470051737	0.0912786480657562	0.195759678933594	0.186008036543671	0.205543196867862	0.103113416491675	0.0983117463461404	0.107893523189094	0.0384582749515643	0.0349194763360268	0.0422027764018742	0.0439287408752435	0.041209746500302	0.0466743186239655	0.0192165282848969	0.0182198210351255	0.0203308526780341	0.0201089552204906	0.0182895792310828	0.0218034241605028	0.0124025987391675	0.0101671320294655	0.0148178625504925	0.00374618238494744	0.00252029732525985	0.00491541364146778	0.005017566970846	0.00360228341001299	0.00682376780734865
2012-06-19	0.194682901277083	0.186931028519955	0.202789815007756	0.135094872375759	0.125165371174335	0.145439359574709	0.138186716784769	0.130183899772536	0.14612470630488	0.0861769130410874	0.0805567657735367	0.0916868968293205	0.196136884331054	0.185962541921486	0.20650755856739	0.103187033770966	0.0983966790815772	0.108052872582859	0.0382400170929367	0.0346554267882186	0.0420619753614371	0.0440340430913041	0.0414303076840943	0.0468171545806869	0.0192193322646704	0.0182164477408489	0.0203253490947097	0.0201155622633316	0.0183244723352861	0.0218111452642342	0.0124018778902922	0.0101925458620034	0.0147766053782441	0.00374939107418517	0.00257802698018783	0.00491941202204098	0.00503624117887018	0.0036397780885114	0.00673014221819795
2012-06-20	0.195379358914596	0.187584468622687	0.203480502179146	0.134621133014061	0.124625751184218	0.144553691370048	0.136845711282977	0.128967392649956	0.144732625670841	0.0863992784354992	0.0807374866585891	0.0919104815438564	0.19648487242365	0.186040445244048	0.206618781659913	0.103306105744282	0.0986726279448256	0.108124626574287	0.0380356632975571	0.0344408466968589	0.041761563494984	0.044128364221238	0.0414959593636297	0.0468620799332561	0.0192245780455619	0.0182402740445112	0.0203335484248713	0.0201133534710472	0.018331350267707	0.0217868530453798	0.0124084972858933	0.0101801830639353	0.0147246971906454	0.00375292164261529	0.00260717607445865	0.00490495866722807	0.00505227068742245	0.00367872758535473	0.00676392667556168
2012-06-21	0.195558264550596	0.187490612611342	0.203918379213788	0.134506051527162	0.123748215549069	0.145188803647501	0.136892124544853	0.129017739546317	0.145063669170353	0.08606211845218	0.0802241632704178	0.0914985083647681	0.195803776834707	0.184947299854413	0.206071885061109	0.103603133984732	0.098734319362674	0.108522326572236	0.0379830976268957	0.0343632027157264	0.0417890739550645	0.0442680808542071	0.0416856130286294	0.046962005318095	0.0192278832673949	0.0182603279577869	0.0203497702069556	0.0200990896339268	0.0183375574778773	0.0217475010332567	0.012391871581315	0.0102141783857454	0.0146959788476867	0.0037670808723453	0.00264807858626082	0.00489550609287009	0.00505533827687366	0.00369356275735968	0.00672165647756926
2012-06-22	0.195753458230777	0.18769426526653	0.203787191646836	0.134349849815725	0.12356586125164	0.144736164224503	0.136784159111603	0.128630151732164	0.144825529578857	0.0857310534168174	0.0799385825435639	0.0910871837635913	0.195126370823811	0.184588150401394	0.205374200657115	0.103903702462816	0.0991754080641686	0.108933348650117	0.0379526147968654	0.0342961810337325	0.041705916983612	0.0444114981207481	0.0418882625686745	0.0470750661047728	0.0192340583520723	0.0182659126686595	0.0203567904404512	0.0200848679635399	0.0183268596587052	0.0217183962964592	0.0123842022864038	0.0101868746062345	0.014642107048524	0.0037842442331483	0.00268604877976802	0.0049121763062241	0.00505069228707561	0.00372477045946556	0.00666687774234033
2012-06-23	0.195908467115665	0.188071554991888	0.203834456591974	0.134394368313665	0.124458993505229	0.144263500717875	0.136687093750251	0.12896877218585	0.144360168597655	0.0854009580207041	0.0798996358123018	0.090520017930238	0.194413024429421	0.184673318609611	0.204049761660708	0.104197329201994	0.0995524920329453	0.109092354089677	0.0379141475634631	0.0343657892784119	0.0416546766585571	0.044552930769771	0.0419907473938465	0.0473649210020839	0.0192363887211408	0.0182682671513552	0.0203403601553498	0.0200645805335552	0.0183195692527634	0.0216958709242705	0.0123656368927584	0.0101897419455541	0.0145898335225944	0.00379708194580849	0.00269405780563046	0.00494179618108068	0.00504923512834475	0.00373603104492811	0.00662760475578416
2012-06-24	0.196117512469684	0.188836691211507	0.203398390905592	0.134286847139538	0.126032771303695	0.142363869493803	0.13662087167625	0.129610409006117	0.143849132079304	0.0850607386272482	0.079844995891517	0.0899296484624402	0.193841352431048	0.185196247286941	0.202477968672684	0.10452118379346	0.100034787465842	0.109382792864403	0.0378642949189194	0.0344199128519502	0.0414046319101749	0.0446860032693904	0.0421257790913791	0.0474102988186081	0.019241959517823	0.0182845194162327	0.0203074292791529	0.0200514389495409	0.0183408257478769	0.0216685471680892	0.0123431073363254	0.0102622528330302	0.0144914294944488	0.00381234322636711	0.00270866656925407	0.00492325809966334	0.00505306846686115	0.0037740894997235	0.00656567531372011
2012-06-25	0.196563884013884	0.189031676656552	0.204131654562137	0.132145249815145	0.122520627937136	0.141336534297582	0.135481548779209	0.128387267617598	0.142932227983965	0.0857277541394468	0.0804759282154215	0.0907772320880775	0.194728318305762	0.185616180787378	0.203843320309982	0.104621436528874	0.0999277612581004	0.109552605642453	0.0375095047938965	0.0340344777451813	0.0412171048045125	0.0448734918424935	0.042340661886608	0.0475865108401183	0.0192481950723113	0.0182955538801587	0.0203188014853372	0.0200360054003486	0.0182815451235656	0.0216815929997654	0.0123203888526176	0.0102374912095152	0.0144996630650133	0.00380975381339903	0.00275202957685387	0.00492271071786984	0.00504283352453165	0.00375964376386404	0.00653068656012727
2012-06-26	0.1970271096088	0.189589335162606	0.204766046628511	0.129997279524158	0.120385854324002	0.139540364276519	0.134361996833757	0.127211619173784	0.141924805133925	0.0863940977715932	0.0811954846496136	0.0914958509812241	0.195668828860518	0.1862549168699	0.204900340178491	0.104740139670435	0.0999544612319618	0.109756378004026	0.0371662796319078	0.03375507103201	0.0407721985111993	0.0450686508365923	0.0425770398203302	0.0477890961150741	0.0192506261963926	0.0183017669121686	0.0203086821078784	0.0200279066573339	0.0183021437946472	0.0216572458157011	0.0122973242836884	0.0102083499244425	0.0143990925852126	0.0038001952162519	0.00273371653862088	0.00489388475567681	0.00502464274834504	0.00374243200891642	0.00644759025383885
2012-06-27	0.196503965600174	0.188803252656094	0.204226263004575	0.129588925609171	0.119278148001125	0.139840301143899	0.133941399852126	0.126171416804896	0.141841898293675	0.0869294223676919	0.0815589669604491	0.0921463908153417	0.196813398682097	0.18698645511445	0.206858482653247	0.104727584950096	0.099986903553962	0.109855000280229	0.0368378212601725	0.0333302641328756	0.040499851976894	0.0452452693592964	0.0427524632794569	0.0479725285008701	0.0192624904735099	0.01832009500698	0.0203398329270797	0.0200293810633272	0.0183409497712016	0.0216747251735706	0.0123189750612967	0.0102674902238559	0.0144255602856337	0.00378991396747832	0.0027086963864941	0.00488166952653507	0.00501783592571007	0.00376960820518508	0.00643396304848558
2012-06-28	0.195998646963407	0.188301891703879	0.203835383776488	0.129233108961583	0.118685221426348	0.139729344033771	0.133458068688071	0.125684371565308	0.141491317758511	0.0875032560575309	0.0822019070491582	0.0927505438851279	0.197938493607758	0.188084934991468	0.207874169981631	0.104709116195084	0.0998564662999692	0.10976170892027	0.0365131978334113	0.0330010402696043	0.0401083106023385	0.0454178112780977	0.0428618646978598	0.0481020375134572	0.0192744059155605	0.0183185900804855	0.0203410107116206	0.0200269272672721	0.0182843873966938	0.0216782362324802	0.0123349549694419	0.0102588133989398	0.0145072199024696	0.00377872752677264	0.00272080035627651	0.00487820214862641	0.00501534398232685	0.00380450141564114	0.00639320667809633
2012-06-29	0.195449674179716	0.18787706746519	0.203245212958681	0.128832170937736	0.119172350690993	0.138519610924179	0.133019494281227	0.125642988547289	0.140778322111417	0.0880910696801924	0.0827593396261062	0.0933644072525212	0.199068329667854	0.18973945508857	0.208365469746079	0.104699626768608	0.0999795374146746	0.109806979165526	0.0361668915865332	0.0328309840671357	0.0397666189786472	0.0456028425570975	0.043042445352819	0.0482524020880406	0.0192846325037584	0.0183347464167381	0.0203516505259194	0.0200242908857196	0.0183422383407772	0.0216446225765317	0.0123447896386872	0.0102540990660224	0.0144507516181337	0.00376597430936552	0.00271193911945765	0.00483168941650258	0.00501016911139916	0.00381781623800277	0.00639013360935259
2012-06-30	0.19482311326932	0.187071464320008	0.202298336114613	0.127872777288735	0.118959291462838	0.137167539019672	0.132921845808896	0.125691508476085	0.140588192270737	0.0886098706681888	0.083391290745706	0.0939843949483328	0.199714602801835	0.190460856111639	0.209116355782107	0.104815856612405	0.100122165434226	0.109859123389483	0.0358833733276818	0.0326338519451504	0.0393813306742353	0.0457634547565092	0.0431494492868337	0.048441998242686	0.0192904218540266	0.0183586004359708	0.0203406574833164	0.0200240035725354	0.0183789479765112	0.0216560428121668	0.0123164372396812	0.0102413828914193	0.014439185715759	0.00375593885653858	0.0026925105065635	0.0048009660394498	0.00500002594158039	0.00382319838812398	0.00635841130101763
2012-07-01	0.194248727866777	0.187012911575364	0.201267187971774	0.126882273417738	0.11904606002088	0.134453202996139	0.132826551530097	0.126250912188169	0.139875186688501	0.0891384948518918	0.0841548213161647	0.0940075786585532	0.200429492593836	0.191861374918631	0.208877404708627	0.104934920466638	0.100249086096107	0.109872227484221	0.035567511736211	0.03233731600546	0.0388971461209206	0.04591960723149	0.043358683359255	0.0485576846909767	0.0192988547290331	0.0183759895341335	0.020357457883549	0.0200348265812082	0.0183892713965293	0.0216563586751311	0.0123085470538447	0.0101854913559554	0.0144576334959025	0.00374882533997374	0.00268607577539628	0.00477904127725105	0.00499748957144542	0.00384527744435757	0.00636718793788404
2012-07-02	0.195914302890029	0.188534685326112	0.203270835597773	0.126941391103583	0.118034617689537	0.135829136392332	0.131400623516175	0.124222037848916	0.138934410199245	0.0895659966021359	0.0842860798256221	0.0946317652499885	0.200752308139573	0.191379411497636	0.209881968246152	0.10452090291747	0.0998500779459668	0.109564176712078	0.0348727447373489	0.0315275917848493	0.0382027080683215	0.0461160591314963	0.0435738348757691	0.0487856329487213	0.0193029594433075	0.0183799050358262	0.0203446657066055	0.0200162088981414	0.018358391843431	0.0215945157183801	0.0123025731368228	0.0102002444805728	0.0143847184610915	0.00374036927153095	0.00266900250439479	0.00480264318931306	0.00499370688012386	0.00384630311848728	0.00634116966621895
2012-07-03	0.197502085367514	0.190066861096833	0.204797759091718	0.127043493981689	0.117916208415107	0.136067107860328	0.129912771104364	0.122674912752873	0.13713038649145	0.0900343249692031	0.084774154214298	0.0952091193244102	0.200999237365982	0.191710751529971	0.21027626839518	0.104083716863683	0.0992815271043268	0.109126842520032	0.0342117964612862	0.0308835965304891	0.03760689219454	0.0462944333867532	0.0437686562343231	0.0489448902670518	0.0193054476094973	0.0183864334646924	0.0203532766684957	0.0200042292499731	0.0183460233638516	0.0215585195562922	0.0122871547863785	0.010202313933754	0.0142961703409859	0.00373148295515908	0.00267617241826833	0.00478346674860345	0.00499429265831301	0.00387281084491245	0.00631340964284237
2012-07-04	0.198662555072641	0.191074550078277	0.206274855348256	0.128284547318095	0.11807237463576	0.138231934560802	0.128174059844871	0.120707854399026	0.135917823231406	0.0906178242834069	0.0851119316368337	0.0957760182135267	0.201171250932115	0.19105422124364	0.211195763120936	0.103570245142899	0.0988750622351933	0.108561321736375	0.0336218895261419	0.030255014312958	0.0370079603680116	0.0464290567838939	0.0438939912199877	0.049102993084163	0.0193088464436534	0.0183846553360925	0.0203366239421695	0.0199902965870815	0.0183206826679779	0.0215772245575642	0.0122912579817165	0.0102558071120949	0.0143402062613303	0.0037171175607032	0.00264293189038548	0.00475431997086305	0.0049790791745972	0.00386021423795196	0.0062677355307672
2012-07-05	0.199834046651453	0.192096986620712	0.207317920666873	0.129561446127964	0.119130639397931	0.139752510188818	0.126507955216391	0.118980382078514	0.134160949793377	0.0911880193670615	0.0858475001302701	0.0964789300715206	0.201377036335887	0.191349637530063	0.211246585760084	0.103035409213654	0.0983781964584367	0.108015964802515	0.033063176689474	0.0296881435041727	0.036397518840606	0.0465741143859342	0.044003187390104	0.0493030782810262	0.0193096204054966	0.0183912067404947	0.0203260600392702	0.0199770392689314	0.0183107497416358	0.0215732191762892	0.0123021479853657	0.0102768670692139	0.0143536603606157	0.00370740586134151	0.00264757089354793	0.00472948145130163	0.00496304393636464	0.00386239731832716	0.00625132389156225
2012-07-06	0.201035123191036	0.193598036096124	0.208218918857293	0.130821640306943	0.120962834458969	0.140338489172789	0.124850462611994	0.117651772331746	0.132079868791934	0.0918089211860054	0.0865582517178198	0.0969717223122406	0.201564681643787	0.192297365212277	0.210853271995756	0.102517241415313	0.0980115488474306	0.107338183313694	0.0324637857703774	0.0292125329223697	0.035791875552192	0.0467027848165235	0.044168087274294	0.049414900902652	0.0193141463805324	0.0183991552478861	0.0203203022690262	0.0199618393537422	0.0183272614716579	0.0215490497489943	0.0122999923172451	0.0102268591691406	0.0142339161910555	0.00370148305590145	0.00264323539911305	0.00471261214085035	0.00495107717696641	0.0038826842575409	0.00618663987376615
2012-07-07	0.201693512642548	0.19450873676378	0.208715207349473	0.130711081656289	0.121409627939822	0.139822287780472	0.123793990013254	0.116635537108038	0.130738934771783	0.0924463499654779	0.0875458143713346	0.0974407032501851	0.201097336876023	0.191692461367371	0.210144804452084	0.102177372107009	0.0976799255451578	0.106999639829257	0.0319863460475979	0.0288109660527731	0.0351406774043699	0.0468754963665246	0.0443686888793108	0.0495420308223233	0.0193193121319713	0.0183871657636173	0.0203304060782367	0.0199415344761549	0.0183803305078776	0.0215084155546809	0.0123013550310402	0.0102716475606908	0.0142104223703087	0.00369458465054252	0.0026298075141438	0.0046968189818867	0.00493481453239549	0.00387430620116302	0.00614587918886633
2012-07-08	0.202447655787874	0.19543860729852	0.209141011387226	0.13060796882606	0.123059105455889	0.138469155962408	0.122685582793249	0.116266389687295	0.12909099915399	0.0930998345507187	0.0883878164198535	0.0979184617681871	0.200658257444622	0.192341044604393	0.208946152382657	0.101824704463116	0.0974626761489874	0.106446075725665	0.031488852071864	0.0285070864053474	0.034582369357844	0.047039040632745	0.0445413582179041	0.0496328071796176	0.0193196249120353	0.0183977752301131	0.0203392799538966	0.0199228157460908	0.0183499596272117	0.0214653964826774	0.0123040400010895	0.0103097392832609	0.0142015175860352	0.00369071807863566	0.00263015846198485	0.00467593121034142	0.00492195779335247	0.00386540406589499	0.00611239482429713
2012-07-09	0.203732246279633	0.196733400931673	0.210710887251166	0.130625195895443	0.122155981146151	0.139069250472319	0.121573345069815	0.11446060934496	0.128432226895351	0.0931429459508747	0.0883598019608584	0.0980629511200576	0.202060385400095	0.193172385260287	0.210958886416208	0.101132370146965	0.0967780153614426	0.105656555667562	0.0312228978135244	0.0280977631470266	0.0343473182889946	0.0471335482567282	0.0446458102830848	0.0498109584607624	0.0193206172974284	0.0183933399503955	0.0203332759639568	0.0198823666814787	0.0183024533904059	0.0214195231794574	0.0123155762769235	0.0103754907926429	0.0141972172901276	0.00368691630530074	0.00265462486976837	0.00464280586829594	0.00490901146853249	0.00386564621321961	0.00605019214403319
2012-07-10	0.205072463406631	0.198227988003889	0.211942160357241	0.13065673870219	0.122198266743256	0.139231573765932	0.120566226885594	0.113969649231851	0.127192764739772	0.0931838394843202	0.0883953359999224	0.0980901811994884	0.203496978196687	0.194568636427897	0.212383191544946	0.10042117845128	0.0961045851281716	0.104859161596139	0.0309468884640702	0.0279125254426792	0.0339889892027648	0.0472314361619421	0.0446969901261048	0.0498352386192523	0.0193209554229761	0.0184005867072364	0.0203257292016708	0.0198478040008793	0.0182871344542974	0.021408241068576	0.0123145569536619	0.0103990705492731	0.0140895945288611	0.00367804923841163	0.00265052053614747	0.00461982591371393	0.00489829142895182	0.00389091562171325	0.00604054605523614
2012-07-11	0.206533666598806	0.199754678335012	0.213449714055811	0.130198242996501	0.121553115854014	0.138802607068776	0.118944887154809	0.112235908416097	0.125639893478683	0.093619900768287	0.0887391447135322	0.0983692079500737	0.202967948595493	0.194204597376526	0.211797844158315	0.0997341022503147	0.0954076392091551	0.104106161792816	0.0310361517913534	0.027890846479897	0.0340787931088449	0.0472561388053297	0.0447588887933375	0.0498566869373306	0.0193215979153694	0.018395416299098	0.0203217319515469	0.0198533228984427	0.0182488600954139	0.0214462737974453	0.0123162325697515	0.0104446921469387	0.0140806289354149	0.00366994422338491	0.00266040211836107	0.00460516378099456	0.00489070764049064	0.00389642919093243	0.00599188213251532
2012-07-12	0.207970284168249	0.201381801936958	0.214681557528718	0.129828298582364	0.122482537213291	0.137403973666258	0.117286450492848	0.111093860752287	0.123297990326872	0.0940312182691034	0.0894753907364584	0.0983848267363165	0.20239329493601	0.1944763409152	0.210262163661358	0.0990649038578082	0.0948067021738238	0.103159375984916	0.0311089965253296	0.0282024814055277	0.0340552278103312	0.0473017645576328	0.0447899857644051	0.0497881326570798	0.0193221150572636	0.0184045274441685	0.0203128921606106	0.0198597193875485	0.0183033832676678	0.0214118203016892	0.0123297982931826	0.0104839058706491	0.0140540696309178	0.00366360678154859	0.00266393338949889	0.00463682447779749	0.00488297115369299	0.00388526035854001	0.00595850814667573
2012-07-13	0.208712074263529	0.202063197816479	0.215488038659944	0.130237140575504	0.12208056783595	0.138527696124987	0.11720413977636	0.110586644848328	0.123582747055242	0.0946542034485263	0.0898294968538392	0.099230493603096	0.202394236972744	0.194110575681554	0.210689335165359	0.098479046004412	0.0941946499997686	0.102630070715719	0.0309959968372641	0.0280247687687154	0.033951657078074	0.0473119490977961	0.0448007665522334	0.0498234402086578	0.0193245020713926	0.0184317580631906	0.020328941164087	0.019841200800453	0.0183195901915871	0.0214344209384603	0.0123923535942867	0.0106034963781014	0.0141477610083923	0.00365435716156998	0.00264743618324289	0.00459959201491781	0.00485310951840949	0.00386797911349331	0.0059162887037503
2012-07-14	0.209147709099531	0.202562852063227	0.216014890152472	0.130886166959415	0.122167451163286	0.139434382490484	0.116956598145619	0.110300166083636	0.123426888802708	0.0951481540985691	0.0904021246114803	0.099875500854202	0.202604700196407	0.194275587529497	0.21098225406007	0.0981248500010469	0.0938548540510934	0.102341418230684	0.0307076389789397	0.027708728674194	0.0335996721299561	0.0473863805946111	0.0449343030757189	0.0498849388619831	0.0193257456401878	0.0184356386555611	0.0203125729336737	0.0198127380664253	0.0182888063093254	0.021362733083305	0.0124379777286729	0.0106401973930072	0.0141487051848291	0.00364392877980072	0.00264978286029904	0.00458612738402333	0.00482700579909412	0.00385041768868552	0.00586136108890159
2012-07-15	0.209482127648339	0.202990499203216	0.216006901322491	0.131493993267068	0.124082969496117	0.138865169205592	0.116691721171288	0.110785078712587	0.122514772683719	0.0956316662949641	0.091128063908627	0.10019101606411	0.202884889637488	0.194972531311399	0.210729522977854	0.0977394348438787	0.0936648338695126	0.101850468093521	0.0304063126877019	0.02750408972299	0.0331765093390325	0.047449066182195	0.0450002932163672	0.0499177493264891	0.0193270655433329	0.0184420622401322	0.0203173286795074	0.0197885132138258	0.0182877055743441	0.0213428560823842	0.0124805399325243	0.0106879233214127	0.0142103643430227	0.00363737231969291	0.00265845433672805	0.00458171595554025	0.00480593944804949	0.00383874775600181	0.0058304334107209
2012-07-16	0.20992700217393	0.203296579882736	0.216590312653009	0.130438081094842	0.122090536809316	0.138739971672814	0.116225406601465	0.110040142345266	0.122585718203543	0.095699707075742	0.0911259571535274	0.100395003059678	0.205143991297643	0.196817575762988	0.213668604210821	0.0974712433281525	0.0932904940970475	0.101551564897488	0.0302011510427038	0.0273595190817615	0.0329531116137851	0.0474386984639314	0.0449941028963845	0.0498640370921745	0.0193245816978176	0.0184388421009945	0.0203036988657559	0.0197507672270572	0.0182359607701037	0.0212563888847381	0.0125320609648706	0.0107540086364436	0.01426381328955	0.00363136332767691	0.0026644663437254	0.00455763595158176	0.00476385046355073	0.00379011635775059	0.00572948028782751
2012-07-17	0.210379093449476	0.203705060547846	0.217114216881585	0.129412468102347	0.121746483891129	0.137010368048459	0.115777816822874	0.109499423187295	0.121905505173956	0.095779730274505	0.0912575152631109	0.100439421885635	0.207278674132818	0.198944089299632	0.215290435428058	0.097210819757129	0.0931780879570177	0.101398815902707	0.0299793409669556	0.027209737333518	0.0326556755920228	0.0474300035022661	0.0450273722356559	0.049897036230637	0.0193214829048253	0.0184161855159879	0.0202792620548515	0.0197089767674253	0.0182202616308446	0.0212253299671263	0.012596120114828	0.0108201199886988	0.0142898223781251	0.00362566514771173	0.00267781442141939	0.00455139787479145	0.00471850004522553	0.0037262297674351	0.00565324501789986
2012-07-18	0.211004889983085	0.2045303488381	0.217551813765208	0.129516824424426	0.122705361548873	0.136727828620741	0.1147754578769	0.109038456292947	0.120598068944197	0.0961481506610904	0.091690259871585	0.10071262137526	0.206953211302267	0.199104026799569	0.214721231836443	0.096944315993683	0.0928059272071649	0.101126256474789	0.0298723058684505	0.027062051079905	0.0325071889452777	0.0474266906783289	0.0450012568560165	0.0498229316360542	0.0193209274430615	0.0184203907194126	0.0202678372177682	0.0196913526544762	0.0182164585265517	0.0211786996952954	0.0127258032058498	0.010920439457206	0.0143970845323911	0.00361083964083671	0.00268834315372486	0.00451672346967488	0.00467527919957066	0.00375857295373322	0.00558748165200641
2012-07-19	0.210878407173269	0.203884262715303	0.217871766439661	0.128516803752324	0.119935761861163	0.137331316334309	0.114713252127954	0.108076720524627	0.121364435757157	0.0963505984754079	0.0917316520724693	0.101087774909963	0.20752166705453	0.198758852536003	0.216633198968429	0.0966684485343937	0.0922767976249225	0.100962054934412	0.0299950706704841	0.0270719609329162	0.0329172840831504	0.0474193810518694	0.0449955877189457	0.049907117533416	0.0193183508685387	0.0184062681986057	0.0202596177755634	0.0196892693035882	0.0181774315644456	0.0212138548722752	0.0128370170160354	0.0109800974208101	0.0145122360429057	0.00358242043149284	0.00261915744221688	0.00450780485387962	0.00467014001533507	0.00368369257216068	0.00562259668025009
2012-07-20	0.210688577374006	0.203559173827981	0.217833892044252	0.12757997514624	0.117919974115418	0.137254538812458	0.114701542221342	0.107829279664222	0.121513871479915	0.096541760255642	0.0917895464569906	0.101451167653893	0.207996600443624	0.1986515068449	0.21720168613279	0.096378008922669	0.0919755028806048	0.100744681680572	0.0301150615730934	0.0270121179176784	0.0330959970096802	0.0474300267594814	0.0449993961916876	0.0499930045289369	0.0193177865788194	0.0183976665813285	0.0202491350004734	0.019689620022113	0.0181539022792953	0.02119651588538	0.0129551168476019	0.0110777428062603	0.0146989698871821	0.00355652959599739	0.00260562151616323	0.00447888064165075	0.00466741824974951	0.00368820867360401	0.00564464091293954
2012-07-21	0.210536565054947	0.203665396532335	0.217526141638446	0.126578593491957	0.11749420795858	0.135587026421564	0.114652854624232	0.107858960830216	0.121276588397666	0.0967275082497284	0.0919074683934047	0.101581283119937	0.208531864165574	0.199324462997899	0.217653820522265	0.0961194332033357	0.0916780729321262	0.100548624579541	0.0302111448181212	0.0271517847175656	0.033109670494896	0.0474236398221049	0.044946316592969	0.0499450024149829	0.0193147053309213	0.0183971808499135	0.0202428631721974	0.0196955377644417	0.0181538179498059	0.0211830050110252	0.0130751391340584	0.01124491176233	0.0148167617211454	0.00352860371980283	0.00257896610909609	0.00445285202618108	0.00465551282917096	0.00369909236712647	0.00563468234095151
2012-07-22	0.21037748293167	0.203896996081874	0.216982224642414	0.125642254781023	0.118096353394178	0.132965039126795	0.114553749799332	0.108533499499316	0.120695150031019	0.0969385824800446	0.0922627884988066	0.101649542391934	0.209013677638868	0.200525248032568	0.217076665108512	0.0958556976602467	0.0915267773781066	0.100047351334925	0.0303084232754127	0.0274129564152382	0.0331368847229483	0.0474042362726658	0.0449743922384632	0.0499055695696998	0.0193143125771811	0.0183962343719193	0.0202460949469381	0.0197034169742968	0.0181903404980643	0.0211864725569306	0.0131903791829661	0.0113634480037834	0.0148859650647272	0.00350561957395258	0.00257218239947	0.00441809703135571	0.00464244936564612	0.0036822791687907	0.00559498617998762
2012-07-23	0.210507286963468	0.203841260523612	0.217377667957546	0.124220078377616	0.115957097067825	0.132650073619694	0.114509832565148	0.108027311011048	0.120862706763232	0.0969255925266168	0.0922314071782508	0.101635638044719	0.211443769238912	0.202875834635751	0.220169124679118	0.0955633802177695	0.0911409270395986	0.0998664374002303	0.0302518763314666	0.0272757078590101	0.0332440456118551	0.0473195198505267	0.0448798292978838	0.0498038642330976	0.019308671962521	0.0183668858002825	0.0202468335541981	0.0196990083239442	0.0182182092772722	0.0212042190511175	0.013310856868133	0.0114772700720248	0.0150426511648911	0.00348482510380934	0.00253460238034293	0.00439832927810689	0.00461699786361724	0.00364931212370719	0.00556600328508628
2012-07-24	0.210675618992246	0.204146978719198	0.217255781964622	0.12288775874339	0.115255365888399	0.130503065952496	0.114496896484462	0.108347946399578	0.120801036622866	0.0969242554093665	0.092174477833365	0.101585665183465	0.21387671396325	0.205644490936206	0.222312349783718	0.0952707156047913	0.0909346022469347	0.0995940303267985	0.0302013466326014	0.0273497483101473	0.0331154377812118	0.047237838203351	0.0448227797673668	0.0497352942377721	0.0192990607373929	0.0183535097749171	0.0202438603594677	0.0197043516060908	0.0182271853514852	0.021186472070873	0.0134371719986837	0.0116464269116997	0.0151778191097454	0.00346378095050242	0.0025124532375095	0.00436880679208934	0.00459206064823783	0.00364730288751865	0.00551028551774693
2012-07-25	0.211365800828203	0.204902333664951	0.217936038927924	0.121130819805066	0.1141830051055	0.128158353799001	0.114363116025428	0.108298055947101	0.120269508978552	0.0968999223224381	0.0923385145786598	0.101626513524469	0.214013695309822	0.205971590233893	0.221985810636927	0.0949883483876675	0.0907336708608639	0.0991945991194287	0.0302891041490914	0.0274615056717111	0.0331758910996811	0.0471808436755649	0.0447703248642699	0.0497100766952263	0.0192907783995488	0.0183347826617275	0.0202067472474305	0.0197381344625504	0.0182818555850917	0.0212142723003114	0.0135745499332359	0.0117950888087908	0.0152872723968761	0.00342391440676499	0.00251766236830837	0.00433097831736744	0.00459190472301667	0.00362535753743938	0.00552116035633941
2012-07-26	0.210816949791552	0.203957069753083	0.21761907555672	0.121543645084075	0.112962417130338	0.129971100186561	0.114439928122487	0.107881404864594	0.121022288771663	0.0966855636342731	0.0918628499406165	0.101571181287522	0.214386258132298	0.205605064263523	0.22318924768115	0.0949797172083279	0.0905907429207219	0.0993419383512695	0.0302171625347038	0.0272882327979716	0.0331307064055775	0.0472184405257041	0.0448069566311267	0.0497394899222837	0.0192888137395152	0.0183222374790207	0.0202144652445761	0.0197002705182002	0.0182128246639024	0.0211611655251344	0.013698355509974	0.0118678793102607	0.0154588663494733	0.00340669433477039	0.00247885969904238	0.00432983816757409	0.00458305130306918	0.00361630371679081	0.00555818263049546
2012-07-27	0.210330162384178	0.20323512162692	0.217441231604848	0.122009574782908	0.113169723459917	0.130877297785586	0.114499929037312	0.108057225417025	0.121179637529518	0.0965015153795292	0.0916892493521843	0.101401108936509	0.214718997187354	0.205790759665301	0.223525643411127	0.0949647115499855	0.0904715233619507	0.0993296188162448	0.0301323483632276	0.0271886347137954	0.0330968003363335	0.0472598577041876	0.0447344699675589	0.0497869450087269	0.0192846105309917	0.0183213245562897	0.0202327070784857	0.0196685394902109	0.018173097095386	0.0211417583880895	0.013822697666705	0.0119897477049191	0.0156402689482113	0.00338933860758552	0.00242938009310847	0.00432688005645405	0.00457940506430572	0.00356474910714961	0.00554462362192351
2012-07-28	0.209775872468984	0.202596997997996	0.216926954626754	0.121272426343899	0.112578962654844	0.130205260814873	0.114478987878543	0.107749160933673	0.121195333253592	0.0964767397575573	0.0915234918015925	0.101409860991203	0.215565371843422	0.206457188211346	0.224251124970179	0.0948711581362541	0.090262054872358	0.0993239066517303	0.0299237597145152	0.0269255092882918	0.0329886927928034	0.0472895821496531	0.0447634226638057	0.0498662142591926	0.019282809887364	0.0183079345105908	0.0202321503958581	0.0196494589270482	0.0181200124618168	0.0211219967777102	0.0139064313995809	0.0120460870472101	0.0156949282595732	0.0033724403386187	0.00243516260232989	0.00431306720926738	0.00457190476041032	0.00358393803588947	0.00552886118041043
2012-07-29	0.209274127471336	0.202363851798853	0.216200231263282	0.120549731250378	0.113213035848094	0.128215370779203	0.114504788237005	0.108124419594741	0.120917614901132	0.0964294356211326	0.0916331610508851	0.101240085709279	0.216303840068044	0.207584687050403	0.224418623177661	0.0947973597586529	0.0903032391096135	0.0992389731116395	0.0297208862032519	0.0268802851778996	0.0326207696324959	0.0473175332167801	0.0448060760892515	0.0499081639690188	0.0192810846596617	0.0183036686390884	0.0202357781898052	0.01962297260155	0.0180950917059815	0.0210853083166025	0.0139918778345135	0.0121064896693146	0.0157733950623157	0.00335746467553399	0.00240252329209927	0.00432755729035313	0.00456664710934731	0.00360566849388038	0.00549911885656376
2012-07-30	0.208946698845696	0.201444046727194	0.216017361109412	0.119942233923832	0.111118039644862	0.12896896970922	0.114781083012516	0.107693273070885	0.121835505202357	0.0962714237228193	0.0912724425527123	0.101360985892642	0.217624623870067	0.208396572306678	0.226934213048667	0.0947843394182086	0.0902186756981808	0.0992615232889372	0.0295372399315883	0.0264932588586774	0.0326408082504596	0.0472961470142646	0.0447611357564705	0.0499157116774363	0.0192751402688444	0.0182945988315046	0.0202420002584463	0.0195952837176167	0.018071288952933	0.0211119177336236	0.0141053151417874	0.0121781792483041	0.0158841163805826	0.00334616374798751	0.00239085107819857	0.00433160095337739	0.00453855329062314	0.00355684566472557	0.00548251457001865
2012-07-31	0.208609668439181	0.200756866979972	0.216008844661526	0.119329697301166	0.110234831037853	0.128360466466652	0.115096679800207	0.10788880832586	0.122600271138036	0.0961100995702657	0.0908444608209755	0.10133822387041	0.218934184810296	0.209591113870816	0.228578412835421	0.0947239440028101	0.090029522407353	0.0993732446452746	0.029368134165911	0.0262825522837022	0.0326157687279831	0.0472662847853658	0.0447616861896947	0.0499281443790597	0.0192684252727008	0.0182586664081769	0.0202323543930758	0.0195711696300334	0.0180586358945292	0.0210753017550801	0.014227627647542	0.0122847888643708	0.0160296841202251	0.00334149925414094	0.00237438967391465	0.00431640601909531	0.00450902814898928	0.00350764508171792	0.00546060254757717
2012-08-01	0.208627790588003	0.200605832311403	0.216409438309056	0.11914933396347	0.108697075543592	0.129540633033802	0.114630530680335	0.107001439092325	0.12249087546134	0.0961243629496342	0.0907047215735143	0.101634142361259	0.219222027180402	0.208864729423763	0.229670024304302	0.0946020338334367	0.0898241982889255	0.099259257148311	0.0293806276176707	0.0260759286868562	0.0327699625204797	0.0472050955311783	0.0446573182773386	0.0498890560108567	0.0192607282484668	0.0182648111452005	0.0202267379211598	0.0195746213378827	0.0180284156244022	0.0210842323402198	0.0143426849726919	0.0123807061117476	0.0161396250393132	0.00331094630387388	0.00233775459586677	0.0043040756419014	0.00451195070577793	0.00350268941835653	0.00548496428952564
2012-08-02	0.208691725137638	0.200610610720035	0.21685856638764	0.118965187078496	0.108097765041069	0.129639119259848	0.114184695113135	0.106321589274318	0.122244756189161	0.0961236181817906	0.0906641362221139	0.101728250248993	0.219573201074835	0.208834966287098	0.229942612314491	0.0944694950838122	0.0896474516743835	0.0990837436917268	0.0294093190962304	0.025962275962224	0.0328415624100461	0.0471479009038113	0.0446460131512769	0.0498039819402351	0.0192476941705829	0.0182561720146774	0.0202084890268166	0.0195804055588917	0.0180125319160746	0.0211034119599495	0.014456039650048	0.0124688190604371	0.0163521632050366	0.00328232756333001	0.0023189816243918	0.00427376063951871	0.00451803037758794	0.00350715975481312	0.00552900161132076
2012-08-03	0.208725110034171	0.200833787170912	0.216785434984306	0.118629541587107	0.108298555204687	0.129075668746439	0.113746917303981	0.105890483679641	0.121495566831398	0.0961155179204471	0.0908415479641001	0.101675026216638	0.219869629738096	0.20939749157573	0.230097618326993	0.094329303652303	0.0896105894581908	0.099077289838008	0.029422278400524	0.0259568960832521	0.0328640054694559	0.0470834702780382	0.0445458974739628	0.0497895013722019	0.0192381254658473	0.0182385820328801	0.0201967742885243	0.0195817555033892	0.0180484171448008	0.0211463425288216	0.0145568366076874	0.0125786331797159	0.0164123280872707	0.00325912964606814	0.00227267075977491	0.0042501599207832	0.00451768638165627	0.00351383612574659	0.00553258907625935
2012-08-04	0.20874374816183	0.201007181692301	0.216580543601584	0.118402971871505	0.108660516698834	0.127976795294431	0.113291720623598	0.105857818590829	0.120722473481233	0.0961306444085103	0.0907701230967332	0.101587688185647	0.22015617771002	0.210457650433503	0.230029451862154	0.0941970944053171	0.0895711722645821	0.0988723629061608	0.0294617136197267	0.0261228543033372	0.0327935051333676	0.0470287847094457	0.0444399540598008	0.0497299270939521	0.0192324860595289	0.0182156388713771	0.0202037900084483	0.0195862228932825	0.0181164202309618	0.0211188804298297	0.0146535183151512	0.0126406328374323	0.0165299662864289	0.00323322891626625	0.00223783573610391	0.00424411990635032	0.00452439007934735	0.00350524927839482	0.00552376364472663
2012-08-05	0.208801885551648	0.201533302997808	0.216001022096449	0.118158529863635	0.11040396435759	0.125793102216317	0.112821884794976	0.106182630099182	0.119487800710655	0.0961340131193597	0.0909372385112925	0.101236441504997	0.220530564712588	0.211740888696878	0.22909328363926	0.0940787740932342	0.0896168690547216	0.0985228655793299	0.0294852916571526	0.0264242404091301	0.0326003232140778	0.0469732830283104	0.0444855193111653	0.049634673969948	0.0192255206743633	0.0181973513082759	0.0201863776026337	0.0195953110219203	0.0181311515684551	0.0210949563879794	0.0147675835723624	0.0128363677205734	0.016630648080302	0.00321116317853132	0.00221045007449873	0.00418959734746898	0.00453225024021699	0.00354116752157783	0.00556096179553929
2012-08-06	0.208396347074131	0.200785423130472	0.21567206158625	0.117121463997255	0.108228491731417	0.126167294264709	0.113279138184333	0.106070662211402	0.120472920323734	0.0959077101263104	0.0904970900079511	0.101078496892328	0.222205686934001	0.212677999240002	0.231574641316549	0.0939824157188693	0.0895501826588516	0.0984344050089999	0.029539887727335	0.026252680021047	0.0327179411296679	0.0468525193016305	0.0443826701471816	0.0495330175120651	0.0192124707638858	0.0181764644857503	0.0201701209601962	0.0195907062165904	0.0180900850865017	0.0211446553926187	0.0149383731754703	0.0130149213279521	0.0167641282445217	0.00318931757571429	0.00221955428754689	0.00417983152493981	0.00451272788277418	0.00352509379395989	0.00554285084097823
2012-08-07	0.208007472531145	0.200425837803424	0.215347089302804	0.116032742203387	0.107286428455893	0.125224721152679	0.113699008269352	0.106666304357724	0.120816523764375	0.0956743070119836	0.0902763896967797	0.100958500550189	0.223968327223492	0.214525230355637	0.233472135866089	0.0938922228521633	0.089476529477393	0.0982470343053417	0.029551152022135	0.0262949518663269	0.0327367688797926	0.0467312909440515	0.044231248151306	0.0494243309845736	0.019202969927311	0.0181700673619156	0.0201824288364728	0.0195906753138168	0.0181087871810371	0.0211516977872811	0.0151041152086591	0.0132526583492321	0.0169028708284756	0.00316753854817954	0.00221806696065049	0.00412629792911791	0.00449916986239421	0.00351959371617013	0.00552158847697774
2012-08-08	0.208226734435929	0.200466779584431	0.215931024708079	0.116017544295834	0.105693498762759	0.126143204784595	0.112957315459304	0.105430893252461	0.120612438768031	0.0952688069167471	0.0899085916791421	0.100680101620441	0.224524043325314	0.214795737937599	0.234566011133286	0.0939369180768821	0.089510786657628	0.0984714903321561	0.0294432702056404	0.0262201198265533	0.0326061967447442	0.0466308620259868	0.0440901178599023	0.0493179929753023	0.01919176682734	0.01814578872789	0.0201570808899733	0.0195771511131098	0.0180657840838364	0.0211146976993688	0.015271791828633	0.0134074370345757	0.0171185476487572	0.00313319278197161	0.00217322663615711	0.00407402726093025	0.00449804855085314	0.00351558970898476	0.00548723142484013
2012-08-09	0.208417982503238	0.200540451810212	0.215938166424193	0.115974439962113	0.105544994313801	0.126378471234321	0.112202171730981	0.104635080342879	0.119622644177639	0.094894260551775	0.0894960197676471	0.100263770584959	0.225058019534654	0.214893839506348	0.235367459965611	0.0939654220874743	0.0895179545169696	0.0984622227148516	0.0293314850113346	0.0260327969150408	0.0325351483598191	0.04653842261071	0.0440564069613679	0.0491992960411694	0.0191798377962581	0.0181487106921763	0.0201331095227734	0.0195740249655811	0.0180661533691226	0.0210938894020414	0.0154330228977676	0.0135728814242683	0.0172371273585683	0.00309518991288823	0.00214116151488226	0.00402176331152583	0.00450045383255689	0.00352548906305817	0.00550464085051505
2012-08-10	0.208623885267182	0.201258978978432	0.215898550310056	0.115886197944289	0.106401260718823	0.125211665708379	0.111463610374046	0.104256379591478	0.118552632350089	0.0944524786691833	0.0893177541847525	0.0996071448240832	0.22563060539324	0.21602062558023	0.235401356299182	0.0940026501885938	0.0896112302643192	0.0984973132778331	0.0292426316533778	0.0260509346181131	0.0323931296887245	0.0464527814911254	0.0440224760226571	0.0490306769116383	0.0191672183784967	0.0181514661816354	0.020129499924576	0.0195636596484523	0.0180938127586832	0.02107497046907	0.0156049508476879	0.013785297433708	0.0173927587869759	0.00305758345322194	0.00211090705636348	0.00396399082924918	0.00450637818626498	0.00352188050952575	0.00551210197244722
2012-08-11	0.209126393460064	0.202035731474964	0.215939617298092	0.11445723897116	0.105766229509954	0.123546748561267	0.110079032995456	0.102857200779173	0.116988500974709	0.0941126144853307	0.0892596141283736	0.0990826781327137	0.226695340347611	0.217403316648696	0.235919860069682	0.0938823164875209	0.089575353496855	0.0982045278929386	0.029155834458347	0.0259811750564403	0.0322285563381739	0.0463516588141274	0.0439566481280321	0.0489686960638972	0.0191555822849844	0.0181547313497192	0.0201268172530019	0.0195514235146094	0.0181059439335091	0.0210308832176496	0.0157476068446843	0.0139904794681786	0.017516438977396	0.00301855273246936	0.00207386053798371	0.0039323532656275	0.0045110001758039	0.00356865944906243	0.005523830401819
2012-08-12	0.209649007173074	0.20292811212095	0.216334754439181	0.113100359778639	0.105865516167297	0.120310164386217	0.108710526040213	0.10245930343008	0.114971703058258	0.0938117591135986	0.0892133405517435	0.0985194280033054	0.227826310378914	0.219311990438762	0.236282529877812	0.0937523283965914	0.089591059577823	0.0978722315174492	0.0290564959305064	0.0262068521168355	0.0318297272107544	0.0462602335201412	0.0438525642161476	0.0487953979685248	0.0191437019673495	0.0181542528216029	0.0201127518595239	0.0195367210741422	0.0181131820227772	0.0209582912016579	0.0158975984814201	0.01417516006956	0.0176093357135138	0.00298473825196773	0.00205918060737065	0.00387916137523924	0.00451947754679923	0.00360692679779673	0.0055084742541332
2012-08-13	0.209969535137198	0.20319080586522	0.216597764791643	0.115578531806897	0.107358039072873	0.123697617580064	0.108606475212345	0.102141032317751	0.114905626804508	0.0936788538893759	0.0891712870812126	0.0983922139466012	0.227667232446649	0.219091717797107	0.236565418901981	0.0933969548906586	0.0893310324377743	0.0975020309029704	0.0294434364885689	0.026641039563531	0.0322782945416729	0.0460005230973117	0.0436266812907212	0.0485321989716362	0.0191305618459218	0.0181215247471212	0.0200878114423866	0.0195168596050526	0.0181334195677454	0.0209421252546759	0.0161447205207325	0.0144000952048583	0.0179113370110233	0.0029501181400641	0.00204188519226854	0.00384401487451497	0.00450348370542616	0.00357316958221174	0.00547695133557221
2012-08-14	0.210291252760907	0.203622622247428	0.216710549258472	0.117990655687758	0.110488585746451	0.12557379349817	0.108492461930472	0.102518021428513	0.11442258821835	0.0935655413664088	0.0890738467233617	0.0981174534447845	0.227572196113577	0.219564272758902	0.235694315713713	0.0930188265935716	0.0892029375071395	0.0970243137784162	0.0297920033520306	0.0270272173796432	0.0326674444187451	0.0457215258036053	0.0434318179896063	0.0481979669911106	0.0191131381484124	0.0180905395773614	0.0200729511807514	0.0194915243216365	0.0180975405655392	0.0208836336944842	0.0163978830604849	0.0146088882483809	0.0181092478035308	0.00291619429302742	0.00201358238281174	0.00377550409880121	0.00449102552968747	0.00355668006460285	0.00544437057037804
2012-08-15	0.210310296496466	0.204126349485974	0.216639362788955	0.119163722032271	0.112424980324206	0.125729449620205	0.10911080197842	0.103361824217897	0.114729796406719	0.0932098165289116	0.0889759477935507	0.0976457209968386	0.227956707365392	0.220127396247474	0.235754603356018	0.0926561322468847	0.0889001388864711	0.0965774625667346	0.0300369194856418	0.0273988610567095	0.0327637503326841	0.0454825477053727	0.0431990787613823	0.0478988612274219	0.0190966748696339	0.0180932368856809	0.0200706248360053	0.0195050573210706	0.0181510478584966	0.0209173958167659	0.0166288533819645	0.0148682671740609	0.0183220981004099	0.00288087691449443	0.00198394875860092	0.003722080276109	0.00447402626143712	0.00355033486152659	0.00539554768975017
2012-08-16	0.21153224767006	0.205007048668872	0.21823581734732	0.119644824538419	0.11122077941656	0.128334300481226	0.109009843880074	0.10252898374304	0.115265823249727	0.0929742050531873	0.0884121022510438	0.0974739856715448	0.225800599184285	0.217109219048078	0.234604953929149	0.0926302788593688	0.0886911309953831	0.0966463414816801	0.0298729398345131	0.0270108009097566	0.0326808578422322	0.0452661963562084	0.0430102381632663	0.0476738891335064	0.0190802358059629	0.0180759781278594	0.0200435960369067	0.0195177009752294	0.0181181599134462	0.0208827448599409	0.0168355036904378	0.015054709594308	0.0185962938674856	0.00283990478318921	0.00192295251191623	0.00368653349800419	0.0044898533149919	0.00356920846115874	0.00540952478733288
2012-08-17	0.212691029734334	0.205854257084157	0.219338956072078	0.120019282362178	0.111405086792475	0.128489756457099	0.108886447527222	0.102438900792713	0.115298951582301	0.0927604843834829	0.088102483044333	0.0975163419058978	0.223605362999182	0.21497331734344	0.232557450675608	0.0926163307155223	0.0886923743815702	0.0965819483972908	0.0297520910953946	0.0269661633415891	0.0326978551117359	0.045048201598594	0.0428106383210503	0.0474554134053978	0.0190681772766817	0.018050666006056	0.0200159254442929	0.0195345838151569	0.018144211944334	0.020874747321679	0.0170480393421344	0.0152744693320075	0.018807138529314	0.00280411810245149	0.00188345427570032	0.0036464126575995	0.00450564997687523	0.00358295855467653	0.00546201322564128
2012-08-18	0.21366894399364	0.206930321111561	0.220304246068189	0.11887526339942	0.110436347993082	0.127339496507033	0.108325421236325	0.101829607303903	0.114602773430577	0.0927721733016214	0.0880826702692298	0.0975613950739014	0.222994680707583	0.214343973406969	0.231725297282366	0.0925131778088615	0.0885660751516429	0.0965538727875945	0.029600668261321	0.0267902363695587	0.0324593535597727	0.0448910355558274	0.0427472266208878	0.0473467650490759	0.0190477712724916	0.018041634618414	0.0200059524882462	0.0195467691392671	0.0181487315189481	0.0208960139153326	0.0172371586004892	0.0154932508161943	0.0190645623846943	0.0027630813497264	0.00181229910217322	0.00360374640846022	0.00452236804763334	0.00361035668426635	0.00553551669307881
2012-08-19	0.214689702804243	0.208018257073727	0.221130554636963	0.117825848564078	0.110967149335011	0.124531158503744	0.107842677100987	0.101971795622318	0.113612993622388	0.0927548263295556	0.0884340753644582	0.097258623473881	0.222457742714144	0.21446913863132	0.230064563283866	0.0923787669392896	0.0884448275729964	0.0963267311103109	0.0294828862200065	0.0267453633777643	0.0321786299066878	0.0447371833159659	0.0425840746093153	0.0470602384659717	0.019028606107815	0.0180362167304157	0.0199921027221559	0.0195549423292779	0.0181696132602644	0.0209041144311996	0.0174285396705037	0.0156636237027539	0.0192239701390733	0.00272334318381863	0.00179227529316094	0.00354964293781228	0.00454119492219362	0.00365430257326366	0.00554919349266733
2012-08-20	0.21552721191921	0.208804197010209	0.222256770916741	0.120867698669905	0.112878023234818	0.129010009982895	0.107412244444846	0.101061543999516	0.113435965083682	0.0926747213157537	0.0882668113709131	0.0971875995236201	0.22182866426235	0.213380632464657	0.230226532017788	0.0916134167221546	0.0876888634411117	0.0956080424858036	0.0294720773650092	0.0266052097940022	0.0322972897709249	0.0445313484501439	0.0423689323894372	0.0468489572701561	0.0190095932559126	0.0180188296497832	0.0199533697321877	0.0196242798901814	0.0182481184370978	0.0210196589359758	0.0175981660492656	0.0158272561086809	0.0194330776322278	0.00268641861888097	0.00177053637096667	0.00351934957963024	0.00454056254001072	0.00366261952180866	0.00550992633763922
2012-08-21	0.216402976240499	0.209955679966537	0.222952616033587	0.123778280888718	0.116265410552071	0.131983902161024	0.106973419536933	0.100891833029172	0.11279212424024	0.0925499482070561	0.0882094497171826	0.0972177597946865	0.221181326291867	0.212877851263703	0.229329323638702	0.0908556671943311	0.0869198087898849	0.0947781921488931	0.029479556282042	0.0266592525890874	0.0323079490334417	0.044323946092058	0.0421642480502787	0.0466733919333115	0.0189914800357411	0.0179948302735844	0.0199434552921964	0.0196846914303762	0.0183229063843754	0.0210695224689607	0.0177633380823751	0.0159783523719834	0.0195994959889568	0.00264968497179881	0.00174399081832722	0.00346482853553128	0.00453655974787852	0.00367709790854246	0.00550846143674034
2012-08-22	0.217061891918637	0.210576373815364	0.223644383610431	0.124173506994784	0.117338803097093	0.130936035591002	0.107130181861966	0.101455636901427	0.112756835313707	0.0922277733932051	0.0881225612681856	0.0966547287785669	0.221097652225332	0.213561588498084	0.228653187760149	0.0902564713666888	0.0864174925706401	0.0941410296821785	0.0296494484744441	0.0268920334026161	0.0323757416016123	0.0440920107196984	0.0419325314063589	0.0464338708768579	0.0189707196757754	0.0179820502093042	0.0199264337065923	0.0197386245917875	0.0183676465577232	0.021094565575629	0.017914668593045	0.0161601130451982	0.0197127363746564	0.00263355389843849	0.00174939903320145	0.0034378318035022	0.00452715792867791	0.00365952243736597	0.005477735433072
2012-08-23	0.217085665932231	0.210334878310443	0.223698340149223	0.125471188946059	0.116720698476018	0.134151633688151	0.108140382639412	0.101818861799517	0.114316298504306	0.0920203704836087	0.0874680968870203	0.0968229321822745	0.218163168396431	0.209573600740059	0.226884935567502	0.0902557178250208	0.0863078573893647	0.0942425732433587	0.0298233433349981	0.0270366677616359	0.0327166306570916	0.0438728924403784	0.041685523157051	0.0462148577081581	0.0189504727838253	0.0179491697776039	0.0199144477337828	0.0197411015618273	0.0183071793487012	0.0211308028566651	0.0180348298872665	0.0162713259409722	0.0198326916747112	0.00259933265828809	0.00168509823988931	0.00342931158322021	0.00451882634576799	0.00365746150319263	0.00548998495682134
2012-08-24	0.217095518581979	0.21031976494864	0.223682250707915	0.126918213715653	0.118382990413817	0.13560717766103	0.10912391743404	0.102671520467671	0.115529775366721	0.091842800824622	0.0872905035790975	0.096488924378921	0.215286073763986	0.20667910544537	0.223952143210324	0.0902112687736985	0.0863091670891117	0.0943223576558152	0.0300192332747805	0.0271542741839929	0.0329429393618667	0.0436522682128507	0.0414877410677692	0.0461018320941964	0.0189300430771545	0.0179345218624	0.0198775592145309	0.0197450042673197	0.0183105887713365	0.0211242443646628	0.0181548169753525	0.0163532118414407	0.0199342036867763	0.00256827663683087	0.00164428780116272	0.00338406289491667	0.00450909240950576	0.00365213149235361	0.00550271952111458
2012-08-25	0.217275144008781	0.21045930130729	0.224141628006976	0.128975932751769	0.120572264028468	0.1374630388673	0.109454774720911	0.10324542941226	0.115664321080518	0.0917104509819537	0.0871789354033429	0.0964071110732806	0.211991138774323	0.203540122431101	0.220635693158895	0.0900467665013966	0.0860578708420816	0.0941193505850153	0.0300126746614291	0.0272162381370594	0.0329414047566964	0.0434413160783643	0.041213759464988	0.0458433878708422	0.0189076398531221	0.0179044820923157	0.0198503065997455	0.0197671616854983	0.0183439612898777	0.0211355867750954	0.018314529584454	0.0165087439276347	0.0200472995121835	0.0025342155360243	0.00160909321370447	0.00335395638958751	0.0044982903424881	0.00364529117116089	0.00549495460722916
2012-08-26	0.21747923714133	0.211174189575428	0.223769793051857	0.130888553829682	0.123668269174663	0.137809292113742	0.109773899056957	0.104094280040292	0.115468063541903	0.0916090415230671	0.087232597987133	0.0960561129472904	0.208740750494526	0.201015216591883	0.216357195725444	0.0899039493152288	0.0860360052770188	0.0940060668442315	0.029999000057246	0.0272915163281048	0.0326926395113624	0.0432351226194674	0.0410640574551005	0.0455421939440811	0.0188885737039843	0.0178846304167589	0.0198306779472649	0.0197888779590912	0.0183900112382283	0.0211460688387813	0.0184692132277867	0.0166929014479815	0.0202593644351709	0.00250352875815352	0.00156298253053497	0.00332326546118631	0.00448200728920258	0.00364535573411457	0.00545680602152454
2012-08-27	0.218048293566919	0.211344864929784	0.224668830921812	0.136858528389716	0.128515169376909	0.145017796325792	0.111364117311718	0.105367148546097	0.11765566836924	0.0909862451357585	0.0864658457835873	0.0955318242840025	0.202607025863165	0.19407264332003	0.210910692422191	0.0892807131049637	0.0854920985662699	0.0932430283680101	0.0298001894923114	0.0271021838726556	0.0326315455765724	0.0429394304242616	0.0406779438866328	0.0452209350981078	0.0188715506630091	0.017872870469112	0.0198127943368034	0.0198807894630882	0.018478454987708	0.0212703721563844	0.0186165442680713	0.0168469537332256	0.0204017431545484	0.00246566112760843	0.00152393438344694	0.00327122217951186	0.00445436576058348	0.00362599744980194	0.005392369421805
2012-08-28	0.218657257199829	0.212406168771099	0.225022076256207	0.142753712958028	0.134844002424842	0.150620711909792	0.113005980492883	0.107203476704978	0.118818151845979	0.0903374471324341	0.0859891142382522	0.0946331117628695	0.19643453542375	0.188318473346666	0.204415405730034	0.0886540146833897	0.0849295536199239	0.092519824303068	0.0296044292640682	0.026922185717064	0.0323450386577086	0.0426582167563064	0.0405245782089822	0.0449081936667713	0.0188577207357984	0.0178492677959068	0.0198015019619558	0.0199677213216391	0.0185716186176216	0.0213567261186992	0.018773937977627	0.017057403951376	0.0205214498822161	0.00243156785747887	0.00154165997448252	0.0032379450272951	0.00442346491340848	0.00359544447480912	0.00534187399067304
2012-08-29	0.218593588353996	0.212461809643819	0.22476314940886	0.1465377944833	0.139566545129141	0.15348996364562	0.115067922400156	0.109532714719775	0.120822535052451	0.0899187560015343	0.0856816770806837	0.0940915393039994	0.190212773209649	0.182846407041357	0.197330106837257	0.0884057719941667	0.0847778846202044	0.0922773430693756	0.0295127440191156	0.0269220022197749	0.0321667224843687	0.0423407366123311	0.0402070012530549	0.0445695463291415	0.0188392702554643	0.017814054378585	0.0197680238043586	0.0200242970750813	0.0186510781597701	0.0214133068269848	0.0188815258467073	0.0171134959571013	0.0206114019623823	0.00241063912249648	0.00151589033541359	0.00321517147559313	0.00438909896987869	0.00357270065217139	0.00526877875422172
2012-08-30	0.219329497995355	0.212927092696848	0.225795544616532	0.151500812819439	0.142717397938052	0.1602968740388	0.115405572794746	0.10917074706334	0.121687381715943	0.0892758573499333	0.0848492541888259	0.0936503244893964	0.187197294825642	0.178921340070632	0.195423384545127	0.0876201969593734	0.0839004532139728	0.091618897849928	0.0294182799499772	0.026582916047469	0.0323047605713602	0.0419140890161409	0.0398325596104474	0.0440490508043879	0.0188143611204461	0.0177865519112337	0.019779287929665	0.020070044187806	0.0186855975023863	0.0214738979694066	0.0189062004953507	0.0171884673449344	0.0206052436994701	0.00242432605817391	0.00150557437102957	0.0032321218139992	0.00434947680160363	0.00350714837085367	0.00523857973399271
2012-08-31	0.220107083994666	0.21351864780185	0.226594412471721	0.156486997936867	0.147148800247282	0.165543714403615	0.115724608222247	0.109264901401218	0.122289426712662	0.088657972249465	0.0842616411814117	0.0931069023955094	0.18422158382259	0.175893872861334	0.192676388495598	0.0867909875771354	0.0831281939715354	0.0906321997008394	0.0293655546459983	0.0264820148586558	0.0321993956833567	0.0414795352380707	0.0393583579003962	0.0435716983689411	0.0187885579327671	0.0177375762158089	0.0197637265727381	0.0201197495236577	0.0187263455709309	0.0215228775702229	0.0189388783438973	0.0172369819750708	0.0206076046078594	0.00244278523862861	0.00152279757562293	0.00325446653713957	0.00431035541163032	0.00345323266877449	0.00521611416298809
2012-09-01	0.221236448450431	0.214564916163374	0.227640043756725	0.162619533669039	0.153047867978061	0.171988896707256	0.115199854587685	0.108666916711139	0.121833116253763	0.0881767714861405	0.0837042983529791	0.0926992217057101	0.180467264882945	0.171738768943954	0.1893291059889	0.0858416395273924	0.0821298197597061	0.0896743815237155	0.0291792000679971	0.0263934695430651	0.0319253308578122	0.0410791924847662	0.039022159300492	0.0431622046567881	0.0187644199822262	0.0177388700996564	0.0197294552967474	0.0201557697958664	0.0187820266358769	0.021550769798544	0.0190654078148986	0.0173577778659335	0.0207480704319806	0.00245720817499187	0.0015498116417606	0.00328166931417253	0.00426947295457523	0.00339821608029	0.00517449883860082
2012-09-02	0.222319425481663	0.216273927017498	0.228388308185428	0.168732617005596	0.160007872927581	0.177367961916494	0.114706999436728	0.108690308999221	0.121140999529013	0.0877055884597909	0.0833729383998256	0.0918113054921369	0.176632890539919	0.168744758652853	0.184766214955702	0.0848671920929963	0.081448227763601	0.0884645208500942	0.0289912542432037	0.0263399379813221	0.0317030959523641	0.0406848976449683	0.0386863098931167	0.0426811638830873	0.0187423465846638	0.0177167170884761	0.0197210252405279	0.0201875969469216	0.018863912132964	0.0215714796200285	0.0191774523135828	0.0175447614340306	0.0208296226211798	0.00247050713957409	0.00158244169702934	0.00329199198688486	0.00422825402157534	0.00335824783963795	0.00508055763593817
2012-09-03	0.223447030117529	0.217994183014615	0.228798215388121	0.174834625941371	0.168216505624856	0.18138318407529	0.11423496427889	0.109240459269117	0.119265228375189	0.0872250788464202	0.083528034683456	0.0909252907813433	0.172845552609141	0.166289882212113	0.179490570936505	0.0838951992792717	0.0807348527542449	0.0871704838550924	0.0287827838703299	0.0264703185935815	0.0310873919423604	0.0402815254891673	0.0383921541855712	0.0421913258089719	0.0187195548728125	0.0176741538405885	0.0197086583026334	0.0202213318406355	0.0189529301090884	0.0215709350940815	0.0192976820937057	0.0177050358266947	0.020919751955151	0.00248117278805376	0.00160764715478349	0.00329242366344976	0.00418781494159654	0.00334718674414996	0.00500812809111635
2012-09-04	0.223403352622081	0.218478658551847	0.228415364213471	0.183003374899842	0.176882037871677	0.189077839816176	0.115036895866339	0.110467777928384	0.119698548933341	0.0869513638208699	0.0834385412716319	0.0905021740901135	0.165867091729228	0.160075734494389	0.171694582164167	0.0829006434454268	0.0798300221714679	0.0859495489200987	0.0289734668523974	0.0268320955699569	0.0311299047024774	0.0399023382219271	0.0379892481241058	0.0418035004809594	0.0187108381728223	0.0176452050745484	0.0197009792516315	0.0202202720067381	0.0189739506386525	0.0215424938775687	0.0193887877845974	0.0178371180286258	0.020968511903977	0.0024899423142629	0.0016332452728923	0.00328600249141649	0.00416391330210897	0.00331741635381223	0.0049729416231811
2012-09-05	0.22325452226473	0.218345341805885	0.228093456755854	0.194601556480667	0.189011781133274	0.200040254327351	0.115602043798438	0.11126686580522	0.119926763730139	0.0862620360335149	0.0829754841090651	0.0894443385838746	0.159125996970789	0.153888511486732	0.164309145615546	0.081833449077372	0.0788791422526604	0.0847622091081493	0.0289226817262818	0.0268884845028141	0.0309936561598713	0.0395372059420528	0.037624676094569	0.0413907148935184	0.0187115433368702	0.017643873752804	0.0196918233719965	0.0201359600825845	0.0189129794458621	0.0213978390709886	0.0193935548270512	0.0178915652193448	0.0209189861711431	0.00252975922036282	0.0016838135964189	0.00331964615313809	0.00411969331825062	0.00322804279906242	0.00494231418995362
2012-09-06	0.224388389085078	0.219159559886631	0.229675985386878	0.202777258030883	0.19612636094049	0.209460560558856	0.115369323145081	0.110505217131442	0.120259804427245	0.0855312268095514	0.0819443152964951	0.088944908123401	0.153609741905617	0.147543671684083	0.159571189073834	0.080558717312336	0.0773478573655795	0.0836270722087875	0.0288577865389678	0.0266642820467903	0.0311033311361209	0.0391277303396083	0.0370915290798694	0.0410528077774136	0.0187138950358335	0.0176135699603077	0.019708352978292	0.0201000131533124	0.0188152414179822	0.0214365839505128	0.0194187173570136	0.0178751364665324	0.0209724925712374	0.00254722658436713	0.00166857408723669	0.00337921695841895	0.00407670635229817	0.00311508327166378	0.00494263332105551
2012-09-07	0.225576658786271	0.219923774679796	0.23106535096293	0.210864754200286	0.203683981316762	0.218087108142421	0.115129059330449	0.109965395121393	0.120386896075639	0.0848754994752856	0.081101502172187	0.0885776959904299	0.147360488645694	0.141024813502813	0.153775100856946	0.0794727058403275	0.0760841286070678	0.0826365803623303	0.0287282600377392	0.0263874689005498	0.0310885024534908	0.0387900576355563	0.0366944019578123	0.0407579100402117	0.0187088985640103	0.0176220323235912	0.0196868521368052	0.0200350515966067	0.0187322593889684	0.0214078392638932	0.0193375779791528	0.0177737464387855	0.0209380718854811	0.00256365814307515	0.00167332357643249	0.00340781414779113	0.00405624791328681	0.00305824908626505	0.00493507929301469
2012-09-08	0.226940578802694	0.220988459834149	0.232748912534484	0.215913237453612	0.207796640818634	0.224325911534177	0.115294365701183	0.109453791025607	0.121174942674503	0.0844653951720334	0.0804985198822526	0.0883738320218468	0.143121120082477	0.135674685916677	0.150218126685455	0.0786040397399009	0.0752035349041684	0.0818778179466704	0.0285009002859535	0.0260516187102719	0.030952746901297	0.0385451894133068	0.0363703776203401	0.0406000632523044	0.018700355342924	0.0175724177069015	0.0197089269448094	0.0199414098854	0.0185999325332979	0.0213099763095393	0.0191350075140123	0.0175356868185882	0.0207670462733723	0.00257920632547121	0.00166326683716509	0.00343527318286276	0.00404763443826587	0.00305335381668093	0.00494140745819865
2012-09-09	0.22870331402997	0.222658967745675	0.234657925447928	0.221421547915959	0.212885310178151	0.230122447528858	0.11521636720751	0.109547196913587	0.121181051650454	0.0842011054976993	0.0802836350457514	0.0881854726622513	0.137539859677931	0.130087649635152	0.144696745808175	0.0776627164448516	0.074072172168963	0.0811344423551529	0.0281586526268881	0.0256792476662638	0.0306407300566919	0.0382582825009213	0.0360507396050066	0.0403499808743235	0.0186908327282739	0.017540019632292	0.0196938188234526	0.0198514597519849	0.0184647005418503	0.0212685777155629	0.0191317250327835	0.0174313603698916	0.0208498467467457	0.00259160563928958	0.00166114547035311	0.00344732921200626	0.00403933255905342	0.00305198553396695	0.00497382217180994
2012-09-10	0.230495323585232	0.224534295492115	0.23627844068892	0.227021743658799	0.219862906852723	0.234279590568432	0.115161612519037	0.110005710817137	0.120469571158293	0.0839781333070194	0.0803349350047378	0.0877607491407955	0.131995848360599	0.125532334554563	0.138317671942568	0.0767357109363734	0.0731078645567257	0.0801918581060276	0.0278104767105116	0.0255318045297854	0.0301687170150485	0.037935504287891	0.0356659391447865	0.0400832277294306	0.0186843171019282	0.0175346286149738	0.0197009501515158	0.0197619983856692	0.0183712004040364	0.0211977351515911	0.0191348061277001	0.0174019048063989	0.0208507308515541	0.00260912649195097	0.00166883478942123	0.00348841926351012	0.00403406115479092	0.00305346989905342	0.00497082605252077
2012-09-11	0.231562718458914	0.225905117588046	0.23732705225123	0.229672059644045	0.22359718861348	0.235800039126521	0.115178406433517	0.110451157337079	0.119797017670656	0.0829486504701511	0.0793416602096912	0.0865151910657782	0.130307263038454	0.125159298374196	0.135375909095439	0.0764845816367112	0.0728346791297495	0.0799484777351973	0.0274843665405804	0.0253049014755119	0.0297049266767597	0.0378778589022081	0.0355567033757136	0.0400496281606035	0.0186732150180191	0.0174967811474426	0.0196976317485729	0.0196440735467486	0.0182202787179534	0.0210956182529443	0.0191273124091299	0.0173459658610246	0.0208956538563012	0.00262538569403085	0.00167400493460906	0.0035304845343351	0.00404044197061618	0.00303100783613464	0.00498011346427809
